[0.498s] DEBUG:colcon:Command line arguments: ['/usr/bin/colcon', 'build', '--symlink-install', '--packages-select', 'ros_tcp_endpoint']
[0.499s] DEBUG:colcon:Parsed command line arguments: Namespace(log_base=None, log_level=None, verb_name='build', build_base='build', install_base='install', merge_install=False, symlink_install=True, test_result_base=None, continue_on_error=False, executor='parallel', parallel_workers=16, event_handlers=None, ignore_user_meta=False, metas=['./colcon.meta'], base_paths=['.'], packages_ignore=None, packages_ignore_regex=None, paths=None, packages_up_to=None, packages_up_to_regex=None, packages_above=None, packages_above_and_dependencies=None, packages_above_depth=None, packages_select_by_dep=None, packages_skip_by_dep=None, packages_skip_up_to=None, packages_select_build_failed=False, packages_skip_build_finished=False, packages_select_test_failures=False, packages_skip_test_passed=False, packages_select=['ros_tcp_endpoint'], packages_skip=None, packages_select_regex=None, packages_skip_regex=None, packages_start=None, packages_end=None, allow_overriding=[], cmake_args=None, cmake_target=None, cmake_target_skip_unavailable=False, cmake_clean_cache=False, cmake_clean_first=False, cmake_force_configure=False, ament_cmake_args=None, catkin_cmake_args=None, catkin_skip_building_tests=False, mixin_files=None, mixin=None, verb_parser=<colcon_mixin.mixin.mixin_argument.MixinArgumentDecorator object at 0x72204a646860>, verb_extension=<colcon_core.verb.build.BuildVerb object at 0x72204a75fa60>, main=<bound method BuildVerb.main of <colcon_core.verb.build.BuildVerb object at 0x72204a75fa60>>, mixin_verb=('build',))
[0.806s] Level 1:colcon.colcon_core.package_discovery:discover_packages(colcon_meta) check parameters
[0.808s] Level 1:colcon.colcon_core.package_discovery:discover_packages(recursive) check parameters
[0.809s] Level 1:colcon.colcon_core.package_discovery:discover_packages(ignore) check parameters
[0.810s] Level 1:colcon.colcon_core.package_discovery:discover_packages(path) check parameters
[0.811s] Level 1:colcon.colcon_core.package_discovery:discover_packages(colcon_meta) discover
[0.812s] Level 1:colcon.colcon_core.package_discovery:discover_packages(recursive) discover
[0.813s] INFO:colcon.colcon_core.package_discovery:Crawling recursively for packages in '/mnt/c/Users/Amir/Downloads/ros2_ws'
[0.815s] Level 1:colcon.colcon_core.package_identification:_identify(.) by extensions ['ignore', 'ignore_ament_install']
[0.817s] Level 1:colcon.colcon_core.package_identification:_identify(.) by extension 'ignore'
[0.818s] Level 1:colcon.colcon_core.package_identification:_identify(.) by extension 'ignore_ament_install'
[0.819s] Level 1:colcon.colcon_core.package_identification:_identify(.) by extensions ['colcon_pkg']
[0.819s] Level 1:colcon.colcon_core.package_identification:_identify(.) by extension 'colcon_pkg'
[0.820s] Level 1:colcon.colcon_core.package_identification:_identify(.) by extensions ['colcon_meta']
[0.821s] Level 1:colcon.colcon_core.package_identification:_identify(.) by extension 'colcon_meta'
[0.822s] Level 1:colcon.colcon_core.package_identification:_identify(.) by extensions ['ros']
[0.822s] Level 1:colcon.colcon_core.package_identification:_identify(.) by extension 'ros'
[0.837s] Level 1:colcon.colcon_core.package_identification:_identify(.) by extensions ['cmake', 'python']
[0.838s] Level 1:colcon.colcon_core.package_identification:_identify(.) by extension 'cmake'
[0.839s] Level 1:colcon.colcon_core.package_identification:_identify(.) by extension 'python'
[0.840s] Level 1:colcon.colcon_core.package_identification:_identify(.) by extensions ['python_setup_py']
[0.841s] Level 1:colcon.colcon_core.package_identification:_identify(.) by extension 'python_setup_py'
[0.847s] Level 1:colcon.colcon_core.package_identification:_identify(Assets) by extensions ['ignore', 'ignore_ament_install']
[0.847s] Level 1:colcon.colcon_core.package_identification:_identify(Assets) by extension 'ignore'
[0.850s] Level 1:colcon.colcon_core.package_identification:_identify(Assets) by extension 'ignore_ament_install'
[0.852s] Level 1:colcon.colcon_core.package_identification:_identify(Assets) by extensions ['colcon_pkg']
[0.853s] Level 1:colcon.colcon_core.package_identification:_identify(Assets) by extension 'colcon_pkg'
[0.854s] Level 1:colcon.colcon_core.package_identification:_identify(Assets) by extensions ['colcon_meta']
[0.855s] Level 1:colcon.colcon_core.package_identification:_identify(Assets) by extension 'colcon_meta'
[0.856s] Level 1:colcon.colcon_core.package_identification:_identify(Assets) by extensions ['ros']
[0.857s] Level 1:colcon.colcon_core.package_identification:_identify(Assets) by extension 'ros'
[0.861s] Level 1:colcon.colcon_core.package_identification:_identify(Assets) by extensions ['cmake', 'python']
[0.862s] Level 1:colcon.colcon_core.package_identification:_identify(Assets) by extension 'cmake'
[0.864s] Level 1:colcon.colcon_core.package_identification:_identify(Assets) by extension 'python'
[0.865s] Level 1:colcon.colcon_core.package_identification:_identify(Assets) by extensions ['python_setup_py']
[0.866s] Level 1:colcon.colcon_core.package_identification:_identify(Assets) by extension 'python_setup_py'
[0.870s] Level 1:colcon.colcon_core.package_identification:_identify(Library) by extensions ['ignore', 'ignore_ament_install']
[0.871s] Level 1:colcon.colcon_core.package_identification:_identify(Library) by extension 'ignore'
[0.872s] Level 1:colcon.colcon_core.package_identification:_identify(Library) by extension 'ignore_ament_install'
[0.874s] Level 1:colcon.colcon_core.package_identification:_identify(Library) by extensions ['colcon_pkg']
[0.875s] Level 1:colcon.colcon_core.package_identification:_identify(Library) by extension 'colcon_pkg'
[0.877s] Level 1:colcon.colcon_core.package_identification:_identify(Library) by extensions ['colcon_meta']
[0.877s] Level 1:colcon.colcon_core.package_identification:_identify(Library) by extension 'colcon_meta'
[0.878s] Level 1:colcon.colcon_core.package_identification:_identify(Library) by extensions ['ros']
[0.879s] Level 1:colcon.colcon_core.package_identification:_identify(Library) by extension 'ros'
[0.883s] Level 1:colcon.colcon_core.package_identification:_identify(Library) by extensions ['cmake', 'python']
[0.884s] Level 1:colcon.colcon_core.package_identification:_identify(Library) by extension 'cmake'
[0.886s] Level 1:colcon.colcon_core.package_identification:_identify(Library) by extension 'python'
[0.887s] Level 1:colcon.colcon_core.package_identification:_identify(Library) by extensions ['python_setup_py']
[0.888s] Level 1:colcon.colcon_core.package_identification:_identify(Library) by extension 'python_setup_py'
[0.896s] Level 1:colcon.colcon_core.package_identification:_identify(Library/Artifacts) by extensions ['ignore', 'ignore_ament_install']
[0.897s] Level 1:colcon.colcon_core.package_identification:_identify(Library/Artifacts) by extension 'ignore'
[0.899s] Level 1:colcon.colcon_core.package_identification:_identify(Library/Artifacts) by extension 'ignore_ament_install'
[0.903s] Level 1:colcon.colcon_core.package_identification:_identify(Library/Artifacts) by extensions ['colcon_pkg']
[0.903s] Level 1:colcon.colcon_core.package_identification:_identify(Library/Artifacts) by extension 'colcon_pkg'
[0.906s] Level 1:colcon.colcon_core.package_identification:_identify(Library/Artifacts) by extensions ['colcon_meta']
[0.906s] Level 1:colcon.colcon_core.package_identification:_identify(Library/Artifacts) by extension 'colcon_meta'
[0.909s] Level 1:colcon.colcon_core.package_identification:_identify(Library/Artifacts) by extensions ['ros']
[0.909s] Level 1:colcon.colcon_core.package_identification:_identify(Library/Artifacts) by extension 'ros'
[0.916s] Level 1:colcon.colcon_core.package_identification:_identify(Library/Artifacts) by extensions ['cmake', 'python']
[0.917s] Level 1:colcon.colcon_core.package_identification:_identify(Library/Artifacts) by extension 'cmake'
[0.920s] Level 1:colcon.colcon_core.package_identification:_identify(Library/Artifacts) by extension 'python'
[0.922s] Level 1:colcon.colcon_core.package_identification:_identify(Library/Artifacts) by extensions ['python_setup_py']
[0.923s] Level 1:colcon.colcon_core.package_identification:_identify(Library/Artifacts) by extension 'python_setup_py'
[0.929s] Level 1:colcon.colcon_core.package_identification:_identify(Library/Artifacts/00) by extensions ['ignore', 'ignore_ament_install']
[0.930s] Level 1:colcon.colcon_core.package_identification:_identify(Library/Artifacts/00) by extension 'ignore'
[0.932s] Level 1:colcon.colcon_core.package_identification:_identify(Library/Artifacts/00) by extension 'ignore_ament_install'
[0.937s] Level 1:colcon.colcon_core.package_identification:_identify(Library/Artifacts/00) by extensions ['colcon_pkg']
[0.937s] Level 1:colcon.colcon_core.package_identification:_identify(Library/Artifacts/00) by extension 'colcon_pkg'
[0.940s] Level 1:colcon.colcon_core.package_identification:_identify(Library/Artifacts/00) by extensions ['colcon_meta']
[0.941s] Level 1:colcon.colcon_core.package_identification:_identify(Library/Artifacts/00) by extension 'colcon_meta'
[0.944s] Level 1:colcon.colcon_core.package_identification:_identify(Library/Artifacts/00) by extensions ['ros']
[0.945s] Level 1:colcon.colcon_core.package_identification:_identify(Library/Artifacts/00) by extension 'ros'
[0.958s] Level 1:colcon.colcon_core.package_identification:_identify(Library/Artifacts/00) by extensions ['cmake', 'python']
[0.959s] Level 1:colcon.colcon_core.package_identification:_identify(Library/Artifacts/00) by extension 'cmake'
[0.963s] Level 1:colcon.colcon_core.package_identification:_identify(Library/Artifacts/00) by extension 'python'
[0.966s] Level 1:colcon.colcon_core.package_identification:_identify(Library/Artifacts/00) by extensions ['python_setup_py']
[0.967s] Level 1:colcon.colcon_core.package_identification:_identify(Library/Artifacts/00) by extension 'python_setup_py'
[0.977s] Level 1:colcon.colcon_core.package_identification:_identify(Library/Artifacts/01) by extensions ['ignore', 'ignore_ament_install']
[0.978s] Level 1:colcon.colcon_core.package_identification:_identify(Library/Artifacts/01) by extension 'ignore'
[0.981s] Level 1:colcon.colcon_core.package_identification:_identify(Library/Artifacts/01) by extension 'ignore_ament_install'
[0.985s] Level 1:colcon.colcon_core.package_identification:_identify(Library/Artifacts/01) by extensions ['colcon_pkg']
[0.985s] Level 1:colcon.colcon_core.package_identification:_identify(Library/Artifacts/01) by extension 'colcon_pkg'
[0.988s] Level 1:colcon.colcon_core.package_identification:_identify(Library/Artifacts/01) by extensions ['colcon_meta']
[0.988s] Level 1:colcon.colcon_core.package_identification:_identify(Library/Artifacts/01) by extension 'colcon_meta'
[0.992s] Level 1:colcon.colcon_core.package_identification:_identify(Library/Artifacts/01) by extensions ['ros']
[0.993s] Level 1:colcon.colcon_core.package_identification:_identify(Library/Artifacts/01) by extension 'ros'
[1.001s] Level 1:colcon.colcon_core.package_identification:_identify(Library/Artifacts/01) by extensions ['cmake', 'python']
[1.002s] Level 1:colcon.colcon_core.package_identification:_identify(Library/Artifacts/01) by extension 'cmake'
[1.004s] Level 1:colcon.colcon_core.package_identification:_identify(Library/Artifacts/01) by extension 'python'
[1.006s] Level 1:colcon.colcon_core.package_identification:_identify(Library/Artifacts/01) by extensions ['python_setup_py']
[1.007s] Level 1:colcon.colcon_core.package_identification:_identify(Library/Artifacts/01) by extension 'python_setup_py'
[1.016s] Level 1:colcon.colcon_core.package_identification:_identify(Library/Artifacts/02) by extensions ['ignore', 'ignore_ament_install']
[1.017s] Level 1:colcon.colcon_core.package_identification:_identify(Library/Artifacts/02) by extension 'ignore'
[1.019s] Level 1:colcon.colcon_core.package_identification:_identify(Library/Artifacts/02) by extension 'ignore_ament_install'
[1.023s] Level 1:colcon.colcon_core.package_identification:_identify(Library/Artifacts/02) by extensions ['colcon_pkg']
[1.024s] Level 1:colcon.colcon_core.package_identification:_identify(Library/Artifacts/02) by extension 'colcon_pkg'
[1.027s] Level 1:colcon.colcon_core.package_identification:_identify(Library/Artifacts/02) by extensions ['colcon_meta']
[1.028s] Level 1:colcon.colcon_core.package_identification:_identify(Library/Artifacts/02) by extension 'colcon_meta'
[1.032s] Level 1:colcon.colcon_core.package_identification:_identify(Library/Artifacts/02) by extensions ['ros']
[1.033s] Level 1:colcon.colcon_core.package_identification:_identify(Library/Artifacts/02) by extension 'ros'
[1.045s] Level 1:colcon.colcon_core.package_identification:_identify(Library/Artifacts/02) by extensions ['cmake', 'python']
[1.046s] Level 1:colcon.colcon_core.package_identification:_identify(Library/Artifacts/02) by extension 'cmake'
[1.050s] Level 1:colcon.colcon_core.package_identification:_identify(Library/Artifacts/02) by extension 'python'
[1.053s] Level 1:colcon.colcon_core.package_identification:_identify(Library/Artifacts/02) by extensions ['python_setup_py']
[1.054s] Level 1:colcon.colcon_core.package_identification:_identify(Library/Artifacts/02) by extension 'python_setup_py'
[1.058s] Level 1:colcon.colcon_core.package_identification:_identify(Library/Artifacts/03) by extensions ['ignore', 'ignore_ament_install']
[1.059s] Level 1:colcon.colcon_core.package_identification:_identify(Library/Artifacts/03) by extension 'ignore'
[1.061s] Level 1:colcon.colcon_core.package_identification:_identify(Library/Artifacts/03) by extension 'ignore_ament_install'
[1.063s] Level 1:colcon.colcon_core.package_identification:_identify(Library/Artifacts/03) by extensions ['colcon_pkg']
[1.064s] Level 1:colcon.colcon_core.package_identification:_identify(Library/Artifacts/03) by extension 'colcon_pkg'
[1.065s] Level 1:colcon.colcon_core.package_identification:_identify(Library/Artifacts/03) by extensions ['colcon_meta']
[1.065s] Level 1:colcon.colcon_core.package_identification:_identify(Library/Artifacts/03) by extension 'colcon_meta'
[1.068s] Level 1:colcon.colcon_core.package_identification:_identify(Library/Artifacts/03) by extensions ['ros']
[1.069s] Level 1:colcon.colcon_core.package_identification:_identify(Library/Artifacts/03) by extension 'ros'
[1.075s] Level 1:colcon.colcon_core.package_identification:_identify(Library/Artifacts/03) by extensions ['cmake', 'python']
[1.076s] Level 1:colcon.colcon_core.package_identification:_identify(Library/Artifacts/03) by extension 'cmake'
[1.077s] Level 1:colcon.colcon_core.package_identification:_identify(Library/Artifacts/03) by extension 'python'
[1.078s] Level 1:colcon.colcon_core.package_identification:_identify(Library/Artifacts/03) by extensions ['python_setup_py']
[1.079s] Level 1:colcon.colcon_core.package_identification:_identify(Library/Artifacts/03) by extension 'python_setup_py'
[1.090s] Level 1:colcon.colcon_core.package_identification:_identify(Library/Artifacts/04) by extensions ['ignore', 'ignore_ament_install']
[1.091s] Level 1:colcon.colcon_core.package_identification:_identify(Library/Artifacts/04) by extension 'ignore'
[1.093s] Level 1:colcon.colcon_core.package_identification:_identify(Library/Artifacts/04) by extension 'ignore_ament_install'
[1.097s] Level 1:colcon.colcon_core.package_identification:_identify(Library/Artifacts/04) by extensions ['colcon_pkg']
[1.098s] Level 1:colcon.colcon_core.package_identification:_identify(Library/Artifacts/04) by extension 'colcon_pkg'
[1.100s] Level 1:colcon.colcon_core.package_identification:_identify(Library/Artifacts/04) by extensions ['colcon_meta']
[1.101s] Level 1:colcon.colcon_core.package_identification:_identify(Library/Artifacts/04) by extension 'colcon_meta'
[1.106s] Level 1:colcon.colcon_core.package_identification:_identify(Library/Artifacts/04) by extensions ['ros']
[1.106s] Level 1:colcon.colcon_core.package_identification:_identify(Library/Artifacts/04) by extension 'ros'
[1.115s] Level 1:colcon.colcon_core.package_identification:_identify(Library/Artifacts/04) by extensions ['cmake', 'python']
[1.116s] Level 1:colcon.colcon_core.package_identification:_identify(Library/Artifacts/04) by extension 'cmake'
[1.118s] Level 1:colcon.colcon_core.package_identification:_identify(Library/Artifacts/04) by extension 'python'
[1.120s] Level 1:colcon.colcon_core.package_identification:_identify(Library/Artifacts/04) by extensions ['python_setup_py']
[1.121s] Level 1:colcon.colcon_core.package_identification:_identify(Library/Artifacts/04) by extension 'python_setup_py'
[1.131s] Level 1:colcon.colcon_core.package_identification:_identify(Library/Artifacts/05) by extensions ['ignore', 'ignore_ament_install']
[1.132s] Level 1:colcon.colcon_core.package_identification:_identify(Library/Artifacts/05) by extension 'ignore'
[1.135s] Level 1:colcon.colcon_core.package_identification:_identify(Library/Artifacts/05) by extension 'ignore_ament_install'
[1.141s] Level 1:colcon.colcon_core.package_identification:_identify(Library/Artifacts/05) by extensions ['colcon_pkg']
[1.142s] Level 1:colcon.colcon_core.package_identification:_identify(Library/Artifacts/05) by extension 'colcon_pkg'
[1.145s] Level 1:colcon.colcon_core.package_identification:_identify(Library/Artifacts/05) by extensions ['colcon_meta']
[1.145s] Level 1:colcon.colcon_core.package_identification:_identify(Library/Artifacts/05) by extension 'colcon_meta'
[1.149s] Level 1:colcon.colcon_core.package_identification:_identify(Library/Artifacts/05) by extensions ['ros']
[1.150s] Level 1:colcon.colcon_core.package_identification:_identify(Library/Artifacts/05) by extension 'ros'
[1.160s] Level 1:colcon.colcon_core.package_identification:_identify(Library/Artifacts/05) by extensions ['cmake', 'python']
[1.161s] Level 1:colcon.colcon_core.package_identification:_identify(Library/Artifacts/05) by extension 'cmake'
[1.164s] Level 1:colcon.colcon_core.package_identification:_identify(Library/Artifacts/05) by extension 'python'
[1.166s] Level 1:colcon.colcon_core.package_identification:_identify(Library/Artifacts/05) by extensions ['python_setup_py']
[1.167s] Level 1:colcon.colcon_core.package_identification:_identify(Library/Artifacts/05) by extension 'python_setup_py'
[1.178s] Level 1:colcon.colcon_core.package_identification:_identify(Library/Artifacts/06) by extensions ['ignore', 'ignore_ament_install']
[1.179s] Level 1:colcon.colcon_core.package_identification:_identify(Library/Artifacts/06) by extension 'ignore'
[1.182s] Level 1:colcon.colcon_core.package_identification:_identify(Library/Artifacts/06) by extension 'ignore_ament_install'
[1.188s] Level 1:colcon.colcon_core.package_identification:_identify(Library/Artifacts/06) by extensions ['colcon_pkg']
[1.189s] Level 1:colcon.colcon_core.package_identification:_identify(Library/Artifacts/06) by extension 'colcon_pkg'
[1.191s] Level 1:colcon.colcon_core.package_identification:_identify(Library/Artifacts/06) by extensions ['colcon_meta']
[1.192s] Level 1:colcon.colcon_core.package_identification:_identify(Library/Artifacts/06) by extension 'colcon_meta'
[1.197s] Level 1:colcon.colcon_core.package_identification:_identify(Library/Artifacts/06) by extensions ['ros']
[1.197s] Level 1:colcon.colcon_core.package_identification:_identify(Library/Artifacts/06) by extension 'ros'
[1.211s] Level 1:colcon.colcon_core.package_identification:_identify(Library/Artifacts/06) by extensions ['cmake', 'python']
[1.212s] Level 1:colcon.colcon_core.package_identification:_identify(Library/Artifacts/06) by extension 'cmake'
[1.215s] Level 1:colcon.colcon_core.package_identification:_identify(Library/Artifacts/06) by extension 'python'
[1.217s] Level 1:colcon.colcon_core.package_identification:_identify(Library/Artifacts/06) by extensions ['python_setup_py']
[1.218s] Level 1:colcon.colcon_core.package_identification:_identify(Library/Artifacts/06) by extension 'python_setup_py'
[1.227s] Level 1:colcon.colcon_core.package_identification:_identify(Library/Artifacts/07) by extensions ['ignore', 'ignore_ament_install']
[1.228s] Level 1:colcon.colcon_core.package_identification:_identify(Library/Artifacts/07) by extension 'ignore'
[1.231s] Level 1:colcon.colcon_core.package_identification:_identify(Library/Artifacts/07) by extension 'ignore_ament_install'
[1.236s] Level 1:colcon.colcon_core.package_identification:_identify(Library/Artifacts/07) by extensions ['colcon_pkg']
[1.236s] Level 1:colcon.colcon_core.package_identification:_identify(Library/Artifacts/07) by extension 'colcon_pkg'
[1.239s] Level 1:colcon.colcon_core.package_identification:_identify(Library/Artifacts/07) by extensions ['colcon_meta']
[1.239s] Level 1:colcon.colcon_core.package_identification:_identify(Library/Artifacts/07) by extension 'colcon_meta'
[1.244s] Level 1:colcon.colcon_core.package_identification:_identify(Library/Artifacts/07) by extensions ['ros']
[1.244s] Level 1:colcon.colcon_core.package_identification:_identify(Library/Artifacts/07) by extension 'ros'
[1.253s] Level 1:colcon.colcon_core.package_identification:_identify(Library/Artifacts/07) by extensions ['cmake', 'python']
[1.254s] Level 1:colcon.colcon_core.package_identification:_identify(Library/Artifacts/07) by extension 'cmake'
[1.257s] Level 1:colcon.colcon_core.package_identification:_identify(Library/Artifacts/07) by extension 'python'
[1.259s] Level 1:colcon.colcon_core.package_identification:_identify(Library/Artifacts/07) by extensions ['python_setup_py']
[1.260s] Level 1:colcon.colcon_core.package_identification:_identify(Library/Artifacts/07) by extension 'python_setup_py'
[1.270s] Level 1:colcon.colcon_core.package_identification:_identify(Library/Artifacts/08) by extensions ['ignore', 'ignore_ament_install']
[1.270s] Level 1:colcon.colcon_core.package_identification:_identify(Library/Artifacts/08) by extension 'ignore'
[1.273s] Level 1:colcon.colcon_core.package_identification:_identify(Library/Artifacts/08) by extension 'ignore_ament_install'
[1.278s] Level 1:colcon.colcon_core.package_identification:_identify(Library/Artifacts/08) by extensions ['colcon_pkg']
[1.279s] Level 1:colcon.colcon_core.package_identification:_identify(Library/Artifacts/08) by extension 'colcon_pkg'
[1.283s] Level 1:colcon.colcon_core.package_identification:_identify(Library/Artifacts/08) by extensions ['colcon_meta']
[1.284s] Level 1:colcon.colcon_core.package_identification:_identify(Library/Artifacts/08) by extension 'colcon_meta'
[1.291s] Level 1:colcon.colcon_core.package_identification:_identify(Library/Artifacts/08) by extensions ['ros']
[1.292s] Level 1:colcon.colcon_core.package_identification:_identify(Library/Artifacts/08) by extension 'ros'
[1.303s] Level 1:colcon.colcon_core.package_identification:_identify(Library/Artifacts/08) by extensions ['cmake', 'python']
[1.304s] Level 1:colcon.colcon_core.package_identification:_identify(Library/Artifacts/08) by extension 'cmake'
[1.309s] Level 1:colcon.colcon_core.package_identification:_identify(Library/Artifacts/08) by extension 'python'
[1.312s] Level 1:colcon.colcon_core.package_identification:_identify(Library/Artifacts/08) by extensions ['python_setup_py']
[1.313s] Level 1:colcon.colcon_core.package_identification:_identify(Library/Artifacts/08) by extension 'python_setup_py'
[1.324s] Level 1:colcon.colcon_core.package_identification:_identify(Library/Artifacts/09) by extensions ['ignore', 'ignore_ament_install']
[1.325s] Level 1:colcon.colcon_core.package_identification:_identify(Library/Artifacts/09) by extension 'ignore'
[1.327s] Level 1:colcon.colcon_core.package_identification:_identify(Library/Artifacts/09) by extension 'ignore_ament_install'
[1.332s] Level 1:colcon.colcon_core.package_identification:_identify(Library/Artifacts/09) by extensions ['colcon_pkg']
[1.333s] Level 1:colcon.colcon_core.package_identification:_identify(Library/Artifacts/09) by extension 'colcon_pkg'
[1.336s] Level 1:colcon.colcon_core.package_identification:_identify(Library/Artifacts/09) by extensions ['colcon_meta']
[1.336s] Level 1:colcon.colcon_core.package_identification:_identify(Library/Artifacts/09) by extension 'colcon_meta'
[1.341s] Level 1:colcon.colcon_core.package_identification:_identify(Library/Artifacts/09) by extensions ['ros']
[1.342s] Level 1:colcon.colcon_core.package_identification:_identify(Library/Artifacts/09) by extension 'ros'
[1.353s] Level 1:colcon.colcon_core.package_identification:_identify(Library/Artifacts/09) by extensions ['cmake', 'python']
[1.354s] Level 1:colcon.colcon_core.package_identification:_identify(Library/Artifacts/09) by extension 'cmake'
[1.356s] Level 1:colcon.colcon_core.package_identification:_identify(Library/Artifacts/09) by extension 'python'
[1.359s] Level 1:colcon.colcon_core.package_identification:_identify(Library/Artifacts/09) by extensions ['python_setup_py']
[1.360s] Level 1:colcon.colcon_core.package_identification:_identify(Library/Artifacts/09) by extension 'python_setup_py'
[1.369s] Level 1:colcon.colcon_core.package_identification:_identify(Library/Artifacts/0a) by extensions ['ignore', 'ignore_ament_install']
[1.370s] Level 1:colcon.colcon_core.package_identification:_identify(Library/Artifacts/0a) by extension 'ignore'
[1.372s] Level 1:colcon.colcon_core.package_identification:_identify(Library/Artifacts/0a) by extension 'ignore_ament_install'
[1.377s] Level 1:colcon.colcon_core.package_identification:_identify(Library/Artifacts/0a) by extensions ['colcon_pkg']
[1.377s] Level 1:colcon.colcon_core.package_identification:_identify(Library/Artifacts/0a) by extension 'colcon_pkg'
[1.379s] Level 1:colcon.colcon_core.package_identification:_identify(Library/Artifacts/0a) by extensions ['colcon_meta']
[1.380s] Level 1:colcon.colcon_core.package_identification:_identify(Library/Artifacts/0a) by extension 'colcon_meta'
[1.384s] Level 1:colcon.colcon_core.package_identification:_identify(Library/Artifacts/0a) by extensions ['ros']
[1.385s] Level 1:colcon.colcon_core.package_identification:_identify(Library/Artifacts/0a) by extension 'ros'
[1.396s] Level 1:colcon.colcon_core.package_identification:_identify(Library/Artifacts/0a) by extensions ['cmake', 'python']
[1.397s] Level 1:colcon.colcon_core.package_identification:_identify(Library/Artifacts/0a) by extension 'cmake'
[1.401s] Level 1:colcon.colcon_core.package_identification:_identify(Library/Artifacts/0a) by extension 'python'
[1.404s] Level 1:colcon.colcon_core.package_identification:_identify(Library/Artifacts/0a) by extensions ['python_setup_py']
[1.405s] Level 1:colcon.colcon_core.package_identification:_identify(Library/Artifacts/0a) by extension 'python_setup_py'
[1.414s] Level 1:colcon.colcon_core.package_identification:_identify(Library/Artifacts/0b) by extensions ['ignore', 'ignore_ament_install']
[1.415s] Level 1:colcon.colcon_core.package_identification:_identify(Library/Artifacts/0b) by extension 'ignore'
[1.418s] Level 1:colcon.colcon_core.package_identification:_identify(Library/Artifacts/0b) by extension 'ignore_ament_install'
[1.422s] Level 1:colcon.colcon_core.package_identification:_identify(Library/Artifacts/0b) by extensions ['colcon_pkg']
[1.423s] Level 1:colcon.colcon_core.package_identification:_identify(Library/Artifacts/0b) by extension 'colcon_pkg'
[1.425s] Level 1:colcon.colcon_core.package_identification:_identify(Library/Artifacts/0b) by extensions ['colcon_meta']
[1.426s] Level 1:colcon.colcon_core.package_identification:_identify(Library/Artifacts/0b) by extension 'colcon_meta'
[1.431s] Level 1:colcon.colcon_core.package_identification:_identify(Library/Artifacts/0b) by extensions ['ros']
[1.432s] Level 1:colcon.colcon_core.package_identification:_identify(Library/Artifacts/0b) by extension 'ros'
[1.442s] Level 1:colcon.colcon_core.package_identification:_identify(Library/Artifacts/0b) by extensions ['cmake', 'python']
[1.442s] Level 1:colcon.colcon_core.package_identification:_identify(Library/Artifacts/0b) by extension 'cmake'
[1.444s] Level 1:colcon.colcon_core.package_identification:_identify(Library/Artifacts/0b) by extension 'python'
[1.449s] Level 1:colcon.colcon_core.package_identification:_identify(Library/Artifacts/0b) by extensions ['python_setup_py']
[1.449s] Level 1:colcon.colcon_core.package_identification:_identify(Library/Artifacts/0b) by extension 'python_setup_py'
[1.459s] Level 1:colcon.colcon_core.package_identification:_identify(Library/Artifacts/0c) by extensions ['ignore', 'ignore_ament_install']
[1.460s] Level 1:colcon.colcon_core.package_identification:_identify(Library/Artifacts/0c) by extension 'ignore'
[1.464s] Level 1:colcon.colcon_core.package_identification:_identify(Library/Artifacts/0c) by extension 'ignore_ament_install'
[1.468s] Level 1:colcon.colcon_core.package_identification:_identify(Library/Artifacts/0c) by extensions ['colcon_pkg']
[1.469s] Level 1:colcon.colcon_core.package_identification:_identify(Library/Artifacts/0c) by extension 'colcon_pkg'
[1.471s] Level 1:colcon.colcon_core.package_identification:_identify(Library/Artifacts/0c) by extensions ['colcon_meta']
[1.472s] Level 1:colcon.colcon_core.package_identification:_identify(Library/Artifacts/0c) by extension 'colcon_meta'
[1.475s] Level 1:colcon.colcon_core.package_identification:_identify(Library/Artifacts/0c) by extensions ['ros']
[1.476s] Level 1:colcon.colcon_core.package_identification:_identify(Library/Artifacts/0c) by extension 'ros'
[1.484s] Level 1:colcon.colcon_core.package_identification:_identify(Library/Artifacts/0c) by extensions ['cmake', 'python']
[1.485s] Level 1:colcon.colcon_core.package_identification:_identify(Library/Artifacts/0c) by extension 'cmake'
[1.488s] Level 1:colcon.colcon_core.package_identification:_identify(Library/Artifacts/0c) by extension 'python'
[1.491s] Level 1:colcon.colcon_core.package_identification:_identify(Library/Artifacts/0c) by extensions ['python_setup_py']
[1.491s] Level 1:colcon.colcon_core.package_identification:_identify(Library/Artifacts/0c) by extension 'python_setup_py'
[1.502s] Level 1:colcon.colcon_core.package_identification:_identify(Library/Artifacts/0d) by extensions ['ignore', 'ignore_ament_install']
[1.503s] Level 1:colcon.colcon_core.package_identification:_identify(Library/Artifacts/0d) by extension 'ignore'
[1.506s] Level 1:colcon.colcon_core.package_identification:_identify(Library/Artifacts/0d) by extension 'ignore_ament_install'
[1.510s] Level 1:colcon.colcon_core.package_identification:_identify(Library/Artifacts/0d) by extensions ['colcon_pkg']
[1.511s] Level 1:colcon.colcon_core.package_identification:_identify(Library/Artifacts/0d) by extension 'colcon_pkg'
[1.514s] Level 1:colcon.colcon_core.package_identification:_identify(Library/Artifacts/0d) by extensions ['colcon_meta']
[1.515s] Level 1:colcon.colcon_core.package_identification:_identify(Library/Artifacts/0d) by extension 'colcon_meta'
[1.519s] Level 1:colcon.colcon_core.package_identification:_identify(Library/Artifacts/0d) by extensions ['ros']
[1.520s] Level 1:colcon.colcon_core.package_identification:_identify(Library/Artifacts/0d) by extension 'ros'
[1.529s] Level 1:colcon.colcon_core.package_identification:_identify(Library/Artifacts/0d) by extensions ['cmake', 'python']
[1.530s] Level 1:colcon.colcon_core.package_identification:_identify(Library/Artifacts/0d) by extension 'cmake'
[1.532s] Level 1:colcon.colcon_core.package_identification:_identify(Library/Artifacts/0d) by extension 'python'
[1.535s] Level 1:colcon.colcon_core.package_identification:_identify(Library/Artifacts/0d) by extensions ['python_setup_py']
[1.535s] Level 1:colcon.colcon_core.package_identification:_identify(Library/Artifacts/0d) by extension 'python_setup_py'
[1.544s] Level 1:colcon.colcon_core.package_identification:_identify(Library/Artifacts/0e) by extensions ['ignore', 'ignore_ament_install']
[1.545s] Level 1:colcon.colcon_core.package_identification:_identify(Library/Artifacts/0e) by extension 'ignore'
[1.547s] Level 1:colcon.colcon_core.package_identification:_identify(Library/Artifacts/0e) by extension 'ignore_ament_install'
[1.551s] Level 1:colcon.colcon_core.package_identification:_identify(Library/Artifacts/0e) by extensions ['colcon_pkg']
[1.552s] Level 1:colcon.colcon_core.package_identification:_identify(Library/Artifacts/0e) by extension 'colcon_pkg'
[1.555s] Level 1:colcon.colcon_core.package_identification:_identify(Library/Artifacts/0e) by extensions ['colcon_meta']
[1.556s] Level 1:colcon.colcon_core.package_identification:_identify(Library/Artifacts/0e) by extension 'colcon_meta'
[1.560s] Level 1:colcon.colcon_core.package_identification:_identify(Library/Artifacts/0e) by extensions ['ros']
[1.561s] Level 1:colcon.colcon_core.package_identification:_identify(Library/Artifacts/0e) by extension 'ros'
[1.570s] Level 1:colcon.colcon_core.package_identification:_identify(Library/Artifacts/0e) by extensions ['cmake', 'python']
[1.571s] Level 1:colcon.colcon_core.package_identification:_identify(Library/Artifacts/0e) by extension 'cmake'
[1.573s] Level 1:colcon.colcon_core.package_identification:_identify(Library/Artifacts/0e) by extension 'python'
[1.575s] Level 1:colcon.colcon_core.package_identification:_identify(Library/Artifacts/0e) by extensions ['python_setup_py']
[1.576s] Level 1:colcon.colcon_core.package_identification:_identify(Library/Artifacts/0e) by extension 'python_setup_py'
[1.585s] Level 1:colcon.colcon_core.package_identification:_identify(Library/Artifacts/0f) by extensions ['ignore', 'ignore_ament_install']
[1.586s] Level 1:colcon.colcon_core.package_identification:_identify(Library/Artifacts/0f) by extension 'ignore'
[1.588s] Level 1:colcon.colcon_core.package_identification:_identify(Library/Artifacts/0f) by extension 'ignore_ament_install'
[1.593s] Level 1:colcon.colcon_core.package_identification:_identify(Library/Artifacts/0f) by extensions ['colcon_pkg']
[1.594s] Level 1:colcon.colcon_core.package_identification:_identify(Library/Artifacts/0f) by extension 'colcon_pkg'
[1.596s] Level 1:colcon.colcon_core.package_identification:_identify(Library/Artifacts/0f) by extensions ['colcon_meta']
[1.597s] Level 1:colcon.colcon_core.package_identification:_identify(Library/Artifacts/0f) by extension 'colcon_meta'
[1.601s] Level 1:colcon.colcon_core.package_identification:_identify(Library/Artifacts/0f) by extensions ['ros']
[1.602s] Level 1:colcon.colcon_core.package_identification:_identify(Library/Artifacts/0f) by extension 'ros'
[1.612s] Level 1:colcon.colcon_core.package_identification:_identify(Library/Artifacts/0f) by extensions ['cmake', 'python']
[1.613s] Level 1:colcon.colcon_core.package_identification:_identify(Library/Artifacts/0f) by extension 'cmake'
[1.615s] Level 1:colcon.colcon_core.package_identification:_identify(Library/Artifacts/0f) by extension 'python'
[1.618s] Level 1:colcon.colcon_core.package_identification:_identify(Library/Artifacts/0f) by extensions ['python_setup_py']
[1.618s] Level 1:colcon.colcon_core.package_identification:_identify(Library/Artifacts/0f) by extension 'python_setup_py'
[1.627s] Level 1:colcon.colcon_core.package_identification:_identify(Library/Artifacts/10) by extensions ['ignore', 'ignore_ament_install']
[1.628s] Level 1:colcon.colcon_core.package_identification:_identify(Library/Artifacts/10) by extension 'ignore'
[1.630s] Level 1:colcon.colcon_core.package_identification:_identify(Library/Artifacts/10) by extension 'ignore_ament_install'
[1.634s] Level 1:colcon.colcon_core.package_identification:_identify(Library/Artifacts/10) by extensions ['colcon_pkg']
[1.635s] Level 1:colcon.colcon_core.package_identification:_identify(Library/Artifacts/10) by extension 'colcon_pkg'
[1.638s] Level 1:colcon.colcon_core.package_identification:_identify(Library/Artifacts/10) by extensions ['colcon_meta']
[1.638s] Level 1:colcon.colcon_core.package_identification:_identify(Library/Artifacts/10) by extension 'colcon_meta'
[1.642s] Level 1:colcon.colcon_core.package_identification:_identify(Library/Artifacts/10) by extensions ['ros']
[1.643s] Level 1:colcon.colcon_core.package_identification:_identify(Library/Artifacts/10) by extension 'ros'
[1.651s] Level 1:colcon.colcon_core.package_identification:_identify(Library/Artifacts/10) by extensions ['cmake', 'python']
[1.652s] Level 1:colcon.colcon_core.package_identification:_identify(Library/Artifacts/10) by extension 'cmake'
[1.654s] Level 1:colcon.colcon_core.package_identification:_identify(Library/Artifacts/10) by extension 'python'
[1.657s] Level 1:colcon.colcon_core.package_identification:_identify(Library/Artifacts/10) by extensions ['python_setup_py']
[1.658s] Level 1:colcon.colcon_core.package_identification:_identify(Library/Artifacts/10) by extension 'python_setup_py'
[1.667s] Level 1:colcon.colcon_core.package_identification:_identify(Library/Artifacts/11) by extensions ['ignore', 'ignore_ament_install']
[1.667s] Level 1:colcon.colcon_core.package_identification:_identify(Library/Artifacts/11) by extension 'ignore'
[1.670s] Level 1:colcon.colcon_core.package_identification:_identify(Library/Artifacts/11) by extension 'ignore_ament_install'
[1.674s] Level 1:colcon.colcon_core.package_identification:_identify(Library/Artifacts/11) by extensions ['colcon_pkg']
[1.674s] Level 1:colcon.colcon_core.package_identification:_identify(Library/Artifacts/11) by extension 'colcon_pkg'
[1.676s] Level 1:colcon.colcon_core.package_identification:_identify(Library/Artifacts/11) by extensions ['colcon_meta']
[1.677s] Level 1:colcon.colcon_core.package_identification:_identify(Library/Artifacts/11) by extension 'colcon_meta'
[1.681s] Level 1:colcon.colcon_core.package_identification:_identify(Library/Artifacts/11) by extensions ['ros']
[1.682s] Level 1:colcon.colcon_core.package_identification:_identify(Library/Artifacts/11) by extension 'ros'
[1.690s] Level 1:colcon.colcon_core.package_identification:_identify(Library/Artifacts/11) by extensions ['cmake', 'python']
[1.690s] Level 1:colcon.colcon_core.package_identification:_identify(Library/Artifacts/11) by extension 'cmake'
[1.693s] Level 1:colcon.colcon_core.package_identification:_identify(Library/Artifacts/11) by extension 'python'
[1.695s] Level 1:colcon.colcon_core.package_identification:_identify(Library/Artifacts/11) by extensions ['python_setup_py']
[1.696s] Level 1:colcon.colcon_core.package_identification:_identify(Library/Artifacts/11) by extension 'python_setup_py'
[1.705s] Level 1:colcon.colcon_core.package_identification:_identify(Library/Artifacts/12) by extensions ['ignore', 'ignore_ament_install']
[1.706s] Level 1:colcon.colcon_core.package_identification:_identify(Library/Artifacts/12) by extension 'ignore'
[1.708s] Level 1:colcon.colcon_core.package_identification:_identify(Library/Artifacts/12) by extension 'ignore_ament_install'
[1.712s] Level 1:colcon.colcon_core.package_identification:_identify(Library/Artifacts/12) by extensions ['colcon_pkg']
[1.712s] Level 1:colcon.colcon_core.package_identification:_identify(Library/Artifacts/12) by extension 'colcon_pkg'
[1.714s] Level 1:colcon.colcon_core.package_identification:_identify(Library/Artifacts/12) by extensions ['colcon_meta']
[1.715s] Level 1:colcon.colcon_core.package_identification:_identify(Library/Artifacts/12) by extension 'colcon_meta'
[1.719s] Level 1:colcon.colcon_core.package_identification:_identify(Library/Artifacts/12) by extensions ['ros']
[1.720s] Level 1:colcon.colcon_core.package_identification:_identify(Library/Artifacts/12) by extension 'ros'
[1.728s] Level 1:colcon.colcon_core.package_identification:_identify(Library/Artifacts/12) by extensions ['cmake', 'python']
[1.729s] Level 1:colcon.colcon_core.package_identification:_identify(Library/Artifacts/12) by extension 'cmake'
[1.731s] Level 1:colcon.colcon_core.package_identification:_identify(Library/Artifacts/12) by extension 'python'
[1.734s] Level 1:colcon.colcon_core.package_identification:_identify(Library/Artifacts/12) by extensions ['python_setup_py']
[1.735s] Level 1:colcon.colcon_core.package_identification:_identify(Library/Artifacts/12) by extension 'python_setup_py'
[1.747s] Level 1:colcon.colcon_core.package_identification:_identify(Library/Artifacts/13) by extensions ['ignore', 'ignore_ament_install']
[1.748s] Level 1:colcon.colcon_core.package_identification:_identify(Library/Artifacts/13) by extension 'ignore'
[1.750s] Level 1:colcon.colcon_core.package_identification:_identify(Library/Artifacts/13) by extension 'ignore_ament_install'
[1.755s] Level 1:colcon.colcon_core.package_identification:_identify(Library/Artifacts/13) by extensions ['colcon_pkg']
[1.756s] Level 1:colcon.colcon_core.package_identification:_identify(Library/Artifacts/13) by extension 'colcon_pkg'
[1.760s] Level 1:colcon.colcon_core.package_identification:_identify(Library/Artifacts/13) by extensions ['colcon_meta']
[1.761s] Level 1:colcon.colcon_core.package_identification:_identify(Library/Artifacts/13) by extension 'colcon_meta'
[1.766s] Level 1:colcon.colcon_core.package_identification:_identify(Library/Artifacts/13) by extensions ['ros']
[1.767s] Level 1:colcon.colcon_core.package_identification:_identify(Library/Artifacts/13) by extension 'ros'
[1.777s] Level 1:colcon.colcon_core.package_identification:_identify(Library/Artifacts/13) by extensions ['cmake', 'python']
[1.779s] Level 1:colcon.colcon_core.package_identification:_identify(Library/Artifacts/13) by extension 'cmake'
[1.781s] Level 1:colcon.colcon_core.package_identification:_identify(Library/Artifacts/13) by extension 'python'
[1.785s] Level 1:colcon.colcon_core.package_identification:_identify(Library/Artifacts/13) by extensions ['python_setup_py']
[1.786s] Level 1:colcon.colcon_core.package_identification:_identify(Library/Artifacts/13) by extension 'python_setup_py'
[1.800s] Level 1:colcon.colcon_core.package_identification:_identify(Library/Artifacts/14) by extensions ['ignore', 'ignore_ament_install']
[1.801s] Level 1:colcon.colcon_core.package_identification:_identify(Library/Artifacts/14) by extension 'ignore'
[1.803s] Level 1:colcon.colcon_core.package_identification:_identify(Library/Artifacts/14) by extension 'ignore_ament_install'
[1.809s] Level 1:colcon.colcon_core.package_identification:_identify(Library/Artifacts/14) by extensions ['colcon_pkg']
[1.810s] Level 1:colcon.colcon_core.package_identification:_identify(Library/Artifacts/14) by extension 'colcon_pkg'
[1.815s] Level 1:colcon.colcon_core.package_identification:_identify(Library/Artifacts/14) by extensions ['colcon_meta']
[1.816s] Level 1:colcon.colcon_core.package_identification:_identify(Library/Artifacts/14) by extension 'colcon_meta'
[1.821s] Level 1:colcon.colcon_core.package_identification:_identify(Library/Artifacts/14) by extensions ['ros']
[1.822s] Level 1:colcon.colcon_core.package_identification:_identify(Library/Artifacts/14) by extension 'ros'
[1.834s] Level 1:colcon.colcon_core.package_identification:_identify(Library/Artifacts/14) by extensions ['cmake', 'python']
[1.835s] Level 1:colcon.colcon_core.package_identification:_identify(Library/Artifacts/14) by extension 'cmake'
[1.838s] Level 1:colcon.colcon_core.package_identification:_identify(Library/Artifacts/14) by extension 'python'
[1.840s] Level 1:colcon.colcon_core.package_identification:_identify(Library/Artifacts/14) by extensions ['python_setup_py']
[1.841s] Level 1:colcon.colcon_core.package_identification:_identify(Library/Artifacts/14) by extension 'python_setup_py'
[1.851s] Level 1:colcon.colcon_core.package_identification:_identify(Library/Artifacts/15) by extensions ['ignore', 'ignore_ament_install']
[1.852s] Level 1:colcon.colcon_core.package_identification:_identify(Library/Artifacts/15) by extension 'ignore'
[1.854s] Level 1:colcon.colcon_core.package_identification:_identify(Library/Artifacts/15) by extension 'ignore_ament_install'
[1.858s] Level 1:colcon.colcon_core.package_identification:_identify(Library/Artifacts/15) by extensions ['colcon_pkg']
[1.859s] Level 1:colcon.colcon_core.package_identification:_identify(Library/Artifacts/15) by extension 'colcon_pkg'
[1.862s] Level 1:colcon.colcon_core.package_identification:_identify(Library/Artifacts/15) by extensions ['colcon_meta']
[1.862s] Level 1:colcon.colcon_core.package_identification:_identify(Library/Artifacts/15) by extension 'colcon_meta'
[1.867s] Level 1:colcon.colcon_core.package_identification:_identify(Library/Artifacts/15) by extensions ['ros']
[1.868s] Level 1:colcon.colcon_core.package_identification:_identify(Library/Artifacts/15) by extension 'ros'
[1.877s] Level 1:colcon.colcon_core.package_identification:_identify(Library/Artifacts/15) by extensions ['cmake', 'python']
[1.878s] Level 1:colcon.colcon_core.package_identification:_identify(Library/Artifacts/15) by extension 'cmake'
[1.881s] Level 1:colcon.colcon_core.package_identification:_identify(Library/Artifacts/15) by extension 'python'
[1.883s] Level 1:colcon.colcon_core.package_identification:_identify(Library/Artifacts/15) by extensions ['python_setup_py']
[1.883s] Level 1:colcon.colcon_core.package_identification:_identify(Library/Artifacts/15) by extension 'python_setup_py'
[1.891s] Level 1:colcon.colcon_core.package_identification:_identify(Library/Artifacts/16) by extensions ['ignore', 'ignore_ament_install']
[1.893s] Level 1:colcon.colcon_core.package_identification:_identify(Library/Artifacts/16) by extension 'ignore'
[1.896s] Level 1:colcon.colcon_core.package_identification:_identify(Library/Artifacts/16) by extension 'ignore_ament_install'
[1.900s] Level 1:colcon.colcon_core.package_identification:_identify(Library/Artifacts/16) by extensions ['colcon_pkg']
[1.901s] Level 1:colcon.colcon_core.package_identification:_identify(Library/Artifacts/16) by extension 'colcon_pkg'
[1.904s] Level 1:colcon.colcon_core.package_identification:_identify(Library/Artifacts/16) by extensions ['colcon_meta']
[1.904s] Level 1:colcon.colcon_core.package_identification:_identify(Library/Artifacts/16) by extension 'colcon_meta'
[1.907s] Level 1:colcon.colcon_core.package_identification:_identify(Library/Artifacts/16) by extensions ['ros']
[1.908s] Level 1:colcon.colcon_core.package_identification:_identify(Library/Artifacts/16) by extension 'ros'
[1.918s] Level 1:colcon.colcon_core.package_identification:_identify(Library/Artifacts/16) by extensions ['cmake', 'python']
[1.919s] Level 1:colcon.colcon_core.package_identification:_identify(Library/Artifacts/16) by extension 'cmake'
[1.922s] Level 1:colcon.colcon_core.package_identification:_identify(Library/Artifacts/16) by extension 'python'
[1.924s] Level 1:colcon.colcon_core.package_identification:_identify(Library/Artifacts/16) by extensions ['python_setup_py']
[1.925s] Level 1:colcon.colcon_core.package_identification:_identify(Library/Artifacts/16) by extension 'python_setup_py'
[1.934s] Level 1:colcon.colcon_core.package_identification:_identify(Library/Artifacts/17) by extensions ['ignore', 'ignore_ament_install']
[1.935s] Level 1:colcon.colcon_core.package_identification:_identify(Library/Artifacts/17) by extension 'ignore'
[1.938s] Level 1:colcon.colcon_core.package_identification:_identify(Library/Artifacts/17) by extension 'ignore_ament_install'
[1.943s] Level 1:colcon.colcon_core.package_identification:_identify(Library/Artifacts/17) by extensions ['colcon_pkg']
[1.943s] Level 1:colcon.colcon_core.package_identification:_identify(Library/Artifacts/17) by extension 'colcon_pkg'
[1.946s] Level 1:colcon.colcon_core.package_identification:_identify(Library/Artifacts/17) by extensions ['colcon_meta']
[1.946s] Level 1:colcon.colcon_core.package_identification:_identify(Library/Artifacts/17) by extension 'colcon_meta'
[1.954s] Level 1:colcon.colcon_core.package_identification:_identify(Library/Artifacts/17) by extensions ['ros']
[1.955s] Level 1:colcon.colcon_core.package_identification:_identify(Library/Artifacts/17) by extension 'ros'
[1.965s] Level 1:colcon.colcon_core.package_identification:_identify(Library/Artifacts/17) by extensions ['cmake', 'python']
[1.967s] Level 1:colcon.colcon_core.package_identification:_identify(Library/Artifacts/17) by extension 'cmake'
[1.970s] Level 1:colcon.colcon_core.package_identification:_identify(Library/Artifacts/17) by extension 'python'
[1.974s] Level 1:colcon.colcon_core.package_identification:_identify(Library/Artifacts/17) by extensions ['python_setup_py']
[1.974s] Level 1:colcon.colcon_core.package_identification:_identify(Library/Artifacts/17) by extension 'python_setup_py'
[1.983s] Level 1:colcon.colcon_core.package_identification:_identify(Library/Artifacts/18) by extensions ['ignore', 'ignore_ament_install']
[1.984s] Level 1:colcon.colcon_core.package_identification:_identify(Library/Artifacts/18) by extension 'ignore'
[1.986s] Level 1:colcon.colcon_core.package_identification:_identify(Library/Artifacts/18) by extension 'ignore_ament_install'
[1.990s] Level 1:colcon.colcon_core.package_identification:_identify(Library/Artifacts/18) by extensions ['colcon_pkg']
[1.991s] Level 1:colcon.colcon_core.package_identification:_identify(Library/Artifacts/18) by extension 'colcon_pkg'
[1.994s] Level 1:colcon.colcon_core.package_identification:_identify(Library/Artifacts/18) by extensions ['colcon_meta']
[1.995s] Level 1:colcon.colcon_core.package_identification:_identify(Library/Artifacts/18) by extension 'colcon_meta'
[1.999s] Level 1:colcon.colcon_core.package_identification:_identify(Library/Artifacts/18) by extensions ['ros']
[2.000s] Level 1:colcon.colcon_core.package_identification:_identify(Library/Artifacts/18) by extension 'ros'
[2.009s] Level 1:colcon.colcon_core.package_identification:_identify(Library/Artifacts/18) by extensions ['cmake', 'python']
[2.010s] Level 1:colcon.colcon_core.package_identification:_identify(Library/Artifacts/18) by extension 'cmake'
[2.012s] Level 1:colcon.colcon_core.package_identification:_identify(Library/Artifacts/18) by extension 'python'
[2.014s] Level 1:colcon.colcon_core.package_identification:_identify(Library/Artifacts/18) by extensions ['python_setup_py']
[2.015s] Level 1:colcon.colcon_core.package_identification:_identify(Library/Artifacts/18) by extension 'python_setup_py'
[2.024s] Level 1:colcon.colcon_core.package_identification:_identify(Library/Artifacts/19) by extensions ['ignore', 'ignore_ament_install']
[2.025s] Level 1:colcon.colcon_core.package_identification:_identify(Library/Artifacts/19) by extension 'ignore'
[2.027s] Level 1:colcon.colcon_core.package_identification:_identify(Library/Artifacts/19) by extension 'ignore_ament_install'
[2.031s] Level 1:colcon.colcon_core.package_identification:_identify(Library/Artifacts/19) by extensions ['colcon_pkg']
[2.031s] Level 1:colcon.colcon_core.package_identification:_identify(Library/Artifacts/19) by extension 'colcon_pkg'
[2.034s] Level 1:colcon.colcon_core.package_identification:_identify(Library/Artifacts/19) by extensions ['colcon_meta']
[2.034s] Level 1:colcon.colcon_core.package_identification:_identify(Library/Artifacts/19) by extension 'colcon_meta'
[2.038s] Level 1:colcon.colcon_core.package_identification:_identify(Library/Artifacts/19) by extensions ['ros']
[2.039s] Level 1:colcon.colcon_core.package_identification:_identify(Library/Artifacts/19) by extension 'ros'
[2.048s] Level 1:colcon.colcon_core.package_identification:_identify(Library/Artifacts/19) by extensions ['cmake', 'python']
[2.049s] Level 1:colcon.colcon_core.package_identification:_identify(Library/Artifacts/19) by extension 'cmake'
[2.052s] Level 1:colcon.colcon_core.package_identification:_identify(Library/Artifacts/19) by extension 'python'
[2.054s] Level 1:colcon.colcon_core.package_identification:_identify(Library/Artifacts/19) by extensions ['python_setup_py']
[2.055s] Level 1:colcon.colcon_core.package_identification:_identify(Library/Artifacts/19) by extension 'python_setup_py'
[2.064s] Level 1:colcon.colcon_core.package_identification:_identify(Library/Artifacts/1a) by extensions ['ignore', 'ignore_ament_install']
[2.065s] Level 1:colcon.colcon_core.package_identification:_identify(Library/Artifacts/1a) by extension 'ignore'
[2.068s] Level 1:colcon.colcon_core.package_identification:_identify(Library/Artifacts/1a) by extension 'ignore_ament_install'
[2.072s] Level 1:colcon.colcon_core.package_identification:_identify(Library/Artifacts/1a) by extensions ['colcon_pkg']
[2.072s] Level 1:colcon.colcon_core.package_identification:_identify(Library/Artifacts/1a) by extension 'colcon_pkg'
[2.074s] Level 1:colcon.colcon_core.package_identification:_identify(Library/Artifacts/1a) by extensions ['colcon_meta']
[2.075s] Level 1:colcon.colcon_core.package_identification:_identify(Library/Artifacts/1a) by extension 'colcon_meta'
[2.079s] Level 1:colcon.colcon_core.package_identification:_identify(Library/Artifacts/1a) by extensions ['ros']
[2.080s] Level 1:colcon.colcon_core.package_identification:_identify(Library/Artifacts/1a) by extension 'ros'
[2.089s] Level 1:colcon.colcon_core.package_identification:_identify(Library/Artifacts/1a) by extensions ['cmake', 'python']
[2.090s] Level 1:colcon.colcon_core.package_identification:_identify(Library/Artifacts/1a) by extension 'cmake'
[2.093s] Level 1:colcon.colcon_core.package_identification:_identify(Library/Artifacts/1a) by extension 'python'
[2.095s] Level 1:colcon.colcon_core.package_identification:_identify(Library/Artifacts/1a) by extensions ['python_setup_py']
[2.095s] Level 1:colcon.colcon_core.package_identification:_identify(Library/Artifacts/1a) by extension 'python_setup_py'
[2.106s] Level 1:colcon.colcon_core.package_identification:_identify(Library/Artifacts/1b) by extensions ['ignore', 'ignore_ament_install']
[2.107s] Level 1:colcon.colcon_core.package_identification:_identify(Library/Artifacts/1b) by extension 'ignore'
[2.110s] Level 1:colcon.colcon_core.package_identification:_identify(Library/Artifacts/1b) by extension 'ignore_ament_install'
[2.113s] Level 1:colcon.colcon_core.package_identification:_identify(Library/Artifacts/1b) by extensions ['colcon_pkg']
[2.113s] Level 1:colcon.colcon_core.package_identification:_identify(Library/Artifacts/1b) by extension 'colcon_pkg'
[2.116s] Level 1:colcon.colcon_core.package_identification:_identify(Library/Artifacts/1b) by extensions ['colcon_meta']
[2.116s] Level 1:colcon.colcon_core.package_identification:_identify(Library/Artifacts/1b) by extension 'colcon_meta'
[2.121s] Level 1:colcon.colcon_core.package_identification:_identify(Library/Artifacts/1b) by extensions ['ros']
[2.122s] Level 1:colcon.colcon_core.package_identification:_identify(Library/Artifacts/1b) by extension 'ros'
[2.132s] Level 1:colcon.colcon_core.package_identification:_identify(Library/Artifacts/1b) by extensions ['cmake', 'python']
[2.133s] Level 1:colcon.colcon_core.package_identification:_identify(Library/Artifacts/1b) by extension 'cmake'
[2.135s] Level 1:colcon.colcon_core.package_identification:_identify(Library/Artifacts/1b) by extension 'python'
[2.139s] Level 1:colcon.colcon_core.package_identification:_identify(Library/Artifacts/1b) by extensions ['python_setup_py']
[2.139s] Level 1:colcon.colcon_core.package_identification:_identify(Library/Artifacts/1b) by extension 'python_setup_py'
[2.152s] Level 1:colcon.colcon_core.package_identification:_identify(Library/Artifacts/1c) by extensions ['ignore', 'ignore_ament_install']
[2.153s] Level 1:colcon.colcon_core.package_identification:_identify(Library/Artifacts/1c) by extension 'ignore'
[2.156s] Level 1:colcon.colcon_core.package_identification:_identify(Library/Artifacts/1c) by extension 'ignore_ament_install'
[2.161s] Level 1:colcon.colcon_core.package_identification:_identify(Library/Artifacts/1c) by extensions ['colcon_pkg']
[2.161s] Level 1:colcon.colcon_core.package_identification:_identify(Library/Artifacts/1c) by extension 'colcon_pkg'
[2.165s] Level 1:colcon.colcon_core.package_identification:_identify(Library/Artifacts/1c) by extensions ['colcon_meta']
[2.166s] Level 1:colcon.colcon_core.package_identification:_identify(Library/Artifacts/1c) by extension 'colcon_meta'
[2.171s] Level 1:colcon.colcon_core.package_identification:_identify(Library/Artifacts/1c) by extensions ['ros']
[2.171s] Level 1:colcon.colcon_core.package_identification:_identify(Library/Artifacts/1c) by extension 'ros'
[2.181s] Level 1:colcon.colcon_core.package_identification:_identify(Library/Artifacts/1c) by extensions ['cmake', 'python']
[2.182s] Level 1:colcon.colcon_core.package_identification:_identify(Library/Artifacts/1c) by extension 'cmake'
[2.184s] Level 1:colcon.colcon_core.package_identification:_identify(Library/Artifacts/1c) by extension 'python'
[2.186s] Level 1:colcon.colcon_core.package_identification:_identify(Library/Artifacts/1c) by extensions ['python_setup_py']
[2.187s] Level 1:colcon.colcon_core.package_identification:_identify(Library/Artifacts/1c) by extension 'python_setup_py'
[2.196s] Level 1:colcon.colcon_core.package_identification:_identify(Library/Artifacts/1d) by extensions ['ignore', 'ignore_ament_install']
[2.197s] Level 1:colcon.colcon_core.package_identification:_identify(Library/Artifacts/1d) by extension 'ignore'
[2.199s] Level 1:colcon.colcon_core.package_identification:_identify(Library/Artifacts/1d) by extension 'ignore_ament_install'
[2.203s] Level 1:colcon.colcon_core.package_identification:_identify(Library/Artifacts/1d) by extensions ['colcon_pkg']
[2.204s] Level 1:colcon.colcon_core.package_identification:_identify(Library/Artifacts/1d) by extension 'colcon_pkg'
[2.206s] Level 1:colcon.colcon_core.package_identification:_identify(Library/Artifacts/1d) by extensions ['colcon_meta']
[2.207s] Level 1:colcon.colcon_core.package_identification:_identify(Library/Artifacts/1d) by extension 'colcon_meta'
[2.210s] Level 1:colcon.colcon_core.package_identification:_identify(Library/Artifacts/1d) by extensions ['ros']
[2.211s] Level 1:colcon.colcon_core.package_identification:_identify(Library/Artifacts/1d) by extension 'ros'
[2.219s] Level 1:colcon.colcon_core.package_identification:_identify(Library/Artifacts/1d) by extensions ['cmake', 'python']
[2.220s] Level 1:colcon.colcon_core.package_identification:_identify(Library/Artifacts/1d) by extension 'cmake'
[2.224s] Level 1:colcon.colcon_core.package_identification:_identify(Library/Artifacts/1d) by extension 'python'
[2.226s] Level 1:colcon.colcon_core.package_identification:_identify(Library/Artifacts/1d) by extensions ['python_setup_py']
[2.227s] Level 1:colcon.colcon_core.package_identification:_identify(Library/Artifacts/1d) by extension 'python_setup_py'
[2.238s] Level 1:colcon.colcon_core.package_identification:_identify(Library/Artifacts/1e) by extensions ['ignore', 'ignore_ament_install']
[2.239s] Level 1:colcon.colcon_core.package_identification:_identify(Library/Artifacts/1e) by extension 'ignore'
[2.242s] Level 1:colcon.colcon_core.package_identification:_identify(Library/Artifacts/1e) by extension 'ignore_ament_install'
[2.249s] Level 1:colcon.colcon_core.package_identification:_identify(Library/Artifacts/1e) by extensions ['colcon_pkg']
[2.250s] Level 1:colcon.colcon_core.package_identification:_identify(Library/Artifacts/1e) by extension 'colcon_pkg'
[2.253s] Level 1:colcon.colcon_core.package_identification:_identify(Library/Artifacts/1e) by extensions ['colcon_meta']
[2.255s] Level 1:colcon.colcon_core.package_identification:_identify(Library/Artifacts/1e) by extension 'colcon_meta'
[2.261s] Level 1:colcon.colcon_core.package_identification:_identify(Library/Artifacts/1e) by extensions ['ros']
[2.263s] Level 1:colcon.colcon_core.package_identification:_identify(Library/Artifacts/1e) by extension 'ros'
[2.271s] Level 1:colcon.colcon_core.package_identification:_identify(Library/Artifacts/1e) by extensions ['cmake', 'python']
[2.272s] Level 1:colcon.colcon_core.package_identification:_identify(Library/Artifacts/1e) by extension 'cmake'
[2.275s] Level 1:colcon.colcon_core.package_identification:_identify(Library/Artifacts/1e) by extension 'python'
[2.277s] Level 1:colcon.colcon_core.package_identification:_identify(Library/Artifacts/1e) by extensions ['python_setup_py']
[2.278s] Level 1:colcon.colcon_core.package_identification:_identify(Library/Artifacts/1e) by extension 'python_setup_py'
[2.290s] Level 1:colcon.colcon_core.package_identification:_identify(Library/Artifacts/1f) by extensions ['ignore', 'ignore_ament_install']
[2.291s] Level 1:colcon.colcon_core.package_identification:_identify(Library/Artifacts/1f) by extension 'ignore'
[2.295s] Level 1:colcon.colcon_core.package_identification:_identify(Library/Artifacts/1f) by extension 'ignore_ament_install'
[2.300s] Level 1:colcon.colcon_core.package_identification:_identify(Library/Artifacts/1f) by extensions ['colcon_pkg']
[2.301s] Level 1:colcon.colcon_core.package_identification:_identify(Library/Artifacts/1f) by extension 'colcon_pkg'
[2.303s] Level 1:colcon.colcon_core.package_identification:_identify(Library/Artifacts/1f) by extensions ['colcon_meta']
[2.304s] Level 1:colcon.colcon_core.package_identification:_identify(Library/Artifacts/1f) by extension 'colcon_meta'
[2.308s] Level 1:colcon.colcon_core.package_identification:_identify(Library/Artifacts/1f) by extensions ['ros']
[2.308s] Level 1:colcon.colcon_core.package_identification:_identify(Library/Artifacts/1f) by extension 'ros'
[2.319s] Level 1:colcon.colcon_core.package_identification:_identify(Library/Artifacts/1f) by extensions ['cmake', 'python']
[2.320s] Level 1:colcon.colcon_core.package_identification:_identify(Library/Artifacts/1f) by extension 'cmake'
[2.322s] Level 1:colcon.colcon_core.package_identification:_identify(Library/Artifacts/1f) by extension 'python'
[2.324s] Level 1:colcon.colcon_core.package_identification:_identify(Library/Artifacts/1f) by extensions ['python_setup_py']
[2.325s] Level 1:colcon.colcon_core.package_identification:_identify(Library/Artifacts/1f) by extension 'python_setup_py'
[2.334s] Level 1:colcon.colcon_core.package_identification:_identify(Library/Artifacts/20) by extensions ['ignore', 'ignore_ament_install']
[2.335s] Level 1:colcon.colcon_core.package_identification:_identify(Library/Artifacts/20) by extension 'ignore'
[2.338s] Level 1:colcon.colcon_core.package_identification:_identify(Library/Artifacts/20) by extension 'ignore_ament_install'
[2.342s] Level 1:colcon.colcon_core.package_identification:_identify(Library/Artifacts/20) by extensions ['colcon_pkg']
[2.343s] Level 1:colcon.colcon_core.package_identification:_identify(Library/Artifacts/20) by extension 'colcon_pkg'
[2.345s] Level 1:colcon.colcon_core.package_identification:_identify(Library/Artifacts/20) by extensions ['colcon_meta']
[2.346s] Level 1:colcon.colcon_core.package_identification:_identify(Library/Artifacts/20) by extension 'colcon_meta'
[2.349s] Level 1:colcon.colcon_core.package_identification:_identify(Library/Artifacts/20) by extensions ['ros']
[2.349s] Level 1:colcon.colcon_core.package_identification:_identify(Library/Artifacts/20) by extension 'ros'
[2.357s] Level 1:colcon.colcon_core.package_identification:_identify(Library/Artifacts/20) by extensions ['cmake', 'python']
[2.357s] Level 1:colcon.colcon_core.package_identification:_identify(Library/Artifacts/20) by extension 'cmake'
[2.359s] Level 1:colcon.colcon_core.package_identification:_identify(Library/Artifacts/20) by extension 'python'
[2.362s] Level 1:colcon.colcon_core.package_identification:_identify(Library/Artifacts/20) by extensions ['python_setup_py']
[2.362s] Level 1:colcon.colcon_core.package_identification:_identify(Library/Artifacts/20) by extension 'python_setup_py'
[2.369s] Level 1:colcon.colcon_core.package_identification:_identify(Library/Artifacts/21) by extensions ['ignore', 'ignore_ament_install']
[2.369s] Level 1:colcon.colcon_core.package_identification:_identify(Library/Artifacts/21) by extension 'ignore'
[2.373s] Level 1:colcon.colcon_core.package_identification:_identify(Library/Artifacts/21) by extension 'ignore_ament_install'
[2.377s] Level 1:colcon.colcon_core.package_identification:_identify(Library/Artifacts/21) by extensions ['colcon_pkg']
[2.377s] Level 1:colcon.colcon_core.package_identification:_identify(Library/Artifacts/21) by extension 'colcon_pkg'
[2.380s] Level 1:colcon.colcon_core.package_identification:_identify(Library/Artifacts/21) by extensions ['colcon_meta']
[2.380s] Level 1:colcon.colcon_core.package_identification:_identify(Library/Artifacts/21) by extension 'colcon_meta'
[2.385s] Level 1:colcon.colcon_core.package_identification:_identify(Library/Artifacts/21) by extensions ['ros']
[2.386s] Level 1:colcon.colcon_core.package_identification:_identify(Library/Artifacts/21) by extension 'ros'
[2.393s] Level 1:colcon.colcon_core.package_identification:_identify(Library/Artifacts/21) by extensions ['cmake', 'python']
[2.394s] Level 1:colcon.colcon_core.package_identification:_identify(Library/Artifacts/21) by extension 'cmake'
[2.396s] Level 1:colcon.colcon_core.package_identification:_identify(Library/Artifacts/21) by extension 'python'
[2.398s] Level 1:colcon.colcon_core.package_identification:_identify(Library/Artifacts/21) by extensions ['python_setup_py']
[2.399s] Level 1:colcon.colcon_core.package_identification:_identify(Library/Artifacts/21) by extension 'python_setup_py'
[2.408s] Level 1:colcon.colcon_core.package_identification:_identify(Library/Artifacts/22) by extensions ['ignore', 'ignore_ament_install']
[2.408s] Level 1:colcon.colcon_core.package_identification:_identify(Library/Artifacts/22) by extension 'ignore'
[2.410s] Level 1:colcon.colcon_core.package_identification:_identify(Library/Artifacts/22) by extension 'ignore_ament_install'
[2.414s] Level 1:colcon.colcon_core.package_identification:_identify(Library/Artifacts/22) by extensions ['colcon_pkg']
[2.414s] Level 1:colcon.colcon_core.package_identification:_identify(Library/Artifacts/22) by extension 'colcon_pkg'
[2.416s] Level 1:colcon.colcon_core.package_identification:_identify(Library/Artifacts/22) by extensions ['colcon_meta']
[2.417s] Level 1:colcon.colcon_core.package_identification:_identify(Library/Artifacts/22) by extension 'colcon_meta'
[2.420s] Level 1:colcon.colcon_core.package_identification:_identify(Library/Artifacts/22) by extensions ['ros']
[2.421s] Level 1:colcon.colcon_core.package_identification:_identify(Library/Artifacts/22) by extension 'ros'
[2.428s] Level 1:colcon.colcon_core.package_identification:_identify(Library/Artifacts/22) by extensions ['cmake', 'python']
[2.429s] Level 1:colcon.colcon_core.package_identification:_identify(Library/Artifacts/22) by extension 'cmake'
[2.432s] Level 1:colcon.colcon_core.package_identification:_identify(Library/Artifacts/22) by extension 'python'
[2.434s] Level 1:colcon.colcon_core.package_identification:_identify(Library/Artifacts/22) by extensions ['python_setup_py']
[2.435s] Level 1:colcon.colcon_core.package_identification:_identify(Library/Artifacts/22) by extension 'python_setup_py'
[2.445s] Level 1:colcon.colcon_core.package_identification:_identify(Library/Artifacts/23) by extensions ['ignore', 'ignore_ament_install']
[2.446s] Level 1:colcon.colcon_core.package_identification:_identify(Library/Artifacts/23) by extension 'ignore'
[2.450s] Level 1:colcon.colcon_core.package_identification:_identify(Library/Artifacts/23) by extension 'ignore_ament_install'
[2.455s] Level 1:colcon.colcon_core.package_identification:_identify(Library/Artifacts/23) by extensions ['colcon_pkg']
[2.456s] Level 1:colcon.colcon_core.package_identification:_identify(Library/Artifacts/23) by extension 'colcon_pkg'
[2.458s] Level 1:colcon.colcon_core.package_identification:_identify(Library/Artifacts/23) by extensions ['colcon_meta']
[2.459s] Level 1:colcon.colcon_core.package_identification:_identify(Library/Artifacts/23) by extension 'colcon_meta'
[2.466s] Level 1:colcon.colcon_core.package_identification:_identify(Library/Artifacts/23) by extensions ['ros']
[2.467s] Level 1:colcon.colcon_core.package_identification:_identify(Library/Artifacts/23) by extension 'ros'
[2.475s] Level 1:colcon.colcon_core.package_identification:_identify(Library/Artifacts/23) by extensions ['cmake', 'python']
[2.476s] Level 1:colcon.colcon_core.package_identification:_identify(Library/Artifacts/23) by extension 'cmake'
[2.478s] Level 1:colcon.colcon_core.package_identification:_identify(Library/Artifacts/23) by extension 'python'
[2.481s] Level 1:colcon.colcon_core.package_identification:_identify(Library/Artifacts/23) by extensions ['python_setup_py']
[2.482s] Level 1:colcon.colcon_core.package_identification:_identify(Library/Artifacts/23) by extension 'python_setup_py'
[2.491s] Level 1:colcon.colcon_core.package_identification:_identify(Library/Artifacts/24) by extensions ['ignore', 'ignore_ament_install']
[2.492s] Level 1:colcon.colcon_core.package_identification:_identify(Library/Artifacts/24) by extension 'ignore'
[2.494s] Level 1:colcon.colcon_core.package_identification:_identify(Library/Artifacts/24) by extension 'ignore_ament_install'
[2.498s] Level 1:colcon.colcon_core.package_identification:_identify(Library/Artifacts/24) by extensions ['colcon_pkg']
[2.499s] Level 1:colcon.colcon_core.package_identification:_identify(Library/Artifacts/24) by extension 'colcon_pkg'
[2.501s] Level 1:colcon.colcon_core.package_identification:_identify(Library/Artifacts/24) by extensions ['colcon_meta']
[2.502s] Level 1:colcon.colcon_core.package_identification:_identify(Library/Artifacts/24) by extension 'colcon_meta'
[2.507s] Level 1:colcon.colcon_core.package_identification:_identify(Library/Artifacts/24) by extensions ['ros']
[2.508s] Level 1:colcon.colcon_core.package_identification:_identify(Library/Artifacts/24) by extension 'ros'
[2.519s] Level 1:colcon.colcon_core.package_identification:_identify(Library/Artifacts/24) by extensions ['cmake', 'python']
[2.520s] Level 1:colcon.colcon_core.package_identification:_identify(Library/Artifacts/24) by extension 'cmake'
[2.522s] Level 1:colcon.colcon_core.package_identification:_identify(Library/Artifacts/24) by extension 'python'
[2.524s] Level 1:colcon.colcon_core.package_identification:_identify(Library/Artifacts/24) by extensions ['python_setup_py']
[2.525s] Level 1:colcon.colcon_core.package_identification:_identify(Library/Artifacts/24) by extension 'python_setup_py'
[2.537s] Level 1:colcon.colcon_core.package_identification:_identify(Library/Artifacts/25) by extensions ['ignore', 'ignore_ament_install']
[2.538s] Level 1:colcon.colcon_core.package_identification:_identify(Library/Artifacts/25) by extension 'ignore'
[2.541s] Level 1:colcon.colcon_core.package_identification:_identify(Library/Artifacts/25) by extension 'ignore_ament_install'
[2.545s] Level 1:colcon.colcon_core.package_identification:_identify(Library/Artifacts/25) by extensions ['colcon_pkg']
[2.546s] Level 1:colcon.colcon_core.package_identification:_identify(Library/Artifacts/25) by extension 'colcon_pkg'
[2.548s] Level 1:colcon.colcon_core.package_identification:_identify(Library/Artifacts/25) by extensions ['colcon_meta']
[2.548s] Level 1:colcon.colcon_core.package_identification:_identify(Library/Artifacts/25) by extension 'colcon_meta'
[2.552s] Level 1:colcon.colcon_core.package_identification:_identify(Library/Artifacts/25) by extensions ['ros']
[2.553s] Level 1:colcon.colcon_core.package_identification:_identify(Library/Artifacts/25) by extension 'ros'
[2.562s] Level 1:colcon.colcon_core.package_identification:_identify(Library/Artifacts/25) by extensions ['cmake', 'python']
[2.563s] Level 1:colcon.colcon_core.package_identification:_identify(Library/Artifacts/25) by extension 'cmake'
[2.565s] Level 1:colcon.colcon_core.package_identification:_identify(Library/Artifacts/25) by extension 'python'
[2.567s] Level 1:colcon.colcon_core.package_identification:_identify(Library/Artifacts/25) by extensions ['python_setup_py']
[2.568s] Level 1:colcon.colcon_core.package_identification:_identify(Library/Artifacts/25) by extension 'python_setup_py'
[2.577s] Level 1:colcon.colcon_core.package_identification:_identify(Library/Artifacts/26) by extensions ['ignore', 'ignore_ament_install']
[2.578s] Level 1:colcon.colcon_core.package_identification:_identify(Library/Artifacts/26) by extension 'ignore'
[2.580s] Level 1:colcon.colcon_core.package_identification:_identify(Library/Artifacts/26) by extension 'ignore_ament_install'
[2.586s] Level 1:colcon.colcon_core.package_identification:_identify(Library/Artifacts/26) by extensions ['colcon_pkg']
[2.587s] Level 1:colcon.colcon_core.package_identification:_identify(Library/Artifacts/26) by extension 'colcon_pkg'
[2.590s] Level 1:colcon.colcon_core.package_identification:_identify(Library/Artifacts/26) by extensions ['colcon_meta']
[2.591s] Level 1:colcon.colcon_core.package_identification:_identify(Library/Artifacts/26) by extension 'colcon_meta'
[2.595s] Level 1:colcon.colcon_core.package_identification:_identify(Library/Artifacts/26) by extensions ['ros']
[2.596s] Level 1:colcon.colcon_core.package_identification:_identify(Library/Artifacts/26) by extension 'ros'
[2.605s] Level 1:colcon.colcon_core.package_identification:_identify(Library/Artifacts/26) by extensions ['cmake', 'python']
[2.606s] Level 1:colcon.colcon_core.package_identification:_identify(Library/Artifacts/26) by extension 'cmake'
[2.609s] Level 1:colcon.colcon_core.package_identification:_identify(Library/Artifacts/26) by extension 'python'
[2.611s] Level 1:colcon.colcon_core.package_identification:_identify(Library/Artifacts/26) by extensions ['python_setup_py']
[2.612s] Level 1:colcon.colcon_core.package_identification:_identify(Library/Artifacts/26) by extension 'python_setup_py'
[2.621s] Level 1:colcon.colcon_core.package_identification:_identify(Library/Artifacts/27) by extensions ['ignore', 'ignore_ament_install']
[2.622s] Level 1:colcon.colcon_core.package_identification:_identify(Library/Artifacts/27) by extension 'ignore'
[2.624s] Level 1:colcon.colcon_core.package_identification:_identify(Library/Artifacts/27) by extension 'ignore_ament_install'
[2.628s] Level 1:colcon.colcon_core.package_identification:_identify(Library/Artifacts/27) by extensions ['colcon_pkg']
[2.629s] Level 1:colcon.colcon_core.package_identification:_identify(Library/Artifacts/27) by extension 'colcon_pkg'
[2.631s] Level 1:colcon.colcon_core.package_identification:_identify(Library/Artifacts/27) by extensions ['colcon_meta']
[2.632s] Level 1:colcon.colcon_core.package_identification:_identify(Library/Artifacts/27) by extension 'colcon_meta'
[2.637s] Level 1:colcon.colcon_core.package_identification:_identify(Library/Artifacts/27) by extensions ['ros']
[2.638s] Level 1:colcon.colcon_core.package_identification:_identify(Library/Artifacts/27) by extension 'ros'
[2.647s] Level 1:colcon.colcon_core.package_identification:_identify(Library/Artifacts/27) by extensions ['cmake', 'python']
[2.648s] Level 1:colcon.colcon_core.package_identification:_identify(Library/Artifacts/27) by extension 'cmake'
[2.650s] Level 1:colcon.colcon_core.package_identification:_identify(Library/Artifacts/27) by extension 'python'
[2.652s] Level 1:colcon.colcon_core.package_identification:_identify(Library/Artifacts/27) by extensions ['python_setup_py']
[2.653s] Level 1:colcon.colcon_core.package_identification:_identify(Library/Artifacts/27) by extension 'python_setup_py'
[2.661s] Level 1:colcon.colcon_core.package_identification:_identify(Library/Artifacts/28) by extensions ['ignore', 'ignore_ament_install']
[2.662s] Level 1:colcon.colcon_core.package_identification:_identify(Library/Artifacts/28) by extension 'ignore'
[2.665s] Level 1:colcon.colcon_core.package_identification:_identify(Library/Artifacts/28) by extension 'ignore_ament_install'
[2.669s] Level 1:colcon.colcon_core.package_identification:_identify(Library/Artifacts/28) by extensions ['colcon_pkg']
[2.670s] Level 1:colcon.colcon_core.package_identification:_identify(Library/Artifacts/28) by extension 'colcon_pkg'
[2.673s] Level 1:colcon.colcon_core.package_identification:_identify(Library/Artifacts/28) by extensions ['colcon_meta']
[2.673s] Level 1:colcon.colcon_core.package_identification:_identify(Library/Artifacts/28) by extension 'colcon_meta'
[2.678s] Level 1:colcon.colcon_core.package_identification:_identify(Library/Artifacts/28) by extensions ['ros']
[2.678s] Level 1:colcon.colcon_core.package_identification:_identify(Library/Artifacts/28) by extension 'ros'
[2.691s] Level 1:colcon.colcon_core.package_identification:_identify(Library/Artifacts/28) by extensions ['cmake', 'python']
[2.692s] Level 1:colcon.colcon_core.package_identification:_identify(Library/Artifacts/28) by extension 'cmake'
[2.695s] Level 1:colcon.colcon_core.package_identification:_identify(Library/Artifacts/28) by extension 'python'
[2.697s] Level 1:colcon.colcon_core.package_identification:_identify(Library/Artifacts/28) by extensions ['python_setup_py']
[2.698s] Level 1:colcon.colcon_core.package_identification:_identify(Library/Artifacts/28) by extension 'python_setup_py'
[2.706s] Level 1:colcon.colcon_core.package_identification:_identify(Library/Artifacts/29) by extensions ['ignore', 'ignore_ament_install']
[2.707s] Level 1:colcon.colcon_core.package_identification:_identify(Library/Artifacts/29) by extension 'ignore'
[2.710s] Level 1:colcon.colcon_core.package_identification:_identify(Library/Artifacts/29) by extension 'ignore_ament_install'
[2.714s] Level 1:colcon.colcon_core.package_identification:_identify(Library/Artifacts/29) by extensions ['colcon_pkg']
[2.714s] Level 1:colcon.colcon_core.package_identification:_identify(Library/Artifacts/29) by extension 'colcon_pkg'
[2.718s] Level 1:colcon.colcon_core.package_identification:_identify(Library/Artifacts/29) by extensions ['colcon_meta']
[2.719s] Level 1:colcon.colcon_core.package_identification:_identify(Library/Artifacts/29) by extension 'colcon_meta'
[2.726s] Level 1:colcon.colcon_core.package_identification:_identify(Library/Artifacts/29) by extensions ['ros']
[2.727s] Level 1:colcon.colcon_core.package_identification:_identify(Library/Artifacts/29) by extension 'ros'
[2.735s] Level 1:colcon.colcon_core.package_identification:_identify(Library/Artifacts/29) by extensions ['cmake', 'python']
[2.736s] Level 1:colcon.colcon_core.package_identification:_identify(Library/Artifacts/29) by extension 'cmake'
[2.738s] Level 1:colcon.colcon_core.package_identification:_identify(Library/Artifacts/29) by extension 'python'
[2.740s] Level 1:colcon.colcon_core.package_identification:_identify(Library/Artifacts/29) by extensions ['python_setup_py']
[2.741s] Level 1:colcon.colcon_core.package_identification:_identify(Library/Artifacts/29) by extension 'python_setup_py'
[2.750s] Level 1:colcon.colcon_core.package_identification:_identify(Library/Artifacts/2a) by extensions ['ignore', 'ignore_ament_install']
[2.751s] Level 1:colcon.colcon_core.package_identification:_identify(Library/Artifacts/2a) by extension 'ignore'
[2.754s] Level 1:colcon.colcon_core.package_identification:_identify(Library/Artifacts/2a) by extension 'ignore_ament_install'
[2.759s] Level 1:colcon.colcon_core.package_identification:_identify(Library/Artifacts/2a) by extensions ['colcon_pkg']
[2.760s] Level 1:colcon.colcon_core.package_identification:_identify(Library/Artifacts/2a) by extension 'colcon_pkg'
[2.762s] Level 1:colcon.colcon_core.package_identification:_identify(Library/Artifacts/2a) by extensions ['colcon_meta']
[2.763s] Level 1:colcon.colcon_core.package_identification:_identify(Library/Artifacts/2a) by extension 'colcon_meta'
[2.767s] Level 1:colcon.colcon_core.package_identification:_identify(Library/Artifacts/2a) by extensions ['ros']
[2.768s] Level 1:colcon.colcon_core.package_identification:_identify(Library/Artifacts/2a) by extension 'ros'
[2.777s] Level 1:colcon.colcon_core.package_identification:_identify(Library/Artifacts/2a) by extensions ['cmake', 'python']
[2.778s] Level 1:colcon.colcon_core.package_identification:_identify(Library/Artifacts/2a) by extension 'cmake'
[2.780s] Level 1:colcon.colcon_core.package_identification:_identify(Library/Artifacts/2a) by extension 'python'
[2.783s] Level 1:colcon.colcon_core.package_identification:_identify(Library/Artifacts/2a) by extensions ['python_setup_py']
[2.784s] Level 1:colcon.colcon_core.package_identification:_identify(Library/Artifacts/2a) by extension 'python_setup_py'
[2.795s] Level 1:colcon.colcon_core.package_identification:_identify(Library/Artifacts/2b) by extensions ['ignore', 'ignore_ament_install']
[2.796s] Level 1:colcon.colcon_core.package_identification:_identify(Library/Artifacts/2b) by extension 'ignore'
[2.799s] Level 1:colcon.colcon_core.package_identification:_identify(Library/Artifacts/2b) by extension 'ignore_ament_install'
[2.803s] Level 1:colcon.colcon_core.package_identification:_identify(Library/Artifacts/2b) by extensions ['colcon_pkg']
[2.804s] Level 1:colcon.colcon_core.package_identification:_identify(Library/Artifacts/2b) by extension 'colcon_pkg'
[2.807s] Level 1:colcon.colcon_core.package_identification:_identify(Library/Artifacts/2b) by extensions ['colcon_meta']
[2.807s] Level 1:colcon.colcon_core.package_identification:_identify(Library/Artifacts/2b) by extension 'colcon_meta'
[2.812s] Level 1:colcon.colcon_core.package_identification:_identify(Library/Artifacts/2b) by extensions ['ros']
[2.813s] Level 1:colcon.colcon_core.package_identification:_identify(Library/Artifacts/2b) by extension 'ros'
[2.823s] Level 1:colcon.colcon_core.package_identification:_identify(Library/Artifacts/2b) by extensions ['cmake', 'python']
[2.824s] Level 1:colcon.colcon_core.package_identification:_identify(Library/Artifacts/2b) by extension 'cmake'
[2.827s] Level 1:colcon.colcon_core.package_identification:_identify(Library/Artifacts/2b) by extension 'python'
[2.830s] Level 1:colcon.colcon_core.package_identification:_identify(Library/Artifacts/2b) by extensions ['python_setup_py']
[2.831s] Level 1:colcon.colcon_core.package_identification:_identify(Library/Artifacts/2b) by extension 'python_setup_py'
[2.841s] Level 1:colcon.colcon_core.package_identification:_identify(Library/Artifacts/2c) by extensions ['ignore', 'ignore_ament_install']
[2.842s] Level 1:colcon.colcon_core.package_identification:_identify(Library/Artifacts/2c) by extension 'ignore'
[2.846s] Level 1:colcon.colcon_core.package_identification:_identify(Library/Artifacts/2c) by extension 'ignore_ament_install'
[2.850s] Level 1:colcon.colcon_core.package_identification:_identify(Library/Artifacts/2c) by extensions ['colcon_pkg']
[2.850s] Level 1:colcon.colcon_core.package_identification:_identify(Library/Artifacts/2c) by extension 'colcon_pkg'
[2.853s] Level 1:colcon.colcon_core.package_identification:_identify(Library/Artifacts/2c) by extensions ['colcon_meta']
[2.854s] Level 1:colcon.colcon_core.package_identification:_identify(Library/Artifacts/2c) by extension 'colcon_meta'
[2.858s] Level 1:colcon.colcon_core.package_identification:_identify(Library/Artifacts/2c) by extensions ['ros']
[2.859s] Level 1:colcon.colcon_core.package_identification:_identify(Library/Artifacts/2c) by extension 'ros'
[2.867s] Level 1:colcon.colcon_core.package_identification:_identify(Library/Artifacts/2c) by extensions ['cmake', 'python']
[2.868s] Level 1:colcon.colcon_core.package_identification:_identify(Library/Artifacts/2c) by extension 'cmake'
[2.870s] Level 1:colcon.colcon_core.package_identification:_identify(Library/Artifacts/2c) by extension 'python'
[2.873s] Level 1:colcon.colcon_core.package_identification:_identify(Library/Artifacts/2c) by extensions ['python_setup_py']
[2.874s] Level 1:colcon.colcon_core.package_identification:_identify(Library/Artifacts/2c) by extension 'python_setup_py'
[2.886s] Level 1:colcon.colcon_core.package_identification:_identify(Library/Artifacts/2d) by extensions ['ignore', 'ignore_ament_install']
[2.887s] Level 1:colcon.colcon_core.package_identification:_identify(Library/Artifacts/2d) by extension 'ignore'
[2.889s] Level 1:colcon.colcon_core.package_identification:_identify(Library/Artifacts/2d) by extension 'ignore_ament_install'
[2.894s] Level 1:colcon.colcon_core.package_identification:_identify(Library/Artifacts/2d) by extensions ['colcon_pkg']
[2.895s] Level 1:colcon.colcon_core.package_identification:_identify(Library/Artifacts/2d) by extension 'colcon_pkg'
[2.898s] Level 1:colcon.colcon_core.package_identification:_identify(Library/Artifacts/2d) by extensions ['colcon_meta']
[2.898s] Level 1:colcon.colcon_core.package_identification:_identify(Library/Artifacts/2d) by extension 'colcon_meta'
[2.903s] Level 1:colcon.colcon_core.package_identification:_identify(Library/Artifacts/2d) by extensions ['ros']
[2.904s] Level 1:colcon.colcon_core.package_identification:_identify(Library/Artifacts/2d) by extension 'ros'
[2.910s] Level 1:colcon.colcon_core.package_identification:_identify(Library/Artifacts/2d) by extensions ['cmake', 'python']
[2.911s] Level 1:colcon.colcon_core.package_identification:_identify(Library/Artifacts/2d) by extension 'cmake'
[2.914s] Level 1:colcon.colcon_core.package_identification:_identify(Library/Artifacts/2d) by extension 'python'
[2.916s] Level 1:colcon.colcon_core.package_identification:_identify(Library/Artifacts/2d) by extensions ['python_setup_py']
[2.917s] Level 1:colcon.colcon_core.package_identification:_identify(Library/Artifacts/2d) by extension 'python_setup_py'
[2.926s] Level 1:colcon.colcon_core.package_identification:_identify(Library/Artifacts/2e) by extensions ['ignore', 'ignore_ament_install']
[2.926s] Level 1:colcon.colcon_core.package_identification:_identify(Library/Artifacts/2e) by extension 'ignore'
[2.930s] Level 1:colcon.colcon_core.package_identification:_identify(Library/Artifacts/2e) by extension 'ignore_ament_install'
[2.935s] Level 1:colcon.colcon_core.package_identification:_identify(Library/Artifacts/2e) by extensions ['colcon_pkg']
[2.935s] Level 1:colcon.colcon_core.package_identification:_identify(Library/Artifacts/2e) by extension 'colcon_pkg'
[2.939s] Level 1:colcon.colcon_core.package_identification:_identify(Library/Artifacts/2e) by extensions ['colcon_meta']
[2.939s] Level 1:colcon.colcon_core.package_identification:_identify(Library/Artifacts/2e) by extension 'colcon_meta'
[2.945s] Level 1:colcon.colcon_core.package_identification:_identify(Library/Artifacts/2e) by extensions ['ros']
[2.946s] Level 1:colcon.colcon_core.package_identification:_identify(Library/Artifacts/2e) by extension 'ros'
[2.954s] Level 1:colcon.colcon_core.package_identification:_identify(Library/Artifacts/2e) by extensions ['cmake', 'python']
[2.955s] Level 1:colcon.colcon_core.package_identification:_identify(Library/Artifacts/2e) by extension 'cmake'
[2.957s] Level 1:colcon.colcon_core.package_identification:_identify(Library/Artifacts/2e) by extension 'python'
[2.961s] Level 1:colcon.colcon_core.package_identification:_identify(Library/Artifacts/2e) by extensions ['python_setup_py']
[2.961s] Level 1:colcon.colcon_core.package_identification:_identify(Library/Artifacts/2e) by extension 'python_setup_py'
[2.970s] Level 1:colcon.colcon_core.package_identification:_identify(Library/Artifacts/2f) by extensions ['ignore', 'ignore_ament_install']
[2.971s] Level 1:colcon.colcon_core.package_identification:_identify(Library/Artifacts/2f) by extension 'ignore'
[2.973s] Level 1:colcon.colcon_core.package_identification:_identify(Library/Artifacts/2f) by extension 'ignore_ament_install'
[2.977s] Level 1:colcon.colcon_core.package_identification:_identify(Library/Artifacts/2f) by extensions ['colcon_pkg']
[2.978s] Level 1:colcon.colcon_core.package_identification:_identify(Library/Artifacts/2f) by extension 'colcon_pkg'
[2.980s] Level 1:colcon.colcon_core.package_identification:_identify(Library/Artifacts/2f) by extensions ['colcon_meta']
[2.981s] Level 1:colcon.colcon_core.package_identification:_identify(Library/Artifacts/2f) by extension 'colcon_meta'
[2.985s] Level 1:colcon.colcon_core.package_identification:_identify(Library/Artifacts/2f) by extensions ['ros']
[2.986s] Level 1:colcon.colcon_core.package_identification:_identify(Library/Artifacts/2f) by extension 'ros'
[2.995s] Level 1:colcon.colcon_core.package_identification:_identify(Library/Artifacts/2f) by extensions ['cmake', 'python']
[2.995s] Level 1:colcon.colcon_core.package_identification:_identify(Library/Artifacts/2f) by extension 'cmake'
[2.998s] Level 1:colcon.colcon_core.package_identification:_identify(Library/Artifacts/2f) by extension 'python'
[3.000s] Level 1:colcon.colcon_core.package_identification:_identify(Library/Artifacts/2f) by extensions ['python_setup_py']
[3.001s] Level 1:colcon.colcon_core.package_identification:_identify(Library/Artifacts/2f) by extension 'python_setup_py'
[3.010s] Level 1:colcon.colcon_core.package_identification:_identify(Library/Artifacts/30) by extensions ['ignore', 'ignore_ament_install']
[3.011s] Level 1:colcon.colcon_core.package_identification:_identify(Library/Artifacts/30) by extension 'ignore'
[3.014s] Level 1:colcon.colcon_core.package_identification:_identify(Library/Artifacts/30) by extension 'ignore_ament_install'
[3.019s] Level 1:colcon.colcon_core.package_identification:_identify(Library/Artifacts/30) by extensions ['colcon_pkg']
[3.020s] Level 1:colcon.colcon_core.package_identification:_identify(Library/Artifacts/30) by extension 'colcon_pkg'
[3.022s] Level 1:colcon.colcon_core.package_identification:_identify(Library/Artifacts/30) by extensions ['colcon_meta']
[3.023s] Level 1:colcon.colcon_core.package_identification:_identify(Library/Artifacts/30) by extension 'colcon_meta'
[3.027s] Level 1:colcon.colcon_core.package_identification:_identify(Library/Artifacts/30) by extensions ['ros']
[3.027s] Level 1:colcon.colcon_core.package_identification:_identify(Library/Artifacts/30) by extension 'ros'
[3.037s] Level 1:colcon.colcon_core.package_identification:_identify(Library/Artifacts/30) by extensions ['cmake', 'python']
[3.038s] Level 1:colcon.colcon_core.package_identification:_identify(Library/Artifacts/30) by extension 'cmake'
[3.040s] Level 1:colcon.colcon_core.package_identification:_identify(Library/Artifacts/30) by extension 'python'
[3.042s] Level 1:colcon.colcon_core.package_identification:_identify(Library/Artifacts/30) by extensions ['python_setup_py']
[3.043s] Level 1:colcon.colcon_core.package_identification:_identify(Library/Artifacts/30) by extension 'python_setup_py'
[3.056s] Level 1:colcon.colcon_core.package_identification:_identify(Library/Artifacts/31) by extensions ['ignore', 'ignore_ament_install']
[3.057s] Level 1:colcon.colcon_core.package_identification:_identify(Library/Artifacts/31) by extension 'ignore'
[3.059s] Level 1:colcon.colcon_core.package_identification:_identify(Library/Artifacts/31) by extension 'ignore_ament_install'
[3.063s] Level 1:colcon.colcon_core.package_identification:_identify(Library/Artifacts/31) by extensions ['colcon_pkg']
[3.063s] Level 1:colcon.colcon_core.package_identification:_identify(Library/Artifacts/31) by extension 'colcon_pkg'
[3.065s] Level 1:colcon.colcon_core.package_identification:_identify(Library/Artifacts/31) by extensions ['colcon_meta']
[3.066s] Level 1:colcon.colcon_core.package_identification:_identify(Library/Artifacts/31) by extension 'colcon_meta'
[3.070s] Level 1:colcon.colcon_core.package_identification:_identify(Library/Artifacts/31) by extensions ['ros']
[3.071s] Level 1:colcon.colcon_core.package_identification:_identify(Library/Artifacts/31) by extension 'ros'
[3.079s] Level 1:colcon.colcon_core.package_identification:_identify(Library/Artifacts/31) by extensions ['cmake', 'python']
[3.080s] Level 1:colcon.colcon_core.package_identification:_identify(Library/Artifacts/31) by extension 'cmake'
[3.083s] Level 1:colcon.colcon_core.package_identification:_identify(Library/Artifacts/31) by extension 'python'
[3.086s] Level 1:colcon.colcon_core.package_identification:_identify(Library/Artifacts/31) by extensions ['python_setup_py']
[3.086s] Level 1:colcon.colcon_core.package_identification:_identify(Library/Artifacts/31) by extension 'python_setup_py'
[3.096s] Level 1:colcon.colcon_core.package_identification:_identify(Library/Artifacts/32) by extensions ['ignore', 'ignore_ament_install']
[3.097s] Level 1:colcon.colcon_core.package_identification:_identify(Library/Artifacts/32) by extension 'ignore'
[3.099s] Level 1:colcon.colcon_core.package_identification:_identify(Library/Artifacts/32) by extension 'ignore_ament_install'
[3.103s] Level 1:colcon.colcon_core.package_identification:_identify(Library/Artifacts/32) by extensions ['colcon_pkg']
[3.104s] Level 1:colcon.colcon_core.package_identification:_identify(Library/Artifacts/32) by extension 'colcon_pkg'
[3.107s] Level 1:colcon.colcon_core.package_identification:_identify(Library/Artifacts/32) by extensions ['colcon_meta']
[3.107s] Level 1:colcon.colcon_core.package_identification:_identify(Library/Artifacts/32) by extension 'colcon_meta'
[3.111s] Level 1:colcon.colcon_core.package_identification:_identify(Library/Artifacts/32) by extensions ['ros']
[3.112s] Level 1:colcon.colcon_core.package_identification:_identify(Library/Artifacts/32) by extension 'ros'
[3.121s] Level 1:colcon.colcon_core.package_identification:_identify(Library/Artifacts/32) by extensions ['cmake', 'python']
[3.122s] Level 1:colcon.colcon_core.package_identification:_identify(Library/Artifacts/32) by extension 'cmake'
[3.124s] Level 1:colcon.colcon_core.package_identification:_identify(Library/Artifacts/32) by extension 'python'
[3.127s] Level 1:colcon.colcon_core.package_identification:_identify(Library/Artifacts/32) by extensions ['python_setup_py']
[3.127s] Level 1:colcon.colcon_core.package_identification:_identify(Library/Artifacts/32) by extension 'python_setup_py'
[3.135s] Level 1:colcon.colcon_core.package_identification:_identify(Library/Artifacts/33) by extensions ['ignore', 'ignore_ament_install']
[3.135s] Level 1:colcon.colcon_core.package_identification:_identify(Library/Artifacts/33) by extension 'ignore'
[3.138s] Level 1:colcon.colcon_core.package_identification:_identify(Library/Artifacts/33) by extension 'ignore_ament_install'
[3.142s] Level 1:colcon.colcon_core.package_identification:_identify(Library/Artifacts/33) by extensions ['colcon_pkg']
[3.143s] Level 1:colcon.colcon_core.package_identification:_identify(Library/Artifacts/33) by extension 'colcon_pkg'
[3.145s] Level 1:colcon.colcon_core.package_identification:_identify(Library/Artifacts/33) by extensions ['colcon_meta']
[3.146s] Level 1:colcon.colcon_core.package_identification:_identify(Library/Artifacts/33) by extension 'colcon_meta'
[3.150s] Level 1:colcon.colcon_core.package_identification:_identify(Library/Artifacts/33) by extensions ['ros']
[3.151s] Level 1:colcon.colcon_core.package_identification:_identify(Library/Artifacts/33) by extension 'ros'
[3.157s] Level 1:colcon.colcon_core.package_identification:_identify(Library/Artifacts/33) by extensions ['cmake', 'python']
[3.157s] Level 1:colcon.colcon_core.package_identification:_identify(Library/Artifacts/33) by extension 'cmake'
[3.159s] Level 1:colcon.colcon_core.package_identification:_identify(Library/Artifacts/33) by extension 'python'
[3.161s] Level 1:colcon.colcon_core.package_identification:_identify(Library/Artifacts/33) by extensions ['python_setup_py']
[3.161s] Level 1:colcon.colcon_core.package_identification:_identify(Library/Artifacts/33) by extension 'python_setup_py'
[3.170s] Level 1:colcon.colcon_core.package_identification:_identify(Library/Artifacts/34) by extensions ['ignore', 'ignore_ament_install']
[3.171s] Level 1:colcon.colcon_core.package_identification:_identify(Library/Artifacts/34) by extension 'ignore'
[3.173s] Level 1:colcon.colcon_core.package_identification:_identify(Library/Artifacts/34) by extension 'ignore_ament_install'
[3.177s] Level 1:colcon.colcon_core.package_identification:_identify(Library/Artifacts/34) by extensions ['colcon_pkg']
[3.178s] Level 1:colcon.colcon_core.package_identification:_identify(Library/Artifacts/34) by extension 'colcon_pkg'
[3.180s] Level 1:colcon.colcon_core.package_identification:_identify(Library/Artifacts/34) by extensions ['colcon_meta']
[3.181s] Level 1:colcon.colcon_core.package_identification:_identify(Library/Artifacts/34) by extension 'colcon_meta'
[3.185s] Level 1:colcon.colcon_core.package_identification:_identify(Library/Artifacts/34) by extensions ['ros']
[3.186s] Level 1:colcon.colcon_core.package_identification:_identify(Library/Artifacts/34) by extension 'ros'
[3.197s] Level 1:colcon.colcon_core.package_identification:_identify(Library/Artifacts/34) by extensions ['cmake', 'python']
[3.198s] Level 1:colcon.colcon_core.package_identification:_identify(Library/Artifacts/34) by extension 'cmake'
[3.201s] Level 1:colcon.colcon_core.package_identification:_identify(Library/Artifacts/34) by extension 'python'
[3.203s] Level 1:colcon.colcon_core.package_identification:_identify(Library/Artifacts/34) by extensions ['python_setup_py']
[3.204s] Level 1:colcon.colcon_core.package_identification:_identify(Library/Artifacts/34) by extension 'python_setup_py'
[3.212s] Level 1:colcon.colcon_core.package_identification:_identify(Library/Artifacts/35) by extensions ['ignore', 'ignore_ament_install']
[3.212s] Level 1:colcon.colcon_core.package_identification:_identify(Library/Artifacts/35) by extension 'ignore'
[3.216s] Level 1:colcon.colcon_core.package_identification:_identify(Library/Artifacts/35) by extension 'ignore_ament_install'
[3.220s] Level 1:colcon.colcon_core.package_identification:_identify(Library/Artifacts/35) by extensions ['colcon_pkg']
[3.221s] Level 1:colcon.colcon_core.package_identification:_identify(Library/Artifacts/35) by extension 'colcon_pkg'
[3.223s] Level 1:colcon.colcon_core.package_identification:_identify(Library/Artifacts/35) by extensions ['colcon_meta']
[3.223s] Level 1:colcon.colcon_core.package_identification:_identify(Library/Artifacts/35) by extension 'colcon_meta'
[3.229s] Level 1:colcon.colcon_core.package_identification:_identify(Library/Artifacts/35) by extensions ['ros']
[3.230s] Level 1:colcon.colcon_core.package_identification:_identify(Library/Artifacts/35) by extension 'ros'
[3.239s] Level 1:colcon.colcon_core.package_identification:_identify(Library/Artifacts/35) by extensions ['cmake', 'python']
[3.240s] Level 1:colcon.colcon_core.package_identification:_identify(Library/Artifacts/35) by extension 'cmake'
[3.242s] Level 1:colcon.colcon_core.package_identification:_identify(Library/Artifacts/35) by extension 'python'
[3.245s] Level 1:colcon.colcon_core.package_identification:_identify(Library/Artifacts/35) by extensions ['python_setup_py']
[3.245s] Level 1:colcon.colcon_core.package_identification:_identify(Library/Artifacts/35) by extension 'python_setup_py'
[3.254s] Level 1:colcon.colcon_core.package_identification:_identify(Library/Artifacts/36) by extensions ['ignore', 'ignore_ament_install']
[3.255s] Level 1:colcon.colcon_core.package_identification:_identify(Library/Artifacts/36) by extension 'ignore'
[3.258s] Level 1:colcon.colcon_core.package_identification:_identify(Library/Artifacts/36) by extension 'ignore_ament_install'
[3.262s] Level 1:colcon.colcon_core.package_identification:_identify(Library/Artifacts/36) by extensions ['colcon_pkg']
[3.263s] Level 1:colcon.colcon_core.package_identification:_identify(Library/Artifacts/36) by extension 'colcon_pkg'
[3.266s] Level 1:colcon.colcon_core.package_identification:_identify(Library/Artifacts/36) by extensions ['colcon_meta']
[3.267s] Level 1:colcon.colcon_core.package_identification:_identify(Library/Artifacts/36) by extension 'colcon_meta'
[3.272s] Level 1:colcon.colcon_core.package_identification:_identify(Library/Artifacts/36) by extensions ['ros']
[3.272s] Level 1:colcon.colcon_core.package_identification:_identify(Library/Artifacts/36) by extension 'ros'
[3.282s] Level 1:colcon.colcon_core.package_identification:_identify(Library/Artifacts/36) by extensions ['cmake', 'python']
[3.283s] Level 1:colcon.colcon_core.package_identification:_identify(Library/Artifacts/36) by extension 'cmake'
[3.285s] Level 1:colcon.colcon_core.package_identification:_identify(Library/Artifacts/36) by extension 'python'
[3.287s] Level 1:colcon.colcon_core.package_identification:_identify(Library/Artifacts/36) by extensions ['python_setup_py']
[3.287s] Level 1:colcon.colcon_core.package_identification:_identify(Library/Artifacts/36) by extension 'python_setup_py'
[3.297s] Level 1:colcon.colcon_core.package_identification:_identify(Library/Artifacts/37) by extensions ['ignore', 'ignore_ament_install']
[3.298s] Level 1:colcon.colcon_core.package_identification:_identify(Library/Artifacts/37) by extension 'ignore'
[3.301s] Level 1:colcon.colcon_core.package_identification:_identify(Library/Artifacts/37) by extension 'ignore_ament_install'
[3.305s] Level 1:colcon.colcon_core.package_identification:_identify(Library/Artifacts/37) by extensions ['colcon_pkg']
[3.306s] Level 1:colcon.colcon_core.package_identification:_identify(Library/Artifacts/37) by extension 'colcon_pkg'
[3.310s] Level 1:colcon.colcon_core.package_identification:_identify(Library/Artifacts/37) by extensions ['colcon_meta']
[3.311s] Level 1:colcon.colcon_core.package_identification:_identify(Library/Artifacts/37) by extension 'colcon_meta'
[3.317s] Level 1:colcon.colcon_core.package_identification:_identify(Library/Artifacts/37) by extensions ['ros']
[3.318s] Level 1:colcon.colcon_core.package_identification:_identify(Library/Artifacts/37) by extension 'ros'
[3.329s] Level 1:colcon.colcon_core.package_identification:_identify(Library/Artifacts/37) by extensions ['cmake', 'python']
[3.330s] Level 1:colcon.colcon_core.package_identification:_identify(Library/Artifacts/37) by extension 'cmake'
[3.332s] Level 1:colcon.colcon_core.package_identification:_identify(Library/Artifacts/37) by extension 'python'
[3.334s] Level 1:colcon.colcon_core.package_identification:_identify(Library/Artifacts/37) by extensions ['python_setup_py']
[3.335s] Level 1:colcon.colcon_core.package_identification:_identify(Library/Artifacts/37) by extension 'python_setup_py'
[3.344s] Level 1:colcon.colcon_core.package_identification:_identify(Library/Artifacts/38) by extensions ['ignore', 'ignore_ament_install']
[3.345s] Level 1:colcon.colcon_core.package_identification:_identify(Library/Artifacts/38) by extension 'ignore'
[3.346s] Level 1:colcon.colcon_core.package_identification:_identify(Library/Artifacts/38) by extension 'ignore_ament_install'
[3.350s] Level 1:colcon.colcon_core.package_identification:_identify(Library/Artifacts/38) by extensions ['colcon_pkg']
[3.351s] Level 1:colcon.colcon_core.package_identification:_identify(Library/Artifacts/38) by extension 'colcon_pkg'
[3.353s] Level 1:colcon.colcon_core.package_identification:_identify(Library/Artifacts/38) by extensions ['colcon_meta']
[3.353s] Level 1:colcon.colcon_core.package_identification:_identify(Library/Artifacts/38) by extension 'colcon_meta'
[3.356s] Level 1:colcon.colcon_core.package_identification:_identify(Library/Artifacts/38) by extensions ['ros']
[3.357s] Level 1:colcon.colcon_core.package_identification:_identify(Library/Artifacts/38) by extension 'ros'
[3.366s] Level 1:colcon.colcon_core.package_identification:_identify(Library/Artifacts/38) by extensions ['cmake', 'python']
[3.367s] Level 1:colcon.colcon_core.package_identification:_identify(Library/Artifacts/38) by extension 'cmake'
[3.370s] Level 1:colcon.colcon_core.package_identification:_identify(Library/Artifacts/38) by extension 'python'
[3.373s] Level 1:colcon.colcon_core.package_identification:_identify(Library/Artifacts/38) by extensions ['python_setup_py']
[3.373s] Level 1:colcon.colcon_core.package_identification:_identify(Library/Artifacts/38) by extension 'python_setup_py'
[3.384s] Level 1:colcon.colcon_core.package_identification:_identify(Library/Artifacts/39) by extensions ['ignore', 'ignore_ament_install']
[3.385s] Level 1:colcon.colcon_core.package_identification:_identify(Library/Artifacts/39) by extension 'ignore'
[3.387s] Level 1:colcon.colcon_core.package_identification:_identify(Library/Artifacts/39) by extension 'ignore_ament_install'
[3.393s] Level 1:colcon.colcon_core.package_identification:_identify(Library/Artifacts/39) by extensions ['colcon_pkg']
[3.393s] Level 1:colcon.colcon_core.package_identification:_identify(Library/Artifacts/39) by extension 'colcon_pkg'
[3.395s] Level 1:colcon.colcon_core.package_identification:_identify(Library/Artifacts/39) by extensions ['colcon_meta']
[3.396s] Level 1:colcon.colcon_core.package_identification:_identify(Library/Artifacts/39) by extension 'colcon_meta'
[3.401s] Level 1:colcon.colcon_core.package_identification:_identify(Library/Artifacts/39) by extensions ['ros']
[3.401s] Level 1:colcon.colcon_core.package_identification:_identify(Library/Artifacts/39) by extension 'ros'
[3.410s] Level 1:colcon.colcon_core.package_identification:_identify(Library/Artifacts/39) by extensions ['cmake', 'python']
[3.411s] Level 1:colcon.colcon_core.package_identification:_identify(Library/Artifacts/39) by extension 'cmake'
[3.413s] Level 1:colcon.colcon_core.package_identification:_identify(Library/Artifacts/39) by extension 'python'
[3.416s] Level 1:colcon.colcon_core.package_identification:_identify(Library/Artifacts/39) by extensions ['python_setup_py']
[3.416s] Level 1:colcon.colcon_core.package_identification:_identify(Library/Artifacts/39) by extension 'python_setup_py'
[3.426s] Level 1:colcon.colcon_core.package_identification:_identify(Library/Artifacts/3a) by extensions ['ignore', 'ignore_ament_install']
[3.426s] Level 1:colcon.colcon_core.package_identification:_identify(Library/Artifacts/3a) by extension 'ignore'
[3.429s] Level 1:colcon.colcon_core.package_identification:_identify(Library/Artifacts/3a) by extension 'ignore_ament_install'
[3.432s] Level 1:colcon.colcon_core.package_identification:_identify(Library/Artifacts/3a) by extensions ['colcon_pkg']
[3.433s] Level 1:colcon.colcon_core.package_identification:_identify(Library/Artifacts/3a) by extension 'colcon_pkg'
[3.435s] Level 1:colcon.colcon_core.package_identification:_identify(Library/Artifacts/3a) by extensions ['colcon_meta']
[3.436s] Level 1:colcon.colcon_core.package_identification:_identify(Library/Artifacts/3a) by extension 'colcon_meta'
[3.440s] Level 1:colcon.colcon_core.package_identification:_identify(Library/Artifacts/3a) by extensions ['ros']
[3.440s] Level 1:colcon.colcon_core.package_identification:_identify(Library/Artifacts/3a) by extension 'ros'
[3.449s] Level 1:colcon.colcon_core.package_identification:_identify(Library/Artifacts/3a) by extensions ['cmake', 'python']
[3.449s] Level 1:colcon.colcon_core.package_identification:_identify(Library/Artifacts/3a) by extension 'cmake'
[3.451s] Level 1:colcon.colcon_core.package_identification:_identify(Library/Artifacts/3a) by extension 'python'
[3.454s] Level 1:colcon.colcon_core.package_identification:_identify(Library/Artifacts/3a) by extensions ['python_setup_py']
[3.454s] Level 1:colcon.colcon_core.package_identification:_identify(Library/Artifacts/3a) by extension 'python_setup_py'
[3.463s] Level 1:colcon.colcon_core.package_identification:_identify(Library/Artifacts/3b) by extensions ['ignore', 'ignore_ament_install']
[3.464s] Level 1:colcon.colcon_core.package_identification:_identify(Library/Artifacts/3b) by extension 'ignore'
[3.466s] Level 1:colcon.colcon_core.package_identification:_identify(Library/Artifacts/3b) by extension 'ignore_ament_install'
[3.470s] Level 1:colcon.colcon_core.package_identification:_identify(Library/Artifacts/3b) by extensions ['colcon_pkg']
[3.471s] Level 1:colcon.colcon_core.package_identification:_identify(Library/Artifacts/3b) by extension 'colcon_pkg'
[3.472s] Level 1:colcon.colcon_core.package_identification:_identify(Library/Artifacts/3b) by extensions ['colcon_meta']
[3.472s] Level 1:colcon.colcon_core.package_identification:_identify(Library/Artifacts/3b) by extension 'colcon_meta'
[3.476s] Level 1:colcon.colcon_core.package_identification:_identify(Library/Artifacts/3b) by extensions ['ros']
[3.477s] Level 1:colcon.colcon_core.package_identification:_identify(Library/Artifacts/3b) by extension 'ros'
[3.483s] Level 1:colcon.colcon_core.package_identification:_identify(Library/Artifacts/3b) by extensions ['cmake', 'python']
[3.484s] Level 1:colcon.colcon_core.package_identification:_identify(Library/Artifacts/3b) by extension 'cmake'
[3.486s] Level 1:colcon.colcon_core.package_identification:_identify(Library/Artifacts/3b) by extension 'python'
[3.489s] Level 1:colcon.colcon_core.package_identification:_identify(Library/Artifacts/3b) by extensions ['python_setup_py']
[3.489s] Level 1:colcon.colcon_core.package_identification:_identify(Library/Artifacts/3b) by extension 'python_setup_py'
[3.498s] Level 1:colcon.colcon_core.package_identification:_identify(Library/Artifacts/3c) by extensions ['ignore', 'ignore_ament_install']
[3.498s] Level 1:colcon.colcon_core.package_identification:_identify(Library/Artifacts/3c) by extension 'ignore'
[3.501s] Level 1:colcon.colcon_core.package_identification:_identify(Library/Artifacts/3c) by extension 'ignore_ament_install'
[3.505s] Level 1:colcon.colcon_core.package_identification:_identify(Library/Artifacts/3c) by extensions ['colcon_pkg']
[3.506s] Level 1:colcon.colcon_core.package_identification:_identify(Library/Artifacts/3c) by extension 'colcon_pkg'
[3.508s] Level 1:colcon.colcon_core.package_identification:_identify(Library/Artifacts/3c) by extensions ['colcon_meta']
[3.509s] Level 1:colcon.colcon_core.package_identification:_identify(Library/Artifacts/3c) by extension 'colcon_meta'
[3.513s] Level 1:colcon.colcon_core.package_identification:_identify(Library/Artifacts/3c) by extensions ['ros']
[3.514s] Level 1:colcon.colcon_core.package_identification:_identify(Library/Artifacts/3c) by extension 'ros'
[3.523s] Level 1:colcon.colcon_core.package_identification:_identify(Library/Artifacts/3c) by extensions ['cmake', 'python']
[3.524s] Level 1:colcon.colcon_core.package_identification:_identify(Library/Artifacts/3c) by extension 'cmake'
[3.526s] Level 1:colcon.colcon_core.package_identification:_identify(Library/Artifacts/3c) by extension 'python'
[3.529s] Level 1:colcon.colcon_core.package_identification:_identify(Library/Artifacts/3c) by extensions ['python_setup_py']
[3.529s] Level 1:colcon.colcon_core.package_identification:_identify(Library/Artifacts/3c) by extension 'python_setup_py'
[3.537s] Level 1:colcon.colcon_core.package_identification:_identify(Library/Artifacts/3d) by extensions ['ignore', 'ignore_ament_install']
[3.538s] Level 1:colcon.colcon_core.package_identification:_identify(Library/Artifacts/3d) by extension 'ignore'
[3.540s] Level 1:colcon.colcon_core.package_identification:_identify(Library/Artifacts/3d) by extension 'ignore_ament_install'
[3.544s] Level 1:colcon.colcon_core.package_identification:_identify(Library/Artifacts/3d) by extensions ['colcon_pkg']
[3.545s] Level 1:colcon.colcon_core.package_identification:_identify(Library/Artifacts/3d) by extension 'colcon_pkg'
[3.548s] Level 1:colcon.colcon_core.package_identification:_identify(Library/Artifacts/3d) by extensions ['colcon_meta']
[3.548s] Level 1:colcon.colcon_core.package_identification:_identify(Library/Artifacts/3d) by extension 'colcon_meta'
[3.553s] Level 1:colcon.colcon_core.package_identification:_identify(Library/Artifacts/3d) by extensions ['ros']
[3.553s] Level 1:colcon.colcon_core.package_identification:_identify(Library/Artifacts/3d) by extension 'ros'
[3.563s] Level 1:colcon.colcon_core.package_identification:_identify(Library/Artifacts/3d) by extensions ['cmake', 'python']
[3.563s] Level 1:colcon.colcon_core.package_identification:_identify(Library/Artifacts/3d) by extension 'cmake'
[3.567s] Level 1:colcon.colcon_core.package_identification:_identify(Library/Artifacts/3d) by extension 'python'
[3.569s] Level 1:colcon.colcon_core.package_identification:_identify(Library/Artifacts/3d) by extensions ['python_setup_py']
[3.570s] Level 1:colcon.colcon_core.package_identification:_identify(Library/Artifacts/3d) by extension 'python_setup_py'
[3.582s] Level 1:colcon.colcon_core.package_identification:_identify(Library/Artifacts/3e) by extensions ['ignore', 'ignore_ament_install']
[3.583s] Level 1:colcon.colcon_core.package_identification:_identify(Library/Artifacts/3e) by extension 'ignore'
[3.586s] Level 1:colcon.colcon_core.package_identification:_identify(Library/Artifacts/3e) by extension 'ignore_ament_install'
[3.589s] Level 1:colcon.colcon_core.package_identification:_identify(Library/Artifacts/3e) by extensions ['colcon_pkg']
[3.590s] Level 1:colcon.colcon_core.package_identification:_identify(Library/Artifacts/3e) by extension 'colcon_pkg'
[3.592s] Level 1:colcon.colcon_core.package_identification:_identify(Library/Artifacts/3e) by extensions ['colcon_meta']
[3.593s] Level 1:colcon.colcon_core.package_identification:_identify(Library/Artifacts/3e) by extension 'colcon_meta'
[3.597s] Level 1:colcon.colcon_core.package_identification:_identify(Library/Artifacts/3e) by extensions ['ros']
[3.597s] Level 1:colcon.colcon_core.package_identification:_identify(Library/Artifacts/3e) by extension 'ros'
[3.608s] Level 1:colcon.colcon_core.package_identification:_identify(Library/Artifacts/3e) by extensions ['cmake', 'python']
[3.609s] Level 1:colcon.colcon_core.package_identification:_identify(Library/Artifacts/3e) by extension 'cmake'
[3.611s] Level 1:colcon.colcon_core.package_identification:_identify(Library/Artifacts/3e) by extension 'python'
[3.614s] Level 1:colcon.colcon_core.package_identification:_identify(Library/Artifacts/3e) by extensions ['python_setup_py']
[3.614s] Level 1:colcon.colcon_core.package_identification:_identify(Library/Artifacts/3e) by extension 'python_setup_py'
[3.622s] Level 1:colcon.colcon_core.package_identification:_identify(Library/Artifacts/3f) by extensions ['ignore', 'ignore_ament_install']
[3.624s] Level 1:colcon.colcon_core.package_identification:_identify(Library/Artifacts/3f) by extension 'ignore'
[3.626s] Level 1:colcon.colcon_core.package_identification:_identify(Library/Artifacts/3f) by extension 'ignore_ament_install'
[3.630s] Level 1:colcon.colcon_core.package_identification:_identify(Library/Artifacts/3f) by extensions ['colcon_pkg']
[3.631s] Level 1:colcon.colcon_core.package_identification:_identify(Library/Artifacts/3f) by extension 'colcon_pkg'
[3.633s] Level 1:colcon.colcon_core.package_identification:_identify(Library/Artifacts/3f) by extensions ['colcon_meta']
[3.634s] Level 1:colcon.colcon_core.package_identification:_identify(Library/Artifacts/3f) by extension 'colcon_meta'
[3.639s] Level 1:colcon.colcon_core.package_identification:_identify(Library/Artifacts/3f) by extensions ['ros']
[3.639s] Level 1:colcon.colcon_core.package_identification:_identify(Library/Artifacts/3f) by extension 'ros'
[3.648s] Level 1:colcon.colcon_core.package_identification:_identify(Library/Artifacts/3f) by extensions ['cmake', 'python']
[3.649s] Level 1:colcon.colcon_core.package_identification:_identify(Library/Artifacts/3f) by extension 'cmake'
[3.651s] Level 1:colcon.colcon_core.package_identification:_identify(Library/Artifacts/3f) by extension 'python'
[3.654s] Level 1:colcon.colcon_core.package_identification:_identify(Library/Artifacts/3f) by extensions ['python_setup_py']
[3.655s] Level 1:colcon.colcon_core.package_identification:_identify(Library/Artifacts/3f) by extension 'python_setup_py'
[3.664s] Level 1:colcon.colcon_core.package_identification:_identify(Library/Artifacts/40) by extensions ['ignore', 'ignore_ament_install']
[3.665s] Level 1:colcon.colcon_core.package_identification:_identify(Library/Artifacts/40) by extension 'ignore'
[3.668s] Level 1:colcon.colcon_core.package_identification:_identify(Library/Artifacts/40) by extension 'ignore_ament_install'
[3.672s] Level 1:colcon.colcon_core.package_identification:_identify(Library/Artifacts/40) by extensions ['colcon_pkg']
[3.672s] Level 1:colcon.colcon_core.package_identification:_identify(Library/Artifacts/40) by extension 'colcon_pkg'
[3.675s] Level 1:colcon.colcon_core.package_identification:_identify(Library/Artifacts/40) by extensions ['colcon_meta']
[3.676s] Level 1:colcon.colcon_core.package_identification:_identify(Library/Artifacts/40) by extension 'colcon_meta'
[3.680s] Level 1:colcon.colcon_core.package_identification:_identify(Library/Artifacts/40) by extensions ['ros']
[3.680s] Level 1:colcon.colcon_core.package_identification:_identify(Library/Artifacts/40) by extension 'ros'
[3.690s] Level 1:colcon.colcon_core.package_identification:_identify(Library/Artifacts/40) by extensions ['cmake', 'python']
[3.690s] Level 1:colcon.colcon_core.package_identification:_identify(Library/Artifacts/40) by extension 'cmake'
[3.692s] Level 1:colcon.colcon_core.package_identification:_identify(Library/Artifacts/40) by extension 'python'
[3.694s] Level 1:colcon.colcon_core.package_identification:_identify(Library/Artifacts/40) by extensions ['python_setup_py']
[3.695s] Level 1:colcon.colcon_core.package_identification:_identify(Library/Artifacts/40) by extension 'python_setup_py'
[3.706s] Level 1:colcon.colcon_core.package_identification:_identify(Library/Artifacts/41) by extensions ['ignore', 'ignore_ament_install']
[3.707s] Level 1:colcon.colcon_core.package_identification:_identify(Library/Artifacts/41) by extension 'ignore'
[3.710s] Level 1:colcon.colcon_core.package_identification:_identify(Library/Artifacts/41) by extension 'ignore_ament_install'
[3.714s] Level 1:colcon.colcon_core.package_identification:_identify(Library/Artifacts/41) by extensions ['colcon_pkg']
[3.715s] Level 1:colcon.colcon_core.package_identification:_identify(Library/Artifacts/41) by extension 'colcon_pkg'
[3.717s] Level 1:colcon.colcon_core.package_identification:_identify(Library/Artifacts/41) by extensions ['colcon_meta']
[3.718s] Level 1:colcon.colcon_core.package_identification:_identify(Library/Artifacts/41) by extension 'colcon_meta'
[3.723s] Level 1:colcon.colcon_core.package_identification:_identify(Library/Artifacts/41) by extensions ['ros']
[3.723s] Level 1:colcon.colcon_core.package_identification:_identify(Library/Artifacts/41) by extension 'ros'
[3.733s] Level 1:colcon.colcon_core.package_identification:_identify(Library/Artifacts/41) by extensions ['cmake', 'python']
[3.734s] Level 1:colcon.colcon_core.package_identification:_identify(Library/Artifacts/41) by extension 'cmake'
[3.736s] Level 1:colcon.colcon_core.package_identification:_identify(Library/Artifacts/41) by extension 'python'
[3.739s] Level 1:colcon.colcon_core.package_identification:_identify(Library/Artifacts/41) by extensions ['python_setup_py']
[3.739s] Level 1:colcon.colcon_core.package_identification:_identify(Library/Artifacts/41) by extension 'python_setup_py'
[3.747s] Level 1:colcon.colcon_core.package_identification:_identify(Library/Artifacts/42) by extensions ['ignore', 'ignore_ament_install']
[3.748s] Level 1:colcon.colcon_core.package_identification:_identify(Library/Artifacts/42) by extension 'ignore'
[3.750s] Level 1:colcon.colcon_core.package_identification:_identify(Library/Artifacts/42) by extension 'ignore_ament_install'
[3.754s] Level 1:colcon.colcon_core.package_identification:_identify(Library/Artifacts/42) by extensions ['colcon_pkg']
[3.755s] Level 1:colcon.colcon_core.package_identification:_identify(Library/Artifacts/42) by extension 'colcon_pkg'
[3.757s] Level 1:colcon.colcon_core.package_identification:_identify(Library/Artifacts/42) by extensions ['colcon_meta']
[3.758s] Level 1:colcon.colcon_core.package_identification:_identify(Library/Artifacts/42) by extension 'colcon_meta'
[3.762s] Level 1:colcon.colcon_core.package_identification:_identify(Library/Artifacts/42) by extensions ['ros']
[3.762s] Level 1:colcon.colcon_core.package_identification:_identify(Library/Artifacts/42) by extension 'ros'
[3.771s] Level 1:colcon.colcon_core.package_identification:_identify(Library/Artifacts/42) by extensions ['cmake', 'python']
[3.772s] Level 1:colcon.colcon_core.package_identification:_identify(Library/Artifacts/42) by extension 'cmake'
[3.774s] Level 1:colcon.colcon_core.package_identification:_identify(Library/Artifacts/42) by extension 'python'
[3.777s] Level 1:colcon.colcon_core.package_identification:_identify(Library/Artifacts/42) by extensions ['python_setup_py']
[3.777s] Level 1:colcon.colcon_core.package_identification:_identify(Library/Artifacts/42) by extension 'python_setup_py'
[3.786s] Level 1:colcon.colcon_core.package_identification:_identify(Library/Artifacts/43) by extensions ['ignore', 'ignore_ament_install']
[3.786s] Level 1:colcon.colcon_core.package_identification:_identify(Library/Artifacts/43) by extension 'ignore'
[3.788s] Level 1:colcon.colcon_core.package_identification:_identify(Library/Artifacts/43) by extension 'ignore_ament_install'
[3.793s] Level 1:colcon.colcon_core.package_identification:_identify(Library/Artifacts/43) by extensions ['colcon_pkg']
[3.794s] Level 1:colcon.colcon_core.package_identification:_identify(Library/Artifacts/43) by extension 'colcon_pkg'
[3.796s] Level 1:colcon.colcon_core.package_identification:_identify(Library/Artifacts/43) by extensions ['colcon_meta']
[3.797s] Level 1:colcon.colcon_core.package_identification:_identify(Library/Artifacts/43) by extension 'colcon_meta'
[3.801s] Level 1:colcon.colcon_core.package_identification:_identify(Library/Artifacts/43) by extensions ['ros']
[3.801s] Level 1:colcon.colcon_core.package_identification:_identify(Library/Artifacts/43) by extension 'ros'
[3.810s] Level 1:colcon.colcon_core.package_identification:_identify(Library/Artifacts/43) by extensions ['cmake', 'python']
[3.811s] Level 1:colcon.colcon_core.package_identification:_identify(Library/Artifacts/43) by extension 'cmake'
[3.813s] Level 1:colcon.colcon_core.package_identification:_identify(Library/Artifacts/43) by extension 'python'
[3.817s] Level 1:colcon.colcon_core.package_identification:_identify(Library/Artifacts/43) by extensions ['python_setup_py']
[3.818s] Level 1:colcon.colcon_core.package_identification:_identify(Library/Artifacts/43) by extension 'python_setup_py'
[3.828s] Level 1:colcon.colcon_core.package_identification:_identify(Library/Artifacts/44) by extensions ['ignore', 'ignore_ament_install']
[3.829s] Level 1:colcon.colcon_core.package_identification:_identify(Library/Artifacts/44) by extension 'ignore'
[3.831s] Level 1:colcon.colcon_core.package_identification:_identify(Library/Artifacts/44) by extension 'ignore_ament_install'
[3.834s] Level 1:colcon.colcon_core.package_identification:_identify(Library/Artifacts/44) by extensions ['colcon_pkg']
[3.835s] Level 1:colcon.colcon_core.package_identification:_identify(Library/Artifacts/44) by extension 'colcon_pkg'
[3.837s] Level 1:colcon.colcon_core.package_identification:_identify(Library/Artifacts/44) by extensions ['colcon_meta']
[3.838s] Level 1:colcon.colcon_core.package_identification:_identify(Library/Artifacts/44) by extension 'colcon_meta'
[3.844s] Level 1:colcon.colcon_core.package_identification:_identify(Library/Artifacts/44) by extensions ['ros']
[3.845s] Level 1:colcon.colcon_core.package_identification:_identify(Library/Artifacts/44) by extension 'ros'
[3.852s] Level 1:colcon.colcon_core.package_identification:_identify(Library/Artifacts/44) by extensions ['cmake', 'python']
[3.853s] Level 1:colcon.colcon_core.package_identification:_identify(Library/Artifacts/44) by extension 'cmake'
[3.856s] Level 1:colcon.colcon_core.package_identification:_identify(Library/Artifacts/44) by extension 'python'
[3.858s] Level 1:colcon.colcon_core.package_identification:_identify(Library/Artifacts/44) by extensions ['python_setup_py']
[3.859s] Level 1:colcon.colcon_core.package_identification:_identify(Library/Artifacts/44) by extension 'python_setup_py'
[3.869s] Level 1:colcon.colcon_core.package_identification:_identify(Library/Artifacts/45) by extensions ['ignore', 'ignore_ament_install']
[3.870s] Level 1:colcon.colcon_core.package_identification:_identify(Library/Artifacts/45) by extension 'ignore'
[3.872s] Level 1:colcon.colcon_core.package_identification:_identify(Library/Artifacts/45) by extension 'ignore_ament_install'
[3.876s] Level 1:colcon.colcon_core.package_identification:_identify(Library/Artifacts/45) by extensions ['colcon_pkg']
[3.876s] Level 1:colcon.colcon_core.package_identification:_identify(Library/Artifacts/45) by extension 'colcon_pkg'
[3.879s] Level 1:colcon.colcon_core.package_identification:_identify(Library/Artifacts/45) by extensions ['colcon_meta']
[3.880s] Level 1:colcon.colcon_core.package_identification:_identify(Library/Artifacts/45) by extension 'colcon_meta'
[3.883s] Level 1:colcon.colcon_core.package_identification:_identify(Library/Artifacts/45) by extensions ['ros']
[3.884s] Level 1:colcon.colcon_core.package_identification:_identify(Library/Artifacts/45) by extension 'ros'
[3.893s] Level 1:colcon.colcon_core.package_identification:_identify(Library/Artifacts/45) by extensions ['cmake', 'python']
[3.894s] Level 1:colcon.colcon_core.package_identification:_identify(Library/Artifacts/45) by extension 'cmake'
[3.896s] Level 1:colcon.colcon_core.package_identification:_identify(Library/Artifacts/45) by extension 'python'
[3.899s] Level 1:colcon.colcon_core.package_identification:_identify(Library/Artifacts/45) by extensions ['python_setup_py']
[3.900s] Level 1:colcon.colcon_core.package_identification:_identify(Library/Artifacts/45) by extension 'python_setup_py'
[3.907s] Level 1:colcon.colcon_core.package_identification:_identify(Library/Artifacts/46) by extensions ['ignore', 'ignore_ament_install']
[3.908s] Level 1:colcon.colcon_core.package_identification:_identify(Library/Artifacts/46) by extension 'ignore'
[3.911s] Level 1:colcon.colcon_core.package_identification:_identify(Library/Artifacts/46) by extension 'ignore_ament_install'
[3.915s] Level 1:colcon.colcon_core.package_identification:_identify(Library/Artifacts/46) by extensions ['colcon_pkg']
[3.916s] Level 1:colcon.colcon_core.package_identification:_identify(Library/Artifacts/46) by extension 'colcon_pkg'
[3.918s] Level 1:colcon.colcon_core.package_identification:_identify(Library/Artifacts/46) by extensions ['colcon_meta']
[3.919s] Level 1:colcon.colcon_core.package_identification:_identify(Library/Artifacts/46) by extension 'colcon_meta'
[3.923s] Level 1:colcon.colcon_core.package_identification:_identify(Library/Artifacts/46) by extensions ['ros']
[3.924s] Level 1:colcon.colcon_core.package_identification:_identify(Library/Artifacts/46) by extension 'ros'
[3.933s] Level 1:colcon.colcon_core.package_identification:_identify(Library/Artifacts/46) by extensions ['cmake', 'python']
[3.933s] Level 1:colcon.colcon_core.package_identification:_identify(Library/Artifacts/46) by extension 'cmake'
[3.936s] Level 1:colcon.colcon_core.package_identification:_identify(Library/Artifacts/46) by extension 'python'
[3.938s] Level 1:colcon.colcon_core.package_identification:_identify(Library/Artifacts/46) by extensions ['python_setup_py']
[3.939s] Level 1:colcon.colcon_core.package_identification:_identify(Library/Artifacts/46) by extension 'python_setup_py'
[3.948s] Level 1:colcon.colcon_core.package_identification:_identify(Library/Artifacts/47) by extensions ['ignore', 'ignore_ament_install']
[3.948s] Level 1:colcon.colcon_core.package_identification:_identify(Library/Artifacts/47) by extension 'ignore'
[3.951s] Level 1:colcon.colcon_core.package_identification:_identify(Library/Artifacts/47) by extension 'ignore_ament_install'
[3.954s] Level 1:colcon.colcon_core.package_identification:_identify(Library/Artifacts/47) by extensions ['colcon_pkg']
[3.955s] Level 1:colcon.colcon_core.package_identification:_identify(Library/Artifacts/47) by extension 'colcon_pkg'
[3.957s] Level 1:colcon.colcon_core.package_identification:_identify(Library/Artifacts/47) by extensions ['colcon_meta']
[3.958s] Level 1:colcon.colcon_core.package_identification:_identify(Library/Artifacts/47) by extension 'colcon_meta'
[3.962s] Level 1:colcon.colcon_core.package_identification:_identify(Library/Artifacts/47) by extensions ['ros']
[3.962s] Level 1:colcon.colcon_core.package_identification:_identify(Library/Artifacts/47) by extension 'ros'
[3.972s] Level 1:colcon.colcon_core.package_identification:_identify(Library/Artifacts/47) by extensions ['cmake', 'python']
[3.973s] Level 1:colcon.colcon_core.package_identification:_identify(Library/Artifacts/47) by extension 'cmake'
[3.975s] Level 1:colcon.colcon_core.package_identification:_identify(Library/Artifacts/47) by extension 'python'
[3.977s] Level 1:colcon.colcon_core.package_identification:_identify(Library/Artifacts/47) by extensions ['python_setup_py']
[3.978s] Level 1:colcon.colcon_core.package_identification:_identify(Library/Artifacts/47) by extension 'python_setup_py'
[3.987s] Level 1:colcon.colcon_core.package_identification:_identify(Library/Artifacts/48) by extensions ['ignore', 'ignore_ament_install']
[3.987s] Level 1:colcon.colcon_core.package_identification:_identify(Library/Artifacts/48) by extension 'ignore'
[3.990s] Level 1:colcon.colcon_core.package_identification:_identify(Library/Artifacts/48) by extension 'ignore_ament_install'
[3.994s] Level 1:colcon.colcon_core.package_identification:_identify(Library/Artifacts/48) by extensions ['colcon_pkg']
[3.994s] Level 1:colcon.colcon_core.package_identification:_identify(Library/Artifacts/48) by extension 'colcon_pkg'
[3.997s] Level 1:colcon.colcon_core.package_identification:_identify(Library/Artifacts/48) by extensions ['colcon_meta']
[3.997s] Level 1:colcon.colcon_core.package_identification:_identify(Library/Artifacts/48) by extension 'colcon_meta'
[4.002s] Level 1:colcon.colcon_core.package_identification:_identify(Library/Artifacts/48) by extensions ['ros']
[4.003s] Level 1:colcon.colcon_core.package_identification:_identify(Library/Artifacts/48) by extension 'ros'
[4.011s] Level 1:colcon.colcon_core.package_identification:_identify(Library/Artifacts/48) by extensions ['cmake', 'python']
[4.011s] Level 1:colcon.colcon_core.package_identification:_identify(Library/Artifacts/48) by extension 'cmake'
[4.014s] Level 1:colcon.colcon_core.package_identification:_identify(Library/Artifacts/48) by extension 'python'
[4.016s] Level 1:colcon.colcon_core.package_identification:_identify(Library/Artifacts/48) by extensions ['python_setup_py']
[4.016s] Level 1:colcon.colcon_core.package_identification:_identify(Library/Artifacts/48) by extension 'python_setup_py'
[4.026s] Level 1:colcon.colcon_core.package_identification:_identify(Library/Artifacts/49) by extensions ['ignore', 'ignore_ament_install']
[4.027s] Level 1:colcon.colcon_core.package_identification:_identify(Library/Artifacts/49) by extension 'ignore'
[4.029s] Level 1:colcon.colcon_core.package_identification:_identify(Library/Artifacts/49) by extension 'ignore_ament_install'
[4.033s] Level 1:colcon.colcon_core.package_identification:_identify(Library/Artifacts/49) by extensions ['colcon_pkg']
[4.034s] Level 1:colcon.colcon_core.package_identification:_identify(Library/Artifacts/49) by extension 'colcon_pkg'
[4.038s] Level 1:colcon.colcon_core.package_identification:_identify(Library/Artifacts/49) by extensions ['colcon_meta']
[4.038s] Level 1:colcon.colcon_core.package_identification:_identify(Library/Artifacts/49) by extension 'colcon_meta'
[4.043s] Level 1:colcon.colcon_core.package_identification:_identify(Library/Artifacts/49) by extensions ['ros']
[4.043s] Level 1:colcon.colcon_core.package_identification:_identify(Library/Artifacts/49) by extension 'ros'
[4.052s] Level 1:colcon.colcon_core.package_identification:_identify(Library/Artifacts/49) by extensions ['cmake', 'python']
[4.053s] Level 1:colcon.colcon_core.package_identification:_identify(Library/Artifacts/49) by extension 'cmake'
[4.055s] Level 1:colcon.colcon_core.package_identification:_identify(Library/Artifacts/49) by extension 'python'
[4.057s] Level 1:colcon.colcon_core.package_identification:_identify(Library/Artifacts/49) by extensions ['python_setup_py']
[4.058s] Level 1:colcon.colcon_core.package_identification:_identify(Library/Artifacts/49) by extension 'python_setup_py'
[4.065s] Level 1:colcon.colcon_core.package_identification:_identify(Library/Artifacts/4a) by extensions ['ignore', 'ignore_ament_install']
[4.066s] Level 1:colcon.colcon_core.package_identification:_identify(Library/Artifacts/4a) by extension 'ignore'
[4.068s] Level 1:colcon.colcon_core.package_identification:_identify(Library/Artifacts/4a) by extension 'ignore_ament_install'
[4.072s] Level 1:colcon.colcon_core.package_identification:_identify(Library/Artifacts/4a) by extensions ['colcon_pkg']
[4.073s] Level 1:colcon.colcon_core.package_identification:_identify(Library/Artifacts/4a) by extension 'colcon_pkg'
[4.075s] Level 1:colcon.colcon_core.package_identification:_identify(Library/Artifacts/4a) by extensions ['colcon_meta']
[4.075s] Level 1:colcon.colcon_core.package_identification:_identify(Library/Artifacts/4a) by extension 'colcon_meta'
[4.080s] Level 1:colcon.colcon_core.package_identification:_identify(Library/Artifacts/4a) by extensions ['ros']
[4.080s] Level 1:colcon.colcon_core.package_identification:_identify(Library/Artifacts/4a) by extension 'ros'
[4.088s] Level 1:colcon.colcon_core.package_identification:_identify(Library/Artifacts/4a) by extensions ['cmake', 'python']
[4.089s] Level 1:colcon.colcon_core.package_identification:_identify(Library/Artifacts/4a) by extension 'cmake'
[4.092s] Level 1:colcon.colcon_core.package_identification:_identify(Library/Artifacts/4a) by extension 'python'
[4.094s] Level 1:colcon.colcon_core.package_identification:_identify(Library/Artifacts/4a) by extensions ['python_setup_py']
[4.095s] Level 1:colcon.colcon_core.package_identification:_identify(Library/Artifacts/4a) by extension 'python_setup_py'
[4.104s] Level 1:colcon.colcon_core.package_identification:_identify(Library/Artifacts/4b) by extensions ['ignore', 'ignore_ament_install']
[4.105s] Level 1:colcon.colcon_core.package_identification:_identify(Library/Artifacts/4b) by extension 'ignore'
[4.107s] Level 1:colcon.colcon_core.package_identification:_identify(Library/Artifacts/4b) by extension 'ignore_ament_install'
[4.111s] Level 1:colcon.colcon_core.package_identification:_identify(Library/Artifacts/4b) by extensions ['colcon_pkg']
[4.112s] Level 1:colcon.colcon_core.package_identification:_identify(Library/Artifacts/4b) by extension 'colcon_pkg'
[4.115s] Level 1:colcon.colcon_core.package_identification:_identify(Library/Artifacts/4b) by extensions ['colcon_meta']
[4.116s] Level 1:colcon.colcon_core.package_identification:_identify(Library/Artifacts/4b) by extension 'colcon_meta'
[4.120s] Level 1:colcon.colcon_core.package_identification:_identify(Library/Artifacts/4b) by extensions ['ros']
[4.121s] Level 1:colcon.colcon_core.package_identification:_identify(Library/Artifacts/4b) by extension 'ros'
[4.129s] Level 1:colcon.colcon_core.package_identification:_identify(Library/Artifacts/4b) by extensions ['cmake', 'python']
[4.129s] Level 1:colcon.colcon_core.package_identification:_identify(Library/Artifacts/4b) by extension 'cmake'
[4.132s] Level 1:colcon.colcon_core.package_identification:_identify(Library/Artifacts/4b) by extension 'python'
[4.134s] Level 1:colcon.colcon_core.package_identification:_identify(Library/Artifacts/4b) by extensions ['python_setup_py']
[4.135s] Level 1:colcon.colcon_core.package_identification:_identify(Library/Artifacts/4b) by extension 'python_setup_py'
[4.144s] Level 1:colcon.colcon_core.package_identification:_identify(Library/Artifacts/4c) by extensions ['ignore', 'ignore_ament_install']
[4.145s] Level 1:colcon.colcon_core.package_identification:_identify(Library/Artifacts/4c) by extension 'ignore'
[4.148s] Level 1:colcon.colcon_core.package_identification:_identify(Library/Artifacts/4c) by extension 'ignore_ament_install'
[4.151s] Level 1:colcon.colcon_core.package_identification:_identify(Library/Artifacts/4c) by extensions ['colcon_pkg']
[4.152s] Level 1:colcon.colcon_core.package_identification:_identify(Library/Artifacts/4c) by extension 'colcon_pkg'
[4.154s] Level 1:colcon.colcon_core.package_identification:_identify(Library/Artifacts/4c) by extensions ['colcon_meta']
[4.155s] Level 1:colcon.colcon_core.package_identification:_identify(Library/Artifacts/4c) by extension 'colcon_meta'
[4.159s] Level 1:colcon.colcon_core.package_identification:_identify(Library/Artifacts/4c) by extensions ['ros']
[4.160s] Level 1:colcon.colcon_core.package_identification:_identify(Library/Artifacts/4c) by extension 'ros'
[4.169s] Level 1:colcon.colcon_core.package_identification:_identify(Library/Artifacts/4c) by extensions ['cmake', 'python']
[4.170s] Level 1:colcon.colcon_core.package_identification:_identify(Library/Artifacts/4c) by extension 'cmake'
[4.173s] Level 1:colcon.colcon_core.package_identification:_identify(Library/Artifacts/4c) by extension 'python'
[4.175s] Level 1:colcon.colcon_core.package_identification:_identify(Library/Artifacts/4c) by extensions ['python_setup_py']
[4.176s] Level 1:colcon.colcon_core.package_identification:_identify(Library/Artifacts/4c) by extension 'python_setup_py'
[4.185s] Level 1:colcon.colcon_core.package_identification:_identify(Library/Artifacts/4d) by extensions ['ignore', 'ignore_ament_install']
[4.185s] Level 1:colcon.colcon_core.package_identification:_identify(Library/Artifacts/4d) by extension 'ignore'
[4.188s] Level 1:colcon.colcon_core.package_identification:_identify(Library/Artifacts/4d) by extension 'ignore_ament_install'
[4.191s] Level 1:colcon.colcon_core.package_identification:_identify(Library/Artifacts/4d) by extensions ['colcon_pkg']
[4.192s] Level 1:colcon.colcon_core.package_identification:_identify(Library/Artifacts/4d) by extension 'colcon_pkg'
[4.194s] Level 1:colcon.colcon_core.package_identification:_identify(Library/Artifacts/4d) by extensions ['colcon_meta']
[4.194s] Level 1:colcon.colcon_core.package_identification:_identify(Library/Artifacts/4d) by extension 'colcon_meta'
[4.198s] Level 1:colcon.colcon_core.package_identification:_identify(Library/Artifacts/4d) by extensions ['ros']
[4.199s] Level 1:colcon.colcon_core.package_identification:_identify(Library/Artifacts/4d) by extension 'ros'
[4.205s] Level 1:colcon.colcon_core.package_identification:_identify(Library/Artifacts/4d) by extensions ['cmake', 'python']
[4.206s] Level 1:colcon.colcon_core.package_identification:_identify(Library/Artifacts/4d) by extension 'cmake'
[4.209s] Level 1:colcon.colcon_core.package_identification:_identify(Library/Artifacts/4d) by extension 'python'
[4.212s] Level 1:colcon.colcon_core.package_identification:_identify(Library/Artifacts/4d) by extensions ['python_setup_py']
[4.213s] Level 1:colcon.colcon_core.package_identification:_identify(Library/Artifacts/4d) by extension 'python_setup_py'
[4.223s] Level 1:colcon.colcon_core.package_identification:_identify(Library/Artifacts/4e) by extensions ['ignore', 'ignore_ament_install']
[4.224s] Level 1:colcon.colcon_core.package_identification:_identify(Library/Artifacts/4e) by extension 'ignore'
[4.226s] Level 1:colcon.colcon_core.package_identification:_identify(Library/Artifacts/4e) by extension 'ignore_ament_install'
[4.231s] Level 1:colcon.colcon_core.package_identification:_identify(Library/Artifacts/4e) by extensions ['colcon_pkg']
[4.231s] Level 1:colcon.colcon_core.package_identification:_identify(Library/Artifacts/4e) by extension 'colcon_pkg'
[4.234s] Level 1:colcon.colcon_core.package_identification:_identify(Library/Artifacts/4e) by extensions ['colcon_meta']
[4.235s] Level 1:colcon.colcon_core.package_identification:_identify(Library/Artifacts/4e) by extension 'colcon_meta'
[4.238s] Level 1:colcon.colcon_core.package_identification:_identify(Library/Artifacts/4e) by extensions ['ros']
[4.239s] Level 1:colcon.colcon_core.package_identification:_identify(Library/Artifacts/4e) by extension 'ros'
[4.248s] Level 1:colcon.colcon_core.package_identification:_identify(Library/Artifacts/4e) by extensions ['cmake', 'python']
[4.249s] Level 1:colcon.colcon_core.package_identification:_identify(Library/Artifacts/4e) by extension 'cmake'
[4.252s] Level 1:colcon.colcon_core.package_identification:_identify(Library/Artifacts/4e) by extension 'python'
[4.254s] Level 1:colcon.colcon_core.package_identification:_identify(Library/Artifacts/4e) by extensions ['python_setup_py']
[4.255s] Level 1:colcon.colcon_core.package_identification:_identify(Library/Artifacts/4e) by extension 'python_setup_py'
[4.264s] Level 1:colcon.colcon_core.package_identification:_identify(Library/Artifacts/4f) by extensions ['ignore', 'ignore_ament_install']
[4.265s] Level 1:colcon.colcon_core.package_identification:_identify(Library/Artifacts/4f) by extension 'ignore'
[4.268s] Level 1:colcon.colcon_core.package_identification:_identify(Library/Artifacts/4f) by extension 'ignore_ament_install'
[4.271s] Level 1:colcon.colcon_core.package_identification:_identify(Library/Artifacts/4f) by extensions ['colcon_pkg']
[4.272s] Level 1:colcon.colcon_core.package_identification:_identify(Library/Artifacts/4f) by extension 'colcon_pkg'
[4.274s] Level 1:colcon.colcon_core.package_identification:_identify(Library/Artifacts/4f) by extensions ['colcon_meta']
[4.275s] Level 1:colcon.colcon_core.package_identification:_identify(Library/Artifacts/4f) by extension 'colcon_meta'
[4.279s] Level 1:colcon.colcon_core.package_identification:_identify(Library/Artifacts/4f) by extensions ['ros']
[4.280s] Level 1:colcon.colcon_core.package_identification:_identify(Library/Artifacts/4f) by extension 'ros'
[4.290s] Level 1:colcon.colcon_core.package_identification:_identify(Library/Artifacts/4f) by extensions ['cmake', 'python']
[4.291s] Level 1:colcon.colcon_core.package_identification:_identify(Library/Artifacts/4f) by extension 'cmake'
[4.293s] Level 1:colcon.colcon_core.package_identification:_identify(Library/Artifacts/4f) by extension 'python'
[4.297s] Level 1:colcon.colcon_core.package_identification:_identify(Library/Artifacts/4f) by extensions ['python_setup_py']
[4.298s] Level 1:colcon.colcon_core.package_identification:_identify(Library/Artifacts/4f) by extension 'python_setup_py'
[4.309s] Level 1:colcon.colcon_core.package_identification:_identify(Library/Artifacts/50) by extensions ['ignore', 'ignore_ament_install']
[4.310s] Level 1:colcon.colcon_core.package_identification:_identify(Library/Artifacts/50) by extension 'ignore'
[4.312s] Level 1:colcon.colcon_core.package_identification:_identify(Library/Artifacts/50) by extension 'ignore_ament_install'
[4.316s] Level 1:colcon.colcon_core.package_identification:_identify(Library/Artifacts/50) by extensions ['colcon_pkg']
[4.317s] Level 1:colcon.colcon_core.package_identification:_identify(Library/Artifacts/50) by extension 'colcon_pkg'
[4.320s] Level 1:colcon.colcon_core.package_identification:_identify(Library/Artifacts/50) by extensions ['colcon_meta']
[4.320s] Level 1:colcon.colcon_core.package_identification:_identify(Library/Artifacts/50) by extension 'colcon_meta'
[4.325s] Level 1:colcon.colcon_core.package_identification:_identify(Library/Artifacts/50) by extensions ['ros']
[4.326s] Level 1:colcon.colcon_core.package_identification:_identify(Library/Artifacts/50) by extension 'ros'
[4.336s] Level 1:colcon.colcon_core.package_identification:_identify(Library/Artifacts/50) by extensions ['cmake', 'python']
[4.337s] Level 1:colcon.colcon_core.package_identification:_identify(Library/Artifacts/50) by extension 'cmake'
[4.341s] Level 1:colcon.colcon_core.package_identification:_identify(Library/Artifacts/50) by extension 'python'
[4.344s] Level 1:colcon.colcon_core.package_identification:_identify(Library/Artifacts/50) by extensions ['python_setup_py']
[4.344s] Level 1:colcon.colcon_core.package_identification:_identify(Library/Artifacts/50) by extension 'python_setup_py'
[4.354s] Level 1:colcon.colcon_core.package_identification:_identify(Library/Artifacts/51) by extensions ['ignore', 'ignore_ament_install']
[4.354s] Level 1:colcon.colcon_core.package_identification:_identify(Library/Artifacts/51) by extension 'ignore'
[4.357s] Level 1:colcon.colcon_core.package_identification:_identify(Library/Artifacts/51) by extension 'ignore_ament_install'
[4.361s] Level 1:colcon.colcon_core.package_identification:_identify(Library/Artifacts/51) by extensions ['colcon_pkg']
[4.362s] Level 1:colcon.colcon_core.package_identification:_identify(Library/Artifacts/51) by extension 'colcon_pkg'
[4.364s] Level 1:colcon.colcon_core.package_identification:_identify(Library/Artifacts/51) by extensions ['colcon_meta']
[4.365s] Level 1:colcon.colcon_core.package_identification:_identify(Library/Artifacts/51) by extension 'colcon_meta'
[4.369s] Level 1:colcon.colcon_core.package_identification:_identify(Library/Artifacts/51) by extensions ['ros']
[4.370s] Level 1:colcon.colcon_core.package_identification:_identify(Library/Artifacts/51) by extension 'ros'
[4.378s] Level 1:colcon.colcon_core.package_identification:_identify(Library/Artifacts/51) by extensions ['cmake', 'python']
[4.379s] Level 1:colcon.colcon_core.package_identification:_identify(Library/Artifacts/51) by extension 'cmake'
[4.381s] Level 1:colcon.colcon_core.package_identification:_identify(Library/Artifacts/51) by extension 'python'
[4.384s] Level 1:colcon.colcon_core.package_identification:_identify(Library/Artifacts/51) by extensions ['python_setup_py']
[4.385s] Level 1:colcon.colcon_core.package_identification:_identify(Library/Artifacts/51) by extension 'python_setup_py'
[4.395s] Level 1:colcon.colcon_core.package_identification:_identify(Library/Artifacts/52) by extensions ['ignore', 'ignore_ament_install']
[4.396s] Level 1:colcon.colcon_core.package_identification:_identify(Library/Artifacts/52) by extension 'ignore'
[4.399s] Level 1:colcon.colcon_core.package_identification:_identify(Library/Artifacts/52) by extension 'ignore_ament_install'
[4.403s] Level 1:colcon.colcon_core.package_identification:_identify(Library/Artifacts/52) by extensions ['colcon_pkg']
[4.404s] Level 1:colcon.colcon_core.package_identification:_identify(Library/Artifacts/52) by extension 'colcon_pkg'
[4.406s] Level 1:colcon.colcon_core.package_identification:_identify(Library/Artifacts/52) by extensions ['colcon_meta']
[4.407s] Level 1:colcon.colcon_core.package_identification:_identify(Library/Artifacts/52) by extension 'colcon_meta'
[4.411s] Level 1:colcon.colcon_core.package_identification:_identify(Library/Artifacts/52) by extensions ['ros']
[4.412s] Level 1:colcon.colcon_core.package_identification:_identify(Library/Artifacts/52) by extension 'ros'
[4.420s] Level 1:colcon.colcon_core.package_identification:_identify(Library/Artifacts/52) by extensions ['cmake', 'python']
[4.421s] Level 1:colcon.colcon_core.package_identification:_identify(Library/Artifacts/52) by extension 'cmake'
[4.423s] Level 1:colcon.colcon_core.package_identification:_identify(Library/Artifacts/52) by extension 'python'
[4.425s] Level 1:colcon.colcon_core.package_identification:_identify(Library/Artifacts/52) by extensions ['python_setup_py']
[4.426s] Level 1:colcon.colcon_core.package_identification:_identify(Library/Artifacts/52) by extension 'python_setup_py'
[4.435s] Level 1:colcon.colcon_core.package_identification:_identify(Library/Artifacts/53) by extensions ['ignore', 'ignore_ament_install']
[4.435s] Level 1:colcon.colcon_core.package_identification:_identify(Library/Artifacts/53) by extension 'ignore'
[4.438s] Level 1:colcon.colcon_core.package_identification:_identify(Library/Artifacts/53) by extension 'ignore_ament_install'
[4.441s] Level 1:colcon.colcon_core.package_identification:_identify(Library/Artifacts/53) by extensions ['colcon_pkg']
[4.442s] Level 1:colcon.colcon_core.package_identification:_identify(Library/Artifacts/53) by extension 'colcon_pkg'
[4.444s] Level 1:colcon.colcon_core.package_identification:_identify(Library/Artifacts/53) by extensions ['colcon_meta']
[4.444s] Level 1:colcon.colcon_core.package_identification:_identify(Library/Artifacts/53) by extension 'colcon_meta'
[4.448s] Level 1:colcon.colcon_core.package_identification:_identify(Library/Artifacts/53) by extensions ['ros']
[4.449s] Level 1:colcon.colcon_core.package_identification:_identify(Library/Artifacts/53) by extension 'ros'
[4.458s] Level 1:colcon.colcon_core.package_identification:_identify(Library/Artifacts/53) by extensions ['cmake', 'python']
[4.459s] Level 1:colcon.colcon_core.package_identification:_identify(Library/Artifacts/53) by extension 'cmake'
[4.462s] Level 1:colcon.colcon_core.package_identification:_identify(Library/Artifacts/53) by extension 'python'
[4.464s] Level 1:colcon.colcon_core.package_identification:_identify(Library/Artifacts/53) by extensions ['python_setup_py']
[4.465s] Level 1:colcon.colcon_core.package_identification:_identify(Library/Artifacts/53) by extension 'python_setup_py'
[4.473s] Level 1:colcon.colcon_core.package_identification:_identify(Library/Artifacts/54) by extensions ['ignore', 'ignore_ament_install']
[4.474s] Level 1:colcon.colcon_core.package_identification:_identify(Library/Artifacts/54) by extension 'ignore'
[4.476s] Level 1:colcon.colcon_core.package_identification:_identify(Library/Artifacts/54) by extension 'ignore_ament_install'
[4.480s] Level 1:colcon.colcon_core.package_identification:_identify(Library/Artifacts/54) by extensions ['colcon_pkg']
[4.480s] Level 1:colcon.colcon_core.package_identification:_identify(Library/Artifacts/54) by extension 'colcon_pkg'
[4.482s] Level 1:colcon.colcon_core.package_identification:_identify(Library/Artifacts/54) by extensions ['colcon_meta']
[4.483s] Level 1:colcon.colcon_core.package_identification:_identify(Library/Artifacts/54) by extension 'colcon_meta'
[4.487s] Level 1:colcon.colcon_core.package_identification:_identify(Library/Artifacts/54) by extensions ['ros']
[4.487s] Level 1:colcon.colcon_core.package_identification:_identify(Library/Artifacts/54) by extension 'ros'
[4.494s] Level 1:colcon.colcon_core.package_identification:_identify(Library/Artifacts/54) by extensions ['cmake', 'python']
[4.495s] Level 1:colcon.colcon_core.package_identification:_identify(Library/Artifacts/54) by extension 'cmake'
[4.497s] Level 1:colcon.colcon_core.package_identification:_identify(Library/Artifacts/54) by extension 'python'
[4.500s] Level 1:colcon.colcon_core.package_identification:_identify(Library/Artifacts/54) by extensions ['python_setup_py']
[4.501s] Level 1:colcon.colcon_core.package_identification:_identify(Library/Artifacts/54) by extension 'python_setup_py'
[4.510s] Level 1:colcon.colcon_core.package_identification:_identify(Library/Artifacts/55) by extensions ['ignore', 'ignore_ament_install']
[4.511s] Level 1:colcon.colcon_core.package_identification:_identify(Library/Artifacts/55) by extension 'ignore'
[4.514s] Level 1:colcon.colcon_core.package_identification:_identify(Library/Artifacts/55) by extension 'ignore_ament_install'
[4.518s] Level 1:colcon.colcon_core.package_identification:_identify(Library/Artifacts/55) by extensions ['colcon_pkg']
[4.519s] Level 1:colcon.colcon_core.package_identification:_identify(Library/Artifacts/55) by extension 'colcon_pkg'
[4.521s] Level 1:colcon.colcon_core.package_identification:_identify(Library/Artifacts/55) by extensions ['colcon_meta']
[4.522s] Level 1:colcon.colcon_core.package_identification:_identify(Library/Artifacts/55) by extension 'colcon_meta'
[4.527s] Level 1:colcon.colcon_core.package_identification:_identify(Library/Artifacts/55) by extensions ['ros']
[4.528s] Level 1:colcon.colcon_core.package_identification:_identify(Library/Artifacts/55) by extension 'ros'
[4.537s] Level 1:colcon.colcon_core.package_identification:_identify(Library/Artifacts/55) by extensions ['cmake', 'python']
[4.538s] Level 1:colcon.colcon_core.package_identification:_identify(Library/Artifacts/55) by extension 'cmake'
[4.542s] Level 1:colcon.colcon_core.package_identification:_identify(Library/Artifacts/55) by extension 'python'
[4.545s] Level 1:colcon.colcon_core.package_identification:_identify(Library/Artifacts/55) by extensions ['python_setup_py']
[4.545s] Level 1:colcon.colcon_core.package_identification:_identify(Library/Artifacts/55) by extension 'python_setup_py'
[4.554s] Level 1:colcon.colcon_core.package_identification:_identify(Library/Artifacts/56) by extensions ['ignore', 'ignore_ament_install']
[4.554s] Level 1:colcon.colcon_core.package_identification:_identify(Library/Artifacts/56) by extension 'ignore'
[4.558s] Level 1:colcon.colcon_core.package_identification:_identify(Library/Artifacts/56) by extension 'ignore_ament_install'
[4.562s] Level 1:colcon.colcon_core.package_identification:_identify(Library/Artifacts/56) by extensions ['colcon_pkg']
[4.563s] Level 1:colcon.colcon_core.package_identification:_identify(Library/Artifacts/56) by extension 'colcon_pkg'
[4.566s] Level 1:colcon.colcon_core.package_identification:_identify(Library/Artifacts/56) by extensions ['colcon_meta']
[4.567s] Level 1:colcon.colcon_core.package_identification:_identify(Library/Artifacts/56) by extension 'colcon_meta'
[4.571s] Level 1:colcon.colcon_core.package_identification:_identify(Library/Artifacts/56) by extensions ['ros']
[4.572s] Level 1:colcon.colcon_core.package_identification:_identify(Library/Artifacts/56) by extension 'ros'
[4.580s] Level 1:colcon.colcon_core.package_identification:_identify(Library/Artifacts/56) by extensions ['cmake', 'python']
[4.581s] Level 1:colcon.colcon_core.package_identification:_identify(Library/Artifacts/56) by extension 'cmake'
[4.583s] Level 1:colcon.colcon_core.package_identification:_identify(Library/Artifacts/56) by extension 'python'
[4.585s] Level 1:colcon.colcon_core.package_identification:_identify(Library/Artifacts/56) by extensions ['python_setup_py']
[4.586s] Level 1:colcon.colcon_core.package_identification:_identify(Library/Artifacts/56) by extension 'python_setup_py'
[4.594s] Level 1:colcon.colcon_core.package_identification:_identify(Library/Artifacts/57) by extensions ['ignore', 'ignore_ament_install']
[4.595s] Level 1:colcon.colcon_core.package_identification:_identify(Library/Artifacts/57) by extension 'ignore'
[4.597s] Level 1:colcon.colcon_core.package_identification:_identify(Library/Artifacts/57) by extension 'ignore_ament_install'
[4.602s] Level 1:colcon.colcon_core.package_identification:_identify(Library/Artifacts/57) by extensions ['colcon_pkg']
[4.602s] Level 1:colcon.colcon_core.package_identification:_identify(Library/Artifacts/57) by extension 'colcon_pkg'
[4.605s] Level 1:colcon.colcon_core.package_identification:_identify(Library/Artifacts/57) by extensions ['colcon_meta']
[4.605s] Level 1:colcon.colcon_core.package_identification:_identify(Library/Artifacts/57) by extension 'colcon_meta'
[4.610s] Level 1:colcon.colcon_core.package_identification:_identify(Library/Artifacts/57) by extensions ['ros']
[4.611s] Level 1:colcon.colcon_core.package_identification:_identify(Library/Artifacts/57) by extension 'ros'
[4.619s] Level 1:colcon.colcon_core.package_identification:_identify(Library/Artifacts/57) by extensions ['cmake', 'python']
[4.620s] Level 1:colcon.colcon_core.package_identification:_identify(Library/Artifacts/57) by extension 'cmake'
[4.623s] Level 1:colcon.colcon_core.package_identification:_identify(Library/Artifacts/57) by extension 'python'
[4.625s] Level 1:colcon.colcon_core.package_identification:_identify(Library/Artifacts/57) by extensions ['python_setup_py']
[4.626s] Level 1:colcon.colcon_core.package_identification:_identify(Library/Artifacts/57) by extension 'python_setup_py'
[4.633s] Level 1:colcon.colcon_core.package_identification:_identify(Library/Artifacts/58) by extensions ['ignore', 'ignore_ament_install']
[4.634s] Level 1:colcon.colcon_core.package_identification:_identify(Library/Artifacts/58) by extension 'ignore'
[4.635s] Level 1:colcon.colcon_core.package_identification:_identify(Library/Artifacts/58) by extension 'ignore_ament_install'
[4.638s] Level 1:colcon.colcon_core.package_identification:_identify(Library/Artifacts/58) by extensions ['colcon_pkg']
[4.638s] Level 1:colcon.colcon_core.package_identification:_identify(Library/Artifacts/58) by extension 'colcon_pkg'
[4.640s] Level 1:colcon.colcon_core.package_identification:_identify(Library/Artifacts/58) by extensions ['colcon_meta']
[4.640s] Level 1:colcon.colcon_core.package_identification:_identify(Library/Artifacts/58) by extension 'colcon_meta'
[4.642s] Level 1:colcon.colcon_core.package_identification:_identify(Library/Artifacts/58) by extensions ['ros']
[4.643s] Level 1:colcon.colcon_core.package_identification:_identify(Library/Artifacts/58) by extension 'ros'
[4.649s] Level 1:colcon.colcon_core.package_identification:_identify(Library/Artifacts/58) by extensions ['cmake', 'python']
[4.650s] Level 1:colcon.colcon_core.package_identification:_identify(Library/Artifacts/58) by extension 'cmake'
[4.651s] Level 1:colcon.colcon_core.package_identification:_identify(Library/Artifacts/58) by extension 'python'
[4.653s] Level 1:colcon.colcon_core.package_identification:_identify(Library/Artifacts/58) by extensions ['python_setup_py']
[4.653s] Level 1:colcon.colcon_core.package_identification:_identify(Library/Artifacts/58) by extension 'python_setup_py'
[4.660s] Level 1:colcon.colcon_core.package_identification:_identify(Library/Artifacts/59) by extensions ['ignore', 'ignore_ament_install']
[4.661s] Level 1:colcon.colcon_core.package_identification:_identify(Library/Artifacts/59) by extension 'ignore'
[4.663s] Level 1:colcon.colcon_core.package_identification:_identify(Library/Artifacts/59) by extension 'ignore_ament_install'
[4.668s] Level 1:colcon.colcon_core.package_identification:_identify(Library/Artifacts/59) by extensions ['colcon_pkg']
[4.669s] Level 1:colcon.colcon_core.package_identification:_identify(Library/Artifacts/59) by extension 'colcon_pkg'
[4.671s] Level 1:colcon.colcon_core.package_identification:_identify(Library/Artifacts/59) by extensions ['colcon_meta']
[4.672s] Level 1:colcon.colcon_core.package_identification:_identify(Library/Artifacts/59) by extension 'colcon_meta'
[4.677s] Level 1:colcon.colcon_core.package_identification:_identify(Library/Artifacts/59) by extensions ['ros']
[4.678s] Level 1:colcon.colcon_core.package_identification:_identify(Library/Artifacts/59) by extension 'ros'
[4.686s] Level 1:colcon.colcon_core.package_identification:_identify(Library/Artifacts/59) by extensions ['cmake', 'python']
[4.687s] Level 1:colcon.colcon_core.package_identification:_identify(Library/Artifacts/59) by extension 'cmake'
[4.689s] Level 1:colcon.colcon_core.package_identification:_identify(Library/Artifacts/59) by extension 'python'
[4.692s] Level 1:colcon.colcon_core.package_identification:_identify(Library/Artifacts/59) by extensions ['python_setup_py']
[4.692s] Level 1:colcon.colcon_core.package_identification:_identify(Library/Artifacts/59) by extension 'python_setup_py'
[4.701s] Level 1:colcon.colcon_core.package_identification:_identify(Library/Artifacts/5a) by extensions ['ignore', 'ignore_ament_install']
[4.702s] Level 1:colcon.colcon_core.package_identification:_identify(Library/Artifacts/5a) by extension 'ignore'
[4.705s] Level 1:colcon.colcon_core.package_identification:_identify(Library/Artifacts/5a) by extension 'ignore_ament_install'
[4.709s] Level 1:colcon.colcon_core.package_identification:_identify(Library/Artifacts/5a) by extensions ['colcon_pkg']
[4.709s] Level 1:colcon.colcon_core.package_identification:_identify(Library/Artifacts/5a) by extension 'colcon_pkg'
[4.712s] Level 1:colcon.colcon_core.package_identification:_identify(Library/Artifacts/5a) by extensions ['colcon_meta']
[4.713s] Level 1:colcon.colcon_core.package_identification:_identify(Library/Artifacts/5a) by extension 'colcon_meta'
[4.718s] Level 1:colcon.colcon_core.package_identification:_identify(Library/Artifacts/5a) by extensions ['ros']
[4.718s] Level 1:colcon.colcon_core.package_identification:_identify(Library/Artifacts/5a) by extension 'ros'
[4.728s] Level 1:colcon.colcon_core.package_identification:_identify(Library/Artifacts/5a) by extensions ['cmake', 'python']
[4.729s] Level 1:colcon.colcon_core.package_identification:_identify(Library/Artifacts/5a) by extension 'cmake'
[4.732s] Level 1:colcon.colcon_core.package_identification:_identify(Library/Artifacts/5a) by extension 'python'
[4.735s] Level 1:colcon.colcon_core.package_identification:_identify(Library/Artifacts/5a) by extensions ['python_setup_py']
[4.736s] Level 1:colcon.colcon_core.package_identification:_identify(Library/Artifacts/5a) by extension 'python_setup_py'
[4.745s] Level 1:colcon.colcon_core.package_identification:_identify(Library/Artifacts/5b) by extensions ['ignore', 'ignore_ament_install']
[4.746s] Level 1:colcon.colcon_core.package_identification:_identify(Library/Artifacts/5b) by extension 'ignore'
[4.748s] Level 1:colcon.colcon_core.package_identification:_identify(Library/Artifacts/5b) by extension 'ignore_ament_install'
[4.751s] Level 1:colcon.colcon_core.package_identification:_identify(Library/Artifacts/5b) by extensions ['colcon_pkg']
[4.752s] Level 1:colcon.colcon_core.package_identification:_identify(Library/Artifacts/5b) by extension 'colcon_pkg'
[4.754s] Level 1:colcon.colcon_core.package_identification:_identify(Library/Artifacts/5b) by extensions ['colcon_meta']
[4.755s] Level 1:colcon.colcon_core.package_identification:_identify(Library/Artifacts/5b) by extension 'colcon_meta'
[4.759s] Level 1:colcon.colcon_core.package_identification:_identify(Library/Artifacts/5b) by extensions ['ros']
[4.760s] Level 1:colcon.colcon_core.package_identification:_identify(Library/Artifacts/5b) by extension 'ros'
[4.768s] Level 1:colcon.colcon_core.package_identification:_identify(Library/Artifacts/5b) by extensions ['cmake', 'python']
[4.768s] Level 1:colcon.colcon_core.package_identification:_identify(Library/Artifacts/5b) by extension 'cmake'
[4.771s] Level 1:colcon.colcon_core.package_identification:_identify(Library/Artifacts/5b) by extension 'python'
[4.773s] Level 1:colcon.colcon_core.package_identification:_identify(Library/Artifacts/5b) by extensions ['python_setup_py']
[4.774s] Level 1:colcon.colcon_core.package_identification:_identify(Library/Artifacts/5b) by extension 'python_setup_py'
[4.784s] Level 1:colcon.colcon_core.package_identification:_identify(Library/Artifacts/5c) by extensions ['ignore', 'ignore_ament_install']
[4.785s] Level 1:colcon.colcon_core.package_identification:_identify(Library/Artifacts/5c) by extension 'ignore'
[4.787s] Level 1:colcon.colcon_core.package_identification:_identify(Library/Artifacts/5c) by extension 'ignore_ament_install'
[4.791s] Level 1:colcon.colcon_core.package_identification:_identify(Library/Artifacts/5c) by extensions ['colcon_pkg']
[4.792s] Level 1:colcon.colcon_core.package_identification:_identify(Library/Artifacts/5c) by extension 'colcon_pkg'
[4.795s] Level 1:colcon.colcon_core.package_identification:_identify(Library/Artifacts/5c) by extensions ['colcon_meta']
[4.796s] Level 1:colcon.colcon_core.package_identification:_identify(Library/Artifacts/5c) by extension 'colcon_meta'
[4.800s] Level 1:colcon.colcon_core.package_identification:_identify(Library/Artifacts/5c) by extensions ['ros']
[4.801s] Level 1:colcon.colcon_core.package_identification:_identify(Library/Artifacts/5c) by extension 'ros'
[4.809s] Level 1:colcon.colcon_core.package_identification:_identify(Library/Artifacts/5c) by extensions ['cmake', 'python']
[4.810s] Level 1:colcon.colcon_core.package_identification:_identify(Library/Artifacts/5c) by extension 'cmake'
[4.813s] Level 1:colcon.colcon_core.package_identification:_identify(Library/Artifacts/5c) by extension 'python'
[4.815s] Level 1:colcon.colcon_core.package_identification:_identify(Library/Artifacts/5c) by extensions ['python_setup_py']
[4.816s] Level 1:colcon.colcon_core.package_identification:_identify(Library/Artifacts/5c) by extension 'python_setup_py'
[4.824s] Level 1:colcon.colcon_core.package_identification:_identify(Library/Artifacts/5d) by extensions ['ignore', 'ignore_ament_install']
[4.825s] Level 1:colcon.colcon_core.package_identification:_identify(Library/Artifacts/5d) by extension 'ignore'
[4.827s] Level 1:colcon.colcon_core.package_identification:_identify(Library/Artifacts/5d) by extension 'ignore_ament_install'
[4.829s] Level 1:colcon.colcon_core.package_identification:_identify(Library/Artifacts/5d) by extensions ['colcon_pkg']
[4.829s] Level 1:colcon.colcon_core.package_identification:_identify(Library/Artifacts/5d) by extension 'colcon_pkg'
[4.832s] Level 1:colcon.colcon_core.package_identification:_identify(Library/Artifacts/5d) by extensions ['colcon_meta']
[4.833s] Level 1:colcon.colcon_core.package_identification:_identify(Library/Artifacts/5d) by extension 'colcon_meta'
[4.837s] Level 1:colcon.colcon_core.package_identification:_identify(Library/Artifacts/5d) by extensions ['ros']
[4.838s] Level 1:colcon.colcon_core.package_identification:_identify(Library/Artifacts/5d) by extension 'ros'
[4.848s] Level 1:colcon.colcon_core.package_identification:_identify(Library/Artifacts/5d) by extensions ['cmake', 'python']
[4.849s] Level 1:colcon.colcon_core.package_identification:_identify(Library/Artifacts/5d) by extension 'cmake'
[4.852s] Level 1:colcon.colcon_core.package_identification:_identify(Library/Artifacts/5d) by extension 'python'
[4.854s] Level 1:colcon.colcon_core.package_identification:_identify(Library/Artifacts/5d) by extensions ['python_setup_py']
[4.855s] Level 1:colcon.colcon_core.package_identification:_identify(Library/Artifacts/5d) by extension 'python_setup_py'
[4.865s] Level 1:colcon.colcon_core.package_identification:_identify(Library/Artifacts/5e) by extensions ['ignore', 'ignore_ament_install']
[4.866s] Level 1:colcon.colcon_core.package_identification:_identify(Library/Artifacts/5e) by extension 'ignore'
[4.868s] Level 1:colcon.colcon_core.package_identification:_identify(Library/Artifacts/5e) by extension 'ignore_ament_install'
[4.872s] Level 1:colcon.colcon_core.package_identification:_identify(Library/Artifacts/5e) by extensions ['colcon_pkg']
[4.873s] Level 1:colcon.colcon_core.package_identification:_identify(Library/Artifacts/5e) by extension 'colcon_pkg'
[4.876s] Level 1:colcon.colcon_core.package_identification:_identify(Library/Artifacts/5e) by extensions ['colcon_meta']
[4.877s] Level 1:colcon.colcon_core.package_identification:_identify(Library/Artifacts/5e) by extension 'colcon_meta'
[4.881s] Level 1:colcon.colcon_core.package_identification:_identify(Library/Artifacts/5e) by extensions ['ros']
[4.882s] Level 1:colcon.colcon_core.package_identification:_identify(Library/Artifacts/5e) by extension 'ros'
[4.891s] Level 1:colcon.colcon_core.package_identification:_identify(Library/Artifacts/5e) by extensions ['cmake', 'python']
[4.891s] Level 1:colcon.colcon_core.package_identification:_identify(Library/Artifacts/5e) by extension 'cmake'
[4.893s] Level 1:colcon.colcon_core.package_identification:_identify(Library/Artifacts/5e) by extension 'python'
[4.896s] Level 1:colcon.colcon_core.package_identification:_identify(Library/Artifacts/5e) by extensions ['python_setup_py']
[4.897s] Level 1:colcon.colcon_core.package_identification:_identify(Library/Artifacts/5e) by extension 'python_setup_py'
[4.903s] Level 1:colcon.colcon_core.package_identification:_identify(Library/Artifacts/5f) by extensions ['ignore', 'ignore_ament_install']
[4.904s] Level 1:colcon.colcon_core.package_identification:_identify(Library/Artifacts/5f) by extension 'ignore'
[4.907s] Level 1:colcon.colcon_core.package_identification:_identify(Library/Artifacts/5f) by extension 'ignore_ament_install'
[4.911s] Level 1:colcon.colcon_core.package_identification:_identify(Library/Artifacts/5f) by extensions ['colcon_pkg']
[4.912s] Level 1:colcon.colcon_core.package_identification:_identify(Library/Artifacts/5f) by extension 'colcon_pkg'
[4.915s] Level 1:colcon.colcon_core.package_identification:_identify(Library/Artifacts/5f) by extensions ['colcon_meta']
[4.916s] Level 1:colcon.colcon_core.package_identification:_identify(Library/Artifacts/5f) by extension 'colcon_meta'
[4.921s] Level 1:colcon.colcon_core.package_identification:_identify(Library/Artifacts/5f) by extensions ['ros']
[4.922s] Level 1:colcon.colcon_core.package_identification:_identify(Library/Artifacts/5f) by extension 'ros'
[4.931s] Level 1:colcon.colcon_core.package_identification:_identify(Library/Artifacts/5f) by extensions ['cmake', 'python']
[4.932s] Level 1:colcon.colcon_core.package_identification:_identify(Library/Artifacts/5f) by extension 'cmake'
[4.935s] Level 1:colcon.colcon_core.package_identification:_identify(Library/Artifacts/5f) by extension 'python'
[4.937s] Level 1:colcon.colcon_core.package_identification:_identify(Library/Artifacts/5f) by extensions ['python_setup_py']
[4.938s] Level 1:colcon.colcon_core.package_identification:_identify(Library/Artifacts/5f) by extension 'python_setup_py'
[4.948s] Level 1:colcon.colcon_core.package_identification:_identify(Library/Artifacts/60) by extensions ['ignore', 'ignore_ament_install']
[4.949s] Level 1:colcon.colcon_core.package_identification:_identify(Library/Artifacts/60) by extension 'ignore'
[4.953s] Level 1:colcon.colcon_core.package_identification:_identify(Library/Artifacts/60) by extension 'ignore_ament_install'
[4.957s] Level 1:colcon.colcon_core.package_identification:_identify(Library/Artifacts/60) by extensions ['colcon_pkg']
[4.958s] Level 1:colcon.colcon_core.package_identification:_identify(Library/Artifacts/60) by extension 'colcon_pkg'
[4.960s] Level 1:colcon.colcon_core.package_identification:_identify(Library/Artifacts/60) by extensions ['colcon_meta']
[4.961s] Level 1:colcon.colcon_core.package_identification:_identify(Library/Artifacts/60) by extension 'colcon_meta'
[4.966s] Level 1:colcon.colcon_core.package_identification:_identify(Library/Artifacts/60) by extensions ['ros']
[4.967s] Level 1:colcon.colcon_core.package_identification:_identify(Library/Artifacts/60) by extension 'ros'
[4.980s] Level 1:colcon.colcon_core.package_identification:_identify(Library/Artifacts/60) by extensions ['cmake', 'python']
[4.981s] Level 1:colcon.colcon_core.package_identification:_identify(Library/Artifacts/60) by extension 'cmake'
[4.983s] Level 1:colcon.colcon_core.package_identification:_identify(Library/Artifacts/60) by extension 'python'
[4.986s] Level 1:colcon.colcon_core.package_identification:_identify(Library/Artifacts/60) by extensions ['python_setup_py']
[4.987s] Level 1:colcon.colcon_core.package_identification:_identify(Library/Artifacts/60) by extension 'python_setup_py'
[4.996s] Level 1:colcon.colcon_core.package_identification:_identify(Library/Artifacts/61) by extensions ['ignore', 'ignore_ament_install']
[4.997s] Level 1:colcon.colcon_core.package_identification:_identify(Library/Artifacts/61) by extension 'ignore'
[4.999s] Level 1:colcon.colcon_core.package_identification:_identify(Library/Artifacts/61) by extension 'ignore_ament_install'
[5.002s] Level 1:colcon.colcon_core.package_identification:_identify(Library/Artifacts/61) by extensions ['colcon_pkg']
[5.003s] Level 1:colcon.colcon_core.package_identification:_identify(Library/Artifacts/61) by extension 'colcon_pkg'
[5.005s] Level 1:colcon.colcon_core.package_identification:_identify(Library/Artifacts/61) by extensions ['colcon_meta']
[5.005s] Level 1:colcon.colcon_core.package_identification:_identify(Library/Artifacts/61) by extension 'colcon_meta'
[5.009s] Level 1:colcon.colcon_core.package_identification:_identify(Library/Artifacts/61) by extensions ['ros']
[5.010s] Level 1:colcon.colcon_core.package_identification:_identify(Library/Artifacts/61) by extension 'ros'
[5.018s] Level 1:colcon.colcon_core.package_identification:_identify(Library/Artifacts/61) by extensions ['cmake', 'python']
[5.019s] Level 1:colcon.colcon_core.package_identification:_identify(Library/Artifacts/61) by extension 'cmake'
[5.021s] Level 1:colcon.colcon_core.package_identification:_identify(Library/Artifacts/61) by extension 'python'
[5.023s] Level 1:colcon.colcon_core.package_identification:_identify(Library/Artifacts/61) by extensions ['python_setup_py']
[5.024s] Level 1:colcon.colcon_core.package_identification:_identify(Library/Artifacts/61) by extension 'python_setup_py'
[5.033s] Level 1:colcon.colcon_core.package_identification:_identify(Library/Artifacts/62) by extensions ['ignore', 'ignore_ament_install']
[5.033s] Level 1:colcon.colcon_core.package_identification:_identify(Library/Artifacts/62) by extension 'ignore'
[5.036s] Level 1:colcon.colcon_core.package_identification:_identify(Library/Artifacts/62) by extension 'ignore_ament_install'
[5.041s] Level 1:colcon.colcon_core.package_identification:_identify(Library/Artifacts/62) by extensions ['colcon_pkg']
[5.042s] Level 1:colcon.colcon_core.package_identification:_identify(Library/Artifacts/62) by extension 'colcon_pkg'
[5.045s] Level 1:colcon.colcon_core.package_identification:_identify(Library/Artifacts/62) by extensions ['colcon_meta']
[5.045s] Level 1:colcon.colcon_core.package_identification:_identify(Library/Artifacts/62) by extension 'colcon_meta'
[5.049s] Level 1:colcon.colcon_core.package_identification:_identify(Library/Artifacts/62) by extensions ['ros']
[5.050s] Level 1:colcon.colcon_core.package_identification:_identify(Library/Artifacts/62) by extension 'ros'
[5.059s] Level 1:colcon.colcon_core.package_identification:_identify(Library/Artifacts/62) by extensions ['cmake', 'python']
[5.060s] Level 1:colcon.colcon_core.package_identification:_identify(Library/Artifacts/62) by extension 'cmake'
[5.063s] Level 1:colcon.colcon_core.package_identification:_identify(Library/Artifacts/62) by extension 'python'
[5.065s] Level 1:colcon.colcon_core.package_identification:_identify(Library/Artifacts/62) by extensions ['python_setup_py']
[5.066s] Level 1:colcon.colcon_core.package_identification:_identify(Library/Artifacts/62) by extension 'python_setup_py'
[5.075s] Level 1:colcon.colcon_core.package_identification:_identify(Library/Artifacts/63) by extensions ['ignore', 'ignore_ament_install']
[5.075s] Level 1:colcon.colcon_core.package_identification:_identify(Library/Artifacts/63) by extension 'ignore'
[5.078s] Level 1:colcon.colcon_core.package_identification:_identify(Library/Artifacts/63) by extension 'ignore_ament_install'
[5.082s] Level 1:colcon.colcon_core.package_identification:_identify(Library/Artifacts/63) by extensions ['colcon_pkg']
[5.083s] Level 1:colcon.colcon_core.package_identification:_identify(Library/Artifacts/63) by extension 'colcon_pkg'
[5.085s] Level 1:colcon.colcon_core.package_identification:_identify(Library/Artifacts/63) by extensions ['colcon_meta']
[5.086s] Level 1:colcon.colcon_core.package_identification:_identify(Library/Artifacts/63) by extension 'colcon_meta'
[5.090s] Level 1:colcon.colcon_core.package_identification:_identify(Library/Artifacts/63) by extensions ['ros']
[5.090s] Level 1:colcon.colcon_core.package_identification:_identify(Library/Artifacts/63) by extension 'ros'
[5.099s] Level 1:colcon.colcon_core.package_identification:_identify(Library/Artifacts/63) by extensions ['cmake', 'python']
[5.100s] Level 1:colcon.colcon_core.package_identification:_identify(Library/Artifacts/63) by extension 'cmake'
[5.102s] Level 1:colcon.colcon_core.package_identification:_identify(Library/Artifacts/63) by extension 'python'
[5.104s] Level 1:colcon.colcon_core.package_identification:_identify(Library/Artifacts/63) by extensions ['python_setup_py']
[5.105s] Level 1:colcon.colcon_core.package_identification:_identify(Library/Artifacts/63) by extension 'python_setup_py'
[5.113s] Level 1:colcon.colcon_core.package_identification:_identify(Library/Artifacts/64) by extensions ['ignore', 'ignore_ament_install']
[5.114s] Level 1:colcon.colcon_core.package_identification:_identify(Library/Artifacts/64) by extension 'ignore'
[5.116s] Level 1:colcon.colcon_core.package_identification:_identify(Library/Artifacts/64) by extension 'ignore_ament_install'
[5.120s] Level 1:colcon.colcon_core.package_identification:_identify(Library/Artifacts/64) by extensions ['colcon_pkg']
[5.121s] Level 1:colcon.colcon_core.package_identification:_identify(Library/Artifacts/64) by extension 'colcon_pkg'
[5.124s] Level 1:colcon.colcon_core.package_identification:_identify(Library/Artifacts/64) by extensions ['colcon_meta']
[5.124s] Level 1:colcon.colcon_core.package_identification:_identify(Library/Artifacts/64) by extension 'colcon_meta'
[5.131s] Level 1:colcon.colcon_core.package_identification:_identify(Library/Artifacts/64) by extensions ['ros']
[5.131s] Level 1:colcon.colcon_core.package_identification:_identify(Library/Artifacts/64) by extension 'ros'
[5.141s] Level 1:colcon.colcon_core.package_identification:_identify(Library/Artifacts/64) by extensions ['cmake', 'python']
[5.142s] Level 1:colcon.colcon_core.package_identification:_identify(Library/Artifacts/64) by extension 'cmake'
[5.144s] Level 1:colcon.colcon_core.package_identification:_identify(Library/Artifacts/64) by extension 'python'
[5.147s] Level 1:colcon.colcon_core.package_identification:_identify(Library/Artifacts/64) by extensions ['python_setup_py']
[5.148s] Level 1:colcon.colcon_core.package_identification:_identify(Library/Artifacts/64) by extension 'python_setup_py'
[5.157s] Level 1:colcon.colcon_core.package_identification:_identify(Library/Artifacts/65) by extensions ['ignore', 'ignore_ament_install']
[5.158s] Level 1:colcon.colcon_core.package_identification:_identify(Library/Artifacts/65) by extension 'ignore'
[5.160s] Level 1:colcon.colcon_core.package_identification:_identify(Library/Artifacts/65) by extension 'ignore_ament_install'
[5.164s] Level 1:colcon.colcon_core.package_identification:_identify(Library/Artifacts/65) by extensions ['colcon_pkg']
[5.165s] Level 1:colcon.colcon_core.package_identification:_identify(Library/Artifacts/65) by extension 'colcon_pkg'
[5.167s] Level 1:colcon.colcon_core.package_identification:_identify(Library/Artifacts/65) by extensions ['colcon_meta']
[5.168s] Level 1:colcon.colcon_core.package_identification:_identify(Library/Artifacts/65) by extension 'colcon_meta'
[5.172s] Level 1:colcon.colcon_core.package_identification:_identify(Library/Artifacts/65) by extensions ['ros']
[5.173s] Level 1:colcon.colcon_core.package_identification:_identify(Library/Artifacts/65) by extension 'ros'
[5.182s] Level 1:colcon.colcon_core.package_identification:_identify(Library/Artifacts/65) by extensions ['cmake', 'python']
[5.183s] Level 1:colcon.colcon_core.package_identification:_identify(Library/Artifacts/65) by extension 'cmake'
[5.185s] Level 1:colcon.colcon_core.package_identification:_identify(Library/Artifacts/65) by extension 'python'
[5.187s] Level 1:colcon.colcon_core.package_identification:_identify(Library/Artifacts/65) by extensions ['python_setup_py']
[5.187s] Level 1:colcon.colcon_core.package_identification:_identify(Library/Artifacts/65) by extension 'python_setup_py'
[5.196s] Level 1:colcon.colcon_core.package_identification:_identify(Library/Artifacts/66) by extensions ['ignore', 'ignore_ament_install']
[5.197s] Level 1:colcon.colcon_core.package_identification:_identify(Library/Artifacts/66) by extension 'ignore'
[5.199s] Level 1:colcon.colcon_core.package_identification:_identify(Library/Artifacts/66) by extension 'ignore_ament_install'
[5.203s] Level 1:colcon.colcon_core.package_identification:_identify(Library/Artifacts/66) by extensions ['colcon_pkg']
[5.204s] Level 1:colcon.colcon_core.package_identification:_identify(Library/Artifacts/66) by extension 'colcon_pkg'
[5.206s] Level 1:colcon.colcon_core.package_identification:_identify(Library/Artifacts/66) by extensions ['colcon_meta']
[5.207s] Level 1:colcon.colcon_core.package_identification:_identify(Library/Artifacts/66) by extension 'colcon_meta'
[5.211s] Level 1:colcon.colcon_core.package_identification:_identify(Library/Artifacts/66) by extensions ['ros']
[5.212s] Level 1:colcon.colcon_core.package_identification:_identify(Library/Artifacts/66) by extension 'ros'
[5.221s] Level 1:colcon.colcon_core.package_identification:_identify(Library/Artifacts/66) by extensions ['cmake', 'python']
[5.222s] Level 1:colcon.colcon_core.package_identification:_identify(Library/Artifacts/66) by extension 'cmake'
[5.225s] Level 1:colcon.colcon_core.package_identification:_identify(Library/Artifacts/66) by extension 'python'
[5.227s] Level 1:colcon.colcon_core.package_identification:_identify(Library/Artifacts/66) by extensions ['python_setup_py']
[5.228s] Level 1:colcon.colcon_core.package_identification:_identify(Library/Artifacts/66) by extension 'python_setup_py'
[5.237s] Level 1:colcon.colcon_core.package_identification:_identify(Library/Artifacts/67) by extensions ['ignore', 'ignore_ament_install']
[5.238s] Level 1:colcon.colcon_core.package_identification:_identify(Library/Artifacts/67) by extension 'ignore'
[5.240s] Level 1:colcon.colcon_core.package_identification:_identify(Library/Artifacts/67) by extension 'ignore_ament_install'
[5.244s] Level 1:colcon.colcon_core.package_identification:_identify(Library/Artifacts/67) by extensions ['colcon_pkg']
[5.245s] Level 1:colcon.colcon_core.package_identification:_identify(Library/Artifacts/67) by extension 'colcon_pkg'
[5.247s] Level 1:colcon.colcon_core.package_identification:_identify(Library/Artifacts/67) by extensions ['colcon_meta']
[5.248s] Level 1:colcon.colcon_core.package_identification:_identify(Library/Artifacts/67) by extension 'colcon_meta'
[5.254s] Level 1:colcon.colcon_core.package_identification:_identify(Library/Artifacts/67) by extensions ['ros']
[5.255s] Level 1:colcon.colcon_core.package_identification:_identify(Library/Artifacts/67) by extension 'ros'
[5.264s] Level 1:colcon.colcon_core.package_identification:_identify(Library/Artifacts/67) by extensions ['cmake', 'python']
[5.265s] Level 1:colcon.colcon_core.package_identification:_identify(Library/Artifacts/67) by extension 'cmake'
[5.267s] Level 1:colcon.colcon_core.package_identification:_identify(Library/Artifacts/67) by extension 'python'
[5.269s] Level 1:colcon.colcon_core.package_identification:_identify(Library/Artifacts/67) by extensions ['python_setup_py']
[5.270s] Level 1:colcon.colcon_core.package_identification:_identify(Library/Artifacts/67) by extension 'python_setup_py'
[5.277s] Level 1:colcon.colcon_core.package_identification:_identify(Library/Artifacts/68) by extensions ['ignore', 'ignore_ament_install']
[5.277s] Level 1:colcon.colcon_core.package_identification:_identify(Library/Artifacts/68) by extension 'ignore'
[5.280s] Level 1:colcon.colcon_core.package_identification:_identify(Library/Artifacts/68) by extension 'ignore_ament_install'
[5.284s] Level 1:colcon.colcon_core.package_identification:_identify(Library/Artifacts/68) by extensions ['colcon_pkg']
[5.284s] Level 1:colcon.colcon_core.package_identification:_identify(Library/Artifacts/68) by extension 'colcon_pkg'
[5.287s] Level 1:colcon.colcon_core.package_identification:_identify(Library/Artifacts/68) by extensions ['colcon_meta']
[5.287s] Level 1:colcon.colcon_core.package_identification:_identify(Library/Artifacts/68) by extension 'colcon_meta'
[5.291s] Level 1:colcon.colcon_core.package_identification:_identify(Library/Artifacts/68) by extensions ['ros']
[5.292s] Level 1:colcon.colcon_core.package_identification:_identify(Library/Artifacts/68) by extension 'ros'
[5.301s] Level 1:colcon.colcon_core.package_identification:_identify(Library/Artifacts/68) by extensions ['cmake', 'python']
[5.302s] Level 1:colcon.colcon_core.package_identification:_identify(Library/Artifacts/68) by extension 'cmake'
[5.304s] Level 1:colcon.colcon_core.package_identification:_identify(Library/Artifacts/68) by extension 'python'
[5.307s] Level 1:colcon.colcon_core.package_identification:_identify(Library/Artifacts/68) by extensions ['python_setup_py']
[5.308s] Level 1:colcon.colcon_core.package_identification:_identify(Library/Artifacts/68) by extension 'python_setup_py'
[5.318s] Level 1:colcon.colcon_core.package_identification:_identify(Library/Artifacts/69) by extensions ['ignore', 'ignore_ament_install']
[5.318s] Level 1:colcon.colcon_core.package_identification:_identify(Library/Artifacts/69) by extension 'ignore'
[5.321s] Level 1:colcon.colcon_core.package_identification:_identify(Library/Artifacts/69) by extension 'ignore_ament_install'
[5.323s] Level 1:colcon.colcon_core.package_identification:_identify(Library/Artifacts/69) by extensions ['colcon_pkg']
[5.324s] Level 1:colcon.colcon_core.package_identification:_identify(Library/Artifacts/69) by extension 'colcon_pkg'
[5.326s] Level 1:colcon.colcon_core.package_identification:_identify(Library/Artifacts/69) by extensions ['colcon_meta']
[5.327s] Level 1:colcon.colcon_core.package_identification:_identify(Library/Artifacts/69) by extension 'colcon_meta'
[5.331s] Level 1:colcon.colcon_core.package_identification:_identify(Library/Artifacts/69) by extensions ['ros']
[5.331s] Level 1:colcon.colcon_core.package_identification:_identify(Library/Artifacts/69) by extension 'ros'
[5.340s] Level 1:colcon.colcon_core.package_identification:_identify(Library/Artifacts/69) by extensions ['cmake', 'python']
[5.341s] Level 1:colcon.colcon_core.package_identification:_identify(Library/Artifacts/69) by extension 'cmake'
[5.343s] Level 1:colcon.colcon_core.package_identification:_identify(Library/Artifacts/69) by extension 'python'
[5.345s] Level 1:colcon.colcon_core.package_identification:_identify(Library/Artifacts/69) by extensions ['python_setup_py']
[5.346s] Level 1:colcon.colcon_core.package_identification:_identify(Library/Artifacts/69) by extension 'python_setup_py'
[5.358s] Level 1:colcon.colcon_core.package_identification:_identify(Library/Artifacts/6a) by extensions ['ignore', 'ignore_ament_install']
[5.359s] Level 1:colcon.colcon_core.package_identification:_identify(Library/Artifacts/6a) by extension 'ignore'
[5.361s] Level 1:colcon.colcon_core.package_identification:_identify(Library/Artifacts/6a) by extension 'ignore_ament_install'
[5.365s] Level 1:colcon.colcon_core.package_identification:_identify(Library/Artifacts/6a) by extensions ['colcon_pkg']
[5.366s] Level 1:colcon.colcon_core.package_identification:_identify(Library/Artifacts/6a) by extension 'colcon_pkg'
[5.368s] Level 1:colcon.colcon_core.package_identification:_identify(Library/Artifacts/6a) by extensions ['colcon_meta']
[5.369s] Level 1:colcon.colcon_core.package_identification:_identify(Library/Artifacts/6a) by extension 'colcon_meta'
[5.374s] Level 1:colcon.colcon_core.package_identification:_identify(Library/Artifacts/6a) by extensions ['ros']
[5.375s] Level 1:colcon.colcon_core.package_identification:_identify(Library/Artifacts/6a) by extension 'ros'
[5.383s] Level 1:colcon.colcon_core.package_identification:_identify(Library/Artifacts/6a) by extensions ['cmake', 'python']
[5.384s] Level 1:colcon.colcon_core.package_identification:_identify(Library/Artifacts/6a) by extension 'cmake'
[5.386s] Level 1:colcon.colcon_core.package_identification:_identify(Library/Artifacts/6a) by extension 'python'
[5.389s] Level 1:colcon.colcon_core.package_identification:_identify(Library/Artifacts/6a) by extensions ['python_setup_py']
[5.390s] Level 1:colcon.colcon_core.package_identification:_identify(Library/Artifacts/6a) by extension 'python_setup_py'
[5.399s] Level 1:colcon.colcon_core.package_identification:_identify(Library/Artifacts/6b) by extensions ['ignore', 'ignore_ament_install']
[5.400s] Level 1:colcon.colcon_core.package_identification:_identify(Library/Artifacts/6b) by extension 'ignore'
[5.402s] Level 1:colcon.colcon_core.package_identification:_identify(Library/Artifacts/6b) by extension 'ignore_ament_install'
[5.407s] Level 1:colcon.colcon_core.package_identification:_identify(Library/Artifacts/6b) by extensions ['colcon_pkg']
[5.407s] Level 1:colcon.colcon_core.package_identification:_identify(Library/Artifacts/6b) by extension 'colcon_pkg'
[5.410s] Level 1:colcon.colcon_core.package_identification:_identify(Library/Artifacts/6b) by extensions ['colcon_meta']
[5.410s] Level 1:colcon.colcon_core.package_identification:_identify(Library/Artifacts/6b) by extension 'colcon_meta'
[5.414s] Level 1:colcon.colcon_core.package_identification:_identify(Library/Artifacts/6b) by extensions ['ros']
[5.415s] Level 1:colcon.colcon_core.package_identification:_identify(Library/Artifacts/6b) by extension 'ros'
[5.424s] Level 1:colcon.colcon_core.package_identification:_identify(Library/Artifacts/6b) by extensions ['cmake', 'python']
[5.425s] Level 1:colcon.colcon_core.package_identification:_identify(Library/Artifacts/6b) by extension 'cmake'
[5.427s] Level 1:colcon.colcon_core.package_identification:_identify(Library/Artifacts/6b) by extension 'python'
[5.430s] Level 1:colcon.colcon_core.package_identification:_identify(Library/Artifacts/6b) by extensions ['python_setup_py']
[5.431s] Level 1:colcon.colcon_core.package_identification:_identify(Library/Artifacts/6b) by extension 'python_setup_py'
[5.439s] Level 1:colcon.colcon_core.package_identification:_identify(Library/Artifacts/6c) by extensions ['ignore', 'ignore_ament_install']
[5.440s] Level 1:colcon.colcon_core.package_identification:_identify(Library/Artifacts/6c) by extension 'ignore'
[5.443s] Level 1:colcon.colcon_core.package_identification:_identify(Library/Artifacts/6c) by extension 'ignore_ament_install'
[5.447s] Level 1:colcon.colcon_core.package_identification:_identify(Library/Artifacts/6c) by extensions ['colcon_pkg']
[5.448s] Level 1:colcon.colcon_core.package_identification:_identify(Library/Artifacts/6c) by extension 'colcon_pkg'
[5.451s] Level 1:colcon.colcon_core.package_identification:_identify(Library/Artifacts/6c) by extensions ['colcon_meta']
[5.451s] Level 1:colcon.colcon_core.package_identification:_identify(Library/Artifacts/6c) by extension 'colcon_meta'
[5.456s] Level 1:colcon.colcon_core.package_identification:_identify(Library/Artifacts/6c) by extensions ['ros']
[5.457s] Level 1:colcon.colcon_core.package_identification:_identify(Library/Artifacts/6c) by extension 'ros'
[5.467s] Level 1:colcon.colcon_core.package_identification:_identify(Library/Artifacts/6c) by extensions ['cmake', 'python']
[5.467s] Level 1:colcon.colcon_core.package_identification:_identify(Library/Artifacts/6c) by extension 'cmake'
[5.469s] Level 1:colcon.colcon_core.package_identification:_identify(Library/Artifacts/6c) by extension 'python'
[5.473s] Level 1:colcon.colcon_core.package_identification:_identify(Library/Artifacts/6c) by extensions ['python_setup_py']
[5.473s] Level 1:colcon.colcon_core.package_identification:_identify(Library/Artifacts/6c) by extension 'python_setup_py'
[5.483s] Level 1:colcon.colcon_core.package_identification:_identify(Library/Artifacts/6d) by extensions ['ignore', 'ignore_ament_install']
[5.484s] Level 1:colcon.colcon_core.package_identification:_identify(Library/Artifacts/6d) by extension 'ignore'
[5.487s] Level 1:colcon.colcon_core.package_identification:_identify(Library/Artifacts/6d) by extension 'ignore_ament_install'
[5.491s] Level 1:colcon.colcon_core.package_identification:_identify(Library/Artifacts/6d) by extensions ['colcon_pkg']
[5.492s] Level 1:colcon.colcon_core.package_identification:_identify(Library/Artifacts/6d) by extension 'colcon_pkg'
[5.494s] Level 1:colcon.colcon_core.package_identification:_identify(Library/Artifacts/6d) by extensions ['colcon_meta']
[5.495s] Level 1:colcon.colcon_core.package_identification:_identify(Library/Artifacts/6d) by extension 'colcon_meta'
[5.499s] Level 1:colcon.colcon_core.package_identification:_identify(Library/Artifacts/6d) by extensions ['ros']
[5.500s] Level 1:colcon.colcon_core.package_identification:_identify(Library/Artifacts/6d) by extension 'ros'
[5.509s] Level 1:colcon.colcon_core.package_identification:_identify(Library/Artifacts/6d) by extensions ['cmake', 'python']
[5.510s] Level 1:colcon.colcon_core.package_identification:_identify(Library/Artifacts/6d) by extension 'cmake'
[5.512s] Level 1:colcon.colcon_core.package_identification:_identify(Library/Artifacts/6d) by extension 'python'
[5.515s] Level 1:colcon.colcon_core.package_identification:_identify(Library/Artifacts/6d) by extensions ['python_setup_py']
[5.515s] Level 1:colcon.colcon_core.package_identification:_identify(Library/Artifacts/6d) by extension 'python_setup_py'
[5.524s] Level 1:colcon.colcon_core.package_identification:_identify(Library/Artifacts/6e) by extensions ['ignore', 'ignore_ament_install']
[5.524s] Level 1:colcon.colcon_core.package_identification:_identify(Library/Artifacts/6e) by extension 'ignore'
[5.527s] Level 1:colcon.colcon_core.package_identification:_identify(Library/Artifacts/6e) by extension 'ignore_ament_install'
[5.531s] Level 1:colcon.colcon_core.package_identification:_identify(Library/Artifacts/6e) by extensions ['colcon_pkg']
[5.531s] Level 1:colcon.colcon_core.package_identification:_identify(Library/Artifacts/6e) by extension 'colcon_pkg'
[5.534s] Level 1:colcon.colcon_core.package_identification:_identify(Library/Artifacts/6e) by extensions ['colcon_meta']
[5.534s] Level 1:colcon.colcon_core.package_identification:_identify(Library/Artifacts/6e) by extension 'colcon_meta'
[5.539s] Level 1:colcon.colcon_core.package_identification:_identify(Library/Artifacts/6e) by extensions ['ros']
[5.540s] Level 1:colcon.colcon_core.package_identification:_identify(Library/Artifacts/6e) by extension 'ros'
[5.548s] Level 1:colcon.colcon_core.package_identification:_identify(Library/Artifacts/6e) by extensions ['cmake', 'python']
[5.549s] Level 1:colcon.colcon_core.package_identification:_identify(Library/Artifacts/6e) by extension 'cmake'
[5.551s] Level 1:colcon.colcon_core.package_identification:_identify(Library/Artifacts/6e) by extension 'python'
[5.553s] Level 1:colcon.colcon_core.package_identification:_identify(Library/Artifacts/6e) by extensions ['python_setup_py']
[5.554s] Level 1:colcon.colcon_core.package_identification:_identify(Library/Artifacts/6e) by extension 'python_setup_py'
[5.564s] Level 1:colcon.colcon_core.package_identification:_identify(Library/Artifacts/6f) by extensions ['ignore', 'ignore_ament_install']
[5.565s] Level 1:colcon.colcon_core.package_identification:_identify(Library/Artifacts/6f) by extension 'ignore'
[5.567s] Level 1:colcon.colcon_core.package_identification:_identify(Library/Artifacts/6f) by extension 'ignore_ament_install'
[5.571s] Level 1:colcon.colcon_core.package_identification:_identify(Library/Artifacts/6f) by extensions ['colcon_pkg']
[5.572s] Level 1:colcon.colcon_core.package_identification:_identify(Library/Artifacts/6f) by extension 'colcon_pkg'
[5.575s] Level 1:colcon.colcon_core.package_identification:_identify(Library/Artifacts/6f) by extensions ['colcon_meta']
[5.575s] Level 1:colcon.colcon_core.package_identification:_identify(Library/Artifacts/6f) by extension 'colcon_meta'
[5.580s] Level 1:colcon.colcon_core.package_identification:_identify(Library/Artifacts/6f) by extensions ['ros']
[5.581s] Level 1:colcon.colcon_core.package_identification:_identify(Library/Artifacts/6f) by extension 'ros'
[5.589s] Level 1:colcon.colcon_core.package_identification:_identify(Library/Artifacts/6f) by extensions ['cmake', 'python']
[5.589s] Level 1:colcon.colcon_core.package_identification:_identify(Library/Artifacts/6f) by extension 'cmake'
[5.592s] Level 1:colcon.colcon_core.package_identification:_identify(Library/Artifacts/6f) by extension 'python'
[5.594s] Level 1:colcon.colcon_core.package_identification:_identify(Library/Artifacts/6f) by extensions ['python_setup_py']
[5.595s] Level 1:colcon.colcon_core.package_identification:_identify(Library/Artifacts/6f) by extension 'python_setup_py'
[5.605s] Level 1:colcon.colcon_core.package_identification:_identify(Library/Artifacts/70) by extensions ['ignore', 'ignore_ament_install']
[5.606s] Level 1:colcon.colcon_core.package_identification:_identify(Library/Artifacts/70) by extension 'ignore'
[5.608s] Level 1:colcon.colcon_core.package_identification:_identify(Library/Artifacts/70) by extension 'ignore_ament_install'
[5.612s] Level 1:colcon.colcon_core.package_identification:_identify(Library/Artifacts/70) by extensions ['colcon_pkg']
[5.613s] Level 1:colcon.colcon_core.package_identification:_identify(Library/Artifacts/70) by extension 'colcon_pkg'
[5.615s] Level 1:colcon.colcon_core.package_identification:_identify(Library/Artifacts/70) by extensions ['colcon_meta']
[5.616s] Level 1:colcon.colcon_core.package_identification:_identify(Library/Artifacts/70) by extension 'colcon_meta'
[5.621s] Level 1:colcon.colcon_core.package_identification:_identify(Library/Artifacts/70) by extensions ['ros']
[5.622s] Level 1:colcon.colcon_core.package_identification:_identify(Library/Artifacts/70) by extension 'ros'
[5.631s] Level 1:colcon.colcon_core.package_identification:_identify(Library/Artifacts/70) by extensions ['cmake', 'python']
[5.631s] Level 1:colcon.colcon_core.package_identification:_identify(Library/Artifacts/70) by extension 'cmake'
[5.634s] Level 1:colcon.colcon_core.package_identification:_identify(Library/Artifacts/70) by extension 'python'
[5.637s] Level 1:colcon.colcon_core.package_identification:_identify(Library/Artifacts/70) by extensions ['python_setup_py']
[5.638s] Level 1:colcon.colcon_core.package_identification:_identify(Library/Artifacts/70) by extension 'python_setup_py'
[5.648s] Level 1:colcon.colcon_core.package_identification:_identify(Library/Artifacts/71) by extensions ['ignore', 'ignore_ament_install']
[5.648s] Level 1:colcon.colcon_core.package_identification:_identify(Library/Artifacts/71) by extension 'ignore'
[5.651s] Level 1:colcon.colcon_core.package_identification:_identify(Library/Artifacts/71) by extension 'ignore_ament_install'
[5.654s] Level 1:colcon.colcon_core.package_identification:_identify(Library/Artifacts/71) by extensions ['colcon_pkg']
[5.655s] Level 1:colcon.colcon_core.package_identification:_identify(Library/Artifacts/71) by extension 'colcon_pkg'
[5.657s] Level 1:colcon.colcon_core.package_identification:_identify(Library/Artifacts/71) by extensions ['colcon_meta']
[5.658s] Level 1:colcon.colcon_core.package_identification:_identify(Library/Artifacts/71) by extension 'colcon_meta'
[5.663s] Level 1:colcon.colcon_core.package_identification:_identify(Library/Artifacts/71) by extensions ['ros']
[5.664s] Level 1:colcon.colcon_core.package_identification:_identify(Library/Artifacts/71) by extension 'ros'
[5.674s] Level 1:colcon.colcon_core.package_identification:_identify(Library/Artifacts/71) by extensions ['cmake', 'python']
[5.675s] Level 1:colcon.colcon_core.package_identification:_identify(Library/Artifacts/71) by extension 'cmake'
[5.679s] Level 1:colcon.colcon_core.package_identification:_identify(Library/Artifacts/71) by extension 'python'
[5.681s] Level 1:colcon.colcon_core.package_identification:_identify(Library/Artifacts/71) by extensions ['python_setup_py']
[5.681s] Level 1:colcon.colcon_core.package_identification:_identify(Library/Artifacts/71) by extension 'python_setup_py'
[5.691s] Level 1:colcon.colcon_core.package_identification:_identify(Library/Artifacts/72) by extensions ['ignore', 'ignore_ament_install']
[5.692s] Level 1:colcon.colcon_core.package_identification:_identify(Library/Artifacts/72) by extension 'ignore'
[5.694s] Level 1:colcon.colcon_core.package_identification:_identify(Library/Artifacts/72) by extension 'ignore_ament_install'
[5.698s] Level 1:colcon.colcon_core.package_identification:_identify(Library/Artifacts/72) by extensions ['colcon_pkg']
[5.699s] Level 1:colcon.colcon_core.package_identification:_identify(Library/Artifacts/72) by extension 'colcon_pkg'
[5.701s] Level 1:colcon.colcon_core.package_identification:_identify(Library/Artifacts/72) by extensions ['colcon_meta']
[5.701s] Level 1:colcon.colcon_core.package_identification:_identify(Library/Artifacts/72) by extension 'colcon_meta'
[5.706s] Level 1:colcon.colcon_core.package_identification:_identify(Library/Artifacts/72) by extensions ['ros']
[5.707s] Level 1:colcon.colcon_core.package_identification:_identify(Library/Artifacts/72) by extension 'ros'
[5.715s] Level 1:colcon.colcon_core.package_identification:_identify(Library/Artifacts/72) by extensions ['cmake', 'python']
[5.716s] Level 1:colcon.colcon_core.package_identification:_identify(Library/Artifacts/72) by extension 'cmake'
[5.720s] Level 1:colcon.colcon_core.package_identification:_identify(Library/Artifacts/72) by extension 'python'
[5.722s] Level 1:colcon.colcon_core.package_identification:_identify(Library/Artifacts/72) by extensions ['python_setup_py']
[5.723s] Level 1:colcon.colcon_core.package_identification:_identify(Library/Artifacts/72) by extension 'python_setup_py'
[5.731s] Level 1:colcon.colcon_core.package_identification:_identify(Library/Artifacts/73) by extensions ['ignore', 'ignore_ament_install']
[5.732s] Level 1:colcon.colcon_core.package_identification:_identify(Library/Artifacts/73) by extension 'ignore'
[5.735s] Level 1:colcon.colcon_core.package_identification:_identify(Library/Artifacts/73) by extension 'ignore_ament_install'
[5.740s] Level 1:colcon.colcon_core.package_identification:_identify(Library/Artifacts/73) by extensions ['colcon_pkg']
[5.741s] Level 1:colcon.colcon_core.package_identification:_identify(Library/Artifacts/73) by extension 'colcon_pkg'
[5.743s] Level 1:colcon.colcon_core.package_identification:_identify(Library/Artifacts/73) by extensions ['colcon_meta']
[5.744s] Level 1:colcon.colcon_core.package_identification:_identify(Library/Artifacts/73) by extension 'colcon_meta'
[5.748s] Level 1:colcon.colcon_core.package_identification:_identify(Library/Artifacts/73) by extensions ['ros']
[5.749s] Level 1:colcon.colcon_core.package_identification:_identify(Library/Artifacts/73) by extension 'ros'
[5.758s] Level 1:colcon.colcon_core.package_identification:_identify(Library/Artifacts/73) by extensions ['cmake', 'python']
[5.759s] Level 1:colcon.colcon_core.package_identification:_identify(Library/Artifacts/73) by extension 'cmake'
[5.761s] Level 1:colcon.colcon_core.package_identification:_identify(Library/Artifacts/73) by extension 'python'
[5.764s] Level 1:colcon.colcon_core.package_identification:_identify(Library/Artifacts/73) by extensions ['python_setup_py']
[5.764s] Level 1:colcon.colcon_core.package_identification:_identify(Library/Artifacts/73) by extension 'python_setup_py'
[5.773s] Level 1:colcon.colcon_core.package_identification:_identify(Library/Artifacts/74) by extensions ['ignore', 'ignore_ament_install']
[5.774s] Level 1:colcon.colcon_core.package_identification:_identify(Library/Artifacts/74) by extension 'ignore'
[5.777s] Level 1:colcon.colcon_core.package_identification:_identify(Library/Artifacts/74) by extension 'ignore_ament_install'
[5.781s] Level 1:colcon.colcon_core.package_identification:_identify(Library/Artifacts/74) by extensions ['colcon_pkg']
[5.782s] Level 1:colcon.colcon_core.package_identification:_identify(Library/Artifacts/74) by extension 'colcon_pkg'
[5.785s] Level 1:colcon.colcon_core.package_identification:_identify(Library/Artifacts/74) by extensions ['colcon_meta']
[5.786s] Level 1:colcon.colcon_core.package_identification:_identify(Library/Artifacts/74) by extension 'colcon_meta'
[5.790s] Level 1:colcon.colcon_core.package_identification:_identify(Library/Artifacts/74) by extensions ['ros']
[5.791s] Level 1:colcon.colcon_core.package_identification:_identify(Library/Artifacts/74) by extension 'ros'
[5.801s] Level 1:colcon.colcon_core.package_identification:_identify(Library/Artifacts/74) by extensions ['cmake', 'python']
[5.802s] Level 1:colcon.colcon_core.package_identification:_identify(Library/Artifacts/74) by extension 'cmake'
[5.805s] Level 1:colcon.colcon_core.package_identification:_identify(Library/Artifacts/74) by extension 'python'
[5.807s] Level 1:colcon.colcon_core.package_identification:_identify(Library/Artifacts/74) by extensions ['python_setup_py']
[5.808s] Level 1:colcon.colcon_core.package_identification:_identify(Library/Artifacts/74) by extension 'python_setup_py'
[5.820s] Level 1:colcon.colcon_core.package_identification:_identify(Library/Artifacts/75) by extensions ['ignore', 'ignore_ament_install']
[5.821s] Level 1:colcon.colcon_core.package_identification:_identify(Library/Artifacts/75) by extension 'ignore'
[5.823s] Level 1:colcon.colcon_core.package_identification:_identify(Library/Artifacts/75) by extension 'ignore_ament_install'
[5.827s] Level 1:colcon.colcon_core.package_identification:_identify(Library/Artifacts/75) by extensions ['colcon_pkg']
[5.828s] Level 1:colcon.colcon_core.package_identification:_identify(Library/Artifacts/75) by extension 'colcon_pkg'
[5.830s] Level 1:colcon.colcon_core.package_identification:_identify(Library/Artifacts/75) by extensions ['colcon_meta']
[5.830s] Level 1:colcon.colcon_core.package_identification:_identify(Library/Artifacts/75) by extension 'colcon_meta'
[5.834s] Level 1:colcon.colcon_core.package_identification:_identify(Library/Artifacts/75) by extensions ['ros']
[5.834s] Level 1:colcon.colcon_core.package_identification:_identify(Library/Artifacts/75) by extension 'ros'
[5.844s] Level 1:colcon.colcon_core.package_identification:_identify(Library/Artifacts/75) by extensions ['cmake', 'python']
[5.844s] Level 1:colcon.colcon_core.package_identification:_identify(Library/Artifacts/75) by extension 'cmake'
[5.847s] Level 1:colcon.colcon_core.package_identification:_identify(Library/Artifacts/75) by extension 'python'
[5.849s] Level 1:colcon.colcon_core.package_identification:_identify(Library/Artifacts/75) by extensions ['python_setup_py']
[5.850s] Level 1:colcon.colcon_core.package_identification:_identify(Library/Artifacts/75) by extension 'python_setup_py'
[5.859s] Level 1:colcon.colcon_core.package_identification:_identify(Library/Artifacts/76) by extensions ['ignore', 'ignore_ament_install']
[5.860s] Level 1:colcon.colcon_core.package_identification:_identify(Library/Artifacts/76) by extension 'ignore'
[5.863s] Level 1:colcon.colcon_core.package_identification:_identify(Library/Artifacts/76) by extension 'ignore_ament_install'
[5.867s] Level 1:colcon.colcon_core.package_identification:_identify(Library/Artifacts/76) by extensions ['colcon_pkg']
[5.868s] Level 1:colcon.colcon_core.package_identification:_identify(Library/Artifacts/76) by extension 'colcon_pkg'
[5.871s] Level 1:colcon.colcon_core.package_identification:_identify(Library/Artifacts/76) by extensions ['colcon_meta']
[5.872s] Level 1:colcon.colcon_core.package_identification:_identify(Library/Artifacts/76) by extension 'colcon_meta'
[5.876s] Level 1:colcon.colcon_core.package_identification:_identify(Library/Artifacts/76) by extensions ['ros']
[5.877s] Level 1:colcon.colcon_core.package_identification:_identify(Library/Artifacts/76) by extension 'ros'
[5.886s] Level 1:colcon.colcon_core.package_identification:_identify(Library/Artifacts/76) by extensions ['cmake', 'python']
[5.887s] Level 1:colcon.colcon_core.package_identification:_identify(Library/Artifacts/76) by extension 'cmake'
[5.890s] Level 1:colcon.colcon_core.package_identification:_identify(Library/Artifacts/76) by extension 'python'
[5.892s] Level 1:colcon.colcon_core.package_identification:_identify(Library/Artifacts/76) by extensions ['python_setup_py']
[5.893s] Level 1:colcon.colcon_core.package_identification:_identify(Library/Artifacts/76) by extension 'python_setup_py'
[5.902s] Level 1:colcon.colcon_core.package_identification:_identify(Library/Artifacts/77) by extensions ['ignore', 'ignore_ament_install']
[5.903s] Level 1:colcon.colcon_core.package_identification:_identify(Library/Artifacts/77) by extension 'ignore'
[5.905s] Level 1:colcon.colcon_core.package_identification:_identify(Library/Artifacts/77) by extension 'ignore_ament_install'
[5.909s] Level 1:colcon.colcon_core.package_identification:_identify(Library/Artifacts/77) by extensions ['colcon_pkg']
[5.910s] Level 1:colcon.colcon_core.package_identification:_identify(Library/Artifacts/77) by extension 'colcon_pkg'
[5.912s] Level 1:colcon.colcon_core.package_identification:_identify(Library/Artifacts/77) by extensions ['colcon_meta']
[5.913s] Level 1:colcon.colcon_core.package_identification:_identify(Library/Artifacts/77) by extension 'colcon_meta'
[5.917s] Level 1:colcon.colcon_core.package_identification:_identify(Library/Artifacts/77) by extensions ['ros']
[5.918s] Level 1:colcon.colcon_core.package_identification:_identify(Library/Artifacts/77) by extension 'ros'
[5.927s] Level 1:colcon.colcon_core.package_identification:_identify(Library/Artifacts/77) by extensions ['cmake', 'python']
[5.928s] Level 1:colcon.colcon_core.package_identification:_identify(Library/Artifacts/77) by extension 'cmake'
[5.931s] Level 1:colcon.colcon_core.package_identification:_identify(Library/Artifacts/77) by extension 'python'
[5.934s] Level 1:colcon.colcon_core.package_identification:_identify(Library/Artifacts/77) by extensions ['python_setup_py']
[5.934s] Level 1:colcon.colcon_core.package_identification:_identify(Library/Artifacts/77) by extension 'python_setup_py'
[5.946s] Level 1:colcon.colcon_core.package_identification:_identify(Library/Artifacts/78) by extensions ['ignore', 'ignore_ament_install']
[5.947s] Level 1:colcon.colcon_core.package_identification:_identify(Library/Artifacts/78) by extension 'ignore'
[5.950s] Level 1:colcon.colcon_core.package_identification:_identify(Library/Artifacts/78) by extension 'ignore_ament_install'
[5.954s] Level 1:colcon.colcon_core.package_identification:_identify(Library/Artifacts/78) by extensions ['colcon_pkg']
[5.954s] Level 1:colcon.colcon_core.package_identification:_identify(Library/Artifacts/78) by extension 'colcon_pkg'
[5.957s] Level 1:colcon.colcon_core.package_identification:_identify(Library/Artifacts/78) by extensions ['colcon_meta']
[5.958s] Level 1:colcon.colcon_core.package_identification:_identify(Library/Artifacts/78) by extension 'colcon_meta'
[5.961s] Level 1:colcon.colcon_core.package_identification:_identify(Library/Artifacts/78) by extensions ['ros']
[5.962s] Level 1:colcon.colcon_core.package_identification:_identify(Library/Artifacts/78) by extension 'ros'
[5.971s] Level 1:colcon.colcon_core.package_identification:_identify(Library/Artifacts/78) by extensions ['cmake', 'python']
[5.971s] Level 1:colcon.colcon_core.package_identification:_identify(Library/Artifacts/78) by extension 'cmake'
[5.974s] Level 1:colcon.colcon_core.package_identification:_identify(Library/Artifacts/78) by extension 'python'
[5.976s] Level 1:colcon.colcon_core.package_identification:_identify(Library/Artifacts/78) by extensions ['python_setup_py']
[5.976s] Level 1:colcon.colcon_core.package_identification:_identify(Library/Artifacts/78) by extension 'python_setup_py'
[5.986s] Level 1:colcon.colcon_core.package_identification:_identify(Library/Artifacts/79) by extensions ['ignore', 'ignore_ament_install']
[5.987s] Level 1:colcon.colcon_core.package_identification:_identify(Library/Artifacts/79) by extension 'ignore'
[5.989s] Level 1:colcon.colcon_core.package_identification:_identify(Library/Artifacts/79) by extension 'ignore_ament_install'
[5.992s] Level 1:colcon.colcon_core.package_identification:_identify(Library/Artifacts/79) by extensions ['colcon_pkg']
[5.993s] Level 1:colcon.colcon_core.package_identification:_identify(Library/Artifacts/79) by extension 'colcon_pkg'
[5.996s] Level 1:colcon.colcon_core.package_identification:_identify(Library/Artifacts/79) by extensions ['colcon_meta']
[5.996s] Level 1:colcon.colcon_core.package_identification:_identify(Library/Artifacts/79) by extension 'colcon_meta'
[6.000s] Level 1:colcon.colcon_core.package_identification:_identify(Library/Artifacts/79) by extensions ['ros']
[6.001s] Level 1:colcon.colcon_core.package_identification:_identify(Library/Artifacts/79) by extension 'ros'
[6.008s] Level 1:colcon.colcon_core.package_identification:_identify(Library/Artifacts/79) by extensions ['cmake', 'python']
[6.008s] Level 1:colcon.colcon_core.package_identification:_identify(Library/Artifacts/79) by extension 'cmake'
[6.011s] Level 1:colcon.colcon_core.package_identification:_identify(Library/Artifacts/79) by extension 'python'
[6.013s] Level 1:colcon.colcon_core.package_identification:_identify(Library/Artifacts/79) by extensions ['python_setup_py']
[6.014s] Level 1:colcon.colcon_core.package_identification:_identify(Library/Artifacts/79) by extension 'python_setup_py'
[6.024s] Level 1:colcon.colcon_core.package_identification:_identify(Library/Artifacts/7a) by extensions ['ignore', 'ignore_ament_install']
[6.024s] Level 1:colcon.colcon_core.package_identification:_identify(Library/Artifacts/7a) by extension 'ignore'
[6.027s] Level 1:colcon.colcon_core.package_identification:_identify(Library/Artifacts/7a) by extension 'ignore_ament_install'
[6.031s] Level 1:colcon.colcon_core.package_identification:_identify(Library/Artifacts/7a) by extensions ['colcon_pkg']
[6.032s] Level 1:colcon.colcon_core.package_identification:_identify(Library/Artifacts/7a) by extension 'colcon_pkg'
[6.036s] Level 1:colcon.colcon_core.package_identification:_identify(Library/Artifacts/7a) by extensions ['colcon_meta']
[6.037s] Level 1:colcon.colcon_core.package_identification:_identify(Library/Artifacts/7a) by extension 'colcon_meta'
[6.041s] Level 1:colcon.colcon_core.package_identification:_identify(Library/Artifacts/7a) by extensions ['ros']
[6.042s] Level 1:colcon.colcon_core.package_identification:_identify(Library/Artifacts/7a) by extension 'ros'
[6.051s] Level 1:colcon.colcon_core.package_identification:_identify(Library/Artifacts/7a) by extensions ['cmake', 'python']
[6.052s] Level 1:colcon.colcon_core.package_identification:_identify(Library/Artifacts/7a) by extension 'cmake'
[6.054s] Level 1:colcon.colcon_core.package_identification:_identify(Library/Artifacts/7a) by extension 'python'
[6.056s] Level 1:colcon.colcon_core.package_identification:_identify(Library/Artifacts/7a) by extensions ['python_setup_py']
[6.057s] Level 1:colcon.colcon_core.package_identification:_identify(Library/Artifacts/7a) by extension 'python_setup_py'
[6.068s] Level 1:colcon.colcon_core.package_identification:_identify(Library/Artifacts/7b) by extensions ['ignore', 'ignore_ament_install']
[6.069s] Level 1:colcon.colcon_core.package_identification:_identify(Library/Artifacts/7b) by extension 'ignore'
[6.072s] Level 1:colcon.colcon_core.package_identification:_identify(Library/Artifacts/7b) by extension 'ignore_ament_install'
[6.077s] Level 1:colcon.colcon_core.package_identification:_identify(Library/Artifacts/7b) by extensions ['colcon_pkg']
[6.077s] Level 1:colcon.colcon_core.package_identification:_identify(Library/Artifacts/7b) by extension 'colcon_pkg'
[6.080s] Level 1:colcon.colcon_core.package_identification:_identify(Library/Artifacts/7b) by extensions ['colcon_meta']
[6.081s] Level 1:colcon.colcon_core.package_identification:_identify(Library/Artifacts/7b) by extension 'colcon_meta'
[6.088s] Level 1:colcon.colcon_core.package_identification:_identify(Library/Artifacts/7b) by extensions ['ros']
[6.088s] Level 1:colcon.colcon_core.package_identification:_identify(Library/Artifacts/7b) by extension 'ros'
[6.097s] Level 1:colcon.colcon_core.package_identification:_identify(Library/Artifacts/7b) by extensions ['cmake', 'python']
[6.098s] Level 1:colcon.colcon_core.package_identification:_identify(Library/Artifacts/7b) by extension 'cmake'
[6.100s] Level 1:colcon.colcon_core.package_identification:_identify(Library/Artifacts/7b) by extension 'python'
[6.103s] Level 1:colcon.colcon_core.package_identification:_identify(Library/Artifacts/7b) by extensions ['python_setup_py']
[6.104s] Level 1:colcon.colcon_core.package_identification:_identify(Library/Artifacts/7b) by extension 'python_setup_py'
[6.114s] Level 1:colcon.colcon_core.package_identification:_identify(Library/Artifacts/7c) by extensions ['ignore', 'ignore_ament_install']
[6.115s] Level 1:colcon.colcon_core.package_identification:_identify(Library/Artifacts/7c) by extension 'ignore'
[6.118s] Level 1:colcon.colcon_core.package_identification:_identify(Library/Artifacts/7c) by extension 'ignore_ament_install'
[6.122s] Level 1:colcon.colcon_core.package_identification:_identify(Library/Artifacts/7c) by extensions ['colcon_pkg']
[6.122s] Level 1:colcon.colcon_core.package_identification:_identify(Library/Artifacts/7c) by extension 'colcon_pkg'
[6.125s] Level 1:colcon.colcon_core.package_identification:_identify(Library/Artifacts/7c) by extensions ['colcon_meta']
[6.126s] Level 1:colcon.colcon_core.package_identification:_identify(Library/Artifacts/7c) by extension 'colcon_meta'
[6.130s] Level 1:colcon.colcon_core.package_identification:_identify(Library/Artifacts/7c) by extensions ['ros']
[6.131s] Level 1:colcon.colcon_core.package_identification:_identify(Library/Artifacts/7c) by extension 'ros'
[6.140s] Level 1:colcon.colcon_core.package_identification:_identify(Library/Artifacts/7c) by extensions ['cmake', 'python']
[6.141s] Level 1:colcon.colcon_core.package_identification:_identify(Library/Artifacts/7c) by extension 'cmake'
[6.143s] Level 1:colcon.colcon_core.package_identification:_identify(Library/Artifacts/7c) by extension 'python'
[6.146s] Level 1:colcon.colcon_core.package_identification:_identify(Library/Artifacts/7c) by extensions ['python_setup_py']
[6.146s] Level 1:colcon.colcon_core.package_identification:_identify(Library/Artifacts/7c) by extension 'python_setup_py'
[6.155s] Level 1:colcon.colcon_core.package_identification:_identify(Library/Artifacts/7d) by extensions ['ignore', 'ignore_ament_install']
[6.156s] Level 1:colcon.colcon_core.package_identification:_identify(Library/Artifacts/7d) by extension 'ignore'
[6.158s] Level 1:colcon.colcon_core.package_identification:_identify(Library/Artifacts/7d) by extension 'ignore_ament_install'
[6.163s] Level 1:colcon.colcon_core.package_identification:_identify(Library/Artifacts/7d) by extensions ['colcon_pkg']
[6.164s] Level 1:colcon.colcon_core.package_identification:_identify(Library/Artifacts/7d) by extension 'colcon_pkg'
[6.167s] Level 1:colcon.colcon_core.package_identification:_identify(Library/Artifacts/7d) by extensions ['colcon_meta']
[6.168s] Level 1:colcon.colcon_core.package_identification:_identify(Library/Artifacts/7d) by extension 'colcon_meta'
[6.172s] Level 1:colcon.colcon_core.package_identification:_identify(Library/Artifacts/7d) by extensions ['ros']
[6.172s] Level 1:colcon.colcon_core.package_identification:_identify(Library/Artifacts/7d) by extension 'ros'
[6.180s] Level 1:colcon.colcon_core.package_identification:_identify(Library/Artifacts/7d) by extensions ['cmake', 'python']
[6.181s] Level 1:colcon.colcon_core.package_identification:_identify(Library/Artifacts/7d) by extension 'cmake'
[6.183s] Level 1:colcon.colcon_core.package_identification:_identify(Library/Artifacts/7d) by extension 'python'
[6.186s] Level 1:colcon.colcon_core.package_identification:_identify(Library/Artifacts/7d) by extensions ['python_setup_py']
[6.186s] Level 1:colcon.colcon_core.package_identification:_identify(Library/Artifacts/7d) by extension 'python_setup_py'
[6.195s] Level 1:colcon.colcon_core.package_identification:_identify(Library/Artifacts/7e) by extensions ['ignore', 'ignore_ament_install']
[6.195s] Level 1:colcon.colcon_core.package_identification:_identify(Library/Artifacts/7e) by extension 'ignore'
[6.197s] Level 1:colcon.colcon_core.package_identification:_identify(Library/Artifacts/7e) by extension 'ignore_ament_install'
[6.201s] Level 1:colcon.colcon_core.package_identification:_identify(Library/Artifacts/7e) by extensions ['colcon_pkg']
[6.201s] Level 1:colcon.colcon_core.package_identification:_identify(Library/Artifacts/7e) by extension 'colcon_pkg'
[6.203s] Level 1:colcon.colcon_core.package_identification:_identify(Library/Artifacts/7e) by extensions ['colcon_meta']
[6.204s] Level 1:colcon.colcon_core.package_identification:_identify(Library/Artifacts/7e) by extension 'colcon_meta'
[6.208s] Level 1:colcon.colcon_core.package_identification:_identify(Library/Artifacts/7e) by extensions ['ros']
[6.209s] Level 1:colcon.colcon_core.package_identification:_identify(Library/Artifacts/7e) by extension 'ros'
[6.218s] Level 1:colcon.colcon_core.package_identification:_identify(Library/Artifacts/7e) by extensions ['cmake', 'python']
[6.219s] Level 1:colcon.colcon_core.package_identification:_identify(Library/Artifacts/7e) by extension 'cmake'
[6.221s] Level 1:colcon.colcon_core.package_identification:_identify(Library/Artifacts/7e) by extension 'python'
[6.223s] Level 1:colcon.colcon_core.package_identification:_identify(Library/Artifacts/7e) by extensions ['python_setup_py']
[6.224s] Level 1:colcon.colcon_core.package_identification:_identify(Library/Artifacts/7e) by extension 'python_setup_py'
[6.233s] Level 1:colcon.colcon_core.package_identification:_identify(Library/Artifacts/7f) by extensions ['ignore', 'ignore_ament_install']
[6.234s] Level 1:colcon.colcon_core.package_identification:_identify(Library/Artifacts/7f) by extension 'ignore'
[6.237s] Level 1:colcon.colcon_core.package_identification:_identify(Library/Artifacts/7f) by extension 'ignore_ament_install'
[6.240s] Level 1:colcon.colcon_core.package_identification:_identify(Library/Artifacts/7f) by extensions ['colcon_pkg']
[6.241s] Level 1:colcon.colcon_core.package_identification:_identify(Library/Artifacts/7f) by extension 'colcon_pkg'
[6.243s] Level 1:colcon.colcon_core.package_identification:_identify(Library/Artifacts/7f) by extensions ['colcon_meta']
[6.244s] Level 1:colcon.colcon_core.package_identification:_identify(Library/Artifacts/7f) by extension 'colcon_meta'
[6.248s] Level 1:colcon.colcon_core.package_identification:_identify(Library/Artifacts/7f) by extensions ['ros']
[6.249s] Level 1:colcon.colcon_core.package_identification:_identify(Library/Artifacts/7f) by extension 'ros'
[6.258s] Level 1:colcon.colcon_core.package_identification:_identify(Library/Artifacts/7f) by extensions ['cmake', 'python']
[6.259s] Level 1:colcon.colcon_core.package_identification:_identify(Library/Artifacts/7f) by extension 'cmake'
[6.262s] Level 1:colcon.colcon_core.package_identification:_identify(Library/Artifacts/7f) by extension 'python'
[6.265s] Level 1:colcon.colcon_core.package_identification:_identify(Library/Artifacts/7f) by extensions ['python_setup_py']
[6.266s] Level 1:colcon.colcon_core.package_identification:_identify(Library/Artifacts/7f) by extension 'python_setup_py'
[6.276s] Level 1:colcon.colcon_core.package_identification:_identify(Library/Artifacts/80) by extensions ['ignore', 'ignore_ament_install']
[6.276s] Level 1:colcon.colcon_core.package_identification:_identify(Library/Artifacts/80) by extension 'ignore'
[6.279s] Level 1:colcon.colcon_core.package_identification:_identify(Library/Artifacts/80) by extension 'ignore_ament_install'
[6.284s] Level 1:colcon.colcon_core.package_identification:_identify(Library/Artifacts/80) by extensions ['colcon_pkg']
[6.284s] Level 1:colcon.colcon_core.package_identification:_identify(Library/Artifacts/80) by extension 'colcon_pkg'
[6.287s] Level 1:colcon.colcon_core.package_identification:_identify(Library/Artifacts/80) by extensions ['colcon_meta']
[6.288s] Level 1:colcon.colcon_core.package_identification:_identify(Library/Artifacts/80) by extension 'colcon_meta'
[6.293s] Level 1:colcon.colcon_core.package_identification:_identify(Library/Artifacts/80) by extensions ['ros']
[6.294s] Level 1:colcon.colcon_core.package_identification:_identify(Library/Artifacts/80) by extension 'ros'
[6.304s] Level 1:colcon.colcon_core.package_identification:_identify(Library/Artifacts/80) by extensions ['cmake', 'python']
[6.304s] Level 1:colcon.colcon_core.package_identification:_identify(Library/Artifacts/80) by extension 'cmake'
[6.307s] Level 1:colcon.colcon_core.package_identification:_identify(Library/Artifacts/80) by extension 'python'
[6.309s] Level 1:colcon.colcon_core.package_identification:_identify(Library/Artifacts/80) by extensions ['python_setup_py']
[6.310s] Level 1:colcon.colcon_core.package_identification:_identify(Library/Artifacts/80) by extension 'python_setup_py'
[6.318s] Level 1:colcon.colcon_core.package_identification:_identify(Library/Artifacts/81) by extensions ['ignore', 'ignore_ament_install']
[6.318s] Level 1:colcon.colcon_core.package_identification:_identify(Library/Artifacts/81) by extension 'ignore'
[6.321s] Level 1:colcon.colcon_core.package_identification:_identify(Library/Artifacts/81) by extension 'ignore_ament_install'
[6.325s] Level 1:colcon.colcon_core.package_identification:_identify(Library/Artifacts/81) by extensions ['colcon_pkg']
[6.326s] Level 1:colcon.colcon_core.package_identification:_identify(Library/Artifacts/81) by extension 'colcon_pkg'
[6.328s] Level 1:colcon.colcon_core.package_identification:_identify(Library/Artifacts/81) by extensions ['colcon_meta']
[6.329s] Level 1:colcon.colcon_core.package_identification:_identify(Library/Artifacts/81) by extension 'colcon_meta'
[6.333s] Level 1:colcon.colcon_core.package_identification:_identify(Library/Artifacts/81) by extensions ['ros']
[6.334s] Level 1:colcon.colcon_core.package_identification:_identify(Library/Artifacts/81) by extension 'ros'
[6.343s] Level 1:colcon.colcon_core.package_identification:_identify(Library/Artifacts/81) by extensions ['cmake', 'python']
[6.344s] Level 1:colcon.colcon_core.package_identification:_identify(Library/Artifacts/81) by extension 'cmake'
[6.347s] Level 1:colcon.colcon_core.package_identification:_identify(Library/Artifacts/81) by extension 'python'
[6.351s] Level 1:colcon.colcon_core.package_identification:_identify(Library/Artifacts/81) by extensions ['python_setup_py']
[6.352s] Level 1:colcon.colcon_core.package_identification:_identify(Library/Artifacts/81) by extension 'python_setup_py'
[6.361s] Level 1:colcon.colcon_core.package_identification:_identify(Library/Artifacts/82) by extensions ['ignore', 'ignore_ament_install']
[6.362s] Level 1:colcon.colcon_core.package_identification:_identify(Library/Artifacts/82) by extension 'ignore'
[6.366s] Level 1:colcon.colcon_core.package_identification:_identify(Library/Artifacts/82) by extension 'ignore_ament_install'
[6.371s] Level 1:colcon.colcon_core.package_identification:_identify(Library/Artifacts/82) by extensions ['colcon_pkg']
[6.373s] Level 1:colcon.colcon_core.package_identification:_identify(Library/Artifacts/82) by extension 'colcon_pkg'
[6.375s] Level 1:colcon.colcon_core.package_identification:_identify(Library/Artifacts/82) by extensions ['colcon_meta']
[6.376s] Level 1:colcon.colcon_core.package_identification:_identify(Library/Artifacts/82) by extension 'colcon_meta'
[6.381s] Level 1:colcon.colcon_core.package_identification:_identify(Library/Artifacts/82) by extensions ['ros']
[6.382s] Level 1:colcon.colcon_core.package_identification:_identify(Library/Artifacts/82) by extension 'ros'
[6.393s] Level 1:colcon.colcon_core.package_identification:_identify(Library/Artifacts/82) by extensions ['cmake', 'python']
[6.394s] Level 1:colcon.colcon_core.package_identification:_identify(Library/Artifacts/82) by extension 'cmake'
[6.398s] Level 1:colcon.colcon_core.package_identification:_identify(Library/Artifacts/82) by extension 'python'
[6.402s] Level 1:colcon.colcon_core.package_identification:_identify(Library/Artifacts/82) by extensions ['python_setup_py']
[6.402s] Level 1:colcon.colcon_core.package_identification:_identify(Library/Artifacts/82) by extension 'python_setup_py'
[6.413s] Level 1:colcon.colcon_core.package_identification:_identify(Library/Artifacts/83) by extensions ['ignore', 'ignore_ament_install']
[6.414s] Level 1:colcon.colcon_core.package_identification:_identify(Library/Artifacts/83) by extension 'ignore'
[6.416s] Level 1:colcon.colcon_core.package_identification:_identify(Library/Artifacts/83) by extension 'ignore_ament_install'
[6.421s] Level 1:colcon.colcon_core.package_identification:_identify(Library/Artifacts/83) by extensions ['colcon_pkg']
[6.422s] Level 1:colcon.colcon_core.package_identification:_identify(Library/Artifacts/83) by extension 'colcon_pkg'
[6.425s] Level 1:colcon.colcon_core.package_identification:_identify(Library/Artifacts/83) by extensions ['colcon_meta']
[6.426s] Level 1:colcon.colcon_core.package_identification:_identify(Library/Artifacts/83) by extension 'colcon_meta'
[6.431s] Level 1:colcon.colcon_core.package_identification:_identify(Library/Artifacts/83) by extensions ['ros']
[6.432s] Level 1:colcon.colcon_core.package_identification:_identify(Library/Artifacts/83) by extension 'ros'
[6.442s] Level 1:colcon.colcon_core.package_identification:_identify(Library/Artifacts/83) by extensions ['cmake', 'python']
[6.443s] Level 1:colcon.colcon_core.package_identification:_identify(Library/Artifacts/83) by extension 'cmake'
[6.447s] Level 1:colcon.colcon_core.package_identification:_identify(Library/Artifacts/83) by extension 'python'
[6.450s] Level 1:colcon.colcon_core.package_identification:_identify(Library/Artifacts/83) by extensions ['python_setup_py']
[6.451s] Level 1:colcon.colcon_core.package_identification:_identify(Library/Artifacts/83) by extension 'python_setup_py'
[6.461s] Level 1:colcon.colcon_core.package_identification:_identify(Library/Artifacts/84) by extensions ['ignore', 'ignore_ament_install']
[6.462s] Level 1:colcon.colcon_core.package_identification:_identify(Library/Artifacts/84) by extension 'ignore'
[6.465s] Level 1:colcon.colcon_core.package_identification:_identify(Library/Artifacts/84) by extension 'ignore_ament_install'
[6.470s] Level 1:colcon.colcon_core.package_identification:_identify(Library/Artifacts/84) by extensions ['colcon_pkg']
[6.471s] Level 1:colcon.colcon_core.package_identification:_identify(Library/Artifacts/84) by extension 'colcon_pkg'
[6.474s] Level 1:colcon.colcon_core.package_identification:_identify(Library/Artifacts/84) by extensions ['colcon_meta']
[6.475s] Level 1:colcon.colcon_core.package_identification:_identify(Library/Artifacts/84) by extension 'colcon_meta'
[6.479s] Level 1:colcon.colcon_core.package_identification:_identify(Library/Artifacts/84) by extensions ['ros']
[6.480s] Level 1:colcon.colcon_core.package_identification:_identify(Library/Artifacts/84) by extension 'ros'
[6.489s] Level 1:colcon.colcon_core.package_identification:_identify(Library/Artifacts/84) by extensions ['cmake', 'python']
[6.490s] Level 1:colcon.colcon_core.package_identification:_identify(Library/Artifacts/84) by extension 'cmake'
[6.492s] Level 1:colcon.colcon_core.package_identification:_identify(Library/Artifacts/84) by extension 'python'
[6.495s] Level 1:colcon.colcon_core.package_identification:_identify(Library/Artifacts/84) by extensions ['python_setup_py']
[6.496s] Level 1:colcon.colcon_core.package_identification:_identify(Library/Artifacts/84) by extension 'python_setup_py'
[6.509s] Level 1:colcon.colcon_core.package_identification:_identify(Library/Artifacts/85) by extensions ['ignore', 'ignore_ament_install']
[6.510s] Level 1:colcon.colcon_core.package_identification:_identify(Library/Artifacts/85) by extension 'ignore'
[6.513s] Level 1:colcon.colcon_core.package_identification:_identify(Library/Artifacts/85) by extension 'ignore_ament_install'
[6.519s] Level 1:colcon.colcon_core.package_identification:_identify(Library/Artifacts/85) by extensions ['colcon_pkg']
[6.520s] Level 1:colcon.colcon_core.package_identification:_identify(Library/Artifacts/85) by extension 'colcon_pkg'
[6.523s] Level 1:colcon.colcon_core.package_identification:_identify(Library/Artifacts/85) by extensions ['colcon_meta']
[6.524s] Level 1:colcon.colcon_core.package_identification:_identify(Library/Artifacts/85) by extension 'colcon_meta'
[6.529s] Level 1:colcon.colcon_core.package_identification:_identify(Library/Artifacts/85) by extensions ['ros']
[6.530s] Level 1:colcon.colcon_core.package_identification:_identify(Library/Artifacts/85) by extension 'ros'
[6.541s] Level 1:colcon.colcon_core.package_identification:_identify(Library/Artifacts/85) by extensions ['cmake', 'python']
[6.542s] Level 1:colcon.colcon_core.package_identification:_identify(Library/Artifacts/85) by extension 'cmake'
[6.545s] Level 1:colcon.colcon_core.package_identification:_identify(Library/Artifacts/85) by extension 'python'
[6.547s] Level 1:colcon.colcon_core.package_identification:_identify(Library/Artifacts/85) by extensions ['python_setup_py']
[6.548s] Level 1:colcon.colcon_core.package_identification:_identify(Library/Artifacts/85) by extension 'python_setup_py'
[6.556s] Level 1:colcon.colcon_core.package_identification:_identify(Library/Artifacts/86) by extensions ['ignore', 'ignore_ament_install']
[6.556s] Level 1:colcon.colcon_core.package_identification:_identify(Library/Artifacts/86) by extension 'ignore'
[6.559s] Level 1:colcon.colcon_core.package_identification:_identify(Library/Artifacts/86) by extension 'ignore_ament_install'
[6.563s] Level 1:colcon.colcon_core.package_identification:_identify(Library/Artifacts/86) by extensions ['colcon_pkg']
[6.564s] Level 1:colcon.colcon_core.package_identification:_identify(Library/Artifacts/86) by extension 'colcon_pkg'
[6.566s] Level 1:colcon.colcon_core.package_identification:_identify(Library/Artifacts/86) by extensions ['colcon_meta']
[6.567s] Level 1:colcon.colcon_core.package_identification:_identify(Library/Artifacts/86) by extension 'colcon_meta'
[6.571s] Level 1:colcon.colcon_core.package_identification:_identify(Library/Artifacts/86) by extensions ['ros']
[6.572s] Level 1:colcon.colcon_core.package_identification:_identify(Library/Artifacts/86) by extension 'ros'
[6.581s] Level 1:colcon.colcon_core.package_identification:_identify(Library/Artifacts/86) by extensions ['cmake', 'python']
[6.582s] Level 1:colcon.colcon_core.package_identification:_identify(Library/Artifacts/86) by extension 'cmake'
[6.584s] Level 1:colcon.colcon_core.package_identification:_identify(Library/Artifacts/86) by extension 'python'
[6.586s] Level 1:colcon.colcon_core.package_identification:_identify(Library/Artifacts/86) by extensions ['python_setup_py']
[6.587s] Level 1:colcon.colcon_core.package_identification:_identify(Library/Artifacts/86) by extension 'python_setup_py'
[6.596s] Level 1:colcon.colcon_core.package_identification:_identify(Library/Artifacts/87) by extensions ['ignore', 'ignore_ament_install']
[6.597s] Level 1:colcon.colcon_core.package_identification:_identify(Library/Artifacts/87) by extension 'ignore'
[6.599s] Level 1:colcon.colcon_core.package_identification:_identify(Library/Artifacts/87) by extension 'ignore_ament_install'
[6.603s] Level 1:colcon.colcon_core.package_identification:_identify(Library/Artifacts/87) by extensions ['colcon_pkg']
[6.604s] Level 1:colcon.colcon_core.package_identification:_identify(Library/Artifacts/87) by extension 'colcon_pkg'
[6.607s] Level 1:colcon.colcon_core.package_identification:_identify(Library/Artifacts/87) by extensions ['colcon_meta']
[6.608s] Level 1:colcon.colcon_core.package_identification:_identify(Library/Artifacts/87) by extension 'colcon_meta'
[6.612s] Level 1:colcon.colcon_core.package_identification:_identify(Library/Artifacts/87) by extensions ['ros']
[6.613s] Level 1:colcon.colcon_core.package_identification:_identify(Library/Artifacts/87) by extension 'ros'
[6.621s] Level 1:colcon.colcon_core.package_identification:_identify(Library/Artifacts/87) by extensions ['cmake', 'python']
[6.622s] Level 1:colcon.colcon_core.package_identification:_identify(Library/Artifacts/87) by extension 'cmake'
[6.624s] Level 1:colcon.colcon_core.package_identification:_identify(Library/Artifacts/87) by extension 'python'
[6.627s] Level 1:colcon.colcon_core.package_identification:_identify(Library/Artifacts/87) by extensions ['python_setup_py']
[6.628s] Level 1:colcon.colcon_core.package_identification:_identify(Library/Artifacts/87) by extension 'python_setup_py'
[6.636s] Level 1:colcon.colcon_core.package_identification:_identify(Library/Artifacts/88) by extensions ['ignore', 'ignore_ament_install']
[6.637s] Level 1:colcon.colcon_core.package_identification:_identify(Library/Artifacts/88) by extension 'ignore'
[6.639s] Level 1:colcon.colcon_core.package_identification:_identify(Library/Artifacts/88) by extension 'ignore_ament_install'
[6.643s] Level 1:colcon.colcon_core.package_identification:_identify(Library/Artifacts/88) by extensions ['colcon_pkg']
[6.644s] Level 1:colcon.colcon_core.package_identification:_identify(Library/Artifacts/88) by extension 'colcon_pkg'
[6.646s] Level 1:colcon.colcon_core.package_identification:_identify(Library/Artifacts/88) by extensions ['colcon_meta']
[6.647s] Level 1:colcon.colcon_core.package_identification:_identify(Library/Artifacts/88) by extension 'colcon_meta'
[6.651s] Level 1:colcon.colcon_core.package_identification:_identify(Library/Artifacts/88) by extensions ['ros']
[6.652s] Level 1:colcon.colcon_core.package_identification:_identify(Library/Artifacts/88) by extension 'ros'
[6.660s] Level 1:colcon.colcon_core.package_identification:_identify(Library/Artifacts/88) by extensions ['cmake', 'python']
[6.661s] Level 1:colcon.colcon_core.package_identification:_identify(Library/Artifacts/88) by extension 'cmake'
[6.663s] Level 1:colcon.colcon_core.package_identification:_identify(Library/Artifacts/88) by extension 'python'
[6.665s] Level 1:colcon.colcon_core.package_identification:_identify(Library/Artifacts/88) by extensions ['python_setup_py']
[6.666s] Level 1:colcon.colcon_core.package_identification:_identify(Library/Artifacts/88) by extension 'python_setup_py'
[6.677s] Level 1:colcon.colcon_core.package_identification:_identify(Library/Artifacts/89) by extensions ['ignore', 'ignore_ament_install']
[6.678s] Level 1:colcon.colcon_core.package_identification:_identify(Library/Artifacts/89) by extension 'ignore'
[6.680s] Level 1:colcon.colcon_core.package_identification:_identify(Library/Artifacts/89) by extension 'ignore_ament_install'
[6.685s] Level 1:colcon.colcon_core.package_identification:_identify(Library/Artifacts/89) by extensions ['colcon_pkg']
[6.686s] Level 1:colcon.colcon_core.package_identification:_identify(Library/Artifacts/89) by extension 'colcon_pkg'
[6.688s] Level 1:colcon.colcon_core.package_identification:_identify(Library/Artifacts/89) by extensions ['colcon_meta']
[6.689s] Level 1:colcon.colcon_core.package_identification:_identify(Library/Artifacts/89) by extension 'colcon_meta'
[6.695s] Level 1:colcon.colcon_core.package_identification:_identify(Library/Artifacts/89) by extensions ['ros']
[6.695s] Level 1:colcon.colcon_core.package_identification:_identify(Library/Artifacts/89) by extension 'ros'
[6.706s] Level 1:colcon.colcon_core.package_identification:_identify(Library/Artifacts/89) by extensions ['cmake', 'python']
[6.707s] Level 1:colcon.colcon_core.package_identification:_identify(Library/Artifacts/89) by extension 'cmake'
[6.710s] Level 1:colcon.colcon_core.package_identification:_identify(Library/Artifacts/89) by extension 'python'
[6.712s] Level 1:colcon.colcon_core.package_identification:_identify(Library/Artifacts/89) by extensions ['python_setup_py']
[6.713s] Level 1:colcon.colcon_core.package_identification:_identify(Library/Artifacts/89) by extension 'python_setup_py'
[6.722s] Level 1:colcon.colcon_core.package_identification:_identify(Library/Artifacts/8a) by extensions ['ignore', 'ignore_ament_install']
[6.723s] Level 1:colcon.colcon_core.package_identification:_identify(Library/Artifacts/8a) by extension 'ignore'
[6.726s] Level 1:colcon.colcon_core.package_identification:_identify(Library/Artifacts/8a) by extension 'ignore_ament_install'
[6.730s] Level 1:colcon.colcon_core.package_identification:_identify(Library/Artifacts/8a) by extensions ['colcon_pkg']
[6.731s] Level 1:colcon.colcon_core.package_identification:_identify(Library/Artifacts/8a) by extension 'colcon_pkg'
[6.734s] Level 1:colcon.colcon_core.package_identification:_identify(Library/Artifacts/8a) by extensions ['colcon_meta']
[6.734s] Level 1:colcon.colcon_core.package_identification:_identify(Library/Artifacts/8a) by extension 'colcon_meta'
[6.739s] Level 1:colcon.colcon_core.package_identification:_identify(Library/Artifacts/8a) by extensions ['ros']
[6.740s] Level 1:colcon.colcon_core.package_identification:_identify(Library/Artifacts/8a) by extension 'ros'
[6.747s] Level 1:colcon.colcon_core.package_identification:_identify(Library/Artifacts/8a) by extensions ['cmake', 'python']
[6.748s] Level 1:colcon.colcon_core.package_identification:_identify(Library/Artifacts/8a) by extension 'cmake'
[6.751s] Level 1:colcon.colcon_core.package_identification:_identify(Library/Artifacts/8a) by extension 'python'
[6.753s] Level 1:colcon.colcon_core.package_identification:_identify(Library/Artifacts/8a) by extensions ['python_setup_py']
[6.754s] Level 1:colcon.colcon_core.package_identification:_identify(Library/Artifacts/8a) by extension 'python_setup_py'
[6.764s] Level 1:colcon.colcon_core.package_identification:_identify(Library/Artifacts/8b) by extensions ['ignore', 'ignore_ament_install']
[6.765s] Level 1:colcon.colcon_core.package_identification:_identify(Library/Artifacts/8b) by extension 'ignore'
[6.767s] Level 1:colcon.colcon_core.package_identification:_identify(Library/Artifacts/8b) by extension 'ignore_ament_install'
[6.773s] Level 1:colcon.colcon_core.package_identification:_identify(Library/Artifacts/8b) by extensions ['colcon_pkg']
[6.774s] Level 1:colcon.colcon_core.package_identification:_identify(Library/Artifacts/8b) by extension 'colcon_pkg'
[6.777s] Level 1:colcon.colcon_core.package_identification:_identify(Library/Artifacts/8b) by extensions ['colcon_meta']
[6.777s] Level 1:colcon.colcon_core.package_identification:_identify(Library/Artifacts/8b) by extension 'colcon_meta'
[6.782s] Level 1:colcon.colcon_core.package_identification:_identify(Library/Artifacts/8b) by extensions ['ros']
[6.783s] Level 1:colcon.colcon_core.package_identification:_identify(Library/Artifacts/8b) by extension 'ros'
[6.794s] Level 1:colcon.colcon_core.package_identification:_identify(Library/Artifacts/8b) by extensions ['cmake', 'python']
[6.795s] Level 1:colcon.colcon_core.package_identification:_identify(Library/Artifacts/8b) by extension 'cmake'
[6.798s] Level 1:colcon.colcon_core.package_identification:_identify(Library/Artifacts/8b) by extension 'python'
[6.803s] Level 1:colcon.colcon_core.package_identification:_identify(Library/Artifacts/8b) by extensions ['python_setup_py']
[6.804s] Level 1:colcon.colcon_core.package_identification:_identify(Library/Artifacts/8b) by extension 'python_setup_py'
[6.814s] Level 1:colcon.colcon_core.package_identification:_identify(Library/Artifacts/8c) by extensions ['ignore', 'ignore_ament_install']
[6.815s] Level 1:colcon.colcon_core.package_identification:_identify(Library/Artifacts/8c) by extension 'ignore'
[6.817s] Level 1:colcon.colcon_core.package_identification:_identify(Library/Artifacts/8c) by extension 'ignore_ament_install'
[6.823s] Level 1:colcon.colcon_core.package_identification:_identify(Library/Artifacts/8c) by extensions ['colcon_pkg']
[6.824s] Level 1:colcon.colcon_core.package_identification:_identify(Library/Artifacts/8c) by extension 'colcon_pkg'
[6.827s] Level 1:colcon.colcon_core.package_identification:_identify(Library/Artifacts/8c) by extensions ['colcon_meta']
[6.828s] Level 1:colcon.colcon_core.package_identification:_identify(Library/Artifacts/8c) by extension 'colcon_meta'
[6.832s] Level 1:colcon.colcon_core.package_identification:_identify(Library/Artifacts/8c) by extensions ['ros']
[6.833s] Level 1:colcon.colcon_core.package_identification:_identify(Library/Artifacts/8c) by extension 'ros'
[6.844s] Level 1:colcon.colcon_core.package_identification:_identify(Library/Artifacts/8c) by extensions ['cmake', 'python']
[6.845s] Level 1:colcon.colcon_core.package_identification:_identify(Library/Artifacts/8c) by extension 'cmake'
[6.849s] Level 1:colcon.colcon_core.package_identification:_identify(Library/Artifacts/8c) by extension 'python'
[6.852s] Level 1:colcon.colcon_core.package_identification:_identify(Library/Artifacts/8c) by extensions ['python_setup_py']
[6.853s] Level 1:colcon.colcon_core.package_identification:_identify(Library/Artifacts/8c) by extension 'python_setup_py'
[6.860s] Level 1:colcon.colcon_core.package_identification:_identify(Library/Artifacts/8d) by extensions ['ignore', 'ignore_ament_install']
[6.861s] Level 1:colcon.colcon_core.package_identification:_identify(Library/Artifacts/8d) by extension 'ignore'
[6.863s] Level 1:colcon.colcon_core.package_identification:_identify(Library/Artifacts/8d) by extension 'ignore_ament_install'
[6.866s] Level 1:colcon.colcon_core.package_identification:_identify(Library/Artifacts/8d) by extensions ['colcon_pkg']
[6.867s] Level 1:colcon.colcon_core.package_identification:_identify(Library/Artifacts/8d) by extension 'colcon_pkg'
[6.869s] Level 1:colcon.colcon_core.package_identification:_identify(Library/Artifacts/8d) by extensions ['colcon_meta']
[6.870s] Level 1:colcon.colcon_core.package_identification:_identify(Library/Artifacts/8d) by extension 'colcon_meta'
[6.873s] Level 1:colcon.colcon_core.package_identification:_identify(Library/Artifacts/8d) by extensions ['ros']
[6.874s] Level 1:colcon.colcon_core.package_identification:_identify(Library/Artifacts/8d) by extension 'ros'
[6.882s] Level 1:colcon.colcon_core.package_identification:_identify(Library/Artifacts/8d) by extensions ['cmake', 'python']
[6.883s] Level 1:colcon.colcon_core.package_identification:_identify(Library/Artifacts/8d) by extension 'cmake'
[6.886s] Level 1:colcon.colcon_core.package_identification:_identify(Library/Artifacts/8d) by extension 'python'
[6.889s] Level 1:colcon.colcon_core.package_identification:_identify(Library/Artifacts/8d) by extensions ['python_setup_py']
[6.889s] Level 1:colcon.colcon_core.package_identification:_identify(Library/Artifacts/8d) by extension 'python_setup_py'
[6.900s] Level 1:colcon.colcon_core.package_identification:_identify(Library/Artifacts/8e) by extensions ['ignore', 'ignore_ament_install']
[6.901s] Level 1:colcon.colcon_core.package_identification:_identify(Library/Artifacts/8e) by extension 'ignore'
[6.903s] Level 1:colcon.colcon_core.package_identification:_identify(Library/Artifacts/8e) by extension 'ignore_ament_install'
[6.908s] Level 1:colcon.colcon_core.package_identification:_identify(Library/Artifacts/8e) by extensions ['colcon_pkg']
[6.908s] Level 1:colcon.colcon_core.package_identification:_identify(Library/Artifacts/8e) by extension 'colcon_pkg'
[6.911s] Level 1:colcon.colcon_core.package_identification:_identify(Library/Artifacts/8e) by extensions ['colcon_meta']
[6.912s] Level 1:colcon.colcon_core.package_identification:_identify(Library/Artifacts/8e) by extension 'colcon_meta'
[6.916s] Level 1:colcon.colcon_core.package_identification:_identify(Library/Artifacts/8e) by extensions ['ros']
[6.917s] Level 1:colcon.colcon_core.package_identification:_identify(Library/Artifacts/8e) by extension 'ros'
[6.927s] Level 1:colcon.colcon_core.package_identification:_identify(Library/Artifacts/8e) by extensions ['cmake', 'python']
[6.928s] Level 1:colcon.colcon_core.package_identification:_identify(Library/Artifacts/8e) by extension 'cmake'
[6.931s] Level 1:colcon.colcon_core.package_identification:_identify(Library/Artifacts/8e) by extension 'python'
[6.934s] Level 1:colcon.colcon_core.package_identification:_identify(Library/Artifacts/8e) by extensions ['python_setup_py']
[6.934s] Level 1:colcon.colcon_core.package_identification:_identify(Library/Artifacts/8e) by extension 'python_setup_py'
[6.945s] Level 1:colcon.colcon_core.package_identification:_identify(Library/Artifacts/8f) by extensions ['ignore', 'ignore_ament_install']
[6.946s] Level 1:colcon.colcon_core.package_identification:_identify(Library/Artifacts/8f) by extension 'ignore'
[6.949s] Level 1:colcon.colcon_core.package_identification:_identify(Library/Artifacts/8f) by extension 'ignore_ament_install'
[6.953s] Level 1:colcon.colcon_core.package_identification:_identify(Library/Artifacts/8f) by extensions ['colcon_pkg']
[6.954s] Level 1:colcon.colcon_core.package_identification:_identify(Library/Artifacts/8f) by extension 'colcon_pkg'
[6.957s] Level 1:colcon.colcon_core.package_identification:_identify(Library/Artifacts/8f) by extensions ['colcon_meta']
[6.958s] Level 1:colcon.colcon_core.package_identification:_identify(Library/Artifacts/8f) by extension 'colcon_meta'
[6.963s] Level 1:colcon.colcon_core.package_identification:_identify(Library/Artifacts/8f) by extensions ['ros']
[6.964s] Level 1:colcon.colcon_core.package_identification:_identify(Library/Artifacts/8f) by extension 'ros'
[6.973s] Level 1:colcon.colcon_core.package_identification:_identify(Library/Artifacts/8f) by extensions ['cmake', 'python']
[6.973s] Level 1:colcon.colcon_core.package_identification:_identify(Library/Artifacts/8f) by extension 'cmake'
[6.976s] Level 1:colcon.colcon_core.package_identification:_identify(Library/Artifacts/8f) by extension 'python'
[6.978s] Level 1:colcon.colcon_core.package_identification:_identify(Library/Artifacts/8f) by extensions ['python_setup_py']
[6.979s] Level 1:colcon.colcon_core.package_identification:_identify(Library/Artifacts/8f) by extension 'python_setup_py'
[6.989s] Level 1:colcon.colcon_core.package_identification:_identify(Library/Artifacts/90) by extensions ['ignore', 'ignore_ament_install']
[6.990s] Level 1:colcon.colcon_core.package_identification:_identify(Library/Artifacts/90) by extension 'ignore'
[6.992s] Level 1:colcon.colcon_core.package_identification:_identify(Library/Artifacts/90) by extension 'ignore_ament_install'
[6.997s] Level 1:colcon.colcon_core.package_identification:_identify(Library/Artifacts/90) by extensions ['colcon_pkg']
[6.997s] Level 1:colcon.colcon_core.package_identification:_identify(Library/Artifacts/90) by extension 'colcon_pkg'
[7.000s] Level 1:colcon.colcon_core.package_identification:_identify(Library/Artifacts/90) by extensions ['colcon_meta']
[7.000s] Level 1:colcon.colcon_core.package_identification:_identify(Library/Artifacts/90) by extension 'colcon_meta'
[7.004s] Level 1:colcon.colcon_core.package_identification:_identify(Library/Artifacts/90) by extensions ['ros']
[7.005s] Level 1:colcon.colcon_core.package_identification:_identify(Library/Artifacts/90) by extension 'ros'
[7.014s] Level 1:colcon.colcon_core.package_identification:_identify(Library/Artifacts/90) by extensions ['cmake', 'python']
[7.015s] Level 1:colcon.colcon_core.package_identification:_identify(Library/Artifacts/90) by extension 'cmake'
[7.017s] Level 1:colcon.colcon_core.package_identification:_identify(Library/Artifacts/90) by extension 'python'
[7.019s] Level 1:colcon.colcon_core.package_identification:_identify(Library/Artifacts/90) by extensions ['python_setup_py']
[7.020s] Level 1:colcon.colcon_core.package_identification:_identify(Library/Artifacts/90) by extension 'python_setup_py'
[7.030s] Level 1:colcon.colcon_core.package_identification:_identify(Library/Artifacts/91) by extensions ['ignore', 'ignore_ament_install']
[7.031s] Level 1:colcon.colcon_core.package_identification:_identify(Library/Artifacts/91) by extension 'ignore'
[7.034s] Level 1:colcon.colcon_core.package_identification:_identify(Library/Artifacts/91) by extension 'ignore_ament_install'
[7.038s] Level 1:colcon.colcon_core.package_identification:_identify(Library/Artifacts/91) by extensions ['colcon_pkg']
[7.039s] Level 1:colcon.colcon_core.package_identification:_identify(Library/Artifacts/91) by extension 'colcon_pkg'
[7.041s] Level 1:colcon.colcon_core.package_identification:_identify(Library/Artifacts/91) by extensions ['colcon_meta']
[7.042s] Level 1:colcon.colcon_core.package_identification:_identify(Library/Artifacts/91) by extension 'colcon_meta'
[7.048s] Level 1:colcon.colcon_core.package_identification:_identify(Library/Artifacts/91) by extensions ['ros']
[7.049s] Level 1:colcon.colcon_core.package_identification:_identify(Library/Artifacts/91) by extension 'ros'
[7.063s] Level 1:colcon.colcon_core.package_identification:_identify(Library/Artifacts/91) by extensions ['cmake', 'python']
[7.064s] Level 1:colcon.colcon_core.package_identification:_identify(Library/Artifacts/91) by extension 'cmake'
[7.067s] Level 1:colcon.colcon_core.package_identification:_identify(Library/Artifacts/91) by extension 'python'
[7.070s] Level 1:colcon.colcon_core.package_identification:_identify(Library/Artifacts/91) by extensions ['python_setup_py']
[7.071s] Level 1:colcon.colcon_core.package_identification:_identify(Library/Artifacts/91) by extension 'python_setup_py'
[7.081s] Level 1:colcon.colcon_core.package_identification:_identify(Library/Artifacts/92) by extensions ['ignore', 'ignore_ament_install']
[7.082s] Level 1:colcon.colcon_core.package_identification:_identify(Library/Artifacts/92) by extension 'ignore'
[7.085s] Level 1:colcon.colcon_core.package_identification:_identify(Library/Artifacts/92) by extension 'ignore_ament_install'
[7.089s] Level 1:colcon.colcon_core.package_identification:_identify(Library/Artifacts/92) by extensions ['colcon_pkg']
[7.090s] Level 1:colcon.colcon_core.package_identification:_identify(Library/Artifacts/92) by extension 'colcon_pkg'
[7.092s] Level 1:colcon.colcon_core.package_identification:_identify(Library/Artifacts/92) by extensions ['colcon_meta']
[7.093s] Level 1:colcon.colcon_core.package_identification:_identify(Library/Artifacts/92) by extension 'colcon_meta'
[7.097s] Level 1:colcon.colcon_core.package_identification:_identify(Library/Artifacts/92) by extensions ['ros']
[7.098s] Level 1:colcon.colcon_core.package_identification:_identify(Library/Artifacts/92) by extension 'ros'
[7.108s] Level 1:colcon.colcon_core.package_identification:_identify(Library/Artifacts/92) by extensions ['cmake', 'python']
[7.109s] Level 1:colcon.colcon_core.package_identification:_identify(Library/Artifacts/92) by extension 'cmake'
[7.112s] Level 1:colcon.colcon_core.package_identification:_identify(Library/Artifacts/92) by extension 'python'
[7.116s] Level 1:colcon.colcon_core.package_identification:_identify(Library/Artifacts/92) by extensions ['python_setup_py']
[7.117s] Level 1:colcon.colcon_core.package_identification:_identify(Library/Artifacts/92) by extension 'python_setup_py'
[7.126s] Level 1:colcon.colcon_core.package_identification:_identify(Library/Artifacts/93) by extensions ['ignore', 'ignore_ament_install']
[7.127s] Level 1:colcon.colcon_core.package_identification:_identify(Library/Artifacts/93) by extension 'ignore'
[7.130s] Level 1:colcon.colcon_core.package_identification:_identify(Library/Artifacts/93) by extension 'ignore_ament_install'
[7.134s] Level 1:colcon.colcon_core.package_identification:_identify(Library/Artifacts/93) by extensions ['colcon_pkg']
[7.135s] Level 1:colcon.colcon_core.package_identification:_identify(Library/Artifacts/93) by extension 'colcon_pkg'
[7.138s] Level 1:colcon.colcon_core.package_identification:_identify(Library/Artifacts/93) by extensions ['colcon_meta']
[7.138s] Level 1:colcon.colcon_core.package_identification:_identify(Library/Artifacts/93) by extension 'colcon_meta'
[7.142s] Level 1:colcon.colcon_core.package_identification:_identify(Library/Artifacts/93) by extensions ['ros']
[7.143s] Level 1:colcon.colcon_core.package_identification:_identify(Library/Artifacts/93) by extension 'ros'
[7.149s] Level 1:colcon.colcon_core.package_identification:_identify(Library/Artifacts/93) by extensions ['cmake', 'python']
[7.150s] Level 1:colcon.colcon_core.package_identification:_identify(Library/Artifacts/93) by extension 'cmake'
[7.152s] Level 1:colcon.colcon_core.package_identification:_identify(Library/Artifacts/93) by extension 'python'
[7.154s] Level 1:colcon.colcon_core.package_identification:_identify(Library/Artifacts/93) by extensions ['python_setup_py']
[7.154s] Level 1:colcon.colcon_core.package_identification:_identify(Library/Artifacts/93) by extension 'python_setup_py'
[7.162s] Level 1:colcon.colcon_core.package_identification:_identify(Library/Artifacts/94) by extensions ['ignore', 'ignore_ament_install']
[7.163s] Level 1:colcon.colcon_core.package_identification:_identify(Library/Artifacts/94) by extension 'ignore'
[7.166s] Level 1:colcon.colcon_core.package_identification:_identify(Library/Artifacts/94) by extension 'ignore_ament_install'
[7.173s] Level 1:colcon.colcon_core.package_identification:_identify(Library/Artifacts/94) by extensions ['colcon_pkg']
[7.174s] Level 1:colcon.colcon_core.package_identification:_identify(Library/Artifacts/94) by extension 'colcon_pkg'
[7.177s] Level 1:colcon.colcon_core.package_identification:_identify(Library/Artifacts/94) by extensions ['colcon_meta']
[7.178s] Level 1:colcon.colcon_core.package_identification:_identify(Library/Artifacts/94) by extension 'colcon_meta'
[7.182s] Level 1:colcon.colcon_core.package_identification:_identify(Library/Artifacts/94) by extensions ['ros']
[7.183s] Level 1:colcon.colcon_core.package_identification:_identify(Library/Artifacts/94) by extension 'ros'
[7.192s] Level 1:colcon.colcon_core.package_identification:_identify(Library/Artifacts/94) by extensions ['cmake', 'python']
[7.193s] Level 1:colcon.colcon_core.package_identification:_identify(Library/Artifacts/94) by extension 'cmake'
[7.195s] Level 1:colcon.colcon_core.package_identification:_identify(Library/Artifacts/94) by extension 'python'
[7.198s] Level 1:colcon.colcon_core.package_identification:_identify(Library/Artifacts/94) by extensions ['python_setup_py']
[7.199s] Level 1:colcon.colcon_core.package_identification:_identify(Library/Artifacts/94) by extension 'python_setup_py'
[7.208s] Level 1:colcon.colcon_core.package_identification:_identify(Library/Artifacts/95) by extensions ['ignore', 'ignore_ament_install']
[7.209s] Level 1:colcon.colcon_core.package_identification:_identify(Library/Artifacts/95) by extension 'ignore'
[7.211s] Level 1:colcon.colcon_core.package_identification:_identify(Library/Artifacts/95) by extension 'ignore_ament_install'
[7.217s] Level 1:colcon.colcon_core.package_identification:_identify(Library/Artifacts/95) by extensions ['colcon_pkg']
[7.218s] Level 1:colcon.colcon_core.package_identification:_identify(Library/Artifacts/95) by extension 'colcon_pkg'
[7.221s] Level 1:colcon.colcon_core.package_identification:_identify(Library/Artifacts/95) by extensions ['colcon_meta']
[7.222s] Level 1:colcon.colcon_core.package_identification:_identify(Library/Artifacts/95) by extension 'colcon_meta'
[7.226s] Level 1:colcon.colcon_core.package_identification:_identify(Library/Artifacts/95) by extensions ['ros']
[7.227s] Level 1:colcon.colcon_core.package_identification:_identify(Library/Artifacts/95) by extension 'ros'
[7.238s] Level 1:colcon.colcon_core.package_identification:_identify(Library/Artifacts/95) by extensions ['cmake', 'python']
[7.240s] Level 1:colcon.colcon_core.package_identification:_identify(Library/Artifacts/95) by extension 'cmake'
[7.243s] Level 1:colcon.colcon_core.package_identification:_identify(Library/Artifacts/95) by extension 'python'
[7.245s] Level 1:colcon.colcon_core.package_identification:_identify(Library/Artifacts/95) by extensions ['python_setup_py']
[7.246s] Level 1:colcon.colcon_core.package_identification:_identify(Library/Artifacts/95) by extension 'python_setup_py'
[7.256s] Level 1:colcon.colcon_core.package_identification:_identify(Library/Artifacts/96) by extensions ['ignore', 'ignore_ament_install']
[7.257s] Level 1:colcon.colcon_core.package_identification:_identify(Library/Artifacts/96) by extension 'ignore'
[7.259s] Level 1:colcon.colcon_core.package_identification:_identify(Library/Artifacts/96) by extension 'ignore_ament_install'
[7.264s] Level 1:colcon.colcon_core.package_identification:_identify(Library/Artifacts/96) by extensions ['colcon_pkg']
[7.265s] Level 1:colcon.colcon_core.package_identification:_identify(Library/Artifacts/96) by extension 'colcon_pkg'
[7.267s] Level 1:colcon.colcon_core.package_identification:_identify(Library/Artifacts/96) by extensions ['colcon_meta']
[7.268s] Level 1:colcon.colcon_core.package_identification:_identify(Library/Artifacts/96) by extension 'colcon_meta'
[7.273s] Level 1:colcon.colcon_core.package_identification:_identify(Library/Artifacts/96) by extensions ['ros']
[7.274s] Level 1:colcon.colcon_core.package_identification:_identify(Library/Artifacts/96) by extension 'ros'
[7.284s] Level 1:colcon.colcon_core.package_identification:_identify(Library/Artifacts/96) by extensions ['cmake', 'python']
[7.285s] Level 1:colcon.colcon_core.package_identification:_identify(Library/Artifacts/96) by extension 'cmake'
[7.288s] Level 1:colcon.colcon_core.package_identification:_identify(Library/Artifacts/96) by extension 'python'
[7.291s] Level 1:colcon.colcon_core.package_identification:_identify(Library/Artifacts/96) by extensions ['python_setup_py']
[7.292s] Level 1:colcon.colcon_core.package_identification:_identify(Library/Artifacts/96) by extension 'python_setup_py'
[7.306s] Level 1:colcon.colcon_core.package_identification:_identify(Library/Artifacts/97) by extensions ['ignore', 'ignore_ament_install']
[7.307s] Level 1:colcon.colcon_core.package_identification:_identify(Library/Artifacts/97) by extension 'ignore'
[7.311s] Level 1:colcon.colcon_core.package_identification:_identify(Library/Artifacts/97) by extension 'ignore_ament_install'
[7.317s] Level 1:colcon.colcon_core.package_identification:_identify(Library/Artifacts/97) by extensions ['colcon_pkg']
[7.318s] Level 1:colcon.colcon_core.package_identification:_identify(Library/Artifacts/97) by extension 'colcon_pkg'
[7.321s] Level 1:colcon.colcon_core.package_identification:_identify(Library/Artifacts/97) by extensions ['colcon_meta']
[7.322s] Level 1:colcon.colcon_core.package_identification:_identify(Library/Artifacts/97) by extension 'colcon_meta'
[7.326s] Level 1:colcon.colcon_core.package_identification:_identify(Library/Artifacts/97) by extensions ['ros']
[7.327s] Level 1:colcon.colcon_core.package_identification:_identify(Library/Artifacts/97) by extension 'ros'
[7.336s] Level 1:colcon.colcon_core.package_identification:_identify(Library/Artifacts/97) by extensions ['cmake', 'python']
[7.337s] Level 1:colcon.colcon_core.package_identification:_identify(Library/Artifacts/97) by extension 'cmake'
[7.340s] Level 1:colcon.colcon_core.package_identification:_identify(Library/Artifacts/97) by extension 'python'
[7.343s] Level 1:colcon.colcon_core.package_identification:_identify(Library/Artifacts/97) by extensions ['python_setup_py']
[7.344s] Level 1:colcon.colcon_core.package_identification:_identify(Library/Artifacts/97) by extension 'python_setup_py'
[7.354s] Level 1:colcon.colcon_core.package_identification:_identify(Library/Artifacts/98) by extensions ['ignore', 'ignore_ament_install']
[7.354s] Level 1:colcon.colcon_core.package_identification:_identify(Library/Artifacts/98) by extension 'ignore'
[7.357s] Level 1:colcon.colcon_core.package_identification:_identify(Library/Artifacts/98) by extension 'ignore_ament_install'
[7.361s] Level 1:colcon.colcon_core.package_identification:_identify(Library/Artifacts/98) by extensions ['colcon_pkg']
[7.361s] Level 1:colcon.colcon_core.package_identification:_identify(Library/Artifacts/98) by extension 'colcon_pkg'
[7.364s] Level 1:colcon.colcon_core.package_identification:_identify(Library/Artifacts/98) by extensions ['colcon_meta']
[7.365s] Level 1:colcon.colcon_core.package_identification:_identify(Library/Artifacts/98) by extension 'colcon_meta'
[7.369s] Level 1:colcon.colcon_core.package_identification:_identify(Library/Artifacts/98) by extensions ['ros']
[7.370s] Level 1:colcon.colcon_core.package_identification:_identify(Library/Artifacts/98) by extension 'ros'
[7.379s] Level 1:colcon.colcon_core.package_identification:_identify(Library/Artifacts/98) by extensions ['cmake', 'python']
[7.380s] Level 1:colcon.colcon_core.package_identification:_identify(Library/Artifacts/98) by extension 'cmake'
[7.383s] Level 1:colcon.colcon_core.package_identification:_identify(Library/Artifacts/98) by extension 'python'
[7.385s] Level 1:colcon.colcon_core.package_identification:_identify(Library/Artifacts/98) by extensions ['python_setup_py']
[7.386s] Level 1:colcon.colcon_core.package_identification:_identify(Library/Artifacts/98) by extension 'python_setup_py'
[7.395s] Level 1:colcon.colcon_core.package_identification:_identify(Library/Artifacts/99) by extensions ['ignore', 'ignore_ament_install']
[7.396s] Level 1:colcon.colcon_core.package_identification:_identify(Library/Artifacts/99) by extension 'ignore'
[7.399s] Level 1:colcon.colcon_core.package_identification:_identify(Library/Artifacts/99) by extension 'ignore_ament_install'
[7.403s] Level 1:colcon.colcon_core.package_identification:_identify(Library/Artifacts/99) by extensions ['colcon_pkg']
[7.404s] Level 1:colcon.colcon_core.package_identification:_identify(Library/Artifacts/99) by extension 'colcon_pkg'
[7.407s] Level 1:colcon.colcon_core.package_identification:_identify(Library/Artifacts/99) by extensions ['colcon_meta']
[7.408s] Level 1:colcon.colcon_core.package_identification:_identify(Library/Artifacts/99) by extension 'colcon_meta'
[7.412s] Level 1:colcon.colcon_core.package_identification:_identify(Library/Artifacts/99) by extensions ['ros']
[7.413s] Level 1:colcon.colcon_core.package_identification:_identify(Library/Artifacts/99) by extension 'ros'
[7.424s] Level 1:colcon.colcon_core.package_identification:_identify(Library/Artifacts/99) by extensions ['cmake', 'python']
[7.425s] Level 1:colcon.colcon_core.package_identification:_identify(Library/Artifacts/99) by extension 'cmake'
[7.428s] Level 1:colcon.colcon_core.package_identification:_identify(Library/Artifacts/99) by extension 'python'
[7.431s] Level 1:colcon.colcon_core.package_identification:_identify(Library/Artifacts/99) by extensions ['python_setup_py']
[7.432s] Level 1:colcon.colcon_core.package_identification:_identify(Library/Artifacts/99) by extension 'python_setup_py'
[7.442s] Level 1:colcon.colcon_core.package_identification:_identify(Library/Artifacts/9a) by extensions ['ignore', 'ignore_ament_install']
[7.443s] Level 1:colcon.colcon_core.package_identification:_identify(Library/Artifacts/9a) by extension 'ignore'
[7.446s] Level 1:colcon.colcon_core.package_identification:_identify(Library/Artifacts/9a) by extension 'ignore_ament_install'
[7.450s] Level 1:colcon.colcon_core.package_identification:_identify(Library/Artifacts/9a) by extensions ['colcon_pkg']
[7.451s] Level 1:colcon.colcon_core.package_identification:_identify(Library/Artifacts/9a) by extension 'colcon_pkg'
[7.454s] Level 1:colcon.colcon_core.package_identification:_identify(Library/Artifacts/9a) by extensions ['colcon_meta']
[7.455s] Level 1:colcon.colcon_core.package_identification:_identify(Library/Artifacts/9a) by extension 'colcon_meta'
[7.459s] Level 1:colcon.colcon_core.package_identification:_identify(Library/Artifacts/9a) by extensions ['ros']
[7.460s] Level 1:colcon.colcon_core.package_identification:_identify(Library/Artifacts/9a) by extension 'ros'
[7.471s] Level 1:colcon.colcon_core.package_identification:_identify(Library/Artifacts/9a) by extensions ['cmake', 'python']
[7.471s] Level 1:colcon.colcon_core.package_identification:_identify(Library/Artifacts/9a) by extension 'cmake'
[7.474s] Level 1:colcon.colcon_core.package_identification:_identify(Library/Artifacts/9a) by extension 'python'
[7.477s] Level 1:colcon.colcon_core.package_identification:_identify(Library/Artifacts/9a) by extensions ['python_setup_py']
[7.477s] Level 1:colcon.colcon_core.package_identification:_identify(Library/Artifacts/9a) by extension 'python_setup_py'
[7.487s] Level 1:colcon.colcon_core.package_identification:_identify(Library/Artifacts/9b) by extensions ['ignore', 'ignore_ament_install']
[7.488s] Level 1:colcon.colcon_core.package_identification:_identify(Library/Artifacts/9b) by extension 'ignore'
[7.492s] Level 1:colcon.colcon_core.package_identification:_identify(Library/Artifacts/9b) by extension 'ignore_ament_install'
[7.497s] Level 1:colcon.colcon_core.package_identification:_identify(Library/Artifacts/9b) by extensions ['colcon_pkg']
[7.497s] Level 1:colcon.colcon_core.package_identification:_identify(Library/Artifacts/9b) by extension 'colcon_pkg'
[7.500s] Level 1:colcon.colcon_core.package_identification:_identify(Library/Artifacts/9b) by extensions ['colcon_meta']
[7.501s] Level 1:colcon.colcon_core.package_identification:_identify(Library/Artifacts/9b) by extension 'colcon_meta'
[7.505s] Level 1:colcon.colcon_core.package_identification:_identify(Library/Artifacts/9b) by extensions ['ros']
[7.506s] Level 1:colcon.colcon_core.package_identification:_identify(Library/Artifacts/9b) by extension 'ros'
[7.516s] Level 1:colcon.colcon_core.package_identification:_identify(Library/Artifacts/9b) by extensions ['cmake', 'python']
[7.517s] Level 1:colcon.colcon_core.package_identification:_identify(Library/Artifacts/9b) by extension 'cmake'
[7.519s] Level 1:colcon.colcon_core.package_identification:_identify(Library/Artifacts/9b) by extension 'python'
[7.521s] Level 1:colcon.colcon_core.package_identification:_identify(Library/Artifacts/9b) by extensions ['python_setup_py']
[7.521s] Level 1:colcon.colcon_core.package_identification:_identify(Library/Artifacts/9b) by extension 'python_setup_py'
[7.530s] Level 1:colcon.colcon_core.package_identification:_identify(Library/Artifacts/9c) by extensions ['ignore', 'ignore_ament_install']
[7.531s] Level 1:colcon.colcon_core.package_identification:_identify(Library/Artifacts/9c) by extension 'ignore'
[7.533s] Level 1:colcon.colcon_core.package_identification:_identify(Library/Artifacts/9c) by extension 'ignore_ament_install'
[7.536s] Level 1:colcon.colcon_core.package_identification:_identify(Library/Artifacts/9c) by extensions ['colcon_pkg']
[7.536s] Level 1:colcon.colcon_core.package_identification:_identify(Library/Artifacts/9c) by extension 'colcon_pkg'
[7.538s] Level 1:colcon.colcon_core.package_identification:_identify(Library/Artifacts/9c) by extensions ['colcon_meta']
[7.539s] Level 1:colcon.colcon_core.package_identification:_identify(Library/Artifacts/9c) by extension 'colcon_meta'
[7.543s] Level 1:colcon.colcon_core.package_identification:_identify(Library/Artifacts/9c) by extensions ['ros']
[7.544s] Level 1:colcon.colcon_core.package_identification:_identify(Library/Artifacts/9c) by extension 'ros'
[7.553s] Level 1:colcon.colcon_core.package_identification:_identify(Library/Artifacts/9c) by extensions ['cmake', 'python']
[7.553s] Level 1:colcon.colcon_core.package_identification:_identify(Library/Artifacts/9c) by extension 'cmake'
[7.556s] Level 1:colcon.colcon_core.package_identification:_identify(Library/Artifacts/9c) by extension 'python'
[7.558s] Level 1:colcon.colcon_core.package_identification:_identify(Library/Artifacts/9c) by extensions ['python_setup_py']
[7.559s] Level 1:colcon.colcon_core.package_identification:_identify(Library/Artifacts/9c) by extension 'python_setup_py'
[7.567s] Level 1:colcon.colcon_core.package_identification:_identify(Library/Artifacts/9d) by extensions ['ignore', 'ignore_ament_install']
[7.568s] Level 1:colcon.colcon_core.package_identification:_identify(Library/Artifacts/9d) by extension 'ignore'
[7.571s] Level 1:colcon.colcon_core.package_identification:_identify(Library/Artifacts/9d) by extension 'ignore_ament_install'
[7.575s] Level 1:colcon.colcon_core.package_identification:_identify(Library/Artifacts/9d) by extensions ['colcon_pkg']
[7.577s] Level 1:colcon.colcon_core.package_identification:_identify(Library/Artifacts/9d) by extension 'colcon_pkg'
[7.579s] Level 1:colcon.colcon_core.package_identification:_identify(Library/Artifacts/9d) by extensions ['colcon_meta']
[7.580s] Level 1:colcon.colcon_core.package_identification:_identify(Library/Artifacts/9d) by extension 'colcon_meta'
[7.584s] Level 1:colcon.colcon_core.package_identification:_identify(Library/Artifacts/9d) by extensions ['ros']
[7.585s] Level 1:colcon.colcon_core.package_identification:_identify(Library/Artifacts/9d) by extension 'ros'
[7.594s] Level 1:colcon.colcon_core.package_identification:_identify(Library/Artifacts/9d) by extensions ['cmake', 'python']
[7.595s] Level 1:colcon.colcon_core.package_identification:_identify(Library/Artifacts/9d) by extension 'cmake'
[7.597s] Level 1:colcon.colcon_core.package_identification:_identify(Library/Artifacts/9d) by extension 'python'
[7.600s] Level 1:colcon.colcon_core.package_identification:_identify(Library/Artifacts/9d) by extensions ['python_setup_py']
[7.601s] Level 1:colcon.colcon_core.package_identification:_identify(Library/Artifacts/9d) by extension 'python_setup_py'
[7.610s] Level 1:colcon.colcon_core.package_identification:_identify(Library/Artifacts/9e) by extensions ['ignore', 'ignore_ament_install']
[7.610s] Level 1:colcon.colcon_core.package_identification:_identify(Library/Artifacts/9e) by extension 'ignore'
[7.613s] Level 1:colcon.colcon_core.package_identification:_identify(Library/Artifacts/9e) by extension 'ignore_ament_install'
[7.617s] Level 1:colcon.colcon_core.package_identification:_identify(Library/Artifacts/9e) by extensions ['colcon_pkg']
[7.618s] Level 1:colcon.colcon_core.package_identification:_identify(Library/Artifacts/9e) by extension 'colcon_pkg'
[7.620s] Level 1:colcon.colcon_core.package_identification:_identify(Library/Artifacts/9e) by extensions ['colcon_meta']
[7.621s] Level 1:colcon.colcon_core.package_identification:_identify(Library/Artifacts/9e) by extension 'colcon_meta'
[7.625s] Level 1:colcon.colcon_core.package_identification:_identify(Library/Artifacts/9e) by extensions ['ros']
[7.626s] Level 1:colcon.colcon_core.package_identification:_identify(Library/Artifacts/9e) by extension 'ros'
[7.635s] Level 1:colcon.colcon_core.package_identification:_identify(Library/Artifacts/9e) by extensions ['cmake', 'python']
[7.636s] Level 1:colcon.colcon_core.package_identification:_identify(Library/Artifacts/9e) by extension 'cmake'
[7.638s] Level 1:colcon.colcon_core.package_identification:_identify(Library/Artifacts/9e) by extension 'python'
[7.641s] Level 1:colcon.colcon_core.package_identification:_identify(Library/Artifacts/9e) by extensions ['python_setup_py']
[7.642s] Level 1:colcon.colcon_core.package_identification:_identify(Library/Artifacts/9e) by extension 'python_setup_py'
[7.651s] Level 1:colcon.colcon_core.package_identification:_identify(Library/Artifacts/9f) by extensions ['ignore', 'ignore_ament_install']
[7.652s] Level 1:colcon.colcon_core.package_identification:_identify(Library/Artifacts/9f) by extension 'ignore'
[7.654s] Level 1:colcon.colcon_core.package_identification:_identify(Library/Artifacts/9f) by extension 'ignore_ament_install'
[7.658s] Level 1:colcon.colcon_core.package_identification:_identify(Library/Artifacts/9f) by extensions ['colcon_pkg']
[7.659s] Level 1:colcon.colcon_core.package_identification:_identify(Library/Artifacts/9f) by extension 'colcon_pkg'
[7.662s] Level 1:colcon.colcon_core.package_identification:_identify(Library/Artifacts/9f) by extensions ['colcon_meta']
[7.663s] Level 1:colcon.colcon_core.package_identification:_identify(Library/Artifacts/9f) by extension 'colcon_meta'
[7.668s] Level 1:colcon.colcon_core.package_identification:_identify(Library/Artifacts/9f) by extensions ['ros']
[7.669s] Level 1:colcon.colcon_core.package_identification:_identify(Library/Artifacts/9f) by extension 'ros'
[7.679s] Level 1:colcon.colcon_core.package_identification:_identify(Library/Artifacts/9f) by extensions ['cmake', 'python']
[7.680s] Level 1:colcon.colcon_core.package_identification:_identify(Library/Artifacts/9f) by extension 'cmake'
[7.683s] Level 1:colcon.colcon_core.package_identification:_identify(Library/Artifacts/9f) by extension 'python'
[7.686s] Level 1:colcon.colcon_core.package_identification:_identify(Library/Artifacts/9f) by extensions ['python_setup_py']
[7.687s] Level 1:colcon.colcon_core.package_identification:_identify(Library/Artifacts/9f) by extension 'python_setup_py'
[7.697s] Level 1:colcon.colcon_core.package_identification:_identify(Library/Artifacts/a0) by extensions ['ignore', 'ignore_ament_install']
[7.698s] Level 1:colcon.colcon_core.package_identification:_identify(Library/Artifacts/a0) by extension 'ignore'
[7.700s] Level 1:colcon.colcon_core.package_identification:_identify(Library/Artifacts/a0) by extension 'ignore_ament_install'
[7.704s] Level 1:colcon.colcon_core.package_identification:_identify(Library/Artifacts/a0) by extensions ['colcon_pkg']
[7.705s] Level 1:colcon.colcon_core.package_identification:_identify(Library/Artifacts/a0) by extension 'colcon_pkg'
[7.707s] Level 1:colcon.colcon_core.package_identification:_identify(Library/Artifacts/a0) by extensions ['colcon_meta']
[7.708s] Level 1:colcon.colcon_core.package_identification:_identify(Library/Artifacts/a0) by extension 'colcon_meta'
[7.713s] Level 1:colcon.colcon_core.package_identification:_identify(Library/Artifacts/a0) by extensions ['ros']
[7.714s] Level 1:colcon.colcon_core.package_identification:_identify(Library/Artifacts/a0) by extension 'ros'
[7.724s] Level 1:colcon.colcon_core.package_identification:_identify(Library/Artifacts/a0) by extensions ['cmake', 'python']
[7.725s] Level 1:colcon.colcon_core.package_identification:_identify(Library/Artifacts/a0) by extension 'cmake'
[7.729s] Level 1:colcon.colcon_core.package_identification:_identify(Library/Artifacts/a0) by extension 'python'
[7.732s] Level 1:colcon.colcon_core.package_identification:_identify(Library/Artifacts/a0) by extensions ['python_setup_py']
[7.732s] Level 1:colcon.colcon_core.package_identification:_identify(Library/Artifacts/a0) by extension 'python_setup_py'
[7.743s] Level 1:colcon.colcon_core.package_identification:_identify(Library/Artifacts/a1) by extensions ['ignore', 'ignore_ament_install']
[7.744s] Level 1:colcon.colcon_core.package_identification:_identify(Library/Artifacts/a1) by extension 'ignore'
[7.746s] Level 1:colcon.colcon_core.package_identification:_identify(Library/Artifacts/a1) by extension 'ignore_ament_install'
[7.750s] Level 1:colcon.colcon_core.package_identification:_identify(Library/Artifacts/a1) by extensions ['colcon_pkg']
[7.751s] Level 1:colcon.colcon_core.package_identification:_identify(Library/Artifacts/a1) by extension 'colcon_pkg'
[7.754s] Level 1:colcon.colcon_core.package_identification:_identify(Library/Artifacts/a1) by extensions ['colcon_meta']
[7.755s] Level 1:colcon.colcon_core.package_identification:_identify(Library/Artifacts/a1) by extension 'colcon_meta'
[7.759s] Level 1:colcon.colcon_core.package_identification:_identify(Library/Artifacts/a1) by extensions ['ros']
[7.760s] Level 1:colcon.colcon_core.package_identification:_identify(Library/Artifacts/a1) by extension 'ros'
[7.772s] Level 1:colcon.colcon_core.package_identification:_identify(Library/Artifacts/a1) by extensions ['cmake', 'python']
[7.773s] Level 1:colcon.colcon_core.package_identification:_identify(Library/Artifacts/a1) by extension 'cmake'
[7.775s] Level 1:colcon.colcon_core.package_identification:_identify(Library/Artifacts/a1) by extension 'python'
[7.777s] Level 1:colcon.colcon_core.package_identification:_identify(Library/Artifacts/a1) by extensions ['python_setup_py']
[7.778s] Level 1:colcon.colcon_core.package_identification:_identify(Library/Artifacts/a1) by extension 'python_setup_py'
[7.787s] Level 1:colcon.colcon_core.package_identification:_identify(Library/Artifacts/a2) by extensions ['ignore', 'ignore_ament_install']
[7.788s] Level 1:colcon.colcon_core.package_identification:_identify(Library/Artifacts/a2) by extension 'ignore'
[7.790s] Level 1:colcon.colcon_core.package_identification:_identify(Library/Artifacts/a2) by extension 'ignore_ament_install'
[7.794s] Level 1:colcon.colcon_core.package_identification:_identify(Library/Artifacts/a2) by extensions ['colcon_pkg']
[7.795s] Level 1:colcon.colcon_core.package_identification:_identify(Library/Artifacts/a2) by extension 'colcon_pkg'
[7.797s] Level 1:colcon.colcon_core.package_identification:_identify(Library/Artifacts/a2) by extensions ['colcon_meta']
[7.798s] Level 1:colcon.colcon_core.package_identification:_identify(Library/Artifacts/a2) by extension 'colcon_meta'
[7.802s] Level 1:colcon.colcon_core.package_identification:_identify(Library/Artifacts/a2) by extensions ['ros']
[7.802s] Level 1:colcon.colcon_core.package_identification:_identify(Library/Artifacts/a2) by extension 'ros'
[7.811s] Level 1:colcon.colcon_core.package_identification:_identify(Library/Artifacts/a2) by extensions ['cmake', 'python']
[7.812s] Level 1:colcon.colcon_core.package_identification:_identify(Library/Artifacts/a2) by extension 'cmake'
[7.814s] Level 1:colcon.colcon_core.package_identification:_identify(Library/Artifacts/a2) by extension 'python'
[7.816s] Level 1:colcon.colcon_core.package_identification:_identify(Library/Artifacts/a2) by extensions ['python_setup_py']
[7.817s] Level 1:colcon.colcon_core.package_identification:_identify(Library/Artifacts/a2) by extension 'python_setup_py'
[7.826s] Level 1:colcon.colcon_core.package_identification:_identify(Library/Artifacts/a3) by extensions ['ignore', 'ignore_ament_install']
[7.827s] Level 1:colcon.colcon_core.package_identification:_identify(Library/Artifacts/a3) by extension 'ignore'
[7.829s] Level 1:colcon.colcon_core.package_identification:_identify(Library/Artifacts/a3) by extension 'ignore_ament_install'
[7.833s] Level 1:colcon.colcon_core.package_identification:_identify(Library/Artifacts/a3) by extensions ['colcon_pkg']
[7.834s] Level 1:colcon.colcon_core.package_identification:_identify(Library/Artifacts/a3) by extension 'colcon_pkg'
[7.836s] Level 1:colcon.colcon_core.package_identification:_identify(Library/Artifacts/a3) by extensions ['colcon_meta']
[7.836s] Level 1:colcon.colcon_core.package_identification:_identify(Library/Artifacts/a3) by extension 'colcon_meta'
[7.840s] Level 1:colcon.colcon_core.package_identification:_identify(Library/Artifacts/a3) by extensions ['ros']
[7.841s] Level 1:colcon.colcon_core.package_identification:_identify(Library/Artifacts/a3) by extension 'ros'
[7.850s] Level 1:colcon.colcon_core.package_identification:_identify(Library/Artifacts/a3) by extensions ['cmake', 'python']
[7.851s] Level 1:colcon.colcon_core.package_identification:_identify(Library/Artifacts/a3) by extension 'cmake'
[7.853s] Level 1:colcon.colcon_core.package_identification:_identify(Library/Artifacts/a3) by extension 'python'
[7.855s] Level 1:colcon.colcon_core.package_identification:_identify(Library/Artifacts/a3) by extensions ['python_setup_py']
[7.856s] Level 1:colcon.colcon_core.package_identification:_identify(Library/Artifacts/a3) by extension 'python_setup_py'
[7.864s] Level 1:colcon.colcon_core.package_identification:_identify(Library/Artifacts/a4) by extensions ['ignore', 'ignore_ament_install']
[7.865s] Level 1:colcon.colcon_core.package_identification:_identify(Library/Artifacts/a4) by extension 'ignore'
[7.867s] Level 1:colcon.colcon_core.package_identification:_identify(Library/Artifacts/a4) by extension 'ignore_ament_install'
[7.871s] Level 1:colcon.colcon_core.package_identification:_identify(Library/Artifacts/a4) by extensions ['colcon_pkg']
[7.872s] Level 1:colcon.colcon_core.package_identification:_identify(Library/Artifacts/a4) by extension 'colcon_pkg'
[7.874s] Level 1:colcon.colcon_core.package_identification:_identify(Library/Artifacts/a4) by extensions ['colcon_meta']
[7.875s] Level 1:colcon.colcon_core.package_identification:_identify(Library/Artifacts/a4) by extension 'colcon_meta'
[7.879s] Level 1:colcon.colcon_core.package_identification:_identify(Library/Artifacts/a4) by extensions ['ros']
[7.880s] Level 1:colcon.colcon_core.package_identification:_identify(Library/Artifacts/a4) by extension 'ros'
[7.888s] Level 1:colcon.colcon_core.package_identification:_identify(Library/Artifacts/a4) by extensions ['cmake', 'python']
[7.889s] Level 1:colcon.colcon_core.package_identification:_identify(Library/Artifacts/a4) by extension 'cmake'
[7.891s] Level 1:colcon.colcon_core.package_identification:_identify(Library/Artifacts/a4) by extension 'python'
[7.893s] Level 1:colcon.colcon_core.package_identification:_identify(Library/Artifacts/a4) by extensions ['python_setup_py']
[7.894s] Level 1:colcon.colcon_core.package_identification:_identify(Library/Artifacts/a4) by extension 'python_setup_py'
[7.903s] Level 1:colcon.colcon_core.package_identification:_identify(Library/Artifacts/a5) by extensions ['ignore', 'ignore_ament_install']
[7.903s] Level 1:colcon.colcon_core.package_identification:_identify(Library/Artifacts/a5) by extension 'ignore'
[7.906s] Level 1:colcon.colcon_core.package_identification:_identify(Library/Artifacts/a5) by extension 'ignore_ament_install'
[7.911s] Level 1:colcon.colcon_core.package_identification:_identify(Library/Artifacts/a5) by extensions ['colcon_pkg']
[7.912s] Level 1:colcon.colcon_core.package_identification:_identify(Library/Artifacts/a5) by extension 'colcon_pkg'
[7.914s] Level 1:colcon.colcon_core.package_identification:_identify(Library/Artifacts/a5) by extensions ['colcon_meta']
[7.915s] Level 1:colcon.colcon_core.package_identification:_identify(Library/Artifacts/a5) by extension 'colcon_meta'
[7.921s] Level 1:colcon.colcon_core.package_identification:_identify(Library/Artifacts/a5) by extensions ['ros']
[7.922s] Level 1:colcon.colcon_core.package_identification:_identify(Library/Artifacts/a5) by extension 'ros'
[7.932s] Level 1:colcon.colcon_core.package_identification:_identify(Library/Artifacts/a5) by extensions ['cmake', 'python']
[7.933s] Level 1:colcon.colcon_core.package_identification:_identify(Library/Artifacts/a5) by extension 'cmake'
[7.935s] Level 1:colcon.colcon_core.package_identification:_identify(Library/Artifacts/a5) by extension 'python'
[7.938s] Level 1:colcon.colcon_core.package_identification:_identify(Library/Artifacts/a5) by extensions ['python_setup_py']
[7.939s] Level 1:colcon.colcon_core.package_identification:_identify(Library/Artifacts/a5) by extension 'python_setup_py'
[7.949s] Level 1:colcon.colcon_core.package_identification:_identify(Library/Artifacts/a6) by extensions ['ignore', 'ignore_ament_install']
[7.950s] Level 1:colcon.colcon_core.package_identification:_identify(Library/Artifacts/a6) by extension 'ignore'
[7.953s] Level 1:colcon.colcon_core.package_identification:_identify(Library/Artifacts/a6) by extension 'ignore_ament_install'
[7.958s] Level 1:colcon.colcon_core.package_identification:_identify(Library/Artifacts/a6) by extensions ['colcon_pkg']
[7.959s] Level 1:colcon.colcon_core.package_identification:_identify(Library/Artifacts/a6) by extension 'colcon_pkg'
[7.961s] Level 1:colcon.colcon_core.package_identification:_identify(Library/Artifacts/a6) by extensions ['colcon_meta']
[7.962s] Level 1:colcon.colcon_core.package_identification:_identify(Library/Artifacts/a6) by extension 'colcon_meta'
[7.966s] Level 1:colcon.colcon_core.package_identification:_identify(Library/Artifacts/a6) by extensions ['ros']
[7.967s] Level 1:colcon.colcon_core.package_identification:_identify(Library/Artifacts/a6) by extension 'ros'
[7.976s] Level 1:colcon.colcon_core.package_identification:_identify(Library/Artifacts/a6) by extensions ['cmake', 'python']
[7.977s] Level 1:colcon.colcon_core.package_identification:_identify(Library/Artifacts/a6) by extension 'cmake'
[7.979s] Level 1:colcon.colcon_core.package_identification:_identify(Library/Artifacts/a6) by extension 'python'
[7.982s] Level 1:colcon.colcon_core.package_identification:_identify(Library/Artifacts/a6) by extensions ['python_setup_py']
[7.983s] Level 1:colcon.colcon_core.package_identification:_identify(Library/Artifacts/a6) by extension 'python_setup_py'
[7.993s] Level 1:colcon.colcon_core.package_identification:_identify(Library/Artifacts/a7) by extensions ['ignore', 'ignore_ament_install']
[7.994s] Level 1:colcon.colcon_core.package_identification:_identify(Library/Artifacts/a7) by extension 'ignore'
[7.998s] Level 1:colcon.colcon_core.package_identification:_identify(Library/Artifacts/a7) by extension 'ignore_ament_install'
[8.002s] Level 1:colcon.colcon_core.package_identification:_identify(Library/Artifacts/a7) by extensions ['colcon_pkg']
[8.003s] Level 1:colcon.colcon_core.package_identification:_identify(Library/Artifacts/a7) by extension 'colcon_pkg'
[8.006s] Level 1:colcon.colcon_core.package_identification:_identify(Library/Artifacts/a7) by extensions ['colcon_meta']
[8.007s] Level 1:colcon.colcon_core.package_identification:_identify(Library/Artifacts/a7) by extension 'colcon_meta'
[8.011s] Level 1:colcon.colcon_core.package_identification:_identify(Library/Artifacts/a7) by extensions ['ros']
[8.012s] Level 1:colcon.colcon_core.package_identification:_identify(Library/Artifacts/a7) by extension 'ros'
[8.023s] Level 1:colcon.colcon_core.package_identification:_identify(Library/Artifacts/a7) by extensions ['cmake', 'python']
[8.024s] Level 1:colcon.colcon_core.package_identification:_identify(Library/Artifacts/a7) by extension 'cmake'
[8.027s] Level 1:colcon.colcon_core.package_identification:_identify(Library/Artifacts/a7) by extension 'python'
[8.030s] Level 1:colcon.colcon_core.package_identification:_identify(Library/Artifacts/a7) by extensions ['python_setup_py']
[8.031s] Level 1:colcon.colcon_core.package_identification:_identify(Library/Artifacts/a7) by extension 'python_setup_py'
[8.040s] Level 1:colcon.colcon_core.package_identification:_identify(Library/Artifacts/a8) by extensions ['ignore', 'ignore_ament_install']
[8.041s] Level 1:colcon.colcon_core.package_identification:_identify(Library/Artifacts/a8) by extension 'ignore'
[8.043s] Level 1:colcon.colcon_core.package_identification:_identify(Library/Artifacts/a8) by extension 'ignore_ament_install'
[8.048s] Level 1:colcon.colcon_core.package_identification:_identify(Library/Artifacts/a8) by extensions ['colcon_pkg']
[8.049s] Level 1:colcon.colcon_core.package_identification:_identify(Library/Artifacts/a8) by extension 'colcon_pkg'
[8.051s] Level 1:colcon.colcon_core.package_identification:_identify(Library/Artifacts/a8) by extensions ['colcon_meta']
[8.052s] Level 1:colcon.colcon_core.package_identification:_identify(Library/Artifacts/a8) by extension 'colcon_meta'
[8.056s] Level 1:colcon.colcon_core.package_identification:_identify(Library/Artifacts/a8) by extensions ['ros']
[8.057s] Level 1:colcon.colcon_core.package_identification:_identify(Library/Artifacts/a8) by extension 'ros'
[8.068s] Level 1:colcon.colcon_core.package_identification:_identify(Library/Artifacts/a8) by extensions ['cmake', 'python']
[8.069s] Level 1:colcon.colcon_core.package_identification:_identify(Library/Artifacts/a8) by extension 'cmake'
[8.072s] Level 1:colcon.colcon_core.package_identification:_identify(Library/Artifacts/a8) by extension 'python'
[8.075s] Level 1:colcon.colcon_core.package_identification:_identify(Library/Artifacts/a8) by extensions ['python_setup_py']
[8.075s] Level 1:colcon.colcon_core.package_identification:_identify(Library/Artifacts/a8) by extension 'python_setup_py'
[8.086s] Level 1:colcon.colcon_core.package_identification:_identify(Library/Artifacts/a9) by extensions ['ignore', 'ignore_ament_install']
[8.087s] Level 1:colcon.colcon_core.package_identification:_identify(Library/Artifacts/a9) by extension 'ignore'
[8.091s] Level 1:colcon.colcon_core.package_identification:_identify(Library/Artifacts/a9) by extension 'ignore_ament_install'
[8.096s] Level 1:colcon.colcon_core.package_identification:_identify(Library/Artifacts/a9) by extensions ['colcon_pkg']
[8.097s] Level 1:colcon.colcon_core.package_identification:_identify(Library/Artifacts/a9) by extension 'colcon_pkg'
[8.099s] Level 1:colcon.colcon_core.package_identification:_identify(Library/Artifacts/a9) by extensions ['colcon_meta']
[8.099s] Level 1:colcon.colcon_core.package_identification:_identify(Library/Artifacts/a9) by extension 'colcon_meta'
[8.104s] Level 1:colcon.colcon_core.package_identification:_identify(Library/Artifacts/a9) by extensions ['ros']
[8.105s] Level 1:colcon.colcon_core.package_identification:_identify(Library/Artifacts/a9) by extension 'ros'
[8.117s] Level 1:colcon.colcon_core.package_identification:_identify(Library/Artifacts/a9) by extensions ['cmake', 'python']
[8.118s] Level 1:colcon.colcon_core.package_identification:_identify(Library/Artifacts/a9) by extension 'cmake'
[8.120s] Level 1:colcon.colcon_core.package_identification:_identify(Library/Artifacts/a9) by extension 'python'
[8.123s] Level 1:colcon.colcon_core.package_identification:_identify(Library/Artifacts/a9) by extensions ['python_setup_py']
[8.123s] Level 1:colcon.colcon_core.package_identification:_identify(Library/Artifacts/a9) by extension 'python_setup_py'
[8.133s] Level 1:colcon.colcon_core.package_identification:_identify(Library/Artifacts/aa) by extensions ['ignore', 'ignore_ament_install']
[8.134s] Level 1:colcon.colcon_core.package_identification:_identify(Library/Artifacts/aa) by extension 'ignore'
[8.136s] Level 1:colcon.colcon_core.package_identification:_identify(Library/Artifacts/aa) by extension 'ignore_ament_install'
[8.140s] Level 1:colcon.colcon_core.package_identification:_identify(Library/Artifacts/aa) by extensions ['colcon_pkg']
[8.141s] Level 1:colcon.colcon_core.package_identification:_identify(Library/Artifacts/aa) by extension 'colcon_pkg'
[8.143s] Level 1:colcon.colcon_core.package_identification:_identify(Library/Artifacts/aa) by extensions ['colcon_meta']
[8.144s] Level 1:colcon.colcon_core.package_identification:_identify(Library/Artifacts/aa) by extension 'colcon_meta'
[8.148s] Level 1:colcon.colcon_core.package_identification:_identify(Library/Artifacts/aa) by extensions ['ros']
[8.149s] Level 1:colcon.colcon_core.package_identification:_identify(Library/Artifacts/aa) by extension 'ros'
[8.157s] Level 1:colcon.colcon_core.package_identification:_identify(Library/Artifacts/aa) by extensions ['cmake', 'python']
[8.158s] Level 1:colcon.colcon_core.package_identification:_identify(Library/Artifacts/aa) by extension 'cmake'
[8.160s] Level 1:colcon.colcon_core.package_identification:_identify(Library/Artifacts/aa) by extension 'python'
[8.162s] Level 1:colcon.colcon_core.package_identification:_identify(Library/Artifacts/aa) by extensions ['python_setup_py']
[8.163s] Level 1:colcon.colcon_core.package_identification:_identify(Library/Artifacts/aa) by extension 'python_setup_py'
[8.171s] Level 1:colcon.colcon_core.package_identification:_identify(Library/Artifacts/ab) by extensions ['ignore', 'ignore_ament_install']
[8.172s] Level 1:colcon.colcon_core.package_identification:_identify(Library/Artifacts/ab) by extension 'ignore'
[8.174s] Level 1:colcon.colcon_core.package_identification:_identify(Library/Artifacts/ab) by extension 'ignore_ament_install'
[8.179s] Level 1:colcon.colcon_core.package_identification:_identify(Library/Artifacts/ab) by extensions ['colcon_pkg']
[8.179s] Level 1:colcon.colcon_core.package_identification:_identify(Library/Artifacts/ab) by extension 'colcon_pkg'
[8.182s] Level 1:colcon.colcon_core.package_identification:_identify(Library/Artifacts/ab) by extensions ['colcon_meta']
[8.183s] Level 1:colcon.colcon_core.package_identification:_identify(Library/Artifacts/ab) by extension 'colcon_meta'
[8.187s] Level 1:colcon.colcon_core.package_identification:_identify(Library/Artifacts/ab) by extensions ['ros']
[8.188s] Level 1:colcon.colcon_core.package_identification:_identify(Library/Artifacts/ab) by extension 'ros'
[8.197s] Level 1:colcon.colcon_core.package_identification:_identify(Library/Artifacts/ab) by extensions ['cmake', 'python']
[8.198s] Level 1:colcon.colcon_core.package_identification:_identify(Library/Artifacts/ab) by extension 'cmake'
[8.200s] Level 1:colcon.colcon_core.package_identification:_identify(Library/Artifacts/ab) by extension 'python'
[8.202s] Level 1:colcon.colcon_core.package_identification:_identify(Library/Artifacts/ab) by extensions ['python_setup_py']
[8.203s] Level 1:colcon.colcon_core.package_identification:_identify(Library/Artifacts/ab) by extension 'python_setup_py'
[8.212s] Level 1:colcon.colcon_core.package_identification:_identify(Library/Artifacts/ac) by extensions ['ignore', 'ignore_ament_install']
[8.213s] Level 1:colcon.colcon_core.package_identification:_identify(Library/Artifacts/ac) by extension 'ignore'
[8.215s] Level 1:colcon.colcon_core.package_identification:_identify(Library/Artifacts/ac) by extension 'ignore_ament_install'
[8.219s] Level 1:colcon.colcon_core.package_identification:_identify(Library/Artifacts/ac) by extensions ['colcon_pkg']
[8.220s] Level 1:colcon.colcon_core.package_identification:_identify(Library/Artifacts/ac) by extension 'colcon_pkg'
[8.222s] Level 1:colcon.colcon_core.package_identification:_identify(Library/Artifacts/ac) by extensions ['colcon_meta']
[8.222s] Level 1:colcon.colcon_core.package_identification:_identify(Library/Artifacts/ac) by extension 'colcon_meta'
[8.226s] Level 1:colcon.colcon_core.package_identification:_identify(Library/Artifacts/ac) by extensions ['ros']
[8.227s] Level 1:colcon.colcon_core.package_identification:_identify(Library/Artifacts/ac) by extension 'ros'
[8.236s] Level 1:colcon.colcon_core.package_identification:_identify(Library/Artifacts/ac) by extensions ['cmake', 'python']
[8.237s] Level 1:colcon.colcon_core.package_identification:_identify(Library/Artifacts/ac) by extension 'cmake'
[8.240s] Level 1:colcon.colcon_core.package_identification:_identify(Library/Artifacts/ac) by extension 'python'
[8.243s] Level 1:colcon.colcon_core.package_identification:_identify(Library/Artifacts/ac) by extensions ['python_setup_py']
[8.244s] Level 1:colcon.colcon_core.package_identification:_identify(Library/Artifacts/ac) by extension 'python_setup_py'
[8.253s] Level 1:colcon.colcon_core.package_identification:_identify(Library/Artifacts/ad) by extensions ['ignore', 'ignore_ament_install']
[8.254s] Level 1:colcon.colcon_core.package_identification:_identify(Library/Artifacts/ad) by extension 'ignore'
[8.256s] Level 1:colcon.colcon_core.package_identification:_identify(Library/Artifacts/ad) by extension 'ignore_ament_install'
[8.261s] Level 1:colcon.colcon_core.package_identification:_identify(Library/Artifacts/ad) by extensions ['colcon_pkg']
[8.261s] Level 1:colcon.colcon_core.package_identification:_identify(Library/Artifacts/ad) by extension 'colcon_pkg'
[8.264s] Level 1:colcon.colcon_core.package_identification:_identify(Library/Artifacts/ad) by extensions ['colcon_meta']
[8.265s] Level 1:colcon.colcon_core.package_identification:_identify(Library/Artifacts/ad) by extension 'colcon_meta'
[8.271s] Level 1:colcon.colcon_core.package_identification:_identify(Library/Artifacts/ad) by extensions ['ros']
[8.272s] Level 1:colcon.colcon_core.package_identification:_identify(Library/Artifacts/ad) by extension 'ros'
[8.281s] Level 1:colcon.colcon_core.package_identification:_identify(Library/Artifacts/ad) by extensions ['cmake', 'python']
[8.282s] Level 1:colcon.colcon_core.package_identification:_identify(Library/Artifacts/ad) by extension 'cmake'
[8.284s] Level 1:colcon.colcon_core.package_identification:_identify(Library/Artifacts/ad) by extension 'python'
[8.286s] Level 1:colcon.colcon_core.package_identification:_identify(Library/Artifacts/ad) by extensions ['python_setup_py']
[8.287s] Level 1:colcon.colcon_core.package_identification:_identify(Library/Artifacts/ad) by extension 'python_setup_py'
[8.298s] Level 1:colcon.colcon_core.package_identification:_identify(Library/Artifacts/ae) by extensions ['ignore', 'ignore_ament_install']
[8.299s] Level 1:colcon.colcon_core.package_identification:_identify(Library/Artifacts/ae) by extension 'ignore'
[8.300s] Level 1:colcon.colcon_core.package_identification:_identify(Library/Artifacts/ae) by extension 'ignore_ament_install'
[8.303s] Level 1:colcon.colcon_core.package_identification:_identify(Library/Artifacts/ae) by extensions ['colcon_pkg']
[8.303s] Level 1:colcon.colcon_core.package_identification:_identify(Library/Artifacts/ae) by extension 'colcon_pkg'
[8.306s] Level 1:colcon.colcon_core.package_identification:_identify(Library/Artifacts/ae) by extensions ['colcon_meta']
[8.307s] Level 1:colcon.colcon_core.package_identification:_identify(Library/Artifacts/ae) by extension 'colcon_meta'
[8.311s] Level 1:colcon.colcon_core.package_identification:_identify(Library/Artifacts/ae) by extensions ['ros']
[8.312s] Level 1:colcon.colcon_core.package_identification:_identify(Library/Artifacts/ae) by extension 'ros'
[8.318s] Level 1:colcon.colcon_core.package_identification:_identify(Library/Artifacts/ae) by extensions ['cmake', 'python']
[8.319s] Level 1:colcon.colcon_core.package_identification:_identify(Library/Artifacts/ae) by extension 'cmake'
[8.321s] Level 1:colcon.colcon_core.package_identification:_identify(Library/Artifacts/ae) by extension 'python'
[8.323s] Level 1:colcon.colcon_core.package_identification:_identify(Library/Artifacts/ae) by extensions ['python_setup_py']
[8.324s] Level 1:colcon.colcon_core.package_identification:_identify(Library/Artifacts/ae) by extension 'python_setup_py'
[8.332s] Level 1:colcon.colcon_core.package_identification:_identify(Library/Artifacts/af) by extensions ['ignore', 'ignore_ament_install']
[8.333s] Level 1:colcon.colcon_core.package_identification:_identify(Library/Artifacts/af) by extension 'ignore'
[8.336s] Level 1:colcon.colcon_core.package_identification:_identify(Library/Artifacts/af) by extension 'ignore_ament_install'
[8.340s] Level 1:colcon.colcon_core.package_identification:_identify(Library/Artifacts/af) by extensions ['colcon_pkg']
[8.341s] Level 1:colcon.colcon_core.package_identification:_identify(Library/Artifacts/af) by extension 'colcon_pkg'
[8.343s] Level 1:colcon.colcon_core.package_identification:_identify(Library/Artifacts/af) by extensions ['colcon_meta']
[8.343s] Level 1:colcon.colcon_core.package_identification:_identify(Library/Artifacts/af) by extension 'colcon_meta'
[8.347s] Level 1:colcon.colcon_core.package_identification:_identify(Library/Artifacts/af) by extensions ['ros']
[8.348s] Level 1:colcon.colcon_core.package_identification:_identify(Library/Artifacts/af) by extension 'ros'
[8.354s] Level 1:colcon.colcon_core.package_identification:_identify(Library/Artifacts/af) by extensions ['cmake', 'python']
[8.355s] Level 1:colcon.colcon_core.package_identification:_identify(Library/Artifacts/af) by extension 'cmake'
[8.357s] Level 1:colcon.colcon_core.package_identification:_identify(Library/Artifacts/af) by extension 'python'
[8.360s] Level 1:colcon.colcon_core.package_identification:_identify(Library/Artifacts/af) by extensions ['python_setup_py']
[8.360s] Level 1:colcon.colcon_core.package_identification:_identify(Library/Artifacts/af) by extension 'python_setup_py'
[8.371s] Level 1:colcon.colcon_core.package_identification:_identify(Library/Artifacts/b0) by extensions ['ignore', 'ignore_ament_install']
[8.372s] Level 1:colcon.colcon_core.package_identification:_identify(Library/Artifacts/b0) by extension 'ignore'
[8.375s] Level 1:colcon.colcon_core.package_identification:_identify(Library/Artifacts/b0) by extension 'ignore_ament_install'
[8.379s] Level 1:colcon.colcon_core.package_identification:_identify(Library/Artifacts/b0) by extensions ['colcon_pkg']
[8.380s] Level 1:colcon.colcon_core.package_identification:_identify(Library/Artifacts/b0) by extension 'colcon_pkg'
[8.383s] Level 1:colcon.colcon_core.package_identification:_identify(Library/Artifacts/b0) by extensions ['colcon_meta']
[8.383s] Level 1:colcon.colcon_core.package_identification:_identify(Library/Artifacts/b0) by extension 'colcon_meta'
[8.387s] Level 1:colcon.colcon_core.package_identification:_identify(Library/Artifacts/b0) by extensions ['ros']
[8.387s] Level 1:colcon.colcon_core.package_identification:_identify(Library/Artifacts/b0) by extension 'ros'
[8.397s] Level 1:colcon.colcon_core.package_identification:_identify(Library/Artifacts/b0) by extensions ['cmake', 'python']
[8.397s] Level 1:colcon.colcon_core.package_identification:_identify(Library/Artifacts/b0) by extension 'cmake'
[8.400s] Level 1:colcon.colcon_core.package_identification:_identify(Library/Artifacts/b0) by extension 'python'
[8.402s] Level 1:colcon.colcon_core.package_identification:_identify(Library/Artifacts/b0) by extensions ['python_setup_py']
[8.403s] Level 1:colcon.colcon_core.package_identification:_identify(Library/Artifacts/b0) by extension 'python_setup_py'
[8.413s] Level 1:colcon.colcon_core.package_identification:_identify(Library/Artifacts/b1) by extensions ['ignore', 'ignore_ament_install']
[8.414s] Level 1:colcon.colcon_core.package_identification:_identify(Library/Artifacts/b1) by extension 'ignore'
[8.416s] Level 1:colcon.colcon_core.package_identification:_identify(Library/Artifacts/b1) by extension 'ignore_ament_install'
[8.419s] Level 1:colcon.colcon_core.package_identification:_identify(Library/Artifacts/b1) by extensions ['colcon_pkg']
[8.420s] Level 1:colcon.colcon_core.package_identification:_identify(Library/Artifacts/b1) by extension 'colcon_pkg'
[8.423s] Level 1:colcon.colcon_core.package_identification:_identify(Library/Artifacts/b1) by extensions ['colcon_meta']
[8.424s] Level 1:colcon.colcon_core.package_identification:_identify(Library/Artifacts/b1) by extension 'colcon_meta'
[8.428s] Level 1:colcon.colcon_core.package_identification:_identify(Library/Artifacts/b1) by extensions ['ros']
[8.429s] Level 1:colcon.colcon_core.package_identification:_identify(Library/Artifacts/b1) by extension 'ros'
[8.437s] Level 1:colcon.colcon_core.package_identification:_identify(Library/Artifacts/b1) by extensions ['cmake', 'python']
[8.438s] Level 1:colcon.colcon_core.package_identification:_identify(Library/Artifacts/b1) by extension 'cmake'
[8.440s] Level 1:colcon.colcon_core.package_identification:_identify(Library/Artifacts/b1) by extension 'python'
[8.442s] Level 1:colcon.colcon_core.package_identification:_identify(Library/Artifacts/b1) by extensions ['python_setup_py']
[8.443s] Level 1:colcon.colcon_core.package_identification:_identify(Library/Artifacts/b1) by extension 'python_setup_py'
[8.452s] Level 1:colcon.colcon_core.package_identification:_identify(Library/Artifacts/b2) by extensions ['ignore', 'ignore_ament_install']
[8.453s] Level 1:colcon.colcon_core.package_identification:_identify(Library/Artifacts/b2) by extension 'ignore'
[8.456s] Level 1:colcon.colcon_core.package_identification:_identify(Library/Artifacts/b2) by extension 'ignore_ament_install'
[8.460s] Level 1:colcon.colcon_core.package_identification:_identify(Library/Artifacts/b2) by extensions ['colcon_pkg']
[8.461s] Level 1:colcon.colcon_core.package_identification:_identify(Library/Artifacts/b2) by extension 'colcon_pkg'
[8.465s] Level 1:colcon.colcon_core.package_identification:_identify(Library/Artifacts/b2) by extensions ['colcon_meta']
[8.466s] Level 1:colcon.colcon_core.package_identification:_identify(Library/Artifacts/b2) by extension 'colcon_meta'
[8.469s] Level 1:colcon.colcon_core.package_identification:_identify(Library/Artifacts/b2) by extensions ['ros']
[8.470s] Level 1:colcon.colcon_core.package_identification:_identify(Library/Artifacts/b2) by extension 'ros'
[8.479s] Level 1:colcon.colcon_core.package_identification:_identify(Library/Artifacts/b2) by extensions ['cmake', 'python']
[8.480s] Level 1:colcon.colcon_core.package_identification:_identify(Library/Artifacts/b2) by extension 'cmake'
[8.482s] Level 1:colcon.colcon_core.package_identification:_identify(Library/Artifacts/b2) by extension 'python'
[8.485s] Level 1:colcon.colcon_core.package_identification:_identify(Library/Artifacts/b2) by extensions ['python_setup_py']
[8.485s] Level 1:colcon.colcon_core.package_identification:_identify(Library/Artifacts/b2) by extension 'python_setup_py'
[8.493s] Level 1:colcon.colcon_core.package_identification:_identify(Library/Artifacts/b3) by extensions ['ignore', 'ignore_ament_install']
[8.494s] Level 1:colcon.colcon_core.package_identification:_identify(Library/Artifacts/b3) by extension 'ignore'
[8.497s] Level 1:colcon.colcon_core.package_identification:_identify(Library/Artifacts/b3) by extension 'ignore_ament_install'
[8.500s] Level 1:colcon.colcon_core.package_identification:_identify(Library/Artifacts/b3) by extensions ['colcon_pkg']
[8.501s] Level 1:colcon.colcon_core.package_identification:_identify(Library/Artifacts/b3) by extension 'colcon_pkg'
[8.504s] Level 1:colcon.colcon_core.package_identification:_identify(Library/Artifacts/b3) by extensions ['colcon_meta']
[8.505s] Level 1:colcon.colcon_core.package_identification:_identify(Library/Artifacts/b3) by extension 'colcon_meta'
[8.509s] Level 1:colcon.colcon_core.package_identification:_identify(Library/Artifacts/b3) by extensions ['ros']
[8.509s] Level 1:colcon.colcon_core.package_identification:_identify(Library/Artifacts/b3) by extension 'ros'
[8.518s] Level 1:colcon.colcon_core.package_identification:_identify(Library/Artifacts/b3) by extensions ['cmake', 'python']
[8.519s] Level 1:colcon.colcon_core.package_identification:_identify(Library/Artifacts/b3) by extension 'cmake'
[8.521s] Level 1:colcon.colcon_core.package_identification:_identify(Library/Artifacts/b3) by extension 'python'
[8.525s] Level 1:colcon.colcon_core.package_identification:_identify(Library/Artifacts/b3) by extensions ['python_setup_py']
[8.526s] Level 1:colcon.colcon_core.package_identification:_identify(Library/Artifacts/b3) by extension 'python_setup_py'
[8.533s] Level 1:colcon.colcon_core.package_identification:_identify(Library/Artifacts/b4) by extensions ['ignore', 'ignore_ament_install']
[8.534s] Level 1:colcon.colcon_core.package_identification:_identify(Library/Artifacts/b4) by extension 'ignore'
[8.536s] Level 1:colcon.colcon_core.package_identification:_identify(Library/Artifacts/b4) by extension 'ignore_ament_install'
[8.540s] Level 1:colcon.colcon_core.package_identification:_identify(Library/Artifacts/b4) by extensions ['colcon_pkg']
[8.541s] Level 1:colcon.colcon_core.package_identification:_identify(Library/Artifacts/b4) by extension 'colcon_pkg'
[8.543s] Level 1:colcon.colcon_core.package_identification:_identify(Library/Artifacts/b4) by extensions ['colcon_meta']
[8.544s] Level 1:colcon.colcon_core.package_identification:_identify(Library/Artifacts/b4) by extension 'colcon_meta'
[8.548s] Level 1:colcon.colcon_core.package_identification:_identify(Library/Artifacts/b4) by extensions ['ros']
[8.548s] Level 1:colcon.colcon_core.package_identification:_identify(Library/Artifacts/b4) by extension 'ros'
[8.557s] Level 1:colcon.colcon_core.package_identification:_identify(Library/Artifacts/b4) by extensions ['cmake', 'python']
[8.558s] Level 1:colcon.colcon_core.package_identification:_identify(Library/Artifacts/b4) by extension 'cmake'
[8.560s] Level 1:colcon.colcon_core.package_identification:_identify(Library/Artifacts/b4) by extension 'python'
[8.563s] Level 1:colcon.colcon_core.package_identification:_identify(Library/Artifacts/b4) by extensions ['python_setup_py']
[8.564s] Level 1:colcon.colcon_core.package_identification:_identify(Library/Artifacts/b4) by extension 'python_setup_py'
[8.574s] Level 1:colcon.colcon_core.package_identification:_identify(Library/Artifacts/b5) by extensions ['ignore', 'ignore_ament_install']
[8.575s] Level 1:colcon.colcon_core.package_identification:_identify(Library/Artifacts/b5) by extension 'ignore'
[8.577s] Level 1:colcon.colcon_core.package_identification:_identify(Library/Artifacts/b5) by extension 'ignore_ament_install'
[8.581s] Level 1:colcon.colcon_core.package_identification:_identify(Library/Artifacts/b5) by extensions ['colcon_pkg']
[8.582s] Level 1:colcon.colcon_core.package_identification:_identify(Library/Artifacts/b5) by extension 'colcon_pkg'
[8.584s] Level 1:colcon.colcon_core.package_identification:_identify(Library/Artifacts/b5) by extensions ['colcon_meta']
[8.585s] Level 1:colcon.colcon_core.package_identification:_identify(Library/Artifacts/b5) by extension 'colcon_meta'
[8.590s] Level 1:colcon.colcon_core.package_identification:_identify(Library/Artifacts/b5) by extensions ['ros']
[8.590s] Level 1:colcon.colcon_core.package_identification:_identify(Library/Artifacts/b5) by extension 'ros'
[8.599s] Level 1:colcon.colcon_core.package_identification:_identify(Library/Artifacts/b5) by extensions ['cmake', 'python']
[8.600s] Level 1:colcon.colcon_core.package_identification:_identify(Library/Artifacts/b5) by extension 'cmake'
[8.602s] Level 1:colcon.colcon_core.package_identification:_identify(Library/Artifacts/b5) by extension 'python'
[8.604s] Level 1:colcon.colcon_core.package_identification:_identify(Library/Artifacts/b5) by extensions ['python_setup_py']
[8.605s] Level 1:colcon.colcon_core.package_identification:_identify(Library/Artifacts/b5) by extension 'python_setup_py'
[8.614s] Level 1:colcon.colcon_core.package_identification:_identify(Library/Artifacts/b6) by extensions ['ignore', 'ignore_ament_install']
[8.614s] Level 1:colcon.colcon_core.package_identification:_identify(Library/Artifacts/b6) by extension 'ignore'
[8.617s] Level 1:colcon.colcon_core.package_identification:_identify(Library/Artifacts/b6) by extension 'ignore_ament_install'
[8.622s] Level 1:colcon.colcon_core.package_identification:_identify(Library/Artifacts/b6) by extensions ['colcon_pkg']
[8.623s] Level 1:colcon.colcon_core.package_identification:_identify(Library/Artifacts/b6) by extension 'colcon_pkg'
[8.626s] Level 1:colcon.colcon_core.package_identification:_identify(Library/Artifacts/b6) by extensions ['colcon_meta']
[8.627s] Level 1:colcon.colcon_core.package_identification:_identify(Library/Artifacts/b6) by extension 'colcon_meta'
[8.632s] Level 1:colcon.colcon_core.package_identification:_identify(Library/Artifacts/b6) by extensions ['ros']
[8.633s] Level 1:colcon.colcon_core.package_identification:_identify(Library/Artifacts/b6) by extension 'ros'
[8.642s] Level 1:colcon.colcon_core.package_identification:_identify(Library/Artifacts/b6) by extensions ['cmake', 'python']
[8.643s] Level 1:colcon.colcon_core.package_identification:_identify(Library/Artifacts/b6) by extension 'cmake'
[8.645s] Level 1:colcon.colcon_core.package_identification:_identify(Library/Artifacts/b6) by extension 'python'
[8.648s] Level 1:colcon.colcon_core.package_identification:_identify(Library/Artifacts/b6) by extensions ['python_setup_py']
[8.649s] Level 1:colcon.colcon_core.package_identification:_identify(Library/Artifacts/b6) by extension 'python_setup_py'
[8.657s] Level 1:colcon.colcon_core.package_identification:_identify(Library/Artifacts/b7) by extensions ['ignore', 'ignore_ament_install']
[8.658s] Level 1:colcon.colcon_core.package_identification:_identify(Library/Artifacts/b7) by extension 'ignore'
[8.660s] Level 1:colcon.colcon_core.package_identification:_identify(Library/Artifacts/b7) by extension 'ignore_ament_install'
[8.664s] Level 1:colcon.colcon_core.package_identification:_identify(Library/Artifacts/b7) by extensions ['colcon_pkg']
[8.665s] Level 1:colcon.colcon_core.package_identification:_identify(Library/Artifacts/b7) by extension 'colcon_pkg'
[8.667s] Level 1:colcon.colcon_core.package_identification:_identify(Library/Artifacts/b7) by extensions ['colcon_meta']
[8.668s] Level 1:colcon.colcon_core.package_identification:_identify(Library/Artifacts/b7) by extension 'colcon_meta'
[8.673s] Level 1:colcon.colcon_core.package_identification:_identify(Library/Artifacts/b7) by extensions ['ros']
[8.674s] Level 1:colcon.colcon_core.package_identification:_identify(Library/Artifacts/b7) by extension 'ros'
[8.685s] Level 1:colcon.colcon_core.package_identification:_identify(Library/Artifacts/b7) by extensions ['cmake', 'python']
[8.686s] Level 1:colcon.colcon_core.package_identification:_identify(Library/Artifacts/b7) by extension 'cmake'
[8.688s] Level 1:colcon.colcon_core.package_identification:_identify(Library/Artifacts/b7) by extension 'python'
[8.691s] Level 1:colcon.colcon_core.package_identification:_identify(Library/Artifacts/b7) by extensions ['python_setup_py']
[8.691s] Level 1:colcon.colcon_core.package_identification:_identify(Library/Artifacts/b7) by extension 'python_setup_py'
[8.699s] Level 1:colcon.colcon_core.package_identification:_identify(Library/Artifacts/b8) by extensions ['ignore', 'ignore_ament_install']
[8.703s] Level 1:colcon.colcon_core.package_identification:_identify(Library/Artifacts/b8) by extension 'ignore'
[8.706s] Level 1:colcon.colcon_core.package_identification:_identify(Library/Artifacts/b8) by extension 'ignore_ament_install'
[8.711s] Level 1:colcon.colcon_core.package_identification:_identify(Library/Artifacts/b8) by extensions ['colcon_pkg']
[8.711s] Level 1:colcon.colcon_core.package_identification:_identify(Library/Artifacts/b8) by extension 'colcon_pkg'
[8.714s] Level 1:colcon.colcon_core.package_identification:_identify(Library/Artifacts/b8) by extensions ['colcon_meta']
[8.714s] Level 1:colcon.colcon_core.package_identification:_identify(Library/Artifacts/b8) by extension 'colcon_meta'
[8.719s] Level 1:colcon.colcon_core.package_identification:_identify(Library/Artifacts/b8) by extensions ['ros']
[8.720s] Level 1:colcon.colcon_core.package_identification:_identify(Library/Artifacts/b8) by extension 'ros'
[8.731s] Level 1:colcon.colcon_core.package_identification:_identify(Library/Artifacts/b8) by extensions ['cmake', 'python']
[8.732s] Level 1:colcon.colcon_core.package_identification:_identify(Library/Artifacts/b8) by extension 'cmake'
[8.734s] Level 1:colcon.colcon_core.package_identification:_identify(Library/Artifacts/b8) by extension 'python'
[8.738s] Level 1:colcon.colcon_core.package_identification:_identify(Library/Artifacts/b8) by extensions ['python_setup_py']
[8.739s] Level 1:colcon.colcon_core.package_identification:_identify(Library/Artifacts/b8) by extension 'python_setup_py'
[8.749s] Level 1:colcon.colcon_core.package_identification:_identify(Library/Artifacts/b9) by extensions ['ignore', 'ignore_ament_install']
[8.749s] Level 1:colcon.colcon_core.package_identification:_identify(Library/Artifacts/b9) by extension 'ignore'
[8.752s] Level 1:colcon.colcon_core.package_identification:_identify(Library/Artifacts/b9) by extension 'ignore_ament_install'
[8.756s] Level 1:colcon.colcon_core.package_identification:_identify(Library/Artifacts/b9) by extensions ['colcon_pkg']
[8.757s] Level 1:colcon.colcon_core.package_identification:_identify(Library/Artifacts/b9) by extension 'colcon_pkg'
[8.759s] Level 1:colcon.colcon_core.package_identification:_identify(Library/Artifacts/b9) by extensions ['colcon_meta']
[8.760s] Level 1:colcon.colcon_core.package_identification:_identify(Library/Artifacts/b9) by extension 'colcon_meta'
[8.764s] Level 1:colcon.colcon_core.package_identification:_identify(Library/Artifacts/b9) by extensions ['ros']
[8.765s] Level 1:colcon.colcon_core.package_identification:_identify(Library/Artifacts/b9) by extension 'ros'
[8.775s] Level 1:colcon.colcon_core.package_identification:_identify(Library/Artifacts/b9) by extensions ['cmake', 'python']
[8.776s] Level 1:colcon.colcon_core.package_identification:_identify(Library/Artifacts/b9) by extension 'cmake'
[8.778s] Level 1:colcon.colcon_core.package_identification:_identify(Library/Artifacts/b9) by extension 'python'
[8.781s] Level 1:colcon.colcon_core.package_identification:_identify(Library/Artifacts/b9) by extensions ['python_setup_py']
[8.781s] Level 1:colcon.colcon_core.package_identification:_identify(Library/Artifacts/b9) by extension 'python_setup_py'
[8.790s] Level 1:colcon.colcon_core.package_identification:_identify(Library/Artifacts/ba) by extensions ['ignore', 'ignore_ament_install']
[8.791s] Level 1:colcon.colcon_core.package_identification:_identify(Library/Artifacts/ba) by extension 'ignore'
[8.794s] Level 1:colcon.colcon_core.package_identification:_identify(Library/Artifacts/ba) by extension 'ignore_ament_install'
[8.798s] Level 1:colcon.colcon_core.package_identification:_identify(Library/Artifacts/ba) by extensions ['colcon_pkg']
[8.799s] Level 1:colcon.colcon_core.package_identification:_identify(Library/Artifacts/ba) by extension 'colcon_pkg'
[8.802s] Level 1:colcon.colcon_core.package_identification:_identify(Library/Artifacts/ba) by extensions ['colcon_meta']
[8.803s] Level 1:colcon.colcon_core.package_identification:_identify(Library/Artifacts/ba) by extension 'colcon_meta'
[8.806s] Level 1:colcon.colcon_core.package_identification:_identify(Library/Artifacts/ba) by extensions ['ros']
[8.807s] Level 1:colcon.colcon_core.package_identification:_identify(Library/Artifacts/ba) by extension 'ros'
[8.815s] Level 1:colcon.colcon_core.package_identification:_identify(Library/Artifacts/ba) by extensions ['cmake', 'python']
[8.816s] Level 1:colcon.colcon_core.package_identification:_identify(Library/Artifacts/ba) by extension 'cmake'
[8.820s] Level 1:colcon.colcon_core.package_identification:_identify(Library/Artifacts/ba) by extension 'python'
[8.822s] Level 1:colcon.colcon_core.package_identification:_identify(Library/Artifacts/ba) by extensions ['python_setup_py']
[8.823s] Level 1:colcon.colcon_core.package_identification:_identify(Library/Artifacts/ba) by extension 'python_setup_py'
[8.833s] Level 1:colcon.colcon_core.package_identification:_identify(Library/Artifacts/bb) by extensions ['ignore', 'ignore_ament_install']
[8.834s] Level 1:colcon.colcon_core.package_identification:_identify(Library/Artifacts/bb) by extension 'ignore'
[8.836s] Level 1:colcon.colcon_core.package_identification:_identify(Library/Artifacts/bb) by extension 'ignore_ament_install'
[8.840s] Level 1:colcon.colcon_core.package_identification:_identify(Library/Artifacts/bb) by extensions ['colcon_pkg']
[8.841s] Level 1:colcon.colcon_core.package_identification:_identify(Library/Artifacts/bb) by extension 'colcon_pkg'
[8.844s] Level 1:colcon.colcon_core.package_identification:_identify(Library/Artifacts/bb) by extensions ['colcon_meta']
[8.844s] Level 1:colcon.colcon_core.package_identification:_identify(Library/Artifacts/bb) by extension 'colcon_meta'
[8.850s] Level 1:colcon.colcon_core.package_identification:_identify(Library/Artifacts/bb) by extensions ['ros']
[8.851s] Level 1:colcon.colcon_core.package_identification:_identify(Library/Artifacts/bb) by extension 'ros'
[8.860s] Level 1:colcon.colcon_core.package_identification:_identify(Library/Artifacts/bb) by extensions ['cmake', 'python']
[8.860s] Level 1:colcon.colcon_core.package_identification:_identify(Library/Artifacts/bb) by extension 'cmake'
[8.863s] Level 1:colcon.colcon_core.package_identification:_identify(Library/Artifacts/bb) by extension 'python'
[8.865s] Level 1:colcon.colcon_core.package_identification:_identify(Library/Artifacts/bb) by extensions ['python_setup_py']
[8.866s] Level 1:colcon.colcon_core.package_identification:_identify(Library/Artifacts/bb) by extension 'python_setup_py'
[8.873s] Level 1:colcon.colcon_core.package_identification:_identify(Library/Artifacts/bc) by extensions ['ignore', 'ignore_ament_install']
[8.873s] Level 1:colcon.colcon_core.package_identification:_identify(Library/Artifacts/bc) by extension 'ignore'
[8.876s] Level 1:colcon.colcon_core.package_identification:_identify(Library/Artifacts/bc) by extension 'ignore_ament_install'
[8.880s] Level 1:colcon.colcon_core.package_identification:_identify(Library/Artifacts/bc) by extensions ['colcon_pkg']
[8.880s] Level 1:colcon.colcon_core.package_identification:_identify(Library/Artifacts/bc) by extension 'colcon_pkg'
[8.883s] Level 1:colcon.colcon_core.package_identification:_identify(Library/Artifacts/bc) by extensions ['colcon_meta']
[8.883s] Level 1:colcon.colcon_core.package_identification:_identify(Library/Artifacts/bc) by extension 'colcon_meta'
[8.887s] Level 1:colcon.colcon_core.package_identification:_identify(Library/Artifacts/bc) by extensions ['ros']
[8.888s] Level 1:colcon.colcon_core.package_identification:_identify(Library/Artifacts/bc) by extension 'ros'
[8.897s] Level 1:colcon.colcon_core.package_identification:_identify(Library/Artifacts/bc) by extensions ['cmake', 'python']
[8.898s] Level 1:colcon.colcon_core.package_identification:_identify(Library/Artifacts/bc) by extension 'cmake'
[8.902s] Level 1:colcon.colcon_core.package_identification:_identify(Library/Artifacts/bc) by extension 'python'
[8.905s] Level 1:colcon.colcon_core.package_identification:_identify(Library/Artifacts/bc) by extensions ['python_setup_py']
[8.906s] Level 1:colcon.colcon_core.package_identification:_identify(Library/Artifacts/bc) by extension 'python_setup_py'
[8.915s] Level 1:colcon.colcon_core.package_identification:_identify(Library/Artifacts/bd) by extensions ['ignore', 'ignore_ament_install']
[8.916s] Level 1:colcon.colcon_core.package_identification:_identify(Library/Artifacts/bd) by extension 'ignore'
[8.919s] Level 1:colcon.colcon_core.package_identification:_identify(Library/Artifacts/bd) by extension 'ignore_ament_install'
[8.925s] Level 1:colcon.colcon_core.package_identification:_identify(Library/Artifacts/bd) by extensions ['colcon_pkg']
[8.926s] Level 1:colcon.colcon_core.package_identification:_identify(Library/Artifacts/bd) by extension 'colcon_pkg'
[8.929s] Level 1:colcon.colcon_core.package_identification:_identify(Library/Artifacts/bd) by extensions ['colcon_meta']
[8.929s] Level 1:colcon.colcon_core.package_identification:_identify(Library/Artifacts/bd) by extension 'colcon_meta'
[8.934s] Level 1:colcon.colcon_core.package_identification:_identify(Library/Artifacts/bd) by extensions ['ros']
[8.935s] Level 1:colcon.colcon_core.package_identification:_identify(Library/Artifacts/bd) by extension 'ros'
[8.944s] Level 1:colcon.colcon_core.package_identification:_identify(Library/Artifacts/bd) by extensions ['cmake', 'python']
[8.945s] Level 1:colcon.colcon_core.package_identification:_identify(Library/Artifacts/bd) by extension 'cmake'
[8.947s] Level 1:colcon.colcon_core.package_identification:_identify(Library/Artifacts/bd) by extension 'python'
[8.950s] Level 1:colcon.colcon_core.package_identification:_identify(Library/Artifacts/bd) by extensions ['python_setup_py']
[8.951s] Level 1:colcon.colcon_core.package_identification:_identify(Library/Artifacts/bd) by extension 'python_setup_py'
[8.961s] Level 1:colcon.colcon_core.package_identification:_identify(Library/Artifacts/be) by extensions ['ignore', 'ignore_ament_install']
[8.962s] Level 1:colcon.colcon_core.package_identification:_identify(Library/Artifacts/be) by extension 'ignore'
[8.965s] Level 1:colcon.colcon_core.package_identification:_identify(Library/Artifacts/be) by extension 'ignore_ament_install'
[8.969s] Level 1:colcon.colcon_core.package_identification:_identify(Library/Artifacts/be) by extensions ['colcon_pkg']
[8.970s] Level 1:colcon.colcon_core.package_identification:_identify(Library/Artifacts/be) by extension 'colcon_pkg'
[8.973s] Level 1:colcon.colcon_core.package_identification:_identify(Library/Artifacts/be) by extensions ['colcon_meta']
[8.974s] Level 1:colcon.colcon_core.package_identification:_identify(Library/Artifacts/be) by extension 'colcon_meta'
[8.979s] Level 1:colcon.colcon_core.package_identification:_identify(Library/Artifacts/be) by extensions ['ros']
[8.980s] Level 1:colcon.colcon_core.package_identification:_identify(Library/Artifacts/be) by extension 'ros'
[8.989s] Level 1:colcon.colcon_core.package_identification:_identify(Library/Artifacts/be) by extensions ['cmake', 'python']
[8.989s] Level 1:colcon.colcon_core.package_identification:_identify(Library/Artifacts/be) by extension 'cmake'
[8.992s] Level 1:colcon.colcon_core.package_identification:_identify(Library/Artifacts/be) by extension 'python'
[8.994s] Level 1:colcon.colcon_core.package_identification:_identify(Library/Artifacts/be) by extensions ['python_setup_py']
[8.995s] Level 1:colcon.colcon_core.package_identification:_identify(Library/Artifacts/be) by extension 'python_setup_py'
[9.004s] Level 1:colcon.colcon_core.package_identification:_identify(Library/Artifacts/bf) by extensions ['ignore', 'ignore_ament_install']
[9.005s] Level 1:colcon.colcon_core.package_identification:_identify(Library/Artifacts/bf) by extension 'ignore'
[9.008s] Level 1:colcon.colcon_core.package_identification:_identify(Library/Artifacts/bf) by extension 'ignore_ament_install'
[9.013s] Level 1:colcon.colcon_core.package_identification:_identify(Library/Artifacts/bf) by extensions ['colcon_pkg']
[9.013s] Level 1:colcon.colcon_core.package_identification:_identify(Library/Artifacts/bf) by extension 'colcon_pkg'
[9.016s] Level 1:colcon.colcon_core.package_identification:_identify(Library/Artifacts/bf) by extensions ['colcon_meta']
[9.017s] Level 1:colcon.colcon_core.package_identification:_identify(Library/Artifacts/bf) by extension 'colcon_meta'
[9.021s] Level 1:colcon.colcon_core.package_identification:_identify(Library/Artifacts/bf) by extensions ['ros']
[9.021s] Level 1:colcon.colcon_core.package_identification:_identify(Library/Artifacts/bf) by extension 'ros'
[9.031s] Level 1:colcon.colcon_core.package_identification:_identify(Library/Artifacts/bf) by extensions ['cmake', 'python']
[9.032s] Level 1:colcon.colcon_core.package_identification:_identify(Library/Artifacts/bf) by extension 'cmake'
[9.035s] Level 1:colcon.colcon_core.package_identification:_identify(Library/Artifacts/bf) by extension 'python'
[9.037s] Level 1:colcon.colcon_core.package_identification:_identify(Library/Artifacts/bf) by extensions ['python_setup_py']
[9.038s] Level 1:colcon.colcon_core.package_identification:_identify(Library/Artifacts/bf) by extension 'python_setup_py'
[9.050s] Level 1:colcon.colcon_core.package_identification:_identify(Library/Artifacts/c0) by extensions ['ignore', 'ignore_ament_install']
[9.051s] Level 1:colcon.colcon_core.package_identification:_identify(Library/Artifacts/c0) by extension 'ignore'
[9.053s] Level 1:colcon.colcon_core.package_identification:_identify(Library/Artifacts/c0) by extension 'ignore_ament_install'
[9.058s] Level 1:colcon.colcon_core.package_identification:_identify(Library/Artifacts/c0) by extensions ['colcon_pkg']
[9.059s] Level 1:colcon.colcon_core.package_identification:_identify(Library/Artifacts/c0) by extension 'colcon_pkg'
[9.062s] Level 1:colcon.colcon_core.package_identification:_identify(Library/Artifacts/c0) by extensions ['colcon_meta']
[9.063s] Level 1:colcon.colcon_core.package_identification:_identify(Library/Artifacts/c0) by extension 'colcon_meta'
[9.067s] Level 1:colcon.colcon_core.package_identification:_identify(Library/Artifacts/c0) by extensions ['ros']
[9.068s] Level 1:colcon.colcon_core.package_identification:_identify(Library/Artifacts/c0) by extension 'ros'
[9.077s] Level 1:colcon.colcon_core.package_identification:_identify(Library/Artifacts/c0) by extensions ['cmake', 'python']
[9.077s] Level 1:colcon.colcon_core.package_identification:_identify(Library/Artifacts/c0) by extension 'cmake'
[9.080s] Level 1:colcon.colcon_core.package_identification:_identify(Library/Artifacts/c0) by extension 'python'
[9.082s] Level 1:colcon.colcon_core.package_identification:_identify(Library/Artifacts/c0) by extensions ['python_setup_py']
[9.083s] Level 1:colcon.colcon_core.package_identification:_identify(Library/Artifacts/c0) by extension 'python_setup_py'
[9.092s] Level 1:colcon.colcon_core.package_identification:_identify(Library/Artifacts/c1) by extensions ['ignore', 'ignore_ament_install']
[9.092s] Level 1:colcon.colcon_core.package_identification:_identify(Library/Artifacts/c1) by extension 'ignore'
[9.095s] Level 1:colcon.colcon_core.package_identification:_identify(Library/Artifacts/c1) by extension 'ignore_ament_install'
[9.099s] Level 1:colcon.colcon_core.package_identification:_identify(Library/Artifacts/c1) by extensions ['colcon_pkg']
[9.100s] Level 1:colcon.colcon_core.package_identification:_identify(Library/Artifacts/c1) by extension 'colcon_pkg'
[9.102s] Level 1:colcon.colcon_core.package_identification:_identify(Library/Artifacts/c1) by extensions ['colcon_meta']
[9.103s] Level 1:colcon.colcon_core.package_identification:_identify(Library/Artifacts/c1) by extension 'colcon_meta'
[9.107s] Level 1:colcon.colcon_core.package_identification:_identify(Library/Artifacts/c1) by extensions ['ros']
[9.108s] Level 1:colcon.colcon_core.package_identification:_identify(Library/Artifacts/c1) by extension 'ros'
[9.118s] Level 1:colcon.colcon_core.package_identification:_identify(Library/Artifacts/c1) by extensions ['cmake', 'python']
[9.119s] Level 1:colcon.colcon_core.package_identification:_identify(Library/Artifacts/c1) by extension 'cmake'
[9.122s] Level 1:colcon.colcon_core.package_identification:_identify(Library/Artifacts/c1) by extension 'python'
[9.124s] Level 1:colcon.colcon_core.package_identification:_identify(Library/Artifacts/c1) by extensions ['python_setup_py']
[9.125s] Level 1:colcon.colcon_core.package_identification:_identify(Library/Artifacts/c1) by extension 'python_setup_py'
[9.136s] Level 1:colcon.colcon_core.package_identification:_identify(Library/Artifacts/c2) by extensions ['ignore', 'ignore_ament_install']
[9.137s] Level 1:colcon.colcon_core.package_identification:_identify(Library/Artifacts/c2) by extension 'ignore'
[9.139s] Level 1:colcon.colcon_core.package_identification:_identify(Library/Artifacts/c2) by extension 'ignore_ament_install'
[9.143s] Level 1:colcon.colcon_core.package_identification:_identify(Library/Artifacts/c2) by extensions ['colcon_pkg']
[9.144s] Level 1:colcon.colcon_core.package_identification:_identify(Library/Artifacts/c2) by extension 'colcon_pkg'
[9.147s] Level 1:colcon.colcon_core.package_identification:_identify(Library/Artifacts/c2) by extensions ['colcon_meta']
[9.148s] Level 1:colcon.colcon_core.package_identification:_identify(Library/Artifacts/c2) by extension 'colcon_meta'
[9.151s] Level 1:colcon.colcon_core.package_identification:_identify(Library/Artifacts/c2) by extensions ['ros']
[9.151s] Level 1:colcon.colcon_core.package_identification:_identify(Library/Artifacts/c2) by extension 'ros'
[9.160s] Level 1:colcon.colcon_core.package_identification:_identify(Library/Artifacts/c2) by extensions ['cmake', 'python']
[9.161s] Level 1:colcon.colcon_core.package_identification:_identify(Library/Artifacts/c2) by extension 'cmake'
[9.165s] Level 1:colcon.colcon_core.package_identification:_identify(Library/Artifacts/c2) by extension 'python'
[9.167s] Level 1:colcon.colcon_core.package_identification:_identify(Library/Artifacts/c2) by extensions ['python_setup_py']
[9.167s] Level 1:colcon.colcon_core.package_identification:_identify(Library/Artifacts/c2) by extension 'python_setup_py'
[9.176s] Level 1:colcon.colcon_core.package_identification:_identify(Library/Artifacts/c3) by extensions ['ignore', 'ignore_ament_install']
[9.177s] Level 1:colcon.colcon_core.package_identification:_identify(Library/Artifacts/c3) by extension 'ignore'
[9.180s] Level 1:colcon.colcon_core.package_identification:_identify(Library/Artifacts/c3) by extension 'ignore_ament_install'
[9.184s] Level 1:colcon.colcon_core.package_identification:_identify(Library/Artifacts/c3) by extensions ['colcon_pkg']
[9.185s] Level 1:colcon.colcon_core.package_identification:_identify(Library/Artifacts/c3) by extension 'colcon_pkg'
[9.188s] Level 1:colcon.colcon_core.package_identification:_identify(Library/Artifacts/c3) by extensions ['colcon_meta']
[9.188s] Level 1:colcon.colcon_core.package_identification:_identify(Library/Artifacts/c3) by extension 'colcon_meta'
[9.192s] Level 1:colcon.colcon_core.package_identification:_identify(Library/Artifacts/c3) by extensions ['ros']
[9.193s] Level 1:colcon.colcon_core.package_identification:_identify(Library/Artifacts/c3) by extension 'ros'
[9.202s] Level 1:colcon.colcon_core.package_identification:_identify(Library/Artifacts/c3) by extensions ['cmake', 'python']
[9.202s] Level 1:colcon.colcon_core.package_identification:_identify(Library/Artifacts/c3) by extension 'cmake'
[9.205s] Level 1:colcon.colcon_core.package_identification:_identify(Library/Artifacts/c3) by extension 'python'
[9.207s] Level 1:colcon.colcon_core.package_identification:_identify(Library/Artifacts/c3) by extensions ['python_setup_py']
[9.207s] Level 1:colcon.colcon_core.package_identification:_identify(Library/Artifacts/c3) by extension 'python_setup_py'
[9.217s] Level 1:colcon.colcon_core.package_identification:_identify(Library/Artifacts/c4) by extensions ['ignore', 'ignore_ament_install']
[9.218s] Level 1:colcon.colcon_core.package_identification:_identify(Library/Artifacts/c4) by extension 'ignore'
[9.220s] Level 1:colcon.colcon_core.package_identification:_identify(Library/Artifacts/c4) by extension 'ignore_ament_install'
[9.223s] Level 1:colcon.colcon_core.package_identification:_identify(Library/Artifacts/c4) by extensions ['colcon_pkg']
[9.224s] Level 1:colcon.colcon_core.package_identification:_identify(Library/Artifacts/c4) by extension 'colcon_pkg'
[9.227s] Level 1:colcon.colcon_core.package_identification:_identify(Library/Artifacts/c4) by extensions ['colcon_meta']
[9.227s] Level 1:colcon.colcon_core.package_identification:_identify(Library/Artifacts/c4) by extension 'colcon_meta'
[9.231s] Level 1:colcon.colcon_core.package_identification:_identify(Library/Artifacts/c4) by extensions ['ros']
[9.232s] Level 1:colcon.colcon_core.package_identification:_identify(Library/Artifacts/c4) by extension 'ros'
[9.240s] Level 1:colcon.colcon_core.package_identification:_identify(Library/Artifacts/c4) by extensions ['cmake', 'python']
[9.241s] Level 1:colcon.colcon_core.package_identification:_identify(Library/Artifacts/c4) by extension 'cmake'
[9.243s] Level 1:colcon.colcon_core.package_identification:_identify(Library/Artifacts/c4) by extension 'python'
[9.246s] Level 1:colcon.colcon_core.package_identification:_identify(Library/Artifacts/c4) by extensions ['python_setup_py']
[9.246s] Level 1:colcon.colcon_core.package_identification:_identify(Library/Artifacts/c4) by extension 'python_setup_py'
[9.256s] Level 1:colcon.colcon_core.package_identification:_identify(Library/Artifacts/c5) by extensions ['ignore', 'ignore_ament_install']
[9.257s] Level 1:colcon.colcon_core.package_identification:_identify(Library/Artifacts/c5) by extension 'ignore'
[9.259s] Level 1:colcon.colcon_core.package_identification:_identify(Library/Artifacts/c5) by extension 'ignore_ament_install'
[9.263s] Level 1:colcon.colcon_core.package_identification:_identify(Library/Artifacts/c5) by extensions ['colcon_pkg']
[9.264s] Level 1:colcon.colcon_core.package_identification:_identify(Library/Artifacts/c5) by extension 'colcon_pkg'
[9.266s] Level 1:colcon.colcon_core.package_identification:_identify(Library/Artifacts/c5) by extensions ['colcon_meta']
[9.267s] Level 1:colcon.colcon_core.package_identification:_identify(Library/Artifacts/c5) by extension 'colcon_meta'
[9.272s] Level 1:colcon.colcon_core.package_identification:_identify(Library/Artifacts/c5) by extensions ['ros']
[9.273s] Level 1:colcon.colcon_core.package_identification:_identify(Library/Artifacts/c5) by extension 'ros'
[9.282s] Level 1:colcon.colcon_core.package_identification:_identify(Library/Artifacts/c5) by extensions ['cmake', 'python']
[9.282s] Level 1:colcon.colcon_core.package_identification:_identify(Library/Artifacts/c5) by extension 'cmake'
[9.285s] Level 1:colcon.colcon_core.package_identification:_identify(Library/Artifacts/c5) by extension 'python'
[9.287s] Level 1:colcon.colcon_core.package_identification:_identify(Library/Artifacts/c5) by extensions ['python_setup_py']
[9.288s] Level 1:colcon.colcon_core.package_identification:_identify(Library/Artifacts/c5) by extension 'python_setup_py'
[9.299s] Level 1:colcon.colcon_core.package_identification:_identify(Library/Artifacts/c6) by extensions ['ignore', 'ignore_ament_install']
[9.300s] Level 1:colcon.colcon_core.package_identification:_identify(Library/Artifacts/c6) by extension 'ignore'
[9.303s] Level 1:colcon.colcon_core.package_identification:_identify(Library/Artifacts/c6) by extension 'ignore_ament_install'
[9.308s] Level 1:colcon.colcon_core.package_identification:_identify(Library/Artifacts/c6) by extensions ['colcon_pkg']
[9.308s] Level 1:colcon.colcon_core.package_identification:_identify(Library/Artifacts/c6) by extension 'colcon_pkg'
[9.311s] Level 1:colcon.colcon_core.package_identification:_identify(Library/Artifacts/c6) by extensions ['colcon_meta']
[9.312s] Level 1:colcon.colcon_core.package_identification:_identify(Library/Artifacts/c6) by extension 'colcon_meta'
[9.318s] Level 1:colcon.colcon_core.package_identification:_identify(Library/Artifacts/c6) by extensions ['ros']
[9.319s] Level 1:colcon.colcon_core.package_identification:_identify(Library/Artifacts/c6) by extension 'ros'
[9.328s] Level 1:colcon.colcon_core.package_identification:_identify(Library/Artifacts/c6) by extensions ['cmake', 'python']
[9.328s] Level 1:colcon.colcon_core.package_identification:_identify(Library/Artifacts/c6) by extension 'cmake'
[9.331s] Level 1:colcon.colcon_core.package_identification:_identify(Library/Artifacts/c6) by extension 'python'
[9.333s] Level 1:colcon.colcon_core.package_identification:_identify(Library/Artifacts/c6) by extensions ['python_setup_py']
[9.334s] Level 1:colcon.colcon_core.package_identification:_identify(Library/Artifacts/c6) by extension 'python_setup_py'
[9.345s] Level 1:colcon.colcon_core.package_identification:_identify(Library/Artifacts/c7) by extensions ['ignore', 'ignore_ament_install']
[9.346s] Level 1:colcon.colcon_core.package_identification:_identify(Library/Artifacts/c7) by extension 'ignore'
[9.348s] Level 1:colcon.colcon_core.package_identification:_identify(Library/Artifacts/c7) by extension 'ignore_ament_install'
[9.352s] Level 1:colcon.colcon_core.package_identification:_identify(Library/Artifacts/c7) by extensions ['colcon_pkg']
[9.353s] Level 1:colcon.colcon_core.package_identification:_identify(Library/Artifacts/c7) by extension 'colcon_pkg'
[9.357s] Level 1:colcon.colcon_core.package_identification:_identify(Library/Artifacts/c7) by extensions ['colcon_meta']
[9.358s] Level 1:colcon.colcon_core.package_identification:_identify(Library/Artifacts/c7) by extension 'colcon_meta'
[9.362s] Level 1:colcon.colcon_core.package_identification:_identify(Library/Artifacts/c7) by extensions ['ros']
[9.363s] Level 1:colcon.colcon_core.package_identification:_identify(Library/Artifacts/c7) by extension 'ros'
[9.371s] Level 1:colcon.colcon_core.package_identification:_identify(Library/Artifacts/c7) by extensions ['cmake', 'python']
[9.371s] Level 1:colcon.colcon_core.package_identification:_identify(Library/Artifacts/c7) by extension 'cmake'
[9.373s] Level 1:colcon.colcon_core.package_identification:_identify(Library/Artifacts/c7) by extension 'python'
[9.375s] Level 1:colcon.colcon_core.package_identification:_identify(Library/Artifacts/c7) by extensions ['python_setup_py']
[9.375s] Level 1:colcon.colcon_core.package_identification:_identify(Library/Artifacts/c7) by extension 'python_setup_py'
[9.384s] Level 1:colcon.colcon_core.package_identification:_identify(Library/Artifacts/c8) by extensions ['ignore', 'ignore_ament_install']
[9.385s] Level 1:colcon.colcon_core.package_identification:_identify(Library/Artifacts/c8) by extension 'ignore'
[9.388s] Level 1:colcon.colcon_core.package_identification:_identify(Library/Artifacts/c8) by extension 'ignore_ament_install'
[9.392s] Level 1:colcon.colcon_core.package_identification:_identify(Library/Artifacts/c8) by extensions ['colcon_pkg']
[9.393s] Level 1:colcon.colcon_core.package_identification:_identify(Library/Artifacts/c8) by extension 'colcon_pkg'
[9.395s] Level 1:colcon.colcon_core.package_identification:_identify(Library/Artifacts/c8) by extensions ['colcon_meta']
[9.396s] Level 1:colcon.colcon_core.package_identification:_identify(Library/Artifacts/c8) by extension 'colcon_meta'
[9.400s] Level 1:colcon.colcon_core.package_identification:_identify(Library/Artifacts/c8) by extensions ['ros']
[9.401s] Level 1:colcon.colcon_core.package_identification:_identify(Library/Artifacts/c8) by extension 'ros'
[9.410s] Level 1:colcon.colcon_core.package_identification:_identify(Library/Artifacts/c8) by extensions ['cmake', 'python']
[9.411s] Level 1:colcon.colcon_core.package_identification:_identify(Library/Artifacts/c8) by extension 'cmake'
[9.414s] Level 1:colcon.colcon_core.package_identification:_identify(Library/Artifacts/c8) by extension 'python'
[9.417s] Level 1:colcon.colcon_core.package_identification:_identify(Library/Artifacts/c8) by extensions ['python_setup_py']
[9.418s] Level 1:colcon.colcon_core.package_identification:_identify(Library/Artifacts/c8) by extension 'python_setup_py'
[9.428s] Level 1:colcon.colcon_core.package_identification:_identify(Library/Artifacts/c9) by extensions ['ignore', 'ignore_ament_install']
[9.429s] Level 1:colcon.colcon_core.package_identification:_identify(Library/Artifacts/c9) by extension 'ignore'
[9.432s] Level 1:colcon.colcon_core.package_identification:_identify(Library/Artifacts/c9) by extension 'ignore_ament_install'
[9.436s] Level 1:colcon.colcon_core.package_identification:_identify(Library/Artifacts/c9) by extensions ['colcon_pkg']
[9.436s] Level 1:colcon.colcon_core.package_identification:_identify(Library/Artifacts/c9) by extension 'colcon_pkg'
[9.440s] Level 1:colcon.colcon_core.package_identification:_identify(Library/Artifacts/c9) by extensions ['colcon_meta']
[9.441s] Level 1:colcon.colcon_core.package_identification:_identify(Library/Artifacts/c9) by extension 'colcon_meta'
[9.446s] Level 1:colcon.colcon_core.package_identification:_identify(Library/Artifacts/c9) by extensions ['ros']
[9.447s] Level 1:colcon.colcon_core.package_identification:_identify(Library/Artifacts/c9) by extension 'ros'
[9.456s] Level 1:colcon.colcon_core.package_identification:_identify(Library/Artifacts/c9) by extensions ['cmake', 'python']
[9.457s] Level 1:colcon.colcon_core.package_identification:_identify(Library/Artifacts/c9) by extension 'cmake'
[9.460s] Level 1:colcon.colcon_core.package_identification:_identify(Library/Artifacts/c9) by extension 'python'
[9.464s] Level 1:colcon.colcon_core.package_identification:_identify(Library/Artifacts/c9) by extensions ['python_setup_py']
[9.465s] Level 1:colcon.colcon_core.package_identification:_identify(Library/Artifacts/c9) by extension 'python_setup_py'
[9.475s] Level 1:colcon.colcon_core.package_identification:_identify(Library/Artifacts/ca) by extensions ['ignore', 'ignore_ament_install']
[9.477s] Level 1:colcon.colcon_core.package_identification:_identify(Library/Artifacts/ca) by extension 'ignore'
[9.479s] Level 1:colcon.colcon_core.package_identification:_identify(Library/Artifacts/ca) by extension 'ignore_ament_install'
[9.485s] Level 1:colcon.colcon_core.package_identification:_identify(Library/Artifacts/ca) by extensions ['colcon_pkg']
[9.486s] Level 1:colcon.colcon_core.package_identification:_identify(Library/Artifacts/ca) by extension 'colcon_pkg'
[9.489s] Level 1:colcon.colcon_core.package_identification:_identify(Library/Artifacts/ca) by extensions ['colcon_meta']
[9.490s] Level 1:colcon.colcon_core.package_identification:_identify(Library/Artifacts/ca) by extension 'colcon_meta'
[9.497s] Level 1:colcon.colcon_core.package_identification:_identify(Library/Artifacts/ca) by extensions ['ros']
[9.498s] Level 1:colcon.colcon_core.package_identification:_identify(Library/Artifacts/ca) by extension 'ros'
[9.507s] Level 1:colcon.colcon_core.package_identification:_identify(Library/Artifacts/ca) by extensions ['cmake', 'python']
[9.508s] Level 1:colcon.colcon_core.package_identification:_identify(Library/Artifacts/ca) by extension 'cmake'
[9.511s] Level 1:colcon.colcon_core.package_identification:_identify(Library/Artifacts/ca) by extension 'python'
[9.515s] Level 1:colcon.colcon_core.package_identification:_identify(Library/Artifacts/ca) by extensions ['python_setup_py']
[9.516s] Level 1:colcon.colcon_core.package_identification:_identify(Library/Artifacts/ca) by extension 'python_setup_py'
[9.527s] Level 1:colcon.colcon_core.package_identification:_identify(Library/Artifacts/cb) by extensions ['ignore', 'ignore_ament_install']
[9.528s] Level 1:colcon.colcon_core.package_identification:_identify(Library/Artifacts/cb) by extension 'ignore'
[9.530s] Level 1:colcon.colcon_core.package_identification:_identify(Library/Artifacts/cb) by extension 'ignore_ament_install'
[9.534s] Level 1:colcon.colcon_core.package_identification:_identify(Library/Artifacts/cb) by extensions ['colcon_pkg']
[9.535s] Level 1:colcon.colcon_core.package_identification:_identify(Library/Artifacts/cb) by extension 'colcon_pkg'
[9.537s] Level 1:colcon.colcon_core.package_identification:_identify(Library/Artifacts/cb) by extensions ['colcon_meta']
[9.537s] Level 1:colcon.colcon_core.package_identification:_identify(Library/Artifacts/cb) by extension 'colcon_meta'
[9.541s] Level 1:colcon.colcon_core.package_identification:_identify(Library/Artifacts/cb) by extensions ['ros']
[9.542s] Level 1:colcon.colcon_core.package_identification:_identify(Library/Artifacts/cb) by extension 'ros'
[9.551s] Level 1:colcon.colcon_core.package_identification:_identify(Library/Artifacts/cb) by extensions ['cmake', 'python']
[9.552s] Level 1:colcon.colcon_core.package_identification:_identify(Library/Artifacts/cb) by extension 'cmake'
[9.554s] Level 1:colcon.colcon_core.package_identification:_identify(Library/Artifacts/cb) by extension 'python'
[9.556s] Level 1:colcon.colcon_core.package_identification:_identify(Library/Artifacts/cb) by extensions ['python_setup_py']
[9.557s] Level 1:colcon.colcon_core.package_identification:_identify(Library/Artifacts/cb) by extension 'python_setup_py'
[9.567s] Level 1:colcon.colcon_core.package_identification:_identify(Library/Artifacts/cc) by extensions ['ignore', 'ignore_ament_install']
[9.568s] Level 1:colcon.colcon_core.package_identification:_identify(Library/Artifacts/cc) by extension 'ignore'
[9.570s] Level 1:colcon.colcon_core.package_identification:_identify(Library/Artifacts/cc) by extension 'ignore_ament_install'
[9.574s] Level 1:colcon.colcon_core.package_identification:_identify(Library/Artifacts/cc) by extensions ['colcon_pkg']
[9.575s] Level 1:colcon.colcon_core.package_identification:_identify(Library/Artifacts/cc) by extension 'colcon_pkg'
[9.577s] Level 1:colcon.colcon_core.package_identification:_identify(Library/Artifacts/cc) by extensions ['colcon_meta']
[9.578s] Level 1:colcon.colcon_core.package_identification:_identify(Library/Artifacts/cc) by extension 'colcon_meta'
[9.582s] Level 1:colcon.colcon_core.package_identification:_identify(Library/Artifacts/cc) by extensions ['ros']
[9.583s] Level 1:colcon.colcon_core.package_identification:_identify(Library/Artifacts/cc) by extension 'ros'
[9.591s] Level 1:colcon.colcon_core.package_identification:_identify(Library/Artifacts/cc) by extensions ['cmake', 'python']
[9.592s] Level 1:colcon.colcon_core.package_identification:_identify(Library/Artifacts/cc) by extension 'cmake'
[9.594s] Level 1:colcon.colcon_core.package_identification:_identify(Library/Artifacts/cc) by extension 'python'
[9.596s] Level 1:colcon.colcon_core.package_identification:_identify(Library/Artifacts/cc) by extensions ['python_setup_py']
[9.596s] Level 1:colcon.colcon_core.package_identification:_identify(Library/Artifacts/cc) by extension 'python_setup_py'
[9.605s] Level 1:colcon.colcon_core.package_identification:_identify(Library/Artifacts/cd) by extensions ['ignore', 'ignore_ament_install']
[9.605s] Level 1:colcon.colcon_core.package_identification:_identify(Library/Artifacts/cd) by extension 'ignore'
[9.608s] Level 1:colcon.colcon_core.package_identification:_identify(Library/Artifacts/cd) by extension 'ignore_ament_install'
[9.611s] Level 1:colcon.colcon_core.package_identification:_identify(Library/Artifacts/cd) by extensions ['colcon_pkg']
[9.612s] Level 1:colcon.colcon_core.package_identification:_identify(Library/Artifacts/cd) by extension 'colcon_pkg'
[9.614s] Level 1:colcon.colcon_core.package_identification:_identify(Library/Artifacts/cd) by extensions ['colcon_meta']
[9.615s] Level 1:colcon.colcon_core.package_identification:_identify(Library/Artifacts/cd) by extension 'colcon_meta'
[9.619s] Level 1:colcon.colcon_core.package_identification:_identify(Library/Artifacts/cd) by extensions ['ros']
[9.620s] Level 1:colcon.colcon_core.package_identification:_identify(Library/Artifacts/cd) by extension 'ros'
[9.629s] Level 1:colcon.colcon_core.package_identification:_identify(Library/Artifacts/cd) by extensions ['cmake', 'python']
[9.630s] Level 1:colcon.colcon_core.package_identification:_identify(Library/Artifacts/cd) by extension 'cmake'
[9.632s] Level 1:colcon.colcon_core.package_identification:_identify(Library/Artifacts/cd) by extension 'python'
[9.635s] Level 1:colcon.colcon_core.package_identification:_identify(Library/Artifacts/cd) by extensions ['python_setup_py']
[9.635s] Level 1:colcon.colcon_core.package_identification:_identify(Library/Artifacts/cd) by extension 'python_setup_py'
[9.646s] Level 1:colcon.colcon_core.package_identification:_identify(Library/Artifacts/ce) by extensions ['ignore', 'ignore_ament_install']
[9.647s] Level 1:colcon.colcon_core.package_identification:_identify(Library/Artifacts/ce) by extension 'ignore'
[9.650s] Level 1:colcon.colcon_core.package_identification:_identify(Library/Artifacts/ce) by extension 'ignore_ament_install'
[9.654s] Level 1:colcon.colcon_core.package_identification:_identify(Library/Artifacts/ce) by extensions ['colcon_pkg']
[9.655s] Level 1:colcon.colcon_core.package_identification:_identify(Library/Artifacts/ce) by extension 'colcon_pkg'
[9.657s] Level 1:colcon.colcon_core.package_identification:_identify(Library/Artifacts/ce) by extensions ['colcon_meta']
[9.658s] Level 1:colcon.colcon_core.package_identification:_identify(Library/Artifacts/ce) by extension 'colcon_meta'
[9.663s] Level 1:colcon.colcon_core.package_identification:_identify(Library/Artifacts/ce) by extensions ['ros']
[9.664s] Level 1:colcon.colcon_core.package_identification:_identify(Library/Artifacts/ce) by extension 'ros'
[9.675s] Level 1:colcon.colcon_core.package_identification:_identify(Library/Artifacts/ce) by extensions ['cmake', 'python']
[9.676s] Level 1:colcon.colcon_core.package_identification:_identify(Library/Artifacts/ce) by extension 'cmake'
[9.679s] Level 1:colcon.colcon_core.package_identification:_identify(Library/Artifacts/ce) by extension 'python'
[9.682s] Level 1:colcon.colcon_core.package_identification:_identify(Library/Artifacts/ce) by extensions ['python_setup_py']
[9.683s] Level 1:colcon.colcon_core.package_identification:_identify(Library/Artifacts/ce) by extension 'python_setup_py'
[9.696s] Level 1:colcon.colcon_core.package_identification:_identify(Library/Artifacts/cf) by extensions ['ignore', 'ignore_ament_install']
[9.696s] Level 1:colcon.colcon_core.package_identification:_identify(Library/Artifacts/cf) by extension 'ignore'
[9.699s] Level 1:colcon.colcon_core.package_identification:_identify(Library/Artifacts/cf) by extension 'ignore_ament_install'
[9.703s] Level 1:colcon.colcon_core.package_identification:_identify(Library/Artifacts/cf) by extensions ['colcon_pkg']
[9.704s] Level 1:colcon.colcon_core.package_identification:_identify(Library/Artifacts/cf) by extension 'colcon_pkg'
[9.707s] Level 1:colcon.colcon_core.package_identification:_identify(Library/Artifacts/cf) by extensions ['colcon_meta']
[9.707s] Level 1:colcon.colcon_core.package_identification:_identify(Library/Artifacts/cf) by extension 'colcon_meta'
[9.712s] Level 1:colcon.colcon_core.package_identification:_identify(Library/Artifacts/cf) by extensions ['ros']
[9.713s] Level 1:colcon.colcon_core.package_identification:_identify(Library/Artifacts/cf) by extension 'ros'
[9.722s] Level 1:colcon.colcon_core.package_identification:_identify(Library/Artifacts/cf) by extensions ['cmake', 'python']
[9.723s] Level 1:colcon.colcon_core.package_identification:_identify(Library/Artifacts/cf) by extension 'cmake'
[9.725s] Level 1:colcon.colcon_core.package_identification:_identify(Library/Artifacts/cf) by extension 'python'
[9.728s] Level 1:colcon.colcon_core.package_identification:_identify(Library/Artifacts/cf) by extensions ['python_setup_py']
[9.729s] Level 1:colcon.colcon_core.package_identification:_identify(Library/Artifacts/cf) by extension 'python_setup_py'
[9.740s] Level 1:colcon.colcon_core.package_identification:_identify(Library/Artifacts/d0) by extensions ['ignore', 'ignore_ament_install']
[9.740s] Level 1:colcon.colcon_core.package_identification:_identify(Library/Artifacts/d0) by extension 'ignore'
[9.744s] Level 1:colcon.colcon_core.package_identification:_identify(Library/Artifacts/d0) by extension 'ignore_ament_install'
[9.748s] Level 1:colcon.colcon_core.package_identification:_identify(Library/Artifacts/d0) by extensions ['colcon_pkg']
[9.749s] Level 1:colcon.colcon_core.package_identification:_identify(Library/Artifacts/d0) by extension 'colcon_pkg'
[9.751s] Level 1:colcon.colcon_core.package_identification:_identify(Library/Artifacts/d0) by extensions ['colcon_meta']
[9.752s] Level 1:colcon.colcon_core.package_identification:_identify(Library/Artifacts/d0) by extension 'colcon_meta'
[9.756s] Level 1:colcon.colcon_core.package_identification:_identify(Library/Artifacts/d0) by extensions ['ros']
[9.757s] Level 1:colcon.colcon_core.package_identification:_identify(Library/Artifacts/d0) by extension 'ros'
[9.765s] Level 1:colcon.colcon_core.package_identification:_identify(Library/Artifacts/d0) by extensions ['cmake', 'python']
[9.766s] Level 1:colcon.colcon_core.package_identification:_identify(Library/Artifacts/d0) by extension 'cmake'
[9.768s] Level 1:colcon.colcon_core.package_identification:_identify(Library/Artifacts/d0) by extension 'python'
[9.771s] Level 1:colcon.colcon_core.package_identification:_identify(Library/Artifacts/d0) by extensions ['python_setup_py']
[9.772s] Level 1:colcon.colcon_core.package_identification:_identify(Library/Artifacts/d0) by extension 'python_setup_py'
[9.782s] Level 1:colcon.colcon_core.package_identification:_identify(Library/Artifacts/d1) by extensions ['ignore', 'ignore_ament_install']
[9.783s] Level 1:colcon.colcon_core.package_identification:_identify(Library/Artifacts/d1) by extension 'ignore'
[9.785s] Level 1:colcon.colcon_core.package_identification:_identify(Library/Artifacts/d1) by extension 'ignore_ament_install'
[9.789s] Level 1:colcon.colcon_core.package_identification:_identify(Library/Artifacts/d1) by extensions ['colcon_pkg']
[9.790s] Level 1:colcon.colcon_core.package_identification:_identify(Library/Artifacts/d1) by extension 'colcon_pkg'
[9.793s] Level 1:colcon.colcon_core.package_identification:_identify(Library/Artifacts/d1) by extensions ['colcon_meta']
[9.794s] Level 1:colcon.colcon_core.package_identification:_identify(Library/Artifacts/d1) by extension 'colcon_meta'
[9.799s] Level 1:colcon.colcon_core.package_identification:_identify(Library/Artifacts/d1) by extensions ['ros']
[9.799s] Level 1:colcon.colcon_core.package_identification:_identify(Library/Artifacts/d1) by extension 'ros'
[9.808s] Level 1:colcon.colcon_core.package_identification:_identify(Library/Artifacts/d1) by extensions ['cmake', 'python']
[9.809s] Level 1:colcon.colcon_core.package_identification:_identify(Library/Artifacts/d1) by extension 'cmake'
[9.811s] Level 1:colcon.colcon_core.package_identification:_identify(Library/Artifacts/d1) by extension 'python'
[9.813s] Level 1:colcon.colcon_core.package_identification:_identify(Library/Artifacts/d1) by extensions ['python_setup_py']
[9.814s] Level 1:colcon.colcon_core.package_identification:_identify(Library/Artifacts/d1) by extension 'python_setup_py'
[9.823s] Level 1:colcon.colcon_core.package_identification:_identify(Library/Artifacts/d2) by extensions ['ignore', 'ignore_ament_install']
[9.824s] Level 1:colcon.colcon_core.package_identification:_identify(Library/Artifacts/d2) by extension 'ignore'
[9.827s] Level 1:colcon.colcon_core.package_identification:_identify(Library/Artifacts/d2) by extension 'ignore_ament_install'
[9.831s] Level 1:colcon.colcon_core.package_identification:_identify(Library/Artifacts/d2) by extensions ['colcon_pkg']
[9.831s] Level 1:colcon.colcon_core.package_identification:_identify(Library/Artifacts/d2) by extension 'colcon_pkg'
[9.833s] Level 1:colcon.colcon_core.package_identification:_identify(Library/Artifacts/d2) by extensions ['colcon_meta']
[9.834s] Level 1:colcon.colcon_core.package_identification:_identify(Library/Artifacts/d2) by extension 'colcon_meta'
[9.837s] Level 1:colcon.colcon_core.package_identification:_identify(Library/Artifacts/d2) by extensions ['ros']
[9.837s] Level 1:colcon.colcon_core.package_identification:_identify(Library/Artifacts/d2) by extension 'ros'
[9.846s] Level 1:colcon.colcon_core.package_identification:_identify(Library/Artifacts/d2) by extensions ['cmake', 'python']
[9.846s] Level 1:colcon.colcon_core.package_identification:_identify(Library/Artifacts/d2) by extension 'cmake'
[9.848s] Level 1:colcon.colcon_core.package_identification:_identify(Library/Artifacts/d2) by extension 'python'
[9.850s] Level 1:colcon.colcon_core.package_identification:_identify(Library/Artifacts/d2) by extensions ['python_setup_py']
[9.851s] Level 1:colcon.colcon_core.package_identification:_identify(Library/Artifacts/d2) by extension 'python_setup_py'
[9.860s] Level 1:colcon.colcon_core.package_identification:_identify(Library/Artifacts/d3) by extensions ['ignore', 'ignore_ament_install']
[9.861s] Level 1:colcon.colcon_core.package_identification:_identify(Library/Artifacts/d3) by extension 'ignore'
[9.863s] Level 1:colcon.colcon_core.package_identification:_identify(Library/Artifacts/d3) by extension 'ignore_ament_install'
[9.867s] Level 1:colcon.colcon_core.package_identification:_identify(Library/Artifacts/d3) by extensions ['colcon_pkg']
[9.868s] Level 1:colcon.colcon_core.package_identification:_identify(Library/Artifacts/d3) by extension 'colcon_pkg'
[9.871s] Level 1:colcon.colcon_core.package_identification:_identify(Library/Artifacts/d3) by extensions ['colcon_meta']
[9.872s] Level 1:colcon.colcon_core.package_identification:_identify(Library/Artifacts/d3) by extension 'colcon_meta'
[9.875s] Level 1:colcon.colcon_core.package_identification:_identify(Library/Artifacts/d3) by extensions ['ros']
[9.876s] Level 1:colcon.colcon_core.package_identification:_identify(Library/Artifacts/d3) by extension 'ros'
[9.885s] Level 1:colcon.colcon_core.package_identification:_identify(Library/Artifacts/d3) by extensions ['cmake', 'python']
[9.886s] Level 1:colcon.colcon_core.package_identification:_identify(Library/Artifacts/d3) by extension 'cmake'
[9.888s] Level 1:colcon.colcon_core.package_identification:_identify(Library/Artifacts/d3) by extension 'python'
[9.890s] Level 1:colcon.colcon_core.package_identification:_identify(Library/Artifacts/d3) by extensions ['python_setup_py']
[9.891s] Level 1:colcon.colcon_core.package_identification:_identify(Library/Artifacts/d3) by extension 'python_setup_py'
[9.900s] Level 1:colcon.colcon_core.package_identification:_identify(Library/Artifacts/d4) by extensions ['ignore', 'ignore_ament_install']
[9.901s] Level 1:colcon.colcon_core.package_identification:_identify(Library/Artifacts/d4) by extension 'ignore'
[9.903s] Level 1:colcon.colcon_core.package_identification:_identify(Library/Artifacts/d4) by extension 'ignore_ament_install'
[9.906s] Level 1:colcon.colcon_core.package_identification:_identify(Library/Artifacts/d4) by extensions ['colcon_pkg']
[9.907s] Level 1:colcon.colcon_core.package_identification:_identify(Library/Artifacts/d4) by extension 'colcon_pkg'
[9.910s] Level 1:colcon.colcon_core.package_identification:_identify(Library/Artifacts/d4) by extensions ['colcon_meta']
[9.911s] Level 1:colcon.colcon_core.package_identification:_identify(Library/Artifacts/d4) by extension 'colcon_meta'
[9.916s] Level 1:colcon.colcon_core.package_identification:_identify(Library/Artifacts/d4) by extensions ['ros']
[9.917s] Level 1:colcon.colcon_core.package_identification:_identify(Library/Artifacts/d4) by extension 'ros'
[9.927s] Level 1:colcon.colcon_core.package_identification:_identify(Library/Artifacts/d4) by extensions ['cmake', 'python']
[9.928s] Level 1:colcon.colcon_core.package_identification:_identify(Library/Artifacts/d4) by extension 'cmake'
[9.930s] Level 1:colcon.colcon_core.package_identification:_identify(Library/Artifacts/d4) by extension 'python'
[9.933s] Level 1:colcon.colcon_core.package_identification:_identify(Library/Artifacts/d4) by extensions ['python_setup_py']
[9.934s] Level 1:colcon.colcon_core.package_identification:_identify(Library/Artifacts/d4) by extension 'python_setup_py'
[9.944s] Level 1:colcon.colcon_core.package_identification:_identify(Library/Artifacts/d5) by extensions ['ignore', 'ignore_ament_install']
[9.945s] Level 1:colcon.colcon_core.package_identification:_identify(Library/Artifacts/d5) by extension 'ignore'
[9.950s] Level 1:colcon.colcon_core.package_identification:_identify(Library/Artifacts/d5) by extension 'ignore_ament_install'
[9.956s] Level 1:colcon.colcon_core.package_identification:_identify(Library/Artifacts/d5) by extensions ['colcon_pkg']
[9.957s] Level 1:colcon.colcon_core.package_identification:_identify(Library/Artifacts/d5) by extension 'colcon_pkg'
[9.960s] Level 1:colcon.colcon_core.package_identification:_identify(Library/Artifacts/d5) by extensions ['colcon_meta']
[9.961s] Level 1:colcon.colcon_core.package_identification:_identify(Library/Artifacts/d5) by extension 'colcon_meta'
[9.966s] Level 1:colcon.colcon_core.package_identification:_identify(Library/Artifacts/d5) by extensions ['ros']
[9.966s] Level 1:colcon.colcon_core.package_identification:_identify(Library/Artifacts/d5) by extension 'ros'
[9.976s] Level 1:colcon.colcon_core.package_identification:_identify(Library/Artifacts/d5) by extensions ['cmake', 'python']
[9.977s] Level 1:colcon.colcon_core.package_identification:_identify(Library/Artifacts/d5) by extension 'cmake'
[9.979s] Level 1:colcon.colcon_core.package_identification:_identify(Library/Artifacts/d5) by extension 'python'
[9.982s] Level 1:colcon.colcon_core.package_identification:_identify(Library/Artifacts/d5) by extensions ['python_setup_py']
[9.983s] Level 1:colcon.colcon_core.package_identification:_identify(Library/Artifacts/d5) by extension 'python_setup_py'
[9.993s] Level 1:colcon.colcon_core.package_identification:_identify(Library/Artifacts/d6) by extensions ['ignore', 'ignore_ament_install']
[9.994s] Level 1:colcon.colcon_core.package_identification:_identify(Library/Artifacts/d6) by extension 'ignore'
[9.998s] Level 1:colcon.colcon_core.package_identification:_identify(Library/Artifacts/d6) by extension 'ignore_ament_install'
[10.004s] Level 1:colcon.colcon_core.package_identification:_identify(Library/Artifacts/d6) by extensions ['colcon_pkg']
[10.005s] Level 1:colcon.colcon_core.package_identification:_identify(Library/Artifacts/d6) by extension 'colcon_pkg'
[10.007s] Level 1:colcon.colcon_core.package_identification:_identify(Library/Artifacts/d6) by extensions ['colcon_meta']
[10.008s] Level 1:colcon.colcon_core.package_identification:_identify(Library/Artifacts/d6) by extension 'colcon_meta'
[10.014s] Level 1:colcon.colcon_core.package_identification:_identify(Library/Artifacts/d6) by extensions ['ros']
[10.015s] Level 1:colcon.colcon_core.package_identification:_identify(Library/Artifacts/d6) by extension 'ros'
[10.024s] Level 1:colcon.colcon_core.package_identification:_identify(Library/Artifacts/d6) by extensions ['cmake', 'python']
[10.025s] Level 1:colcon.colcon_core.package_identification:_identify(Library/Artifacts/d6) by extension 'cmake'
[10.027s] Level 1:colcon.colcon_core.package_identification:_identify(Library/Artifacts/d6) by extension 'python'
[10.029s] Level 1:colcon.colcon_core.package_identification:_identify(Library/Artifacts/d6) by extensions ['python_setup_py']
[10.030s] Level 1:colcon.colcon_core.package_identification:_identify(Library/Artifacts/d6) by extension 'python_setup_py'
[10.039s] Level 1:colcon.colcon_core.package_identification:_identify(Library/Artifacts/d7) by extensions ['ignore', 'ignore_ament_install']
[10.039s] Level 1:colcon.colcon_core.package_identification:_identify(Library/Artifacts/d7) by extension 'ignore'
[10.042s] Level 1:colcon.colcon_core.package_identification:_identify(Library/Artifacts/d7) by extension 'ignore_ament_install'
[10.046s] Level 1:colcon.colcon_core.package_identification:_identify(Library/Artifacts/d7) by extensions ['colcon_pkg']
[10.046s] Level 1:colcon.colcon_core.package_identification:_identify(Library/Artifacts/d7) by extension 'colcon_pkg'
[10.048s] Level 1:colcon.colcon_core.package_identification:_identify(Library/Artifacts/d7) by extensions ['colcon_meta']
[10.049s] Level 1:colcon.colcon_core.package_identification:_identify(Library/Artifacts/d7) by extension 'colcon_meta'
[10.055s] Level 1:colcon.colcon_core.package_identification:_identify(Library/Artifacts/d7) by extensions ['ros']
[10.056s] Level 1:colcon.colcon_core.package_identification:_identify(Library/Artifacts/d7) by extension 'ros'
[10.065s] Level 1:colcon.colcon_core.package_identification:_identify(Library/Artifacts/d7) by extensions ['cmake', 'python']
[10.066s] Level 1:colcon.colcon_core.package_identification:_identify(Library/Artifacts/d7) by extension 'cmake'
[10.068s] Level 1:colcon.colcon_core.package_identification:_identify(Library/Artifacts/d7) by extension 'python'
[10.071s] Level 1:colcon.colcon_core.package_identification:_identify(Library/Artifacts/d7) by extensions ['python_setup_py']
[10.072s] Level 1:colcon.colcon_core.package_identification:_identify(Library/Artifacts/d7) by extension 'python_setup_py'
[10.083s] Level 1:colcon.colcon_core.package_identification:_identify(Library/Artifacts/d8) by extensions ['ignore', 'ignore_ament_install']
[10.084s] Level 1:colcon.colcon_core.package_identification:_identify(Library/Artifacts/d8) by extension 'ignore'
[10.087s] Level 1:colcon.colcon_core.package_identification:_identify(Library/Artifacts/d8) by extension 'ignore_ament_install'
[10.091s] Level 1:colcon.colcon_core.package_identification:_identify(Library/Artifacts/d8) by extensions ['colcon_pkg']
[10.092s] Level 1:colcon.colcon_core.package_identification:_identify(Library/Artifacts/d8) by extension 'colcon_pkg'
[10.094s] Level 1:colcon.colcon_core.package_identification:_identify(Library/Artifacts/d8) by extensions ['colcon_meta']
[10.095s] Level 1:colcon.colcon_core.package_identification:_identify(Library/Artifacts/d8) by extension 'colcon_meta'
[10.098s] Level 1:colcon.colcon_core.package_identification:_identify(Library/Artifacts/d8) by extensions ['ros']
[10.099s] Level 1:colcon.colcon_core.package_identification:_identify(Library/Artifacts/d8) by extension 'ros'
[10.108s] Level 1:colcon.colcon_core.package_identification:_identify(Library/Artifacts/d8) by extensions ['cmake', 'python']
[10.109s] Level 1:colcon.colcon_core.package_identification:_identify(Library/Artifacts/d8) by extension 'cmake'
[10.111s] Level 1:colcon.colcon_core.package_identification:_identify(Library/Artifacts/d8) by extension 'python'
[10.113s] Level 1:colcon.colcon_core.package_identification:_identify(Library/Artifacts/d8) by extensions ['python_setup_py']
[10.114s] Level 1:colcon.colcon_core.package_identification:_identify(Library/Artifacts/d8) by extension 'python_setup_py'
[10.123s] Level 1:colcon.colcon_core.package_identification:_identify(Library/Artifacts/d9) by extensions ['ignore', 'ignore_ament_install']
[10.124s] Level 1:colcon.colcon_core.package_identification:_identify(Library/Artifacts/d9) by extension 'ignore'
[10.126s] Level 1:colcon.colcon_core.package_identification:_identify(Library/Artifacts/d9) by extension 'ignore_ament_install'
[10.130s] Level 1:colcon.colcon_core.package_identification:_identify(Library/Artifacts/d9) by extensions ['colcon_pkg']
[10.131s] Level 1:colcon.colcon_core.package_identification:_identify(Library/Artifacts/d9) by extension 'colcon_pkg'
[10.134s] Level 1:colcon.colcon_core.package_identification:_identify(Library/Artifacts/d9) by extensions ['colcon_meta']
[10.134s] Level 1:colcon.colcon_core.package_identification:_identify(Library/Artifacts/d9) by extension 'colcon_meta'
[10.138s] Level 1:colcon.colcon_core.package_identification:_identify(Library/Artifacts/d9) by extensions ['ros']
[10.139s] Level 1:colcon.colcon_core.package_identification:_identify(Library/Artifacts/d9) by extension 'ros'
[10.148s] Level 1:colcon.colcon_core.package_identification:_identify(Library/Artifacts/d9) by extensions ['cmake', 'python']
[10.148s] Level 1:colcon.colcon_core.package_identification:_identify(Library/Artifacts/d9) by extension 'cmake'
[10.151s] Level 1:colcon.colcon_core.package_identification:_identify(Library/Artifacts/d9) by extension 'python'
[10.153s] Level 1:colcon.colcon_core.package_identification:_identify(Library/Artifacts/d9) by extensions ['python_setup_py']
[10.154s] Level 1:colcon.colcon_core.package_identification:_identify(Library/Artifacts/d9) by extension 'python_setup_py'
[10.161s] Level 1:colcon.colcon_core.package_identification:_identify(Library/Artifacts/da) by extensions ['ignore', 'ignore_ament_install']
[10.162s] Level 1:colcon.colcon_core.package_identification:_identify(Library/Artifacts/da) by extension 'ignore'
[10.165s] Level 1:colcon.colcon_core.package_identification:_identify(Library/Artifacts/da) by extension 'ignore_ament_install'
[10.169s] Level 1:colcon.colcon_core.package_identification:_identify(Library/Artifacts/da) by extensions ['colcon_pkg']
[10.170s] Level 1:colcon.colcon_core.package_identification:_identify(Library/Artifacts/da) by extension 'colcon_pkg'
[10.172s] Level 1:colcon.colcon_core.package_identification:_identify(Library/Artifacts/da) by extensions ['colcon_meta']
[10.173s] Level 1:colcon.colcon_core.package_identification:_identify(Library/Artifacts/da) by extension 'colcon_meta'
[10.177s] Level 1:colcon.colcon_core.package_identification:_identify(Library/Artifacts/da) by extensions ['ros']
[10.178s] Level 1:colcon.colcon_core.package_identification:_identify(Library/Artifacts/da) by extension 'ros'
[10.187s] Level 1:colcon.colcon_core.package_identification:_identify(Library/Artifacts/da) by extensions ['cmake', 'python']
[10.188s] Level 1:colcon.colcon_core.package_identification:_identify(Library/Artifacts/da) by extension 'cmake'
[10.191s] Level 1:colcon.colcon_core.package_identification:_identify(Library/Artifacts/da) by extension 'python'
[10.195s] Level 1:colcon.colcon_core.package_identification:_identify(Library/Artifacts/da) by extensions ['python_setup_py']
[10.195s] Level 1:colcon.colcon_core.package_identification:_identify(Library/Artifacts/da) by extension 'python_setup_py'
[10.207s] Level 1:colcon.colcon_core.package_identification:_identify(Library/Artifacts/db) by extensions ['ignore', 'ignore_ament_install']
[10.208s] Level 1:colcon.colcon_core.package_identification:_identify(Library/Artifacts/db) by extension 'ignore'
[10.211s] Level 1:colcon.colcon_core.package_identification:_identify(Library/Artifacts/db) by extension 'ignore_ament_install'
[10.217s] Level 1:colcon.colcon_core.package_identification:_identify(Library/Artifacts/db) by extensions ['colcon_pkg']
[10.218s] Level 1:colcon.colcon_core.package_identification:_identify(Library/Artifacts/db) by extension 'colcon_pkg'
[10.222s] Level 1:colcon.colcon_core.package_identification:_identify(Library/Artifacts/db) by extensions ['colcon_meta']
[10.223s] Level 1:colcon.colcon_core.package_identification:_identify(Library/Artifacts/db) by extension 'colcon_meta'
[10.227s] Level 1:colcon.colcon_core.package_identification:_identify(Library/Artifacts/db) by extensions ['ros']
[10.228s] Level 1:colcon.colcon_core.package_identification:_identify(Library/Artifacts/db) by extension 'ros'
[10.238s] Level 1:colcon.colcon_core.package_identification:_identify(Library/Artifacts/db) by extensions ['cmake', 'python']
[10.239s] Level 1:colcon.colcon_core.package_identification:_identify(Library/Artifacts/db) by extension 'cmake'
[10.241s] Level 1:colcon.colcon_core.package_identification:_identify(Library/Artifacts/db) by extension 'python'
[10.244s] Level 1:colcon.colcon_core.package_identification:_identify(Library/Artifacts/db) by extensions ['python_setup_py']
[10.244s] Level 1:colcon.colcon_core.package_identification:_identify(Library/Artifacts/db) by extension 'python_setup_py'
[10.253s] Level 1:colcon.colcon_core.package_identification:_identify(Library/Artifacts/dc) by extensions ['ignore', 'ignore_ament_install']
[10.254s] Level 1:colcon.colcon_core.package_identification:_identify(Library/Artifacts/dc) by extension 'ignore'
[10.256s] Level 1:colcon.colcon_core.package_identification:_identify(Library/Artifacts/dc) by extension 'ignore_ament_install'
[10.259s] Level 1:colcon.colcon_core.package_identification:_identify(Library/Artifacts/dc) by extensions ['colcon_pkg']
[10.260s] Level 1:colcon.colcon_core.package_identification:_identify(Library/Artifacts/dc) by extension 'colcon_pkg'
[10.262s] Level 1:colcon.colcon_core.package_identification:_identify(Library/Artifacts/dc) by extensions ['colcon_meta']
[10.263s] Level 1:colcon.colcon_core.package_identification:_identify(Library/Artifacts/dc) by extension 'colcon_meta'
[10.266s] Level 1:colcon.colcon_core.package_identification:_identify(Library/Artifacts/dc) by extensions ['ros']
[10.267s] Level 1:colcon.colcon_core.package_identification:_identify(Library/Artifacts/dc) by extension 'ros'
[10.277s] Level 1:colcon.colcon_core.package_identification:_identify(Library/Artifacts/dc) by extensions ['cmake', 'python']
[10.278s] Level 1:colcon.colcon_core.package_identification:_identify(Library/Artifacts/dc) by extension 'cmake'
[10.280s] Level 1:colcon.colcon_core.package_identification:_identify(Library/Artifacts/dc) by extension 'python'
[10.283s] Level 1:colcon.colcon_core.package_identification:_identify(Library/Artifacts/dc) by extensions ['python_setup_py']
[10.284s] Level 1:colcon.colcon_core.package_identification:_identify(Library/Artifacts/dc) by extension 'python_setup_py'
[10.294s] Level 1:colcon.colcon_core.package_identification:_identify(Library/Artifacts/dd) by extensions ['ignore', 'ignore_ament_install']
[10.295s] Level 1:colcon.colcon_core.package_identification:_identify(Library/Artifacts/dd) by extension 'ignore'
[10.297s] Level 1:colcon.colcon_core.package_identification:_identify(Library/Artifacts/dd) by extension 'ignore_ament_install'
[10.301s] Level 1:colcon.colcon_core.package_identification:_identify(Library/Artifacts/dd) by extensions ['colcon_pkg']
[10.302s] Level 1:colcon.colcon_core.package_identification:_identify(Library/Artifacts/dd) by extension 'colcon_pkg'
[10.305s] Level 1:colcon.colcon_core.package_identification:_identify(Library/Artifacts/dd) by extensions ['colcon_meta']
[10.306s] Level 1:colcon.colcon_core.package_identification:_identify(Library/Artifacts/dd) by extension 'colcon_meta'
[10.311s] Level 1:colcon.colcon_core.package_identification:_identify(Library/Artifacts/dd) by extensions ['ros']
[10.312s] Level 1:colcon.colcon_core.package_identification:_identify(Library/Artifacts/dd) by extension 'ros'
[10.322s] Level 1:colcon.colcon_core.package_identification:_identify(Library/Artifacts/dd) by extensions ['cmake', 'python']
[10.323s] Level 1:colcon.colcon_core.package_identification:_identify(Library/Artifacts/dd) by extension 'cmake'
[10.325s] Level 1:colcon.colcon_core.package_identification:_identify(Library/Artifacts/dd) by extension 'python'
[10.328s] Level 1:colcon.colcon_core.package_identification:_identify(Library/Artifacts/dd) by extensions ['python_setup_py']
[10.329s] Level 1:colcon.colcon_core.package_identification:_identify(Library/Artifacts/dd) by extension 'python_setup_py'
[10.339s] Level 1:colcon.colcon_core.package_identification:_identify(Library/Artifacts/de) by extensions ['ignore', 'ignore_ament_install']
[10.340s] Level 1:colcon.colcon_core.package_identification:_identify(Library/Artifacts/de) by extension 'ignore'
[10.343s] Level 1:colcon.colcon_core.package_identification:_identify(Library/Artifacts/de) by extension 'ignore_ament_install'
[10.347s] Level 1:colcon.colcon_core.package_identification:_identify(Library/Artifacts/de) by extensions ['colcon_pkg']
[10.348s] Level 1:colcon.colcon_core.package_identification:_identify(Library/Artifacts/de) by extension 'colcon_pkg'
[10.350s] Level 1:colcon.colcon_core.package_identification:_identify(Library/Artifacts/de) by extensions ['colcon_meta']
[10.351s] Level 1:colcon.colcon_core.package_identification:_identify(Library/Artifacts/de) by extension 'colcon_meta'
[10.356s] Level 1:colcon.colcon_core.package_identification:_identify(Library/Artifacts/de) by extensions ['ros']
[10.356s] Level 1:colcon.colcon_core.package_identification:_identify(Library/Artifacts/de) by extension 'ros'
[10.365s] Level 1:colcon.colcon_core.package_identification:_identify(Library/Artifacts/de) by extensions ['cmake', 'python']
[10.366s] Level 1:colcon.colcon_core.package_identification:_identify(Library/Artifacts/de) by extension 'cmake'
[10.368s] Level 1:colcon.colcon_core.package_identification:_identify(Library/Artifacts/de) by extension 'python'
[10.371s] Level 1:colcon.colcon_core.package_identification:_identify(Library/Artifacts/de) by extensions ['python_setup_py']
[10.371s] Level 1:colcon.colcon_core.package_identification:_identify(Library/Artifacts/de) by extension 'python_setup_py'
[10.380s] Level 1:colcon.colcon_core.package_identification:_identify(Library/Artifacts/df) by extensions ['ignore', 'ignore_ament_install']
[10.381s] Level 1:colcon.colcon_core.package_identification:_identify(Library/Artifacts/df) by extension 'ignore'
[10.383s] Level 1:colcon.colcon_core.package_identification:_identify(Library/Artifacts/df) by extension 'ignore_ament_install'
[10.387s] Level 1:colcon.colcon_core.package_identification:_identify(Library/Artifacts/df) by extensions ['colcon_pkg']
[10.388s] Level 1:colcon.colcon_core.package_identification:_identify(Library/Artifacts/df) by extension 'colcon_pkg'
[10.390s] Level 1:colcon.colcon_core.package_identification:_identify(Library/Artifacts/df) by extensions ['colcon_meta']
[10.390s] Level 1:colcon.colcon_core.package_identification:_identify(Library/Artifacts/df) by extension 'colcon_meta'
[10.394s] Level 1:colcon.colcon_core.package_identification:_identify(Library/Artifacts/df) by extensions ['ros']
[10.395s] Level 1:colcon.colcon_core.package_identification:_identify(Library/Artifacts/df) by extension 'ros'
[10.402s] Level 1:colcon.colcon_core.package_identification:_identify(Library/Artifacts/df) by extensions ['cmake', 'python']
[10.403s] Level 1:colcon.colcon_core.package_identification:_identify(Library/Artifacts/df) by extension 'cmake'
[10.406s] Level 1:colcon.colcon_core.package_identification:_identify(Library/Artifacts/df) by extension 'python'
[10.408s] Level 1:colcon.colcon_core.package_identification:_identify(Library/Artifacts/df) by extensions ['python_setup_py']
[10.409s] Level 1:colcon.colcon_core.package_identification:_identify(Library/Artifacts/df) by extension 'python_setup_py'
[10.418s] Level 1:colcon.colcon_core.package_identification:_identify(Library/Artifacts/e0) by extensions ['ignore', 'ignore_ament_install']
[10.419s] Level 1:colcon.colcon_core.package_identification:_identify(Library/Artifacts/e0) by extension 'ignore'
[10.422s] Level 1:colcon.colcon_core.package_identification:_identify(Library/Artifacts/e0) by extension 'ignore_ament_install'
[10.425s] Level 1:colcon.colcon_core.package_identification:_identify(Library/Artifacts/e0) by extensions ['colcon_pkg']
[10.426s] Level 1:colcon.colcon_core.package_identification:_identify(Library/Artifacts/e0) by extension 'colcon_pkg'
[10.428s] Level 1:colcon.colcon_core.package_identification:_identify(Library/Artifacts/e0) by extensions ['colcon_meta']
[10.429s] Level 1:colcon.colcon_core.package_identification:_identify(Library/Artifacts/e0) by extension 'colcon_meta'
[10.433s] Level 1:colcon.colcon_core.package_identification:_identify(Library/Artifacts/e0) by extensions ['ros']
[10.434s] Level 1:colcon.colcon_core.package_identification:_identify(Library/Artifacts/e0) by extension 'ros'
[10.443s] Level 1:colcon.colcon_core.package_identification:_identify(Library/Artifacts/e0) by extensions ['cmake', 'python']
[10.444s] Level 1:colcon.colcon_core.package_identification:_identify(Library/Artifacts/e0) by extension 'cmake'
[10.447s] Level 1:colcon.colcon_core.package_identification:_identify(Library/Artifacts/e0) by extension 'python'
[10.449s] Level 1:colcon.colcon_core.package_identification:_identify(Library/Artifacts/e0) by extensions ['python_setup_py']
[10.450s] Level 1:colcon.colcon_core.package_identification:_identify(Library/Artifacts/e0) by extension 'python_setup_py'
[10.459s] Level 1:colcon.colcon_core.package_identification:_identify(Library/Artifacts/e1) by extensions ['ignore', 'ignore_ament_install']
[10.460s] Level 1:colcon.colcon_core.package_identification:_identify(Library/Artifacts/e1) by extension 'ignore'
[10.463s] Level 1:colcon.colcon_core.package_identification:_identify(Library/Artifacts/e1) by extension 'ignore_ament_install'
[10.467s] Level 1:colcon.colcon_core.package_identification:_identify(Library/Artifacts/e1) by extensions ['colcon_pkg']
[10.467s] Level 1:colcon.colcon_core.package_identification:_identify(Library/Artifacts/e1) by extension 'colcon_pkg'
[10.469s] Level 1:colcon.colcon_core.package_identification:_identify(Library/Artifacts/e1) by extensions ['colcon_meta']
[10.469s] Level 1:colcon.colcon_core.package_identification:_identify(Library/Artifacts/e1) by extension 'colcon_meta'
[10.473s] Level 1:colcon.colcon_core.package_identification:_identify(Library/Artifacts/e1) by extensions ['ros']
[10.474s] Level 1:colcon.colcon_core.package_identification:_identify(Library/Artifacts/e1) by extension 'ros'
[10.483s] Level 1:colcon.colcon_core.package_identification:_identify(Library/Artifacts/e1) by extensions ['cmake', 'python']
[10.484s] Level 1:colcon.colcon_core.package_identification:_identify(Library/Artifacts/e1) by extension 'cmake'
[10.487s] Level 1:colcon.colcon_core.package_identification:_identify(Library/Artifacts/e1) by extension 'python'
[10.489s] Level 1:colcon.colcon_core.package_identification:_identify(Library/Artifacts/e1) by extensions ['python_setup_py']
[10.490s] Level 1:colcon.colcon_core.package_identification:_identify(Library/Artifacts/e1) by extension 'python_setup_py'
[10.497s] Level 1:colcon.colcon_core.package_identification:_identify(Library/Artifacts/e2) by extensions ['ignore', 'ignore_ament_install']
[10.498s] Level 1:colcon.colcon_core.package_identification:_identify(Library/Artifacts/e2) by extension 'ignore'
[10.500s] Level 1:colcon.colcon_core.package_identification:_identify(Library/Artifacts/e2) by extension 'ignore_ament_install'
[10.504s] Level 1:colcon.colcon_core.package_identification:_identify(Library/Artifacts/e2) by extensions ['colcon_pkg']
[10.505s] Level 1:colcon.colcon_core.package_identification:_identify(Library/Artifacts/e2) by extension 'colcon_pkg'
[10.507s] Level 1:colcon.colcon_core.package_identification:_identify(Library/Artifacts/e2) by extensions ['colcon_meta']
[10.508s] Level 1:colcon.colcon_core.package_identification:_identify(Library/Artifacts/e2) by extension 'colcon_meta'
[10.512s] Level 1:colcon.colcon_core.package_identification:_identify(Library/Artifacts/e2) by extensions ['ros']
[10.513s] Level 1:colcon.colcon_core.package_identification:_identify(Library/Artifacts/e2) by extension 'ros'
[10.522s] Level 1:colcon.colcon_core.package_identification:_identify(Library/Artifacts/e2) by extensions ['cmake', 'python']
[10.522s] Level 1:colcon.colcon_core.package_identification:_identify(Library/Artifacts/e2) by extension 'cmake'
[10.525s] Level 1:colcon.colcon_core.package_identification:_identify(Library/Artifacts/e2) by extension 'python'
[10.527s] Level 1:colcon.colcon_core.package_identification:_identify(Library/Artifacts/e2) by extensions ['python_setup_py']
[10.528s] Level 1:colcon.colcon_core.package_identification:_identify(Library/Artifacts/e2) by extension 'python_setup_py'
[10.537s] Level 1:colcon.colcon_core.package_identification:_identify(Library/Artifacts/e3) by extensions ['ignore', 'ignore_ament_install']
[10.538s] Level 1:colcon.colcon_core.package_identification:_identify(Library/Artifacts/e3) by extension 'ignore'
[10.541s] Level 1:colcon.colcon_core.package_identification:_identify(Library/Artifacts/e3) by extension 'ignore_ament_install'
[10.545s] Level 1:colcon.colcon_core.package_identification:_identify(Library/Artifacts/e3) by extensions ['colcon_pkg']
[10.545s] Level 1:colcon.colcon_core.package_identification:_identify(Library/Artifacts/e3) by extension 'colcon_pkg'
[10.548s] Level 1:colcon.colcon_core.package_identification:_identify(Library/Artifacts/e3) by extensions ['colcon_meta']
[10.549s] Level 1:colcon.colcon_core.package_identification:_identify(Library/Artifacts/e3) by extension 'colcon_meta'
[10.553s] Level 1:colcon.colcon_core.package_identification:_identify(Library/Artifacts/e3) by extensions ['ros']
[10.554s] Level 1:colcon.colcon_core.package_identification:_identify(Library/Artifacts/e3) by extension 'ros'
[10.562s] Level 1:colcon.colcon_core.package_identification:_identify(Library/Artifacts/e3) by extensions ['cmake', 'python']
[10.563s] Level 1:colcon.colcon_core.package_identification:_identify(Library/Artifacts/e3) by extension 'cmake'
[10.566s] Level 1:colcon.colcon_core.package_identification:_identify(Library/Artifacts/e3) by extension 'python'
[10.568s] Level 1:colcon.colcon_core.package_identification:_identify(Library/Artifacts/e3) by extensions ['python_setup_py']
[10.569s] Level 1:colcon.colcon_core.package_identification:_identify(Library/Artifacts/e3) by extension 'python_setup_py'
[10.577s] Level 1:colcon.colcon_core.package_identification:_identify(Library/Artifacts/e4) by extensions ['ignore', 'ignore_ament_install']
[10.577s] Level 1:colcon.colcon_core.package_identification:_identify(Library/Artifacts/e4) by extension 'ignore'
[10.579s] Level 1:colcon.colcon_core.package_identification:_identify(Library/Artifacts/e4) by extension 'ignore_ament_install'
[10.583s] Level 1:colcon.colcon_core.package_identification:_identify(Library/Artifacts/e4) by extensions ['colcon_pkg']
[10.584s] Level 1:colcon.colcon_core.package_identification:_identify(Library/Artifacts/e4) by extension 'colcon_pkg'
[10.586s] Level 1:colcon.colcon_core.package_identification:_identify(Library/Artifacts/e4) by extensions ['colcon_meta']
[10.586s] Level 1:colcon.colcon_core.package_identification:_identify(Library/Artifacts/e4) by extension 'colcon_meta'
[10.590s] Level 1:colcon.colcon_core.package_identification:_identify(Library/Artifacts/e4) by extensions ['ros']
[10.591s] Level 1:colcon.colcon_core.package_identification:_identify(Library/Artifacts/e4) by extension 'ros'
[10.599s] Level 1:colcon.colcon_core.package_identification:_identify(Library/Artifacts/e4) by extensions ['cmake', 'python']
[10.600s] Level 1:colcon.colcon_core.package_identification:_identify(Library/Artifacts/e4) by extension 'cmake'
[10.602s] Level 1:colcon.colcon_core.package_identification:_identify(Library/Artifacts/e4) by extension 'python'
[10.605s] Level 1:colcon.colcon_core.package_identification:_identify(Library/Artifacts/e4) by extensions ['python_setup_py']
[10.605s] Level 1:colcon.colcon_core.package_identification:_identify(Library/Artifacts/e4) by extension 'python_setup_py'
[10.614s] Level 1:colcon.colcon_core.package_identification:_identify(Library/Artifacts/e5) by extensions ['ignore', 'ignore_ament_install']
[10.615s] Level 1:colcon.colcon_core.package_identification:_identify(Library/Artifacts/e5) by extension 'ignore'
[10.617s] Level 1:colcon.colcon_core.package_identification:_identify(Library/Artifacts/e5) by extension 'ignore_ament_install'
[10.621s] Level 1:colcon.colcon_core.package_identification:_identify(Library/Artifacts/e5) by extensions ['colcon_pkg']
[10.622s] Level 1:colcon.colcon_core.package_identification:_identify(Library/Artifacts/e5) by extension 'colcon_pkg'
[10.624s] Level 1:colcon.colcon_core.package_identification:_identify(Library/Artifacts/e5) by extensions ['colcon_meta']
[10.625s] Level 1:colcon.colcon_core.package_identification:_identify(Library/Artifacts/e5) by extension 'colcon_meta'
[10.631s] Level 1:colcon.colcon_core.package_identification:_identify(Library/Artifacts/e5) by extensions ['ros']
[10.632s] Level 1:colcon.colcon_core.package_identification:_identify(Library/Artifacts/e5) by extension 'ros'
[10.642s] Level 1:colcon.colcon_core.package_identification:_identify(Library/Artifacts/e5) by extensions ['cmake', 'python']
[10.643s] Level 1:colcon.colcon_core.package_identification:_identify(Library/Artifacts/e5) by extension 'cmake'
[10.646s] Level 1:colcon.colcon_core.package_identification:_identify(Library/Artifacts/e5) by extension 'python'
[10.648s] Level 1:colcon.colcon_core.package_identification:_identify(Library/Artifacts/e5) by extensions ['python_setup_py']
[10.649s] Level 1:colcon.colcon_core.package_identification:_identify(Library/Artifacts/e5) by extension 'python_setup_py'
[10.661s] Level 1:colcon.colcon_core.package_identification:_identify(Library/Artifacts/e6) by extensions ['ignore', 'ignore_ament_install']
[10.662s] Level 1:colcon.colcon_core.package_identification:_identify(Library/Artifacts/e6) by extension 'ignore'
[10.664s] Level 1:colcon.colcon_core.package_identification:_identify(Library/Artifacts/e6) by extension 'ignore_ament_install'
[10.669s] Level 1:colcon.colcon_core.package_identification:_identify(Library/Artifacts/e6) by extensions ['colcon_pkg']
[10.670s] Level 1:colcon.colcon_core.package_identification:_identify(Library/Artifacts/e6) by extension 'colcon_pkg'
[10.672s] Level 1:colcon.colcon_core.package_identification:_identify(Library/Artifacts/e6) by extensions ['colcon_meta']
[10.673s] Level 1:colcon.colcon_core.package_identification:_identify(Library/Artifacts/e6) by extension 'colcon_meta'
[10.677s] Level 1:colcon.colcon_core.package_identification:_identify(Library/Artifacts/e6) by extensions ['ros']
[10.678s] Level 1:colcon.colcon_core.package_identification:_identify(Library/Artifacts/e6) by extension 'ros'
[10.687s] Level 1:colcon.colcon_core.package_identification:_identify(Library/Artifacts/e6) by extensions ['cmake', 'python']
[10.688s] Level 1:colcon.colcon_core.package_identification:_identify(Library/Artifacts/e6) by extension 'cmake'
[10.691s] Level 1:colcon.colcon_core.package_identification:_identify(Library/Artifacts/e6) by extension 'python'
[10.693s] Level 1:colcon.colcon_core.package_identification:_identify(Library/Artifacts/e6) by extensions ['python_setup_py']
[10.694s] Level 1:colcon.colcon_core.package_identification:_identify(Library/Artifacts/e6) by extension 'python_setup_py'
[10.703s] Level 1:colcon.colcon_core.package_identification:_identify(Library/Artifacts/e7) by extensions ['ignore', 'ignore_ament_install']
[10.704s] Level 1:colcon.colcon_core.package_identification:_identify(Library/Artifacts/e7) by extension 'ignore'
[10.707s] Level 1:colcon.colcon_core.package_identification:_identify(Library/Artifacts/e7) by extension 'ignore_ament_install'
[10.712s] Level 1:colcon.colcon_core.package_identification:_identify(Library/Artifacts/e7) by extensions ['colcon_pkg']
[10.713s] Level 1:colcon.colcon_core.package_identification:_identify(Library/Artifacts/e7) by extension 'colcon_pkg'
[10.715s] Level 1:colcon.colcon_core.package_identification:_identify(Library/Artifacts/e7) by extensions ['colcon_meta']
[10.716s] Level 1:colcon.colcon_core.package_identification:_identify(Library/Artifacts/e7) by extension 'colcon_meta'
[10.720s] Level 1:colcon.colcon_core.package_identification:_identify(Library/Artifacts/e7) by extensions ['ros']
[10.721s] Level 1:colcon.colcon_core.package_identification:_identify(Library/Artifacts/e7) by extension 'ros'
[10.730s] Level 1:colcon.colcon_core.package_identification:_identify(Library/Artifacts/e7) by extensions ['cmake', 'python']
[10.731s] Level 1:colcon.colcon_core.package_identification:_identify(Library/Artifacts/e7) by extension 'cmake'
[10.734s] Level 1:colcon.colcon_core.package_identification:_identify(Library/Artifacts/e7) by extension 'python'
[10.737s] Level 1:colcon.colcon_core.package_identification:_identify(Library/Artifacts/e7) by extensions ['python_setup_py']
[10.738s] Level 1:colcon.colcon_core.package_identification:_identify(Library/Artifacts/e7) by extension 'python_setup_py'
[10.748s] Level 1:colcon.colcon_core.package_identification:_identify(Library/Artifacts/e8) by extensions ['ignore', 'ignore_ament_install']
[10.749s] Level 1:colcon.colcon_core.package_identification:_identify(Library/Artifacts/e8) by extension 'ignore'
[10.751s] Level 1:colcon.colcon_core.package_identification:_identify(Library/Artifacts/e8) by extension 'ignore_ament_install'
[10.756s] Level 1:colcon.colcon_core.package_identification:_identify(Library/Artifacts/e8) by extensions ['colcon_pkg']
[10.756s] Level 1:colcon.colcon_core.package_identification:_identify(Library/Artifacts/e8) by extension 'colcon_pkg'
[10.759s] Level 1:colcon.colcon_core.package_identification:_identify(Library/Artifacts/e8) by extensions ['colcon_meta']
[10.760s] Level 1:colcon.colcon_core.package_identification:_identify(Library/Artifacts/e8) by extension 'colcon_meta'
[10.764s] Level 1:colcon.colcon_core.package_identification:_identify(Library/Artifacts/e8) by extensions ['ros']
[10.765s] Level 1:colcon.colcon_core.package_identification:_identify(Library/Artifacts/e8) by extension 'ros'
[10.773s] Level 1:colcon.colcon_core.package_identification:_identify(Library/Artifacts/e8) by extensions ['cmake', 'python']
[10.774s] Level 1:colcon.colcon_core.package_identification:_identify(Library/Artifacts/e8) by extension 'cmake'
[10.776s] Level 1:colcon.colcon_core.package_identification:_identify(Library/Artifacts/e8) by extension 'python'
[10.778s] Level 1:colcon.colcon_core.package_identification:_identify(Library/Artifacts/e8) by extensions ['python_setup_py']
[10.779s] Level 1:colcon.colcon_core.package_identification:_identify(Library/Artifacts/e8) by extension 'python_setup_py'
[10.789s] Level 1:colcon.colcon_core.package_identification:_identify(Library/Artifacts/e9) by extensions ['ignore', 'ignore_ament_install']
[10.790s] Level 1:colcon.colcon_core.package_identification:_identify(Library/Artifacts/e9) by extension 'ignore'
[10.792s] Level 1:colcon.colcon_core.package_identification:_identify(Library/Artifacts/e9) by extension 'ignore_ament_install'
[10.796s] Level 1:colcon.colcon_core.package_identification:_identify(Library/Artifacts/e9) by extensions ['colcon_pkg']
[10.797s] Level 1:colcon.colcon_core.package_identification:_identify(Library/Artifacts/e9) by extension 'colcon_pkg'
[10.800s] Level 1:colcon.colcon_core.package_identification:_identify(Library/Artifacts/e9) by extensions ['colcon_meta']
[10.800s] Level 1:colcon.colcon_core.package_identification:_identify(Library/Artifacts/e9) by extension 'colcon_meta'
[10.805s] Level 1:colcon.colcon_core.package_identification:_identify(Library/Artifacts/e9) by extensions ['ros']
[10.806s] Level 1:colcon.colcon_core.package_identification:_identify(Library/Artifacts/e9) by extension 'ros'
[10.814s] Level 1:colcon.colcon_core.package_identification:_identify(Library/Artifacts/e9) by extensions ['cmake', 'python']
[10.814s] Level 1:colcon.colcon_core.package_identification:_identify(Library/Artifacts/e9) by extension 'cmake'
[10.816s] Level 1:colcon.colcon_core.package_identification:_identify(Library/Artifacts/e9) by extension 'python'
[10.819s] Level 1:colcon.colcon_core.package_identification:_identify(Library/Artifacts/e9) by extensions ['python_setup_py']
[10.819s] Level 1:colcon.colcon_core.package_identification:_identify(Library/Artifacts/e9) by extension 'python_setup_py'
[10.830s] Level 1:colcon.colcon_core.package_identification:_identify(Library/Artifacts/ea) by extensions ['ignore', 'ignore_ament_install']
[10.831s] Level 1:colcon.colcon_core.package_identification:_identify(Library/Artifacts/ea) by extension 'ignore'
[10.833s] Level 1:colcon.colcon_core.package_identification:_identify(Library/Artifacts/ea) by extension 'ignore_ament_install'
[10.837s] Level 1:colcon.colcon_core.package_identification:_identify(Library/Artifacts/ea) by extensions ['colcon_pkg']
[10.839s] Level 1:colcon.colcon_core.package_identification:_identify(Library/Artifacts/ea) by extension 'colcon_pkg'
[10.842s] Level 1:colcon.colcon_core.package_identification:_identify(Library/Artifacts/ea) by extensions ['colcon_meta']
[10.844s] Level 1:colcon.colcon_core.package_identification:_identify(Library/Artifacts/ea) by extension 'colcon_meta'
[10.849s] Level 1:colcon.colcon_core.package_identification:_identify(Library/Artifacts/ea) by extensions ['ros']
[10.850s] Level 1:colcon.colcon_core.package_identification:_identify(Library/Artifacts/ea) by extension 'ros'
[10.862s] Level 1:colcon.colcon_core.package_identification:_identify(Library/Artifacts/ea) by extensions ['cmake', 'python']
[10.863s] Level 1:colcon.colcon_core.package_identification:_identify(Library/Artifacts/ea) by extension 'cmake'
[10.866s] Level 1:colcon.colcon_core.package_identification:_identify(Library/Artifacts/ea) by extension 'python'
[10.869s] Level 1:colcon.colcon_core.package_identification:_identify(Library/Artifacts/ea) by extensions ['python_setup_py']
[10.869s] Level 1:colcon.colcon_core.package_identification:_identify(Library/Artifacts/ea) by extension 'python_setup_py'
[10.879s] Level 1:colcon.colcon_core.package_identification:_identify(Library/Artifacts/eb) by extensions ['ignore', 'ignore_ament_install']
[10.880s] Level 1:colcon.colcon_core.package_identification:_identify(Library/Artifacts/eb) by extension 'ignore'
[10.883s] Level 1:colcon.colcon_core.package_identification:_identify(Library/Artifacts/eb) by extension 'ignore_ament_install'
[10.887s] Level 1:colcon.colcon_core.package_identification:_identify(Library/Artifacts/eb) by extensions ['colcon_pkg']
[10.888s] Level 1:colcon.colcon_core.package_identification:_identify(Library/Artifacts/eb) by extension 'colcon_pkg'
[10.891s] Level 1:colcon.colcon_core.package_identification:_identify(Library/Artifacts/eb) by extensions ['colcon_meta']
[10.891s] Level 1:colcon.colcon_core.package_identification:_identify(Library/Artifacts/eb) by extension 'colcon_meta'
[10.897s] Level 1:colcon.colcon_core.package_identification:_identify(Library/Artifacts/eb) by extensions ['ros']
[10.898s] Level 1:colcon.colcon_core.package_identification:_identify(Library/Artifacts/eb) by extension 'ros'
[10.909s] Level 1:colcon.colcon_core.package_identification:_identify(Library/Artifacts/eb) by extensions ['cmake', 'python']
[10.910s] Level 1:colcon.colcon_core.package_identification:_identify(Library/Artifacts/eb) by extension 'cmake'
[10.913s] Level 1:colcon.colcon_core.package_identification:_identify(Library/Artifacts/eb) by extension 'python'
[10.915s] Level 1:colcon.colcon_core.package_identification:_identify(Library/Artifacts/eb) by extensions ['python_setup_py']
[10.916s] Level 1:colcon.colcon_core.package_identification:_identify(Library/Artifacts/eb) by extension 'python_setup_py'
[10.926s] Level 1:colcon.colcon_core.package_identification:_identify(Library/Artifacts/ec) by extensions ['ignore', 'ignore_ament_install']
[10.927s] Level 1:colcon.colcon_core.package_identification:_identify(Library/Artifacts/ec) by extension 'ignore'
[10.930s] Level 1:colcon.colcon_core.package_identification:_identify(Library/Artifacts/ec) by extension 'ignore_ament_install'
[10.934s] Level 1:colcon.colcon_core.package_identification:_identify(Library/Artifacts/ec) by extensions ['colcon_pkg']
[10.935s] Level 1:colcon.colcon_core.package_identification:_identify(Library/Artifacts/ec) by extension 'colcon_pkg'
[10.937s] Level 1:colcon.colcon_core.package_identification:_identify(Library/Artifacts/ec) by extensions ['colcon_meta']
[10.938s] Level 1:colcon.colcon_core.package_identification:_identify(Library/Artifacts/ec) by extension 'colcon_meta'
[10.943s] Level 1:colcon.colcon_core.package_identification:_identify(Library/Artifacts/ec) by extensions ['ros']
[10.944s] Level 1:colcon.colcon_core.package_identification:_identify(Library/Artifacts/ec) by extension 'ros'
[10.953s] Level 1:colcon.colcon_core.package_identification:_identify(Library/Artifacts/ec) by extensions ['cmake', 'python']
[10.954s] Level 1:colcon.colcon_core.package_identification:_identify(Library/Artifacts/ec) by extension 'cmake'
[10.957s] Level 1:colcon.colcon_core.package_identification:_identify(Library/Artifacts/ec) by extension 'python'
[10.959s] Level 1:colcon.colcon_core.package_identification:_identify(Library/Artifacts/ec) by extensions ['python_setup_py']
[10.960s] Level 1:colcon.colcon_core.package_identification:_identify(Library/Artifacts/ec) by extension 'python_setup_py'
[10.969s] Level 1:colcon.colcon_core.package_identification:_identify(Library/Artifacts/ed) by extensions ['ignore', 'ignore_ament_install']
[10.970s] Level 1:colcon.colcon_core.package_identification:_identify(Library/Artifacts/ed) by extension 'ignore'
[10.973s] Level 1:colcon.colcon_core.package_identification:_identify(Library/Artifacts/ed) by extension 'ignore_ament_install'
[10.977s] Level 1:colcon.colcon_core.package_identification:_identify(Library/Artifacts/ed) by extensions ['colcon_pkg']
[10.977s] Level 1:colcon.colcon_core.package_identification:_identify(Library/Artifacts/ed) by extension 'colcon_pkg'
[10.979s] Level 1:colcon.colcon_core.package_identification:_identify(Library/Artifacts/ed) by extensions ['colcon_meta']
[10.980s] Level 1:colcon.colcon_core.package_identification:_identify(Library/Artifacts/ed) by extension 'colcon_meta'
[10.985s] Level 1:colcon.colcon_core.package_identification:_identify(Library/Artifacts/ed) by extensions ['ros']
[10.986s] Level 1:colcon.colcon_core.package_identification:_identify(Library/Artifacts/ed) by extension 'ros'
[10.995s] Level 1:colcon.colcon_core.package_identification:_identify(Library/Artifacts/ed) by extensions ['cmake', 'python']
[10.996s] Level 1:colcon.colcon_core.package_identification:_identify(Library/Artifacts/ed) by extension 'cmake'
[10.999s] Level 1:colcon.colcon_core.package_identification:_identify(Library/Artifacts/ed) by extension 'python'
[11.003s] Level 1:colcon.colcon_core.package_identification:_identify(Library/Artifacts/ed) by extensions ['python_setup_py']
[11.004s] Level 1:colcon.colcon_core.package_identification:_identify(Library/Artifacts/ed) by extension 'python_setup_py'
[11.014s] Level 1:colcon.colcon_core.package_identification:_identify(Library/Artifacts/ee) by extensions ['ignore', 'ignore_ament_install']
[11.014s] Level 1:colcon.colcon_core.package_identification:_identify(Library/Artifacts/ee) by extension 'ignore'
[11.017s] Level 1:colcon.colcon_core.package_identification:_identify(Library/Artifacts/ee) by extension 'ignore_ament_install'
[11.021s] Level 1:colcon.colcon_core.package_identification:_identify(Library/Artifacts/ee) by extensions ['colcon_pkg']
[11.021s] Level 1:colcon.colcon_core.package_identification:_identify(Library/Artifacts/ee) by extension 'colcon_pkg'
[11.024s] Level 1:colcon.colcon_core.package_identification:_identify(Library/Artifacts/ee) by extensions ['colcon_meta']
[11.024s] Level 1:colcon.colcon_core.package_identification:_identify(Library/Artifacts/ee) by extension 'colcon_meta'
[11.028s] Level 1:colcon.colcon_core.package_identification:_identify(Library/Artifacts/ee) by extensions ['ros']
[11.029s] Level 1:colcon.colcon_core.package_identification:_identify(Library/Artifacts/ee) by extension 'ros'
[11.038s] Level 1:colcon.colcon_core.package_identification:_identify(Library/Artifacts/ee) by extensions ['cmake', 'python']
[11.039s] Level 1:colcon.colcon_core.package_identification:_identify(Library/Artifacts/ee) by extension 'cmake'
[11.042s] Level 1:colcon.colcon_core.package_identification:_identify(Library/Artifacts/ee) by extension 'python'
[11.044s] Level 1:colcon.colcon_core.package_identification:_identify(Library/Artifacts/ee) by extensions ['python_setup_py']
[11.045s] Level 1:colcon.colcon_core.package_identification:_identify(Library/Artifacts/ee) by extension 'python_setup_py'
[11.055s] Level 1:colcon.colcon_core.package_identification:_identify(Library/Artifacts/ef) by extensions ['ignore', 'ignore_ament_install']
[11.056s] Level 1:colcon.colcon_core.package_identification:_identify(Library/Artifacts/ef) by extension 'ignore'
[11.058s] Level 1:colcon.colcon_core.package_identification:_identify(Library/Artifacts/ef) by extension 'ignore_ament_install'
[11.062s] Level 1:colcon.colcon_core.package_identification:_identify(Library/Artifacts/ef) by extensions ['colcon_pkg']
[11.063s] Level 1:colcon.colcon_core.package_identification:_identify(Library/Artifacts/ef) by extension 'colcon_pkg'
[11.065s] Level 1:colcon.colcon_core.package_identification:_identify(Library/Artifacts/ef) by extensions ['colcon_meta']
[11.066s] Level 1:colcon.colcon_core.package_identification:_identify(Library/Artifacts/ef) by extension 'colcon_meta'
[11.070s] Level 1:colcon.colcon_core.package_identification:_identify(Library/Artifacts/ef) by extensions ['ros']
[11.071s] Level 1:colcon.colcon_core.package_identification:_identify(Library/Artifacts/ef) by extension 'ros'
[11.080s] Level 1:colcon.colcon_core.package_identification:_identify(Library/Artifacts/ef) by extensions ['cmake', 'python']
[11.081s] Level 1:colcon.colcon_core.package_identification:_identify(Library/Artifacts/ef) by extension 'cmake'
[11.084s] Level 1:colcon.colcon_core.package_identification:_identify(Library/Artifacts/ef) by extension 'python'
[11.086s] Level 1:colcon.colcon_core.package_identification:_identify(Library/Artifacts/ef) by extensions ['python_setup_py']
[11.087s] Level 1:colcon.colcon_core.package_identification:_identify(Library/Artifacts/ef) by extension 'python_setup_py'
[11.097s] Level 1:colcon.colcon_core.package_identification:_identify(Library/Artifacts/f0) by extensions ['ignore', 'ignore_ament_install']
[11.098s] Level 1:colcon.colcon_core.package_identification:_identify(Library/Artifacts/f0) by extension 'ignore'
[11.101s] Level 1:colcon.colcon_core.package_identification:_identify(Library/Artifacts/f0) by extension 'ignore_ament_install'
[11.105s] Level 1:colcon.colcon_core.package_identification:_identify(Library/Artifacts/f0) by extensions ['colcon_pkg']
[11.105s] Level 1:colcon.colcon_core.package_identification:_identify(Library/Artifacts/f0) by extension 'colcon_pkg'
[11.108s] Level 1:colcon.colcon_core.package_identification:_identify(Library/Artifacts/f0) by extensions ['colcon_meta']
[11.109s] Level 1:colcon.colcon_core.package_identification:_identify(Library/Artifacts/f0) by extension 'colcon_meta'
[11.113s] Level 1:colcon.colcon_core.package_identification:_identify(Library/Artifacts/f0) by extensions ['ros']
[11.114s] Level 1:colcon.colcon_core.package_identification:_identify(Library/Artifacts/f0) by extension 'ros'
[11.123s] Level 1:colcon.colcon_core.package_identification:_identify(Library/Artifacts/f0) by extensions ['cmake', 'python']
[11.123s] Level 1:colcon.colcon_core.package_identification:_identify(Library/Artifacts/f0) by extension 'cmake'
[11.126s] Level 1:colcon.colcon_core.package_identification:_identify(Library/Artifacts/f0) by extension 'python'
[11.128s] Level 1:colcon.colcon_core.package_identification:_identify(Library/Artifacts/f0) by extensions ['python_setup_py']
[11.129s] Level 1:colcon.colcon_core.package_identification:_identify(Library/Artifacts/f0) by extension 'python_setup_py'
[11.139s] Level 1:colcon.colcon_core.package_identification:_identify(Library/Artifacts/f1) by extensions ['ignore', 'ignore_ament_install']
[11.140s] Level 1:colcon.colcon_core.package_identification:_identify(Library/Artifacts/f1) by extension 'ignore'
[11.143s] Level 1:colcon.colcon_core.package_identification:_identify(Library/Artifacts/f1) by extension 'ignore_ament_install'
[11.149s] Level 1:colcon.colcon_core.package_identification:_identify(Library/Artifacts/f1) by extensions ['colcon_pkg']
[11.149s] Level 1:colcon.colcon_core.package_identification:_identify(Library/Artifacts/f1) by extension 'colcon_pkg'
[11.152s] Level 1:colcon.colcon_core.package_identification:_identify(Library/Artifacts/f1) by extensions ['colcon_meta']
[11.152s] Level 1:colcon.colcon_core.package_identification:_identify(Library/Artifacts/f1) by extension 'colcon_meta'
[11.156s] Level 1:colcon.colcon_core.package_identification:_identify(Library/Artifacts/f1) by extensions ['ros']
[11.157s] Level 1:colcon.colcon_core.package_identification:_identify(Library/Artifacts/f1) by extension 'ros'
[11.166s] Level 1:colcon.colcon_core.package_identification:_identify(Library/Artifacts/f1) by extensions ['cmake', 'python']
[11.167s] Level 1:colcon.colcon_core.package_identification:_identify(Library/Artifacts/f1) by extension 'cmake'
[11.169s] Level 1:colcon.colcon_core.package_identification:_identify(Library/Artifacts/f1) by extension 'python'
[11.172s] Level 1:colcon.colcon_core.package_identification:_identify(Library/Artifacts/f1) by extensions ['python_setup_py']
[11.172s] Level 1:colcon.colcon_core.package_identification:_identify(Library/Artifacts/f1) by extension 'python_setup_py'
[11.182s] Level 1:colcon.colcon_core.package_identification:_identify(Library/Artifacts/f2) by extensions ['ignore', 'ignore_ament_install']
[11.183s] Level 1:colcon.colcon_core.package_identification:_identify(Library/Artifacts/f2) by extension 'ignore'
[11.186s] Level 1:colcon.colcon_core.package_identification:_identify(Library/Artifacts/f2) by extension 'ignore_ament_install'
[11.191s] Level 1:colcon.colcon_core.package_identification:_identify(Library/Artifacts/f2) by extensions ['colcon_pkg']
[11.191s] Level 1:colcon.colcon_core.package_identification:_identify(Library/Artifacts/f2) by extension 'colcon_pkg'
[11.193s] Level 1:colcon.colcon_core.package_identification:_identify(Library/Artifacts/f2) by extensions ['colcon_meta']
[11.194s] Level 1:colcon.colcon_core.package_identification:_identify(Library/Artifacts/f2) by extension 'colcon_meta'
[11.198s] Level 1:colcon.colcon_core.package_identification:_identify(Library/Artifacts/f2) by extensions ['ros']
[11.199s] Level 1:colcon.colcon_core.package_identification:_identify(Library/Artifacts/f2) by extension 'ros'
[11.207s] Level 1:colcon.colcon_core.package_identification:_identify(Library/Artifacts/f2) by extensions ['cmake', 'python']
[11.208s] Level 1:colcon.colcon_core.package_identification:_identify(Library/Artifacts/f2) by extension 'cmake'
[11.210s] Level 1:colcon.colcon_core.package_identification:_identify(Library/Artifacts/f2) by extension 'python'
[11.213s] Level 1:colcon.colcon_core.package_identification:_identify(Library/Artifacts/f2) by extensions ['python_setup_py']
[11.214s] Level 1:colcon.colcon_core.package_identification:_identify(Library/Artifacts/f2) by extension 'python_setup_py'
[11.224s] Level 1:colcon.colcon_core.package_identification:_identify(Library/Artifacts/f3) by extensions ['ignore', 'ignore_ament_install']
[11.224s] Level 1:colcon.colcon_core.package_identification:_identify(Library/Artifacts/f3) by extension 'ignore'
[11.226s] Level 1:colcon.colcon_core.package_identification:_identify(Library/Artifacts/f3) by extension 'ignore_ament_install'
[11.230s] Level 1:colcon.colcon_core.package_identification:_identify(Library/Artifacts/f3) by extensions ['colcon_pkg']
[11.231s] Level 1:colcon.colcon_core.package_identification:_identify(Library/Artifacts/f3) by extension 'colcon_pkg'
[11.233s] Level 1:colcon.colcon_core.package_identification:_identify(Library/Artifacts/f3) by extensions ['colcon_meta']
[11.234s] Level 1:colcon.colcon_core.package_identification:_identify(Library/Artifacts/f3) by extension 'colcon_meta'
[11.238s] Level 1:colcon.colcon_core.package_identification:_identify(Library/Artifacts/f3) by extensions ['ros']
[11.239s] Level 1:colcon.colcon_core.package_identification:_identify(Library/Artifacts/f3) by extension 'ros'
[11.251s] Level 1:colcon.colcon_core.package_identification:_identify(Library/Artifacts/f3) by extensions ['cmake', 'python']
[11.251s] Level 1:colcon.colcon_core.package_identification:_identify(Library/Artifacts/f3) by extension 'cmake'
[11.254s] Level 1:colcon.colcon_core.package_identification:_identify(Library/Artifacts/f3) by extension 'python'
[11.256s] Level 1:colcon.colcon_core.package_identification:_identify(Library/Artifacts/f3) by extensions ['python_setup_py']
[11.257s] Level 1:colcon.colcon_core.package_identification:_identify(Library/Artifacts/f3) by extension 'python_setup_py'
[11.266s] Level 1:colcon.colcon_core.package_identification:_identify(Library/Artifacts/f4) by extensions ['ignore', 'ignore_ament_install']
[11.268s] Level 1:colcon.colcon_core.package_identification:_identify(Library/Artifacts/f4) by extension 'ignore'
[11.271s] Level 1:colcon.colcon_core.package_identification:_identify(Library/Artifacts/f4) by extension 'ignore_ament_install'
[11.275s] Level 1:colcon.colcon_core.package_identification:_identify(Library/Artifacts/f4) by extensions ['colcon_pkg']
[11.276s] Level 1:colcon.colcon_core.package_identification:_identify(Library/Artifacts/f4) by extension 'colcon_pkg'
[11.279s] Level 1:colcon.colcon_core.package_identification:_identify(Library/Artifacts/f4) by extensions ['colcon_meta']
[11.280s] Level 1:colcon.colcon_core.package_identification:_identify(Library/Artifacts/f4) by extension 'colcon_meta'
[11.284s] Level 1:colcon.colcon_core.package_identification:_identify(Library/Artifacts/f4) by extensions ['ros']
[11.285s] Level 1:colcon.colcon_core.package_identification:_identify(Library/Artifacts/f4) by extension 'ros'
[11.295s] Level 1:colcon.colcon_core.package_identification:_identify(Library/Artifacts/f4) by extensions ['cmake', 'python']
[11.296s] Level 1:colcon.colcon_core.package_identification:_identify(Library/Artifacts/f4) by extension 'cmake'
[11.298s] Level 1:colcon.colcon_core.package_identification:_identify(Library/Artifacts/f4) by extension 'python'
[11.300s] Level 1:colcon.colcon_core.package_identification:_identify(Library/Artifacts/f4) by extensions ['python_setup_py']
[11.301s] Level 1:colcon.colcon_core.package_identification:_identify(Library/Artifacts/f4) by extension 'python_setup_py'
[11.310s] Level 1:colcon.colcon_core.package_identification:_identify(Library/Artifacts/f5) by extensions ['ignore', 'ignore_ament_install']
[11.310s] Level 1:colcon.colcon_core.package_identification:_identify(Library/Artifacts/f5) by extension 'ignore'
[11.313s] Level 1:colcon.colcon_core.package_identification:_identify(Library/Artifacts/f5) by extension 'ignore_ament_install'
[11.317s] Level 1:colcon.colcon_core.package_identification:_identify(Library/Artifacts/f5) by extensions ['colcon_pkg']
[11.317s] Level 1:colcon.colcon_core.package_identification:_identify(Library/Artifacts/f5) by extension 'colcon_pkg'
[11.320s] Level 1:colcon.colcon_core.package_identification:_identify(Library/Artifacts/f5) by extensions ['colcon_meta']
[11.320s] Level 1:colcon.colcon_core.package_identification:_identify(Library/Artifacts/f5) by extension 'colcon_meta'
[11.325s] Level 1:colcon.colcon_core.package_identification:_identify(Library/Artifacts/f5) by extensions ['ros']
[11.326s] Level 1:colcon.colcon_core.package_identification:_identify(Library/Artifacts/f5) by extension 'ros'
[11.334s] Level 1:colcon.colcon_core.package_identification:_identify(Library/Artifacts/f5) by extensions ['cmake', 'python']
[11.335s] Level 1:colcon.colcon_core.package_identification:_identify(Library/Artifacts/f5) by extension 'cmake'
[11.337s] Level 1:colcon.colcon_core.package_identification:_identify(Library/Artifacts/f5) by extension 'python'
[11.339s] Level 1:colcon.colcon_core.package_identification:_identify(Library/Artifacts/f5) by extensions ['python_setup_py']
[11.340s] Level 1:colcon.colcon_core.package_identification:_identify(Library/Artifacts/f5) by extension 'python_setup_py'
[11.351s] Level 1:colcon.colcon_core.package_identification:_identify(Library/Artifacts/f6) by extensions ['ignore', 'ignore_ament_install']
[11.352s] Level 1:colcon.colcon_core.package_identification:_identify(Library/Artifacts/f6) by extension 'ignore'
[11.355s] Level 1:colcon.colcon_core.package_identification:_identify(Library/Artifacts/f6) by extension 'ignore_ament_install'
[11.360s] Level 1:colcon.colcon_core.package_identification:_identify(Library/Artifacts/f6) by extensions ['colcon_pkg']
[11.361s] Level 1:colcon.colcon_core.package_identification:_identify(Library/Artifacts/f6) by extension 'colcon_pkg'
[11.364s] Level 1:colcon.colcon_core.package_identification:_identify(Library/Artifacts/f6) by extensions ['colcon_meta']
[11.365s] Level 1:colcon.colcon_core.package_identification:_identify(Library/Artifacts/f6) by extension 'colcon_meta'
[11.369s] Level 1:colcon.colcon_core.package_identification:_identify(Library/Artifacts/f6) by extensions ['ros']
[11.370s] Level 1:colcon.colcon_core.package_identification:_identify(Library/Artifacts/f6) by extension 'ros'
[11.380s] Level 1:colcon.colcon_core.package_identification:_identify(Library/Artifacts/f6) by extensions ['cmake', 'python']
[11.380s] Level 1:colcon.colcon_core.package_identification:_identify(Library/Artifacts/f6) by extension 'cmake'
[11.382s] Level 1:colcon.colcon_core.package_identification:_identify(Library/Artifacts/f6) by extension 'python'
[11.385s] Level 1:colcon.colcon_core.package_identification:_identify(Library/Artifacts/f6) by extensions ['python_setup_py']
[11.385s] Level 1:colcon.colcon_core.package_identification:_identify(Library/Artifacts/f6) by extension 'python_setup_py'
[11.395s] Level 1:colcon.colcon_core.package_identification:_identify(Library/Artifacts/f7) by extensions ['ignore', 'ignore_ament_install']
[11.396s] Level 1:colcon.colcon_core.package_identification:_identify(Library/Artifacts/f7) by extension 'ignore'
[11.398s] Level 1:colcon.colcon_core.package_identification:_identify(Library/Artifacts/f7) by extension 'ignore_ament_install'
[11.403s] Level 1:colcon.colcon_core.package_identification:_identify(Library/Artifacts/f7) by extensions ['colcon_pkg']
[11.404s] Level 1:colcon.colcon_core.package_identification:_identify(Library/Artifacts/f7) by extension 'colcon_pkg'
[11.406s] Level 1:colcon.colcon_core.package_identification:_identify(Library/Artifacts/f7) by extensions ['colcon_meta']
[11.407s] Level 1:colcon.colcon_core.package_identification:_identify(Library/Artifacts/f7) by extension 'colcon_meta'
[11.411s] Level 1:colcon.colcon_core.package_identification:_identify(Library/Artifacts/f7) by extensions ['ros']
[11.412s] Level 1:colcon.colcon_core.package_identification:_identify(Library/Artifacts/f7) by extension 'ros'
[11.422s] Level 1:colcon.colcon_core.package_identification:_identify(Library/Artifacts/f7) by extensions ['cmake', 'python']
[11.422s] Level 1:colcon.colcon_core.package_identification:_identify(Library/Artifacts/f7) by extension 'cmake'
[11.425s] Level 1:colcon.colcon_core.package_identification:_identify(Library/Artifacts/f7) by extension 'python'
[11.428s] Level 1:colcon.colcon_core.package_identification:_identify(Library/Artifacts/f7) by extensions ['python_setup_py']
[11.429s] Level 1:colcon.colcon_core.package_identification:_identify(Library/Artifacts/f7) by extension 'python_setup_py'
[11.438s] Level 1:colcon.colcon_core.package_identification:_identify(Library/Artifacts/f8) by extensions ['ignore', 'ignore_ament_install']
[11.439s] Level 1:colcon.colcon_core.package_identification:_identify(Library/Artifacts/f8) by extension 'ignore'
[11.442s] Level 1:colcon.colcon_core.package_identification:_identify(Library/Artifacts/f8) by extension 'ignore_ament_install'
[11.449s] Level 1:colcon.colcon_core.package_identification:_identify(Library/Artifacts/f8) by extensions ['colcon_pkg']
[11.450s] Level 1:colcon.colcon_core.package_identification:_identify(Library/Artifacts/f8) by extension 'colcon_pkg'
[11.452s] Level 1:colcon.colcon_core.package_identification:_identify(Library/Artifacts/f8) by extensions ['colcon_meta']
[11.453s] Level 1:colcon.colcon_core.package_identification:_identify(Library/Artifacts/f8) by extension 'colcon_meta'
[11.457s] Level 1:colcon.colcon_core.package_identification:_identify(Library/Artifacts/f8) by extensions ['ros']
[11.458s] Level 1:colcon.colcon_core.package_identification:_identify(Library/Artifacts/f8) by extension 'ros'
[11.468s] Level 1:colcon.colcon_core.package_identification:_identify(Library/Artifacts/f8) by extensions ['cmake', 'python']
[11.469s] Level 1:colcon.colcon_core.package_identification:_identify(Library/Artifacts/f8) by extension 'cmake'
[11.471s] Level 1:colcon.colcon_core.package_identification:_identify(Library/Artifacts/f8) by extension 'python'
[11.474s] Level 1:colcon.colcon_core.package_identification:_identify(Library/Artifacts/f8) by extensions ['python_setup_py']
[11.475s] Level 1:colcon.colcon_core.package_identification:_identify(Library/Artifacts/f8) by extension 'python_setup_py'
[11.484s] Level 1:colcon.colcon_core.package_identification:_identify(Library/Artifacts/f9) by extensions ['ignore', 'ignore_ament_install']
[11.485s] Level 1:colcon.colcon_core.package_identification:_identify(Library/Artifacts/f9) by extension 'ignore'
[11.488s] Level 1:colcon.colcon_core.package_identification:_identify(Library/Artifacts/f9) by extension 'ignore_ament_install'
[11.492s] Level 1:colcon.colcon_core.package_identification:_identify(Library/Artifacts/f9) by extensions ['colcon_pkg']
[11.493s] Level 1:colcon.colcon_core.package_identification:_identify(Library/Artifacts/f9) by extension 'colcon_pkg'
[11.495s] Level 1:colcon.colcon_core.package_identification:_identify(Library/Artifacts/f9) by extensions ['colcon_meta']
[11.496s] Level 1:colcon.colcon_core.package_identification:_identify(Library/Artifacts/f9) by extension 'colcon_meta'
[11.501s] Level 1:colcon.colcon_core.package_identification:_identify(Library/Artifacts/f9) by extensions ['ros']
[11.502s] Level 1:colcon.colcon_core.package_identification:_identify(Library/Artifacts/f9) by extension 'ros'
[11.513s] Level 1:colcon.colcon_core.package_identification:_identify(Library/Artifacts/f9) by extensions ['cmake', 'python']
[11.513s] Level 1:colcon.colcon_core.package_identification:_identify(Library/Artifacts/f9) by extension 'cmake'
[11.516s] Level 1:colcon.colcon_core.package_identification:_identify(Library/Artifacts/f9) by extension 'python'
[11.518s] Level 1:colcon.colcon_core.package_identification:_identify(Library/Artifacts/f9) by extensions ['python_setup_py']
[11.519s] Level 1:colcon.colcon_core.package_identification:_identify(Library/Artifacts/f9) by extension 'python_setup_py'
[11.528s] Level 1:colcon.colcon_core.package_identification:_identify(Library/Artifacts/fa) by extensions ['ignore', 'ignore_ament_install']
[11.529s] Level 1:colcon.colcon_core.package_identification:_identify(Library/Artifacts/fa) by extension 'ignore'
[11.531s] Level 1:colcon.colcon_core.package_identification:_identify(Library/Artifacts/fa) by extension 'ignore_ament_install'
[11.535s] Level 1:colcon.colcon_core.package_identification:_identify(Library/Artifacts/fa) by extensions ['colcon_pkg']
[11.536s] Level 1:colcon.colcon_core.package_identification:_identify(Library/Artifacts/fa) by extension 'colcon_pkg'
[11.538s] Level 1:colcon.colcon_core.package_identification:_identify(Library/Artifacts/fa) by extensions ['colcon_meta']
[11.539s] Level 1:colcon.colcon_core.package_identification:_identify(Library/Artifacts/fa) by extension 'colcon_meta'
[11.543s] Level 1:colcon.colcon_core.package_identification:_identify(Library/Artifacts/fa) by extensions ['ros']
[11.544s] Level 1:colcon.colcon_core.package_identification:_identify(Library/Artifacts/fa) by extension 'ros'
[11.554s] Level 1:colcon.colcon_core.package_identification:_identify(Library/Artifacts/fa) by extensions ['cmake', 'python']
[11.555s] Level 1:colcon.colcon_core.package_identification:_identify(Library/Artifacts/fa) by extension 'cmake'
[11.557s] Level 1:colcon.colcon_core.package_identification:_identify(Library/Artifacts/fa) by extension 'python'
[11.560s] Level 1:colcon.colcon_core.package_identification:_identify(Library/Artifacts/fa) by extensions ['python_setup_py']
[11.561s] Level 1:colcon.colcon_core.package_identification:_identify(Library/Artifacts/fa) by extension 'python_setup_py'
[11.570s] Level 1:colcon.colcon_core.package_identification:_identify(Library/Artifacts/fb) by extensions ['ignore', 'ignore_ament_install']
[11.571s] Level 1:colcon.colcon_core.package_identification:_identify(Library/Artifacts/fb) by extension 'ignore'
[11.573s] Level 1:colcon.colcon_core.package_identification:_identify(Library/Artifacts/fb) by extension 'ignore_ament_install'
[11.577s] Level 1:colcon.colcon_core.package_identification:_identify(Library/Artifacts/fb) by extensions ['colcon_pkg']
[11.578s] Level 1:colcon.colcon_core.package_identification:_identify(Library/Artifacts/fb) by extension 'colcon_pkg'
[11.580s] Level 1:colcon.colcon_core.package_identification:_identify(Library/Artifacts/fb) by extensions ['colcon_meta']
[11.581s] Level 1:colcon.colcon_core.package_identification:_identify(Library/Artifacts/fb) by extension 'colcon_meta'
[11.585s] Level 1:colcon.colcon_core.package_identification:_identify(Library/Artifacts/fb) by extensions ['ros']
[11.586s] Level 1:colcon.colcon_core.package_identification:_identify(Library/Artifacts/fb) by extension 'ros'
[11.595s] Level 1:colcon.colcon_core.package_identification:_identify(Library/Artifacts/fb) by extensions ['cmake', 'python']
[11.596s] Level 1:colcon.colcon_core.package_identification:_identify(Library/Artifacts/fb) by extension 'cmake'
[11.598s] Level 1:colcon.colcon_core.package_identification:_identify(Library/Artifacts/fb) by extension 'python'
[11.601s] Level 1:colcon.colcon_core.package_identification:_identify(Library/Artifacts/fb) by extensions ['python_setup_py']
[11.602s] Level 1:colcon.colcon_core.package_identification:_identify(Library/Artifacts/fb) by extension 'python_setup_py'
[11.612s] Level 1:colcon.colcon_core.package_identification:_identify(Library/Artifacts/fc) by extensions ['ignore', 'ignore_ament_install']
[11.613s] Level 1:colcon.colcon_core.package_identification:_identify(Library/Artifacts/fc) by extension 'ignore'
[11.615s] Level 1:colcon.colcon_core.package_identification:_identify(Library/Artifacts/fc) by extension 'ignore_ament_install'
[11.619s] Level 1:colcon.colcon_core.package_identification:_identify(Library/Artifacts/fc) by extensions ['colcon_pkg']
[11.620s] Level 1:colcon.colcon_core.package_identification:_identify(Library/Artifacts/fc) by extension 'colcon_pkg'
[11.623s] Level 1:colcon.colcon_core.package_identification:_identify(Library/Artifacts/fc) by extensions ['colcon_meta']
[11.623s] Level 1:colcon.colcon_core.package_identification:_identify(Library/Artifacts/fc) by extension 'colcon_meta'
[11.629s] Level 1:colcon.colcon_core.package_identification:_identify(Library/Artifacts/fc) by extensions ['ros']
[11.630s] Level 1:colcon.colcon_core.package_identification:_identify(Library/Artifacts/fc) by extension 'ros'
[11.638s] Level 1:colcon.colcon_core.package_identification:_identify(Library/Artifacts/fc) by extensions ['cmake', 'python']
[11.639s] Level 1:colcon.colcon_core.package_identification:_identify(Library/Artifacts/fc) by extension 'cmake'
[11.641s] Level 1:colcon.colcon_core.package_identification:_identify(Library/Artifacts/fc) by extension 'python'
[11.643s] Level 1:colcon.colcon_core.package_identification:_identify(Library/Artifacts/fc) by extensions ['python_setup_py']
[11.644s] Level 1:colcon.colcon_core.package_identification:_identify(Library/Artifacts/fc) by extension 'python_setup_py'
[11.652s] Level 1:colcon.colcon_core.package_identification:_identify(Library/Artifacts/fd) by extensions ['ignore', 'ignore_ament_install']
[11.653s] Level 1:colcon.colcon_core.package_identification:_identify(Library/Artifacts/fd) by extension 'ignore'
[11.656s] Level 1:colcon.colcon_core.package_identification:_identify(Library/Artifacts/fd) by extension 'ignore_ament_install'
[11.660s] Level 1:colcon.colcon_core.package_identification:_identify(Library/Artifacts/fd) by extensions ['colcon_pkg']
[11.661s] Level 1:colcon.colcon_core.package_identification:_identify(Library/Artifacts/fd) by extension 'colcon_pkg'
[11.662s] Level 1:colcon.colcon_core.package_identification:_identify(Library/Artifacts/fd) by extensions ['colcon_meta']
[11.663s] Level 1:colcon.colcon_core.package_identification:_identify(Library/Artifacts/fd) by extension 'colcon_meta'
[11.667s] Level 1:colcon.colcon_core.package_identification:_identify(Library/Artifacts/fd) by extensions ['ros']
[11.668s] Level 1:colcon.colcon_core.package_identification:_identify(Library/Artifacts/fd) by extension 'ros'
[11.676s] Level 1:colcon.colcon_core.package_identification:_identify(Library/Artifacts/fd) by extensions ['cmake', 'python']
[11.677s] Level 1:colcon.colcon_core.package_identification:_identify(Library/Artifacts/fd) by extension 'cmake'
[11.679s] Level 1:colcon.colcon_core.package_identification:_identify(Library/Artifacts/fd) by extension 'python'
[11.682s] Level 1:colcon.colcon_core.package_identification:_identify(Library/Artifacts/fd) by extensions ['python_setup_py']
[11.683s] Level 1:colcon.colcon_core.package_identification:_identify(Library/Artifacts/fd) by extension 'python_setup_py'
[11.693s] Level 1:colcon.colcon_core.package_identification:_identify(Library/Artifacts/fe) by extensions ['ignore', 'ignore_ament_install']
[11.694s] Level 1:colcon.colcon_core.package_identification:_identify(Library/Artifacts/fe) by extension 'ignore'
[11.695s] Level 1:colcon.colcon_core.package_identification:_identify(Library/Artifacts/fe) by extension 'ignore_ament_install'
[11.701s] Level 1:colcon.colcon_core.package_identification:_identify(Library/Artifacts/fe) by extensions ['colcon_pkg']
[11.702s] Level 1:colcon.colcon_core.package_identification:_identify(Library/Artifacts/fe) by extension 'colcon_pkg'
[11.704s] Level 1:colcon.colcon_core.package_identification:_identify(Library/Artifacts/fe) by extensions ['colcon_meta']
[11.705s] Level 1:colcon.colcon_core.package_identification:_identify(Library/Artifacts/fe) by extension 'colcon_meta'
[11.709s] Level 1:colcon.colcon_core.package_identification:_identify(Library/Artifacts/fe) by extensions ['ros']
[11.710s] Level 1:colcon.colcon_core.package_identification:_identify(Library/Artifacts/fe) by extension 'ros'
[11.718s] Level 1:colcon.colcon_core.package_identification:_identify(Library/Artifacts/fe) by extensions ['cmake', 'python']
[11.719s] Level 1:colcon.colcon_core.package_identification:_identify(Library/Artifacts/fe) by extension 'cmake'
[11.721s] Level 1:colcon.colcon_core.package_identification:_identify(Library/Artifacts/fe) by extension 'python'
[11.724s] Level 1:colcon.colcon_core.package_identification:_identify(Library/Artifacts/fe) by extensions ['python_setup_py']
[11.724s] Level 1:colcon.colcon_core.package_identification:_identify(Library/Artifacts/fe) by extension 'python_setup_py'
[11.732s] Level 1:colcon.colcon_core.package_identification:_identify(Library/Artifacts/ff) by extensions ['ignore', 'ignore_ament_install']
[11.733s] Level 1:colcon.colcon_core.package_identification:_identify(Library/Artifacts/ff) by extension 'ignore'
[11.735s] Level 1:colcon.colcon_core.package_identification:_identify(Library/Artifacts/ff) by extension 'ignore_ament_install'
[11.739s] Level 1:colcon.colcon_core.package_identification:_identify(Library/Artifacts/ff) by extensions ['colcon_pkg']
[11.740s] Level 1:colcon.colcon_core.package_identification:_identify(Library/Artifacts/ff) by extension 'colcon_pkg'
[11.742s] Level 1:colcon.colcon_core.package_identification:_identify(Library/Artifacts/ff) by extensions ['colcon_meta']
[11.743s] Level 1:colcon.colcon_core.package_identification:_identify(Library/Artifacts/ff) by extension 'colcon_meta'
[11.747s] Level 1:colcon.colcon_core.package_identification:_identify(Library/Artifacts/ff) by extensions ['ros']
[11.747s] Level 1:colcon.colcon_core.package_identification:_identify(Library/Artifacts/ff) by extension 'ros'
[11.759s] Level 1:colcon.colcon_core.package_identification:_identify(Library/Artifacts/ff) by extensions ['cmake', 'python']
[11.760s] Level 1:colcon.colcon_core.package_identification:_identify(Library/Artifacts/ff) by extension 'cmake'
[11.763s] Level 1:colcon.colcon_core.package_identification:_identify(Library/Artifacts/ff) by extension 'python'
[11.766s] Level 1:colcon.colcon_core.package_identification:_identify(Library/Artifacts/ff) by extensions ['python_setup_py']
[11.767s] Level 1:colcon.colcon_core.package_identification:_identify(Library/Artifacts/ff) by extension 'python_setup_py'
[11.777s] Level 1:colcon.colcon_core.package_identification:_identify(Library/Bee) by extensions ['ignore', 'ignore_ament_install']
[11.778s] Level 1:colcon.colcon_core.package_identification:_identify(Library/Bee) by extension 'ignore'
[11.780s] Level 1:colcon.colcon_core.package_identification:_identify(Library/Bee) by extension 'ignore_ament_install'
[11.783s] Level 1:colcon.colcon_core.package_identification:_identify(Library/Bee) by extensions ['colcon_pkg']
[11.784s] Level 1:colcon.colcon_core.package_identification:_identify(Library/Bee) by extension 'colcon_pkg'
[11.786s] Level 1:colcon.colcon_core.package_identification:_identify(Library/Bee) by extensions ['colcon_meta']
[11.787s] Level 1:colcon.colcon_core.package_identification:_identify(Library/Bee) by extension 'colcon_meta'
[11.790s] Level 1:colcon.colcon_core.package_identification:_identify(Library/Bee) by extensions ['ros']
[11.791s] Level 1:colcon.colcon_core.package_identification:_identify(Library/Bee) by extension 'ros'
[11.796s] Level 1:colcon.colcon_core.package_identification:_identify(Library/Bee) by extensions ['cmake', 'python']
[11.797s] Level 1:colcon.colcon_core.package_identification:_identify(Library/Bee) by extension 'cmake'
[11.798s] Level 1:colcon.colcon_core.package_identification:_identify(Library/Bee) by extension 'python'
[11.800s] Level 1:colcon.colcon_core.package_identification:_identify(Library/Bee) by extensions ['python_setup_py']
[11.801s] Level 1:colcon.colcon_core.package_identification:_identify(Library/Bee) by extension 'python_setup_py'
[11.809s] Level 1:colcon.colcon_core.package_identification:_identify(Library/Bee/CachedNodeOutput) by extensions ['ignore', 'ignore_ament_install']
[11.810s] Level 1:colcon.colcon_core.package_identification:_identify(Library/Bee/CachedNodeOutput) by extension 'ignore'
[11.812s] Level 1:colcon.colcon_core.package_identification:_identify(Library/Bee/CachedNodeOutput) by extension 'ignore_ament_install'
[11.816s] Level 1:colcon.colcon_core.package_identification:_identify(Library/Bee/CachedNodeOutput) by extensions ['colcon_pkg']
[11.817s] Level 1:colcon.colcon_core.package_identification:_identify(Library/Bee/CachedNodeOutput) by extension 'colcon_pkg'
[11.820s] Level 1:colcon.colcon_core.package_identification:_identify(Library/Bee/CachedNodeOutput) by extensions ['colcon_meta']
[11.821s] Level 1:colcon.colcon_core.package_identification:_identify(Library/Bee/CachedNodeOutput) by extension 'colcon_meta'
[11.825s] Level 1:colcon.colcon_core.package_identification:_identify(Library/Bee/CachedNodeOutput) by extensions ['ros']
[11.825s] Level 1:colcon.colcon_core.package_identification:_identify(Library/Bee/CachedNodeOutput) by extension 'ros'
[11.834s] Level 1:colcon.colcon_core.package_identification:_identify(Library/Bee/CachedNodeOutput) by extensions ['cmake', 'python']
[11.835s] Level 1:colcon.colcon_core.package_identification:_identify(Library/Bee/CachedNodeOutput) by extension 'cmake'
[11.837s] Level 1:colcon.colcon_core.package_identification:_identify(Library/Bee/CachedNodeOutput) by extension 'python'
[11.839s] Level 1:colcon.colcon_core.package_identification:_identify(Library/Bee/CachedNodeOutput) by extensions ['python_setup_py']
[11.840s] Level 1:colcon.colcon_core.package_identification:_identify(Library/Bee/CachedNodeOutput) by extension 'python_setup_py'
[11.846s] Level 1:colcon.colcon_core.package_identification:_identify(Library/PackageCache) by extensions ['ignore', 'ignore_ament_install']
[11.847s] Level 1:colcon.colcon_core.package_identification:_identify(Library/PackageCache) by extension 'ignore'
[11.849s] Level 1:colcon.colcon_core.package_identification:_identify(Library/PackageCache) by extension 'ignore_ament_install'
[11.852s] Level 1:colcon.colcon_core.package_identification:_identify(Library/PackageCache) by extensions ['colcon_pkg']
[11.853s] Level 1:colcon.colcon_core.package_identification:_identify(Library/PackageCache) by extension 'colcon_pkg'
[11.855s] Level 1:colcon.colcon_core.package_identification:_identify(Library/PackageCache) by extensions ['colcon_meta']
[11.856s] Level 1:colcon.colcon_core.package_identification:_identify(Library/PackageCache) by extension 'colcon_meta'
[11.859s] Level 1:colcon.colcon_core.package_identification:_identify(Library/PackageCache) by extensions ['ros']
[11.860s] Level 1:colcon.colcon_core.package_identification:_identify(Library/PackageCache) by extension 'ros'
[11.866s] Level 1:colcon.colcon_core.package_identification:_identify(Library/PackageCache) by extensions ['cmake', 'python']
[11.867s] Level 1:colcon.colcon_core.package_identification:_identify(Library/PackageCache) by extension 'cmake'
[11.869s] Level 1:colcon.colcon_core.package_identification:_identify(Library/PackageCache) by extension 'python'
[11.871s] Level 1:colcon.colcon_core.package_identification:_identify(Library/PackageCache) by extensions ['python_setup_py']
[11.871s] Level 1:colcon.colcon_core.package_identification:_identify(Library/PackageCache) by extension 'python_setup_py'
[11.880s] Level 1:colcon.colcon_core.package_identification:_identify(Library/PackageCache/com.unity.modules.ai@1.0.0) by extensions ['ignore', 'ignore_ament_install']
[11.881s] Level 1:colcon.colcon_core.package_identification:_identify(Library/PackageCache/com.unity.modules.ai@1.0.0) by extension 'ignore'
[11.884s] Level 1:colcon.colcon_core.package_identification:_identify(Library/PackageCache/com.unity.modules.ai@1.0.0) by extension 'ignore_ament_install'
[11.890s] Level 1:colcon.colcon_core.package_identification:_identify(Library/PackageCache/com.unity.modules.ai@1.0.0) by extensions ['colcon_pkg']
[11.891s] Level 1:colcon.colcon_core.package_identification:_identify(Library/PackageCache/com.unity.modules.ai@1.0.0) by extension 'colcon_pkg'
[11.894s] Level 1:colcon.colcon_core.package_identification:_identify(Library/PackageCache/com.unity.modules.ai@1.0.0) by extensions ['colcon_meta']
[11.895s] Level 1:colcon.colcon_core.package_identification:_identify(Library/PackageCache/com.unity.modules.ai@1.0.0) by extension 'colcon_meta'
[11.899s] Level 1:colcon.colcon_core.package_identification:_identify(Library/PackageCache/com.unity.modules.ai@1.0.0) by extensions ['ros']
[11.899s] Level 1:colcon.colcon_core.package_identification:_identify(Library/PackageCache/com.unity.modules.ai@1.0.0) by extension 'ros'
[11.908s] Level 1:colcon.colcon_core.package_identification:_identify(Library/PackageCache/com.unity.modules.ai@1.0.0) by extensions ['cmake', 'python']
[11.909s] Level 1:colcon.colcon_core.package_identification:_identify(Library/PackageCache/com.unity.modules.ai@1.0.0) by extension 'cmake'
[11.912s] Level 1:colcon.colcon_core.package_identification:_identify(Library/PackageCache/com.unity.modules.ai@1.0.0) by extension 'python'
[11.914s] Level 1:colcon.colcon_core.package_identification:_identify(Library/PackageCache/com.unity.modules.ai@1.0.0) by extensions ['python_setup_py']
[11.915s] Level 1:colcon.colcon_core.package_identification:_identify(Library/PackageCache/com.unity.modules.ai@1.0.0) by extension 'python_setup_py'
[11.925s] Level 1:colcon.colcon_core.package_identification:_identify(Library/PackageCache/com.unity.modules.androidjni@1.0.0) by extensions ['ignore', 'ignore_ament_install']
[11.926s] Level 1:colcon.colcon_core.package_identification:_identify(Library/PackageCache/com.unity.modules.androidjni@1.0.0) by extension 'ignore'
[11.928s] Level 1:colcon.colcon_core.package_identification:_identify(Library/PackageCache/com.unity.modules.androidjni@1.0.0) by extension 'ignore_ament_install'
[11.933s] Level 1:colcon.colcon_core.package_identification:_identify(Library/PackageCache/com.unity.modules.androidjni@1.0.0) by extensions ['colcon_pkg']
[11.934s] Level 1:colcon.colcon_core.package_identification:_identify(Library/PackageCache/com.unity.modules.androidjni@1.0.0) by extension 'colcon_pkg'
[11.937s] Level 1:colcon.colcon_core.package_identification:_identify(Library/PackageCache/com.unity.modules.androidjni@1.0.0) by extensions ['colcon_meta']
[11.937s] Level 1:colcon.colcon_core.package_identification:_identify(Library/PackageCache/com.unity.modules.androidjni@1.0.0) by extension 'colcon_meta'
[11.942s] Level 1:colcon.colcon_core.package_identification:_identify(Library/PackageCache/com.unity.modules.androidjni@1.0.0) by extensions ['ros']
[11.943s] Level 1:colcon.colcon_core.package_identification:_identify(Library/PackageCache/com.unity.modules.androidjni@1.0.0) by extension 'ros'
[11.953s] Level 1:colcon.colcon_core.package_identification:_identify(Library/PackageCache/com.unity.modules.androidjni@1.0.0) by extensions ['cmake', 'python']
[11.953s] Level 1:colcon.colcon_core.package_identification:_identify(Library/PackageCache/com.unity.modules.androidjni@1.0.0) by extension 'cmake'
[11.956s] Level 1:colcon.colcon_core.package_identification:_identify(Library/PackageCache/com.unity.modules.androidjni@1.0.0) by extension 'python'
[11.958s] Level 1:colcon.colcon_core.package_identification:_identify(Library/PackageCache/com.unity.modules.androidjni@1.0.0) by extensions ['python_setup_py']
[11.959s] Level 1:colcon.colcon_core.package_identification:_identify(Library/PackageCache/com.unity.modules.androidjni@1.0.0) by extension 'python_setup_py'
[11.968s] Level 1:colcon.colcon_core.package_identification:_identify(Library/PackageCache/com.unity.modules.animation@1.0.0) by extensions ['ignore', 'ignore_ament_install']
[11.969s] Level 1:colcon.colcon_core.package_identification:_identify(Library/PackageCache/com.unity.modules.animation@1.0.0) by extension 'ignore'
[11.971s] Level 1:colcon.colcon_core.package_identification:_identify(Library/PackageCache/com.unity.modules.animation@1.0.0) by extension 'ignore_ament_install'
[11.977s] Level 1:colcon.colcon_core.package_identification:_identify(Library/PackageCache/com.unity.modules.animation@1.0.0) by extensions ['colcon_pkg']
[11.977s] Level 1:colcon.colcon_core.package_identification:_identify(Library/PackageCache/com.unity.modules.animation@1.0.0) by extension 'colcon_pkg'
[11.979s] Level 1:colcon.colcon_core.package_identification:_identify(Library/PackageCache/com.unity.modules.animation@1.0.0) by extensions ['colcon_meta']
[11.980s] Level 1:colcon.colcon_core.package_identification:_identify(Library/PackageCache/com.unity.modules.animation@1.0.0) by extension 'colcon_meta'
[11.984s] Level 1:colcon.colcon_core.package_identification:_identify(Library/PackageCache/com.unity.modules.animation@1.0.0) by extensions ['ros']
[11.985s] Level 1:colcon.colcon_core.package_identification:_identify(Library/PackageCache/com.unity.modules.animation@1.0.0) by extension 'ros'
[11.997s] Level 1:colcon.colcon_core.package_identification:_identify(Library/PackageCache/com.unity.modules.animation@1.0.0) by extensions ['cmake', 'python']
[11.998s] Level 1:colcon.colcon_core.package_identification:_identify(Library/PackageCache/com.unity.modules.animation@1.0.0) by extension 'cmake'
[12.001s] Level 1:colcon.colcon_core.package_identification:_identify(Library/PackageCache/com.unity.modules.animation@1.0.0) by extension 'python'
[12.005s] Level 1:colcon.colcon_core.package_identification:_identify(Library/PackageCache/com.unity.modules.animation@1.0.0) by extensions ['python_setup_py']
[12.006s] Level 1:colcon.colcon_core.package_identification:_identify(Library/PackageCache/com.unity.modules.animation@1.0.0) by extension 'python_setup_py'
[12.017s] Level 1:colcon.colcon_core.package_identification:_identify(Library/PackageCache/com.unity.modules.assetbundle@1.0.0) by extensions ['ignore', 'ignore_ament_install']
[12.018s] Level 1:colcon.colcon_core.package_identification:_identify(Library/PackageCache/com.unity.modules.assetbundle@1.0.0) by extension 'ignore'
[12.020s] Level 1:colcon.colcon_core.package_identification:_identify(Library/PackageCache/com.unity.modules.assetbundle@1.0.0) by extension 'ignore_ament_install'
[12.024s] Level 1:colcon.colcon_core.package_identification:_identify(Library/PackageCache/com.unity.modules.assetbundle@1.0.0) by extensions ['colcon_pkg']
[12.025s] Level 1:colcon.colcon_core.package_identification:_identify(Library/PackageCache/com.unity.modules.assetbundle@1.0.0) by extension 'colcon_pkg'
[12.027s] Level 1:colcon.colcon_core.package_identification:_identify(Library/PackageCache/com.unity.modules.assetbundle@1.0.0) by extensions ['colcon_meta']
[12.027s] Level 1:colcon.colcon_core.package_identification:_identify(Library/PackageCache/com.unity.modules.assetbundle@1.0.0) by extension 'colcon_meta'
[12.032s] Level 1:colcon.colcon_core.package_identification:_identify(Library/PackageCache/com.unity.modules.assetbundle@1.0.0) by extensions ['ros']
[12.033s] Level 1:colcon.colcon_core.package_identification:_identify(Library/PackageCache/com.unity.modules.assetbundle@1.0.0) by extension 'ros'
[12.042s] Level 1:colcon.colcon_core.package_identification:_identify(Library/PackageCache/com.unity.modules.assetbundle@1.0.0) by extensions ['cmake', 'python']
[12.043s] Level 1:colcon.colcon_core.package_identification:_identify(Library/PackageCache/com.unity.modules.assetbundle@1.0.0) by extension 'cmake'
[12.046s] Level 1:colcon.colcon_core.package_identification:_identify(Library/PackageCache/com.unity.modules.assetbundle@1.0.0) by extension 'python'
[12.048s] Level 1:colcon.colcon_core.package_identification:_identify(Library/PackageCache/com.unity.modules.assetbundle@1.0.0) by extensions ['python_setup_py']
[12.049s] Level 1:colcon.colcon_core.package_identification:_identify(Library/PackageCache/com.unity.modules.assetbundle@1.0.0) by extension 'python_setup_py'
[12.059s] Level 1:colcon.colcon_core.package_identification:_identify(Library/PackageCache/com.unity.modules.audio@1.0.0) by extensions ['ignore', 'ignore_ament_install']
[12.060s] Level 1:colcon.colcon_core.package_identification:_identify(Library/PackageCache/com.unity.modules.audio@1.0.0) by extension 'ignore'
[12.062s] Level 1:colcon.colcon_core.package_identification:_identify(Library/PackageCache/com.unity.modules.audio@1.0.0) by extension 'ignore_ament_install'
[12.066s] Level 1:colcon.colcon_core.package_identification:_identify(Library/PackageCache/com.unity.modules.audio@1.0.0) by extensions ['colcon_pkg']
[12.067s] Level 1:colcon.colcon_core.package_identification:_identify(Library/PackageCache/com.unity.modules.audio@1.0.0) by extension 'colcon_pkg'
[12.069s] Level 1:colcon.colcon_core.package_identification:_identify(Library/PackageCache/com.unity.modules.audio@1.0.0) by extensions ['colcon_meta']
[12.070s] Level 1:colcon.colcon_core.package_identification:_identify(Library/PackageCache/com.unity.modules.audio@1.0.0) by extension 'colcon_meta'
[12.074s] Level 1:colcon.colcon_core.package_identification:_identify(Library/PackageCache/com.unity.modules.audio@1.0.0) by extensions ['ros']
[12.075s] Level 1:colcon.colcon_core.package_identification:_identify(Library/PackageCache/com.unity.modules.audio@1.0.0) by extension 'ros'
[12.084s] Level 1:colcon.colcon_core.package_identification:_identify(Library/PackageCache/com.unity.modules.audio@1.0.0) by extensions ['cmake', 'python']
[12.084s] Level 1:colcon.colcon_core.package_identification:_identify(Library/PackageCache/com.unity.modules.audio@1.0.0) by extension 'cmake'
[12.086s] Level 1:colcon.colcon_core.package_identification:_identify(Library/PackageCache/com.unity.modules.audio@1.0.0) by extension 'python'
[12.089s] Level 1:colcon.colcon_core.package_identification:_identify(Library/PackageCache/com.unity.modules.audio@1.0.0) by extensions ['python_setup_py']
[12.090s] Level 1:colcon.colcon_core.package_identification:_identify(Library/PackageCache/com.unity.modules.audio@1.0.0) by extension 'python_setup_py'
[12.101s] Level 1:colcon.colcon_core.package_identification:_identify(Library/PackageCache/com.unity.modules.cloth@1.0.0) by extensions ['ignore', 'ignore_ament_install']
[12.102s] Level 1:colcon.colcon_core.package_identification:_identify(Library/PackageCache/com.unity.modules.cloth@1.0.0) by extension 'ignore'
[12.104s] Level 1:colcon.colcon_core.package_identification:_identify(Library/PackageCache/com.unity.modules.cloth@1.0.0) by extension 'ignore_ament_install'
[12.108s] Level 1:colcon.colcon_core.package_identification:_identify(Library/PackageCache/com.unity.modules.cloth@1.0.0) by extensions ['colcon_pkg']
[12.109s] Level 1:colcon.colcon_core.package_identification:_identify(Library/PackageCache/com.unity.modules.cloth@1.0.0) by extension 'colcon_pkg'
[12.113s] Level 1:colcon.colcon_core.package_identification:_identify(Library/PackageCache/com.unity.modules.cloth@1.0.0) by extensions ['colcon_meta']
[12.114s] Level 1:colcon.colcon_core.package_identification:_identify(Library/PackageCache/com.unity.modules.cloth@1.0.0) by extension 'colcon_meta'
[12.119s] Level 1:colcon.colcon_core.package_identification:_identify(Library/PackageCache/com.unity.modules.cloth@1.0.0) by extensions ['ros']
[12.119s] Level 1:colcon.colcon_core.package_identification:_identify(Library/PackageCache/com.unity.modules.cloth@1.0.0) by extension 'ros'
[12.128s] Level 1:colcon.colcon_core.package_identification:_identify(Library/PackageCache/com.unity.modules.cloth@1.0.0) by extensions ['cmake', 'python']
[12.129s] Level 1:colcon.colcon_core.package_identification:_identify(Library/PackageCache/com.unity.modules.cloth@1.0.0) by extension 'cmake'
[12.131s] Level 1:colcon.colcon_core.package_identification:_identify(Library/PackageCache/com.unity.modules.cloth@1.0.0) by extension 'python'
[12.133s] Level 1:colcon.colcon_core.package_identification:_identify(Library/PackageCache/com.unity.modules.cloth@1.0.0) by extensions ['python_setup_py']
[12.134s] Level 1:colcon.colcon_core.package_identification:_identify(Library/PackageCache/com.unity.modules.cloth@1.0.0) by extension 'python_setup_py'
[12.142s] Level 1:colcon.colcon_core.package_identification:_identify(Library/PackageCache/com.unity.modules.director@1.0.0) by extensions ['ignore', 'ignore_ament_install']
[12.143s] Level 1:colcon.colcon_core.package_identification:_identify(Library/PackageCache/com.unity.modules.director@1.0.0) by extension 'ignore'
[12.146s] Level 1:colcon.colcon_core.package_identification:_identify(Library/PackageCache/com.unity.modules.director@1.0.0) by extension 'ignore_ament_install'
[12.150s] Level 1:colcon.colcon_core.package_identification:_identify(Library/PackageCache/com.unity.modules.director@1.0.0) by extensions ['colcon_pkg']
[12.151s] Level 1:colcon.colcon_core.package_identification:_identify(Library/PackageCache/com.unity.modules.director@1.0.0) by extension 'colcon_pkg'
[12.153s] Level 1:colcon.colcon_core.package_identification:_identify(Library/PackageCache/com.unity.modules.director@1.0.0) by extensions ['colcon_meta']
[12.154s] Level 1:colcon.colcon_core.package_identification:_identify(Library/PackageCache/com.unity.modules.director@1.0.0) by extension 'colcon_meta'
[12.158s] Level 1:colcon.colcon_core.package_identification:_identify(Library/PackageCache/com.unity.modules.director@1.0.0) by extensions ['ros']
[12.159s] Level 1:colcon.colcon_core.package_identification:_identify(Library/PackageCache/com.unity.modules.director@1.0.0) by extension 'ros'
[12.167s] Level 1:colcon.colcon_core.package_identification:_identify(Library/PackageCache/com.unity.modules.director@1.0.0) by extensions ['cmake', 'python']
[12.168s] Level 1:colcon.colcon_core.package_identification:_identify(Library/PackageCache/com.unity.modules.director@1.0.0) by extension 'cmake'
[12.170s] Level 1:colcon.colcon_core.package_identification:_identify(Library/PackageCache/com.unity.modules.director@1.0.0) by extension 'python'
[12.173s] Level 1:colcon.colcon_core.package_identification:_identify(Library/PackageCache/com.unity.modules.director@1.0.0) by extensions ['python_setup_py']
[12.174s] Level 1:colcon.colcon_core.package_identification:_identify(Library/PackageCache/com.unity.modules.director@1.0.0) by extension 'python_setup_py'
[12.182s] Level 1:colcon.colcon_core.package_identification:_identify(Library/PackageCache/com.unity.modules.imageconversion@1.0.0) by extensions ['ignore', 'ignore_ament_install']
[12.183s] Level 1:colcon.colcon_core.package_identification:_identify(Library/PackageCache/com.unity.modules.imageconversion@1.0.0) by extension 'ignore'
[12.185s] Level 1:colcon.colcon_core.package_identification:_identify(Library/PackageCache/com.unity.modules.imageconversion@1.0.0) by extension 'ignore_ament_install'
[12.189s] Level 1:colcon.colcon_core.package_identification:_identify(Library/PackageCache/com.unity.modules.imageconversion@1.0.0) by extensions ['colcon_pkg']
[12.189s] Level 1:colcon.colcon_core.package_identification:_identify(Library/PackageCache/com.unity.modules.imageconversion@1.0.0) by extension 'colcon_pkg'
[12.192s] Level 1:colcon.colcon_core.package_identification:_identify(Library/PackageCache/com.unity.modules.imageconversion@1.0.0) by extensions ['colcon_meta']
[12.192s] Level 1:colcon.colcon_core.package_identification:_identify(Library/PackageCache/com.unity.modules.imageconversion@1.0.0) by extension 'colcon_meta'
[12.196s] Level 1:colcon.colcon_core.package_identification:_identify(Library/PackageCache/com.unity.modules.imageconversion@1.0.0) by extensions ['ros']
[12.197s] Level 1:colcon.colcon_core.package_identification:_identify(Library/PackageCache/com.unity.modules.imageconversion@1.0.0) by extension 'ros'
[12.206s] Level 1:colcon.colcon_core.package_identification:_identify(Library/PackageCache/com.unity.modules.imageconversion@1.0.0) by extensions ['cmake', 'python']
[12.206s] Level 1:colcon.colcon_core.package_identification:_identify(Library/PackageCache/com.unity.modules.imageconversion@1.0.0) by extension 'cmake'
[12.209s] Level 1:colcon.colcon_core.package_identification:_identify(Library/PackageCache/com.unity.modules.imageconversion@1.0.0) by extension 'python'
[12.211s] Level 1:colcon.colcon_core.package_identification:_identify(Library/PackageCache/com.unity.modules.imageconversion@1.0.0) by extensions ['python_setup_py']
[12.212s] Level 1:colcon.colcon_core.package_identification:_identify(Library/PackageCache/com.unity.modules.imageconversion@1.0.0) by extension 'python_setup_py'
[12.222s] Level 1:colcon.colcon_core.package_identification:_identify(Library/PackageCache/com.unity.modules.imgui@1.0.0) by extensions ['ignore', 'ignore_ament_install']
[12.223s] Level 1:colcon.colcon_core.package_identification:_identify(Library/PackageCache/com.unity.modules.imgui@1.0.0) by extension 'ignore'
[12.226s] Level 1:colcon.colcon_core.package_identification:_identify(Library/PackageCache/com.unity.modules.imgui@1.0.0) by extension 'ignore_ament_install'
[12.230s] Level 1:colcon.colcon_core.package_identification:_identify(Library/PackageCache/com.unity.modules.imgui@1.0.0) by extensions ['colcon_pkg']
[12.231s] Level 1:colcon.colcon_core.package_identification:_identify(Library/PackageCache/com.unity.modules.imgui@1.0.0) by extension 'colcon_pkg'
[12.233s] Level 1:colcon.colcon_core.package_identification:_identify(Library/PackageCache/com.unity.modules.imgui@1.0.0) by extensions ['colcon_meta']
[12.233s] Level 1:colcon.colcon_core.package_identification:_identify(Library/PackageCache/com.unity.modules.imgui@1.0.0) by extension 'colcon_meta'
[12.237s] Level 1:colcon.colcon_core.package_identification:_identify(Library/PackageCache/com.unity.modules.imgui@1.0.0) by extensions ['ros']
[12.238s] Level 1:colcon.colcon_core.package_identification:_identify(Library/PackageCache/com.unity.modules.imgui@1.0.0) by extension 'ros'
[12.247s] Level 1:colcon.colcon_core.package_identification:_identify(Library/PackageCache/com.unity.modules.imgui@1.0.0) by extensions ['cmake', 'python']
[12.248s] Level 1:colcon.colcon_core.package_identification:_identify(Library/PackageCache/com.unity.modules.imgui@1.0.0) by extension 'cmake'
[12.250s] Level 1:colcon.colcon_core.package_identification:_identify(Library/PackageCache/com.unity.modules.imgui@1.0.0) by extension 'python'
[12.253s] Level 1:colcon.colcon_core.package_identification:_identify(Library/PackageCache/com.unity.modules.imgui@1.0.0) by extensions ['python_setup_py']
[12.253s] Level 1:colcon.colcon_core.package_identification:_identify(Library/PackageCache/com.unity.modules.imgui@1.0.0) by extension 'python_setup_py'
[12.262s] Level 1:colcon.colcon_core.package_identification:_identify(Library/PackageCache/com.unity.modules.jsonserialize@1.0.0) by extensions ['ignore', 'ignore_ament_install']
[12.263s] Level 1:colcon.colcon_core.package_identification:_identify(Library/PackageCache/com.unity.modules.jsonserialize@1.0.0) by extension 'ignore'
[12.265s] Level 1:colcon.colcon_core.package_identification:_identify(Library/PackageCache/com.unity.modules.jsonserialize@1.0.0) by extension 'ignore_ament_install'
[12.270s] Level 1:colcon.colcon_core.package_identification:_identify(Library/PackageCache/com.unity.modules.jsonserialize@1.0.0) by extensions ['colcon_pkg']
[12.270s] Level 1:colcon.colcon_core.package_identification:_identify(Library/PackageCache/com.unity.modules.jsonserialize@1.0.0) by extension 'colcon_pkg'
[12.273s] Level 1:colcon.colcon_core.package_identification:_identify(Library/PackageCache/com.unity.modules.jsonserialize@1.0.0) by extensions ['colcon_meta']
[12.274s] Level 1:colcon.colcon_core.package_identification:_identify(Library/PackageCache/com.unity.modules.jsonserialize@1.0.0) by extension 'colcon_meta'
[12.279s] Level 1:colcon.colcon_core.package_identification:_identify(Library/PackageCache/com.unity.modules.jsonserialize@1.0.0) by extensions ['ros']
[12.280s] Level 1:colcon.colcon_core.package_identification:_identify(Library/PackageCache/com.unity.modules.jsonserialize@1.0.0) by extension 'ros'
[12.289s] Level 1:colcon.colcon_core.package_identification:_identify(Library/PackageCache/com.unity.modules.jsonserialize@1.0.0) by extensions ['cmake', 'python']
[12.289s] Level 1:colcon.colcon_core.package_identification:_identify(Library/PackageCache/com.unity.modules.jsonserialize@1.0.0) by extension 'cmake'
[12.291s] Level 1:colcon.colcon_core.package_identification:_identify(Library/PackageCache/com.unity.modules.jsonserialize@1.0.0) by extension 'python'
[12.294s] Level 1:colcon.colcon_core.package_identification:_identify(Library/PackageCache/com.unity.modules.jsonserialize@1.0.0) by extensions ['python_setup_py']
[12.295s] Level 1:colcon.colcon_core.package_identification:_identify(Library/PackageCache/com.unity.modules.jsonserialize@1.0.0) by extension 'python_setup_py'
[12.305s] Level 1:colcon.colcon_core.package_identification:_identify(Library/PackageCache/com.unity.modules.particlesystem@1.0.0) by extensions ['ignore', 'ignore_ament_install']
[12.306s] Level 1:colcon.colcon_core.package_identification:_identify(Library/PackageCache/com.unity.modules.particlesystem@1.0.0) by extension 'ignore'
[12.307s] Level 1:colcon.colcon_core.package_identification:_identify(Library/PackageCache/com.unity.modules.particlesystem@1.0.0) by extension 'ignore_ament_install'
[12.311s] Level 1:colcon.colcon_core.package_identification:_identify(Library/PackageCache/com.unity.modules.particlesystem@1.0.0) by extensions ['colcon_pkg']
[12.312s] Level 1:colcon.colcon_core.package_identification:_identify(Library/PackageCache/com.unity.modules.particlesystem@1.0.0) by extension 'colcon_pkg'
[12.315s] Level 1:colcon.colcon_core.package_identification:_identify(Library/PackageCache/com.unity.modules.particlesystem@1.0.0) by extensions ['colcon_meta']
[12.316s] Level 1:colcon.colcon_core.package_identification:_identify(Library/PackageCache/com.unity.modules.particlesystem@1.0.0) by extension 'colcon_meta'
[12.321s] Level 1:colcon.colcon_core.package_identification:_identify(Library/PackageCache/com.unity.modules.particlesystem@1.0.0) by extensions ['ros']
[12.322s] Level 1:colcon.colcon_core.package_identification:_identify(Library/PackageCache/com.unity.modules.particlesystem@1.0.0) by extension 'ros'
[12.331s] Level 1:colcon.colcon_core.package_identification:_identify(Library/PackageCache/com.unity.modules.particlesystem@1.0.0) by extensions ['cmake', 'python']
[12.332s] Level 1:colcon.colcon_core.package_identification:_identify(Library/PackageCache/com.unity.modules.particlesystem@1.0.0) by extension 'cmake'
[12.336s] Level 1:colcon.colcon_core.package_identification:_identify(Library/PackageCache/com.unity.modules.particlesystem@1.0.0) by extension 'python'
[12.339s] Level 1:colcon.colcon_core.package_identification:_identify(Library/PackageCache/com.unity.modules.particlesystem@1.0.0) by extensions ['python_setup_py']
[12.340s] Level 1:colcon.colcon_core.package_identification:_identify(Library/PackageCache/com.unity.modules.particlesystem@1.0.0) by extension 'python_setup_py'
[12.349s] Level 1:colcon.colcon_core.package_identification:_identify(Library/PackageCache/com.unity.modules.physics2d@1.0.0) by extensions ['ignore', 'ignore_ament_install']
[12.351s] Level 1:colcon.colcon_core.package_identification:_identify(Library/PackageCache/com.unity.modules.physics2d@1.0.0) by extension 'ignore'
[12.355s] Level 1:colcon.colcon_core.package_identification:_identify(Library/PackageCache/com.unity.modules.physics2d@1.0.0) by extension 'ignore_ament_install'
[12.358s] Level 1:colcon.colcon_core.package_identification:_identify(Library/PackageCache/com.unity.modules.physics2d@1.0.0) by extensions ['colcon_pkg']
[12.359s] Level 1:colcon.colcon_core.package_identification:_identify(Library/PackageCache/com.unity.modules.physics2d@1.0.0) by extension 'colcon_pkg'
[12.361s] Level 1:colcon.colcon_core.package_identification:_identify(Library/PackageCache/com.unity.modules.physics2d@1.0.0) by extensions ['colcon_meta']
[12.362s] Level 1:colcon.colcon_core.package_identification:_identify(Library/PackageCache/com.unity.modules.physics2d@1.0.0) by extension 'colcon_meta'
[12.367s] Level 1:colcon.colcon_core.package_identification:_identify(Library/PackageCache/com.unity.modules.physics2d@1.0.0) by extensions ['ros']
[12.367s] Level 1:colcon.colcon_core.package_identification:_identify(Library/PackageCache/com.unity.modules.physics2d@1.0.0) by extension 'ros'
[12.376s] Level 1:colcon.colcon_core.package_identification:_identify(Library/PackageCache/com.unity.modules.physics2d@1.0.0) by extensions ['cmake', 'python']
[12.377s] Level 1:colcon.colcon_core.package_identification:_identify(Library/PackageCache/com.unity.modules.physics2d@1.0.0) by extension 'cmake'
[12.378s] Level 1:colcon.colcon_core.package_identification:_identify(Library/PackageCache/com.unity.modules.physics2d@1.0.0) by extension 'python'
[12.381s] Level 1:colcon.colcon_core.package_identification:_identify(Library/PackageCache/com.unity.modules.physics2d@1.0.0) by extensions ['python_setup_py']
[12.382s] Level 1:colcon.colcon_core.package_identification:_identify(Library/PackageCache/com.unity.modules.physics2d@1.0.0) by extension 'python_setup_py'
[12.394s] Level 1:colcon.colcon_core.package_identification:_identify(Library/PackageCache/com.unity.modules.physics@1.0.0) by extensions ['ignore', 'ignore_ament_install']
[12.395s] Level 1:colcon.colcon_core.package_identification:_identify(Library/PackageCache/com.unity.modules.physics@1.0.0) by extension 'ignore'
[12.397s] Level 1:colcon.colcon_core.package_identification:_identify(Library/PackageCache/com.unity.modules.physics@1.0.0) by extension 'ignore_ament_install'
[12.401s] Level 1:colcon.colcon_core.package_identification:_identify(Library/PackageCache/com.unity.modules.physics@1.0.0) by extensions ['colcon_pkg']
[12.402s] Level 1:colcon.colcon_core.package_identification:_identify(Library/PackageCache/com.unity.modules.physics@1.0.0) by extension 'colcon_pkg'
[12.405s] Level 1:colcon.colcon_core.package_identification:_identify(Library/PackageCache/com.unity.modules.physics@1.0.0) by extensions ['colcon_meta']
[12.405s] Level 1:colcon.colcon_core.package_identification:_identify(Library/PackageCache/com.unity.modules.physics@1.0.0) by extension 'colcon_meta'
[12.410s] Level 1:colcon.colcon_core.package_identification:_identify(Library/PackageCache/com.unity.modules.physics@1.0.0) by extensions ['ros']
[12.410s] Level 1:colcon.colcon_core.package_identification:_identify(Library/PackageCache/com.unity.modules.physics@1.0.0) by extension 'ros'
[12.420s] Level 1:colcon.colcon_core.package_identification:_identify(Library/PackageCache/com.unity.modules.physics@1.0.0) by extensions ['cmake', 'python']
[12.421s] Level 1:colcon.colcon_core.package_identification:_identify(Library/PackageCache/com.unity.modules.physics@1.0.0) by extension 'cmake'
[12.423s] Level 1:colcon.colcon_core.package_identification:_identify(Library/PackageCache/com.unity.modules.physics@1.0.0) by extension 'python'
[12.425s] Level 1:colcon.colcon_core.package_identification:_identify(Library/PackageCache/com.unity.modules.physics@1.0.0) by extensions ['python_setup_py']
[12.426s] Level 1:colcon.colcon_core.package_identification:_identify(Library/PackageCache/com.unity.modules.physics@1.0.0) by extension 'python_setup_py'
[12.433s] Level 1:colcon.colcon_core.package_identification:_identify(Library/PackageCache/com.unity.modules.screencapture@1.0.0) by extensions ['ignore', 'ignore_ament_install']
[12.434s] Level 1:colcon.colcon_core.package_identification:_identify(Library/PackageCache/com.unity.modules.screencapture@1.0.0) by extension 'ignore'
[12.437s] Level 1:colcon.colcon_core.package_identification:_identify(Library/PackageCache/com.unity.modules.screencapture@1.0.0) by extension 'ignore_ament_install'
[12.442s] Level 1:colcon.colcon_core.package_identification:_identify(Library/PackageCache/com.unity.modules.screencapture@1.0.0) by extensions ['colcon_pkg']
[12.443s] Level 1:colcon.colcon_core.package_identification:_identify(Library/PackageCache/com.unity.modules.screencapture@1.0.0) by extension 'colcon_pkg'
[12.446s] Level 1:colcon.colcon_core.package_identification:_identify(Library/PackageCache/com.unity.modules.screencapture@1.0.0) by extensions ['colcon_meta']
[12.446s] Level 1:colcon.colcon_core.package_identification:_identify(Library/PackageCache/com.unity.modules.screencapture@1.0.0) by extension 'colcon_meta'
[12.451s] Level 1:colcon.colcon_core.package_identification:_identify(Library/PackageCache/com.unity.modules.screencapture@1.0.0) by extensions ['ros']
[12.452s] Level 1:colcon.colcon_core.package_identification:_identify(Library/PackageCache/com.unity.modules.screencapture@1.0.0) by extension 'ros'
[12.461s] Level 1:colcon.colcon_core.package_identification:_identify(Library/PackageCache/com.unity.modules.screencapture@1.0.0) by extensions ['cmake', 'python']
[12.462s] Level 1:colcon.colcon_core.package_identification:_identify(Library/PackageCache/com.unity.modules.screencapture@1.0.0) by extension 'cmake'
[12.464s] Level 1:colcon.colcon_core.package_identification:_identify(Library/PackageCache/com.unity.modules.screencapture@1.0.0) by extension 'python'
[12.466s] Level 1:colcon.colcon_core.package_identification:_identify(Library/PackageCache/com.unity.modules.screencapture@1.0.0) by extensions ['python_setup_py']
[12.467s] Level 1:colcon.colcon_core.package_identification:_identify(Library/PackageCache/com.unity.modules.screencapture@1.0.0) by extension 'python_setup_py'
[12.476s] Level 1:colcon.colcon_core.package_identification:_identify(Library/PackageCache/com.unity.modules.subsystems@1.0.0) by extensions ['ignore', 'ignore_ament_install']
[12.476s] Level 1:colcon.colcon_core.package_identification:_identify(Library/PackageCache/com.unity.modules.subsystems@1.0.0) by extension 'ignore'
[12.479s] Level 1:colcon.colcon_core.package_identification:_identify(Library/PackageCache/com.unity.modules.subsystems@1.0.0) by extension 'ignore_ament_install'
[12.484s] Level 1:colcon.colcon_core.package_identification:_identify(Library/PackageCache/com.unity.modules.subsystems@1.0.0) by extensions ['colcon_pkg']
[12.484s] Level 1:colcon.colcon_core.package_identification:_identify(Library/PackageCache/com.unity.modules.subsystems@1.0.0) by extension 'colcon_pkg'
[12.487s] Level 1:colcon.colcon_core.package_identification:_identify(Library/PackageCache/com.unity.modules.subsystems@1.0.0) by extensions ['colcon_meta']
[12.488s] Level 1:colcon.colcon_core.package_identification:_identify(Library/PackageCache/com.unity.modules.subsystems@1.0.0) by extension 'colcon_meta'
[12.492s] Level 1:colcon.colcon_core.package_identification:_identify(Library/PackageCache/com.unity.modules.subsystems@1.0.0) by extensions ['ros']
[12.493s] Level 1:colcon.colcon_core.package_identification:_identify(Library/PackageCache/com.unity.modules.subsystems@1.0.0) by extension 'ros'
[12.504s] Level 1:colcon.colcon_core.package_identification:_identify(Library/PackageCache/com.unity.modules.subsystems@1.0.0) by extensions ['cmake', 'python']
[12.505s] Level 1:colcon.colcon_core.package_identification:_identify(Library/PackageCache/com.unity.modules.subsystems@1.0.0) by extension 'cmake'
[12.508s] Level 1:colcon.colcon_core.package_identification:_identify(Library/PackageCache/com.unity.modules.subsystems@1.0.0) by extension 'python'
[12.511s] Level 1:colcon.colcon_core.package_identification:_identify(Library/PackageCache/com.unity.modules.subsystems@1.0.0) by extensions ['python_setup_py']
[12.512s] Level 1:colcon.colcon_core.package_identification:_identify(Library/PackageCache/com.unity.modules.subsystems@1.0.0) by extension 'python_setup_py'
[12.521s] Level 1:colcon.colcon_core.package_identification:_identify(Library/PackageCache/com.unity.modules.terrain@1.0.0) by extensions ['ignore', 'ignore_ament_install']
[12.522s] Level 1:colcon.colcon_core.package_identification:_identify(Library/PackageCache/com.unity.modules.terrain@1.0.0) by extension 'ignore'
[12.525s] Level 1:colcon.colcon_core.package_identification:_identify(Library/PackageCache/com.unity.modules.terrain@1.0.0) by extension 'ignore_ament_install'
[12.529s] Level 1:colcon.colcon_core.package_identification:_identify(Library/PackageCache/com.unity.modules.terrain@1.0.0) by extensions ['colcon_pkg']
[12.530s] Level 1:colcon.colcon_core.package_identification:_identify(Library/PackageCache/com.unity.modules.terrain@1.0.0) by extension 'colcon_pkg'
[12.534s] Level 1:colcon.colcon_core.package_identification:_identify(Library/PackageCache/com.unity.modules.terrain@1.0.0) by extensions ['colcon_meta']
[12.534s] Level 1:colcon.colcon_core.package_identification:_identify(Library/PackageCache/com.unity.modules.terrain@1.0.0) by extension 'colcon_meta'
[12.538s] Level 1:colcon.colcon_core.package_identification:_identify(Library/PackageCache/com.unity.modules.terrain@1.0.0) by extensions ['ros']
[12.539s] Level 1:colcon.colcon_core.package_identification:_identify(Library/PackageCache/com.unity.modules.terrain@1.0.0) by extension 'ros'
[12.548s] Level 1:colcon.colcon_core.package_identification:_identify(Library/PackageCache/com.unity.modules.terrain@1.0.0) by extensions ['cmake', 'python']
[12.549s] Level 1:colcon.colcon_core.package_identification:_identify(Library/PackageCache/com.unity.modules.terrain@1.0.0) by extension 'cmake'
[12.551s] Level 1:colcon.colcon_core.package_identification:_identify(Library/PackageCache/com.unity.modules.terrain@1.0.0) by extension 'python'
[12.553s] Level 1:colcon.colcon_core.package_identification:_identify(Library/PackageCache/com.unity.modules.terrain@1.0.0) by extensions ['python_setup_py']
[12.554s] Level 1:colcon.colcon_core.package_identification:_identify(Library/PackageCache/com.unity.modules.terrain@1.0.0) by extension 'python_setup_py'
[12.568s] Level 1:colcon.colcon_core.package_identification:_identify(Library/PackageCache/com.unity.modules.terrainphysics@1.0.0) by extensions ['ignore', 'ignore_ament_install']
[12.569s] Level 1:colcon.colcon_core.package_identification:_identify(Library/PackageCache/com.unity.modules.terrainphysics@1.0.0) by extension 'ignore'
[12.571s] Level 1:colcon.colcon_core.package_identification:_identify(Library/PackageCache/com.unity.modules.terrainphysics@1.0.0) by extension 'ignore_ament_install'
[12.576s] Level 1:colcon.colcon_core.package_identification:_identify(Library/PackageCache/com.unity.modules.terrainphysics@1.0.0) by extensions ['colcon_pkg']
[12.576s] Level 1:colcon.colcon_core.package_identification:_identify(Library/PackageCache/com.unity.modules.terrainphysics@1.0.0) by extension 'colcon_pkg'
[12.579s] Level 1:colcon.colcon_core.package_identification:_identify(Library/PackageCache/com.unity.modules.terrainphysics@1.0.0) by extensions ['colcon_meta']
[12.580s] Level 1:colcon.colcon_core.package_identification:_identify(Library/PackageCache/com.unity.modules.terrainphysics@1.0.0) by extension 'colcon_meta'
[12.586s] Level 1:colcon.colcon_core.package_identification:_identify(Library/PackageCache/com.unity.modules.terrainphysics@1.0.0) by extensions ['ros']
[12.587s] Level 1:colcon.colcon_core.package_identification:_identify(Library/PackageCache/com.unity.modules.terrainphysics@1.0.0) by extension 'ros'
[12.596s] Level 1:colcon.colcon_core.package_identification:_identify(Library/PackageCache/com.unity.modules.terrainphysics@1.0.0) by extensions ['cmake', 'python']
[12.597s] Level 1:colcon.colcon_core.package_identification:_identify(Library/PackageCache/com.unity.modules.terrainphysics@1.0.0) by extension 'cmake'
[12.599s] Level 1:colcon.colcon_core.package_identification:_identify(Library/PackageCache/com.unity.modules.terrainphysics@1.0.0) by extension 'python'
[12.602s] Level 1:colcon.colcon_core.package_identification:_identify(Library/PackageCache/com.unity.modules.terrainphysics@1.0.0) by extensions ['python_setup_py']
[12.603s] Level 1:colcon.colcon_core.package_identification:_identify(Library/PackageCache/com.unity.modules.terrainphysics@1.0.0) by extension 'python_setup_py'
[12.611s] Level 1:colcon.colcon_core.package_identification:_identify(Library/PackageCache/com.unity.modules.tilemap@1.0.0) by extensions ['ignore', 'ignore_ament_install']
[12.612s] Level 1:colcon.colcon_core.package_identification:_identify(Library/PackageCache/com.unity.modules.tilemap@1.0.0) by extension 'ignore'
[12.615s] Level 1:colcon.colcon_core.package_identification:_identify(Library/PackageCache/com.unity.modules.tilemap@1.0.0) by extension 'ignore_ament_install'
[12.619s] Level 1:colcon.colcon_core.package_identification:_identify(Library/PackageCache/com.unity.modules.tilemap@1.0.0) by extensions ['colcon_pkg']
[12.620s] Level 1:colcon.colcon_core.package_identification:_identify(Library/PackageCache/com.unity.modules.tilemap@1.0.0) by extension 'colcon_pkg'
[12.622s] Level 1:colcon.colcon_core.package_identification:_identify(Library/PackageCache/com.unity.modules.tilemap@1.0.0) by extensions ['colcon_meta']
[12.623s] Level 1:colcon.colcon_core.package_identification:_identify(Library/PackageCache/com.unity.modules.tilemap@1.0.0) by extension 'colcon_meta'
[12.627s] Level 1:colcon.colcon_core.package_identification:_identify(Library/PackageCache/com.unity.modules.tilemap@1.0.0) by extensions ['ros']
[12.628s] Level 1:colcon.colcon_core.package_identification:_identify(Library/PackageCache/com.unity.modules.tilemap@1.0.0) by extension 'ros'
[12.638s] Level 1:colcon.colcon_core.package_identification:_identify(Library/PackageCache/com.unity.modules.tilemap@1.0.0) by extensions ['cmake', 'python']
[12.639s] Level 1:colcon.colcon_core.package_identification:_identify(Library/PackageCache/com.unity.modules.tilemap@1.0.0) by extension 'cmake'
[12.642s] Level 1:colcon.colcon_core.package_identification:_identify(Library/PackageCache/com.unity.modules.tilemap@1.0.0) by extension 'python'
[12.645s] Level 1:colcon.colcon_core.package_identification:_identify(Library/PackageCache/com.unity.modules.tilemap@1.0.0) by extensions ['python_setup_py']
[12.646s] Level 1:colcon.colcon_core.package_identification:_identify(Library/PackageCache/com.unity.modules.tilemap@1.0.0) by extension 'python_setup_py'
[12.660s] Level 1:colcon.colcon_core.package_identification:_identify(Library/PackageCache/com.unity.modules.ui@1.0.0) by extensions ['ignore', 'ignore_ament_install']
[12.661s] Level 1:colcon.colcon_core.package_identification:_identify(Library/PackageCache/com.unity.modules.ui@1.0.0) by extension 'ignore'
[12.663s] Level 1:colcon.colcon_core.package_identification:_identify(Library/PackageCache/com.unity.modules.ui@1.0.0) by extension 'ignore_ament_install'
[12.668s] Level 1:colcon.colcon_core.package_identification:_identify(Library/PackageCache/com.unity.modules.ui@1.0.0) by extensions ['colcon_pkg']
[12.669s] Level 1:colcon.colcon_core.package_identification:_identify(Library/PackageCache/com.unity.modules.ui@1.0.0) by extension 'colcon_pkg'
[12.672s] Level 1:colcon.colcon_core.package_identification:_identify(Library/PackageCache/com.unity.modules.ui@1.0.0) by extensions ['colcon_meta']
[12.673s] Level 1:colcon.colcon_core.package_identification:_identify(Library/PackageCache/com.unity.modules.ui@1.0.0) by extension 'colcon_meta'
[12.677s] Level 1:colcon.colcon_core.package_identification:_identify(Library/PackageCache/com.unity.modules.ui@1.0.0) by extensions ['ros']
[12.677s] Level 1:colcon.colcon_core.package_identification:_identify(Library/PackageCache/com.unity.modules.ui@1.0.0) by extension 'ros'
[12.687s] Level 1:colcon.colcon_core.package_identification:_identify(Library/PackageCache/com.unity.modules.ui@1.0.0) by extensions ['cmake', 'python']
[12.687s] Level 1:colcon.colcon_core.package_identification:_identify(Library/PackageCache/com.unity.modules.ui@1.0.0) by extension 'cmake'
[12.690s] Level 1:colcon.colcon_core.package_identification:_identify(Library/PackageCache/com.unity.modules.ui@1.0.0) by extension 'python'
[12.693s] Level 1:colcon.colcon_core.package_identification:_identify(Library/PackageCache/com.unity.modules.ui@1.0.0) by extensions ['python_setup_py']
[12.694s] Level 1:colcon.colcon_core.package_identification:_identify(Library/PackageCache/com.unity.modules.ui@1.0.0) by extension 'python_setup_py'
[12.703s] Level 1:colcon.colcon_core.package_identification:_identify(Library/PackageCache/com.unity.modules.uielements@1.0.0) by extensions ['ignore', 'ignore_ament_install']
[12.704s] Level 1:colcon.colcon_core.package_identification:_identify(Library/PackageCache/com.unity.modules.uielements@1.0.0) by extension 'ignore'
[12.706s] Level 1:colcon.colcon_core.package_identification:_identify(Library/PackageCache/com.unity.modules.uielements@1.0.0) by extension 'ignore_ament_install'
[12.710s] Level 1:colcon.colcon_core.package_identification:_identify(Library/PackageCache/com.unity.modules.uielements@1.0.0) by extensions ['colcon_pkg']
[12.711s] Level 1:colcon.colcon_core.package_identification:_identify(Library/PackageCache/com.unity.modules.uielements@1.0.0) by extension 'colcon_pkg'
[12.714s] Level 1:colcon.colcon_core.package_identification:_identify(Library/PackageCache/com.unity.modules.uielements@1.0.0) by extensions ['colcon_meta']
[12.715s] Level 1:colcon.colcon_core.package_identification:_identify(Library/PackageCache/com.unity.modules.uielements@1.0.0) by extension 'colcon_meta'
[12.719s] Level 1:colcon.colcon_core.package_identification:_identify(Library/PackageCache/com.unity.modules.uielements@1.0.0) by extensions ['ros']
[12.720s] Level 1:colcon.colcon_core.package_identification:_identify(Library/PackageCache/com.unity.modules.uielements@1.0.0) by extension 'ros'
[12.729s] Level 1:colcon.colcon_core.package_identification:_identify(Library/PackageCache/com.unity.modules.uielements@1.0.0) by extensions ['cmake', 'python']
[12.730s] Level 1:colcon.colcon_core.package_identification:_identify(Library/PackageCache/com.unity.modules.uielements@1.0.0) by extension 'cmake'
[12.732s] Level 1:colcon.colcon_core.package_identification:_identify(Library/PackageCache/com.unity.modules.uielements@1.0.0) by extension 'python'
[12.735s] Level 1:colcon.colcon_core.package_identification:_identify(Library/PackageCache/com.unity.modules.uielements@1.0.0) by extensions ['python_setup_py']
[12.736s] Level 1:colcon.colcon_core.package_identification:_identify(Library/PackageCache/com.unity.modules.uielements@1.0.0) by extension 'python_setup_py'
[12.745s] Level 1:colcon.colcon_core.package_identification:_identify(Library/PackageCache/com.unity.modules.umbra@1.0.0) by extensions ['ignore', 'ignore_ament_install']
[12.746s] Level 1:colcon.colcon_core.package_identification:_identify(Library/PackageCache/com.unity.modules.umbra@1.0.0) by extension 'ignore'
[12.748s] Level 1:colcon.colcon_core.package_identification:_identify(Library/PackageCache/com.unity.modules.umbra@1.0.0) by extension 'ignore_ament_install'
[12.752s] Level 1:colcon.colcon_core.package_identification:_identify(Library/PackageCache/com.unity.modules.umbra@1.0.0) by extensions ['colcon_pkg']
[12.753s] Level 1:colcon.colcon_core.package_identification:_identify(Library/PackageCache/com.unity.modules.umbra@1.0.0) by extension 'colcon_pkg'
[12.756s] Level 1:colcon.colcon_core.package_identification:_identify(Library/PackageCache/com.unity.modules.umbra@1.0.0) by extensions ['colcon_meta']
[12.756s] Level 1:colcon.colcon_core.package_identification:_identify(Library/PackageCache/com.unity.modules.umbra@1.0.0) by extension 'colcon_meta'
[12.761s] Level 1:colcon.colcon_core.package_identification:_identify(Library/PackageCache/com.unity.modules.umbra@1.0.0) by extensions ['ros']
[12.762s] Level 1:colcon.colcon_core.package_identification:_identify(Library/PackageCache/com.unity.modules.umbra@1.0.0) by extension 'ros'
[12.773s] Level 1:colcon.colcon_core.package_identification:_identify(Library/PackageCache/com.unity.modules.umbra@1.0.0) by extensions ['cmake', 'python']
[12.774s] Level 1:colcon.colcon_core.package_identification:_identify(Library/PackageCache/com.unity.modules.umbra@1.0.0) by extension 'cmake'
[12.776s] Level 1:colcon.colcon_core.package_identification:_identify(Library/PackageCache/com.unity.modules.umbra@1.0.0) by extension 'python'
[12.779s] Level 1:colcon.colcon_core.package_identification:_identify(Library/PackageCache/com.unity.modules.umbra@1.0.0) by extensions ['python_setup_py']
[12.779s] Level 1:colcon.colcon_core.package_identification:_identify(Library/PackageCache/com.unity.modules.umbra@1.0.0) by extension 'python_setup_py'
[12.788s] Level 1:colcon.colcon_core.package_identification:_identify(Library/PackageCache/com.unity.modules.unityanalytics@1.0.0) by extensions ['ignore', 'ignore_ament_install']
[12.789s] Level 1:colcon.colcon_core.package_identification:_identify(Library/PackageCache/com.unity.modules.unityanalytics@1.0.0) by extension 'ignore'
[12.792s] Level 1:colcon.colcon_core.package_identification:_identify(Library/PackageCache/com.unity.modules.unityanalytics@1.0.0) by extension 'ignore_ament_install'
[12.797s] Level 1:colcon.colcon_core.package_identification:_identify(Library/PackageCache/com.unity.modules.unityanalytics@1.0.0) by extensions ['colcon_pkg']
[12.798s] Level 1:colcon.colcon_core.package_identification:_identify(Library/PackageCache/com.unity.modules.unityanalytics@1.0.0) by extension 'colcon_pkg'
[12.800s] Level 1:colcon.colcon_core.package_identification:_identify(Library/PackageCache/com.unity.modules.unityanalytics@1.0.0) by extensions ['colcon_meta']
[12.801s] Level 1:colcon.colcon_core.package_identification:_identify(Library/PackageCache/com.unity.modules.unityanalytics@1.0.0) by extension 'colcon_meta'
[12.806s] Level 1:colcon.colcon_core.package_identification:_identify(Library/PackageCache/com.unity.modules.unityanalytics@1.0.0) by extensions ['ros']
[12.807s] Level 1:colcon.colcon_core.package_identification:_identify(Library/PackageCache/com.unity.modules.unityanalytics@1.0.0) by extension 'ros'
[12.818s] Level 1:colcon.colcon_core.package_identification:_identify(Library/PackageCache/com.unity.modules.unityanalytics@1.0.0) by extensions ['cmake', 'python']
[12.819s] Level 1:colcon.colcon_core.package_identification:_identify(Library/PackageCache/com.unity.modules.unityanalytics@1.0.0) by extension 'cmake'
[12.822s] Level 1:colcon.colcon_core.package_identification:_identify(Library/PackageCache/com.unity.modules.unityanalytics@1.0.0) by extension 'python'
[12.824s] Level 1:colcon.colcon_core.package_identification:_identify(Library/PackageCache/com.unity.modules.unityanalytics@1.0.0) by extensions ['python_setup_py']
[12.825s] Level 1:colcon.colcon_core.package_identification:_identify(Library/PackageCache/com.unity.modules.unityanalytics@1.0.0) by extension 'python_setup_py'
[12.834s] Level 1:colcon.colcon_core.package_identification:_identify(Library/PackageCache/com.unity.modules.unitywebrequest@1.0.0) by extensions ['ignore', 'ignore_ament_install']
[12.835s] Level 1:colcon.colcon_core.package_identification:_identify(Library/PackageCache/com.unity.modules.unitywebrequest@1.0.0) by extension 'ignore'
[12.837s] Level 1:colcon.colcon_core.package_identification:_identify(Library/PackageCache/com.unity.modules.unitywebrequest@1.0.0) by extension 'ignore_ament_install'
[12.841s] Level 1:colcon.colcon_core.package_identification:_identify(Library/PackageCache/com.unity.modules.unitywebrequest@1.0.0) by extensions ['colcon_pkg']
[12.841s] Level 1:colcon.colcon_core.package_identification:_identify(Library/PackageCache/com.unity.modules.unitywebrequest@1.0.0) by extension 'colcon_pkg'
[12.844s] Level 1:colcon.colcon_core.package_identification:_identify(Library/PackageCache/com.unity.modules.unitywebrequest@1.0.0) by extensions ['colcon_meta']
[12.845s] Level 1:colcon.colcon_core.package_identification:_identify(Library/PackageCache/com.unity.modules.unitywebrequest@1.0.0) by extension 'colcon_meta'
[12.849s] Level 1:colcon.colcon_core.package_identification:_identify(Library/PackageCache/com.unity.modules.unitywebrequest@1.0.0) by extensions ['ros']
[12.850s] Level 1:colcon.colcon_core.package_identification:_identify(Library/PackageCache/com.unity.modules.unitywebrequest@1.0.0) by extension 'ros'
[12.861s] Level 1:colcon.colcon_core.package_identification:_identify(Library/PackageCache/com.unity.modules.unitywebrequest@1.0.0) by extensions ['cmake', 'python']
[12.862s] Level 1:colcon.colcon_core.package_identification:_identify(Library/PackageCache/com.unity.modules.unitywebrequest@1.0.0) by extension 'cmake'
[12.865s] Level 1:colcon.colcon_core.package_identification:_identify(Library/PackageCache/com.unity.modules.unitywebrequest@1.0.0) by extension 'python'
[12.867s] Level 1:colcon.colcon_core.package_identification:_identify(Library/PackageCache/com.unity.modules.unitywebrequest@1.0.0) by extensions ['python_setup_py']
[12.868s] Level 1:colcon.colcon_core.package_identification:_identify(Library/PackageCache/com.unity.modules.unitywebrequest@1.0.0) by extension 'python_setup_py'
[12.877s] Level 1:colcon.colcon_core.package_identification:_identify(Library/PackageCache/com.unity.modules.unitywebrequestassetbundle@1.0.0) by extensions ['ignore', 'ignore_ament_install']
[12.878s] Level 1:colcon.colcon_core.package_identification:_identify(Library/PackageCache/com.unity.modules.unitywebrequestassetbundle@1.0.0) by extension 'ignore'
[12.880s] Level 1:colcon.colcon_core.package_identification:_identify(Library/PackageCache/com.unity.modules.unitywebrequestassetbundle@1.0.0) by extension 'ignore_ament_install'
[12.884s] Level 1:colcon.colcon_core.package_identification:_identify(Library/PackageCache/com.unity.modules.unitywebrequestassetbundle@1.0.0) by extensions ['colcon_pkg']
[12.885s] Level 1:colcon.colcon_core.package_identification:_identify(Library/PackageCache/com.unity.modules.unitywebrequestassetbundle@1.0.0) by extension 'colcon_pkg'
[12.887s] Level 1:colcon.colcon_core.package_identification:_identify(Library/PackageCache/com.unity.modules.unitywebrequestassetbundle@1.0.0) by extensions ['colcon_meta']
[12.888s] Level 1:colcon.colcon_core.package_identification:_identify(Library/PackageCache/com.unity.modules.unitywebrequestassetbundle@1.0.0) by extension 'colcon_meta'
[12.892s] Level 1:colcon.colcon_core.package_identification:_identify(Library/PackageCache/com.unity.modules.unitywebrequestassetbundle@1.0.0) by extensions ['ros']
[12.892s] Level 1:colcon.colcon_core.package_identification:_identify(Library/PackageCache/com.unity.modules.unitywebrequestassetbundle@1.0.0) by extension 'ros'
[12.902s] Level 1:colcon.colcon_core.package_identification:_identify(Library/PackageCache/com.unity.modules.unitywebrequestassetbundle@1.0.0) by extensions ['cmake', 'python']
[12.902s] Level 1:colcon.colcon_core.package_identification:_identify(Library/PackageCache/com.unity.modules.unitywebrequestassetbundle@1.0.0) by extension 'cmake'
[12.905s] Level 1:colcon.colcon_core.package_identification:_identify(Library/PackageCache/com.unity.modules.unitywebrequestassetbundle@1.0.0) by extension 'python'
[12.907s] Level 1:colcon.colcon_core.package_identification:_identify(Library/PackageCache/com.unity.modules.unitywebrequestassetbundle@1.0.0) by extensions ['python_setup_py']
[12.908s] Level 1:colcon.colcon_core.package_identification:_identify(Library/PackageCache/com.unity.modules.unitywebrequestassetbundle@1.0.0) by extension 'python_setup_py'
[12.918s] Level 1:colcon.colcon_core.package_identification:_identify(Library/PackageCache/com.unity.modules.unitywebrequestaudio@1.0.0) by extensions ['ignore', 'ignore_ament_install']
[12.919s] Level 1:colcon.colcon_core.package_identification:_identify(Library/PackageCache/com.unity.modules.unitywebrequestaudio@1.0.0) by extension 'ignore'
[12.921s] Level 1:colcon.colcon_core.package_identification:_identify(Library/PackageCache/com.unity.modules.unitywebrequestaudio@1.0.0) by extension 'ignore_ament_install'
[12.927s] Level 1:colcon.colcon_core.package_identification:_identify(Library/PackageCache/com.unity.modules.unitywebrequestaudio@1.0.0) by extensions ['colcon_pkg']
[12.927s] Level 1:colcon.colcon_core.package_identification:_identify(Library/PackageCache/com.unity.modules.unitywebrequestaudio@1.0.0) by extension 'colcon_pkg'
[12.930s] Level 1:colcon.colcon_core.package_identification:_identify(Library/PackageCache/com.unity.modules.unitywebrequestaudio@1.0.0) by extensions ['colcon_meta']
[12.931s] Level 1:colcon.colcon_core.package_identification:_identify(Library/PackageCache/com.unity.modules.unitywebrequestaudio@1.0.0) by extension 'colcon_meta'
[12.936s] Level 1:colcon.colcon_core.package_identification:_identify(Library/PackageCache/com.unity.modules.unitywebrequestaudio@1.0.0) by extensions ['ros']
[12.936s] Level 1:colcon.colcon_core.package_identification:_identify(Library/PackageCache/com.unity.modules.unitywebrequestaudio@1.0.0) by extension 'ros'
[12.945s] Level 1:colcon.colcon_core.package_identification:_identify(Library/PackageCache/com.unity.modules.unitywebrequestaudio@1.0.0) by extensions ['cmake', 'python']
[12.946s] Level 1:colcon.colcon_core.package_identification:_identify(Library/PackageCache/com.unity.modules.unitywebrequestaudio@1.0.0) by extension 'cmake'
[12.948s] Level 1:colcon.colcon_core.package_identification:_identify(Library/PackageCache/com.unity.modules.unitywebrequestaudio@1.0.0) by extension 'python'
[12.951s] Level 1:colcon.colcon_core.package_identification:_identify(Library/PackageCache/com.unity.modules.unitywebrequestaudio@1.0.0) by extensions ['python_setup_py']
[12.951s] Level 1:colcon.colcon_core.package_identification:_identify(Library/PackageCache/com.unity.modules.unitywebrequestaudio@1.0.0) by extension 'python_setup_py'
[12.960s] Level 1:colcon.colcon_core.package_identification:_identify(Library/PackageCache/com.unity.modules.unitywebrequesttexture@1.0.0) by extensions ['ignore', 'ignore_ament_install']
[12.961s] Level 1:colcon.colcon_core.package_identification:_identify(Library/PackageCache/com.unity.modules.unitywebrequesttexture@1.0.0) by extension 'ignore'
[12.964s] Level 1:colcon.colcon_core.package_identification:_identify(Library/PackageCache/com.unity.modules.unitywebrequesttexture@1.0.0) by extension 'ignore_ament_install'
[12.969s] Level 1:colcon.colcon_core.package_identification:_identify(Library/PackageCache/com.unity.modules.unitywebrequesttexture@1.0.0) by extensions ['colcon_pkg']
[12.969s] Level 1:colcon.colcon_core.package_identification:_identify(Library/PackageCache/com.unity.modules.unitywebrequesttexture@1.0.0) by extension 'colcon_pkg'
[12.972s] Level 1:colcon.colcon_core.package_identification:_identify(Library/PackageCache/com.unity.modules.unitywebrequesttexture@1.0.0) by extensions ['colcon_meta']
[12.972s] Level 1:colcon.colcon_core.package_identification:_identify(Library/PackageCache/com.unity.modules.unitywebrequesttexture@1.0.0) by extension 'colcon_meta'
[12.976s] Level 1:colcon.colcon_core.package_identification:_identify(Library/PackageCache/com.unity.modules.unitywebrequesttexture@1.0.0) by extensions ['ros']
[12.977s] Level 1:colcon.colcon_core.package_identification:_identify(Library/PackageCache/com.unity.modules.unitywebrequesttexture@1.0.0) by extension 'ros'
[12.986s] Level 1:colcon.colcon_core.package_identification:_identify(Library/PackageCache/com.unity.modules.unitywebrequesttexture@1.0.0) by extensions ['cmake', 'python']
[12.986s] Level 1:colcon.colcon_core.package_identification:_identify(Library/PackageCache/com.unity.modules.unitywebrequesttexture@1.0.0) by extension 'cmake'
[12.989s] Level 1:colcon.colcon_core.package_identification:_identify(Library/PackageCache/com.unity.modules.unitywebrequesttexture@1.0.0) by extension 'python'
[12.992s] Level 1:colcon.colcon_core.package_identification:_identify(Library/PackageCache/com.unity.modules.unitywebrequesttexture@1.0.0) by extensions ['python_setup_py']
[12.993s] Level 1:colcon.colcon_core.package_identification:_identify(Library/PackageCache/com.unity.modules.unitywebrequesttexture@1.0.0) by extension 'python_setup_py'
[13.001s] Level 1:colcon.colcon_core.package_identification:_identify(Library/PackageCache/com.unity.modules.unitywebrequestwww@1.0.0) by extensions ['ignore', 'ignore_ament_install']
[13.002s] Level 1:colcon.colcon_core.package_identification:_identify(Library/PackageCache/com.unity.modules.unitywebrequestwww@1.0.0) by extension 'ignore'
[13.005s] Level 1:colcon.colcon_core.package_identification:_identify(Library/PackageCache/com.unity.modules.unitywebrequestwww@1.0.0) by extension 'ignore_ament_install'
[13.009s] Level 1:colcon.colcon_core.package_identification:_identify(Library/PackageCache/com.unity.modules.unitywebrequestwww@1.0.0) by extensions ['colcon_pkg']
[13.010s] Level 1:colcon.colcon_core.package_identification:_identify(Library/PackageCache/com.unity.modules.unitywebrequestwww@1.0.0) by extension 'colcon_pkg'
[13.012s] Level 1:colcon.colcon_core.package_identification:_identify(Library/PackageCache/com.unity.modules.unitywebrequestwww@1.0.0) by extensions ['colcon_meta']
[13.013s] Level 1:colcon.colcon_core.package_identification:_identify(Library/PackageCache/com.unity.modules.unitywebrequestwww@1.0.0) by extension 'colcon_meta'
[13.017s] Level 1:colcon.colcon_core.package_identification:_identify(Library/PackageCache/com.unity.modules.unitywebrequestwww@1.0.0) by extensions ['ros']
[13.017s] Level 1:colcon.colcon_core.package_identification:_identify(Library/PackageCache/com.unity.modules.unitywebrequestwww@1.0.0) by extension 'ros'
[13.030s] Level 1:colcon.colcon_core.package_identification:_identify(Library/PackageCache/com.unity.modules.unitywebrequestwww@1.0.0) by extensions ['cmake', 'python']
[13.031s] Level 1:colcon.colcon_core.package_identification:_identify(Library/PackageCache/com.unity.modules.unitywebrequestwww@1.0.0) by extension 'cmake'
[13.034s] Level 1:colcon.colcon_core.package_identification:_identify(Library/PackageCache/com.unity.modules.unitywebrequestwww@1.0.0) by extension 'python'
[13.037s] Level 1:colcon.colcon_core.package_identification:_identify(Library/PackageCache/com.unity.modules.unitywebrequestwww@1.0.0) by extensions ['python_setup_py']
[13.038s] Level 1:colcon.colcon_core.package_identification:_identify(Library/PackageCache/com.unity.modules.unitywebrequestwww@1.0.0) by extension 'python_setup_py'
[13.051s] Level 1:colcon.colcon_core.package_identification:_identify(Library/PackageCache/com.unity.modules.vehicles@1.0.0) by extensions ['ignore', 'ignore_ament_install']
[13.052s] Level 1:colcon.colcon_core.package_identification:_identify(Library/PackageCache/com.unity.modules.vehicles@1.0.0) by extension 'ignore'
[13.056s] Level 1:colcon.colcon_core.package_identification:_identify(Library/PackageCache/com.unity.modules.vehicles@1.0.0) by extension 'ignore_ament_install'
[13.060s] Level 1:colcon.colcon_core.package_identification:_identify(Library/PackageCache/com.unity.modules.vehicles@1.0.0) by extensions ['colcon_pkg']
[13.061s] Level 1:colcon.colcon_core.package_identification:_identify(Library/PackageCache/com.unity.modules.vehicles@1.0.0) by extension 'colcon_pkg'
[13.064s] Level 1:colcon.colcon_core.package_identification:_identify(Library/PackageCache/com.unity.modules.vehicles@1.0.0) by extensions ['colcon_meta']
[13.064s] Level 1:colcon.colcon_core.package_identification:_identify(Library/PackageCache/com.unity.modules.vehicles@1.0.0) by extension 'colcon_meta'
[13.069s] Level 1:colcon.colcon_core.package_identification:_identify(Library/PackageCache/com.unity.modules.vehicles@1.0.0) by extensions ['ros']
[13.070s] Level 1:colcon.colcon_core.package_identification:_identify(Library/PackageCache/com.unity.modules.vehicles@1.0.0) by extension 'ros'
[13.081s] Level 1:colcon.colcon_core.package_identification:_identify(Library/PackageCache/com.unity.modules.vehicles@1.0.0) by extensions ['cmake', 'python']
[13.081s] Level 1:colcon.colcon_core.package_identification:_identify(Library/PackageCache/com.unity.modules.vehicles@1.0.0) by extension 'cmake'
[13.085s] Level 1:colcon.colcon_core.package_identification:_identify(Library/PackageCache/com.unity.modules.vehicles@1.0.0) by extension 'python'
[13.089s] Level 1:colcon.colcon_core.package_identification:_identify(Library/PackageCache/com.unity.modules.vehicles@1.0.0) by extensions ['python_setup_py']
[13.089s] Level 1:colcon.colcon_core.package_identification:_identify(Library/PackageCache/com.unity.modules.vehicles@1.0.0) by extension 'python_setup_py'
[13.100s] Level 1:colcon.colcon_core.package_identification:_identify(Library/PackageCache/com.unity.modules.video@1.0.0) by extensions ['ignore', 'ignore_ament_install']
[13.101s] Level 1:colcon.colcon_core.package_identification:_identify(Library/PackageCache/com.unity.modules.video@1.0.0) by extension 'ignore'
[13.103s] Level 1:colcon.colcon_core.package_identification:_identify(Library/PackageCache/com.unity.modules.video@1.0.0) by extension 'ignore_ament_install'
[13.107s] Level 1:colcon.colcon_core.package_identification:_identify(Library/PackageCache/com.unity.modules.video@1.0.0) by extensions ['colcon_pkg']
[13.108s] Level 1:colcon.colcon_core.package_identification:_identify(Library/PackageCache/com.unity.modules.video@1.0.0) by extension 'colcon_pkg'
[13.110s] Level 1:colcon.colcon_core.package_identification:_identify(Library/PackageCache/com.unity.modules.video@1.0.0) by extensions ['colcon_meta']
[13.111s] Level 1:colcon.colcon_core.package_identification:_identify(Library/PackageCache/com.unity.modules.video@1.0.0) by extension 'colcon_meta'
[13.115s] Level 1:colcon.colcon_core.package_identification:_identify(Library/PackageCache/com.unity.modules.video@1.0.0) by extensions ['ros']
[13.115s] Level 1:colcon.colcon_core.package_identification:_identify(Library/PackageCache/com.unity.modules.video@1.0.0) by extension 'ros'
[13.126s] Level 1:colcon.colcon_core.package_identification:_identify(Library/PackageCache/com.unity.modules.video@1.0.0) by extensions ['cmake', 'python']
[13.127s] Level 1:colcon.colcon_core.package_identification:_identify(Library/PackageCache/com.unity.modules.video@1.0.0) by extension 'cmake'
[13.130s] Level 1:colcon.colcon_core.package_identification:_identify(Library/PackageCache/com.unity.modules.video@1.0.0) by extension 'python'
[13.132s] Level 1:colcon.colcon_core.package_identification:_identify(Library/PackageCache/com.unity.modules.video@1.0.0) by extensions ['python_setup_py']
[13.133s] Level 1:colcon.colcon_core.package_identification:_identify(Library/PackageCache/com.unity.modules.video@1.0.0) by extension 'python_setup_py'
[13.142s] Level 1:colcon.colcon_core.package_identification:_identify(Library/PackageCache/com.unity.modules.vr@1.0.0) by extensions ['ignore', 'ignore_ament_install']
[13.143s] Level 1:colcon.colcon_core.package_identification:_identify(Library/PackageCache/com.unity.modules.vr@1.0.0) by extension 'ignore'
[13.145s] Level 1:colcon.colcon_core.package_identification:_identify(Library/PackageCache/com.unity.modules.vr@1.0.0) by extension 'ignore_ament_install'
[13.149s] Level 1:colcon.colcon_core.package_identification:_identify(Library/PackageCache/com.unity.modules.vr@1.0.0) by extensions ['colcon_pkg']
[13.150s] Level 1:colcon.colcon_core.package_identification:_identify(Library/PackageCache/com.unity.modules.vr@1.0.0) by extension 'colcon_pkg'
[13.152s] Level 1:colcon.colcon_core.package_identification:_identify(Library/PackageCache/com.unity.modules.vr@1.0.0) by extensions ['colcon_meta']
[13.152s] Level 1:colcon.colcon_core.package_identification:_identify(Library/PackageCache/com.unity.modules.vr@1.0.0) by extension 'colcon_meta'
[13.156s] Level 1:colcon.colcon_core.package_identification:_identify(Library/PackageCache/com.unity.modules.vr@1.0.0) by extensions ['ros']
[13.157s] Level 1:colcon.colcon_core.package_identification:_identify(Library/PackageCache/com.unity.modules.vr@1.0.0) by extension 'ros'
[13.166s] Level 1:colcon.colcon_core.package_identification:_identify(Library/PackageCache/com.unity.modules.vr@1.0.0) by extensions ['cmake', 'python']
[13.166s] Level 1:colcon.colcon_core.package_identification:_identify(Library/PackageCache/com.unity.modules.vr@1.0.0) by extension 'cmake'
[13.169s] Level 1:colcon.colcon_core.package_identification:_identify(Library/PackageCache/com.unity.modules.vr@1.0.0) by extension 'python'
[13.171s] Level 1:colcon.colcon_core.package_identification:_identify(Library/PackageCache/com.unity.modules.vr@1.0.0) by extensions ['python_setup_py']
[13.172s] Level 1:colcon.colcon_core.package_identification:_identify(Library/PackageCache/com.unity.modules.vr@1.0.0) by extension 'python_setup_py'
[13.179s] Level 1:colcon.colcon_core.package_identification:_identify(Library/PackageCache/com.unity.modules.wind@1.0.0) by extensions ['ignore', 'ignore_ament_install']
[13.180s] Level 1:colcon.colcon_core.package_identification:_identify(Library/PackageCache/com.unity.modules.wind@1.0.0) by extension 'ignore'
[13.184s] Level 1:colcon.colcon_core.package_identification:_identify(Library/PackageCache/com.unity.modules.wind@1.0.0) by extension 'ignore_ament_install'
[13.188s] Level 1:colcon.colcon_core.package_identification:_identify(Library/PackageCache/com.unity.modules.wind@1.0.0) by extensions ['colcon_pkg']
[13.189s] Level 1:colcon.colcon_core.package_identification:_identify(Library/PackageCache/com.unity.modules.wind@1.0.0) by extension 'colcon_pkg'
[13.191s] Level 1:colcon.colcon_core.package_identification:_identify(Library/PackageCache/com.unity.modules.wind@1.0.0) by extensions ['colcon_meta']
[13.192s] Level 1:colcon.colcon_core.package_identification:_identify(Library/PackageCache/com.unity.modules.wind@1.0.0) by extension 'colcon_meta'
[13.197s] Level 1:colcon.colcon_core.package_identification:_identify(Library/PackageCache/com.unity.modules.wind@1.0.0) by extensions ['ros']
[13.198s] Level 1:colcon.colcon_core.package_identification:_identify(Library/PackageCache/com.unity.modules.wind@1.0.0) by extension 'ros'
[13.207s] Level 1:colcon.colcon_core.package_identification:_identify(Library/PackageCache/com.unity.modules.wind@1.0.0) by extensions ['cmake', 'python']
[13.208s] Level 1:colcon.colcon_core.package_identification:_identify(Library/PackageCache/com.unity.modules.wind@1.0.0) by extension 'cmake'
[13.211s] Level 1:colcon.colcon_core.package_identification:_identify(Library/PackageCache/com.unity.modules.wind@1.0.0) by extension 'python'
[13.214s] Level 1:colcon.colcon_core.package_identification:_identify(Library/PackageCache/com.unity.modules.wind@1.0.0) by extensions ['python_setup_py']
[13.214s] Level 1:colcon.colcon_core.package_identification:_identify(Library/PackageCache/com.unity.modules.wind@1.0.0) by extension 'python_setup_py'
[13.224s] Level 1:colcon.colcon_core.package_identification:_identify(Library/PackageCache/com.unity.modules.xr@1.0.0) by extensions ['ignore', 'ignore_ament_install']
[13.225s] Level 1:colcon.colcon_core.package_identification:_identify(Library/PackageCache/com.unity.modules.xr@1.0.0) by extension 'ignore'
[13.227s] Level 1:colcon.colcon_core.package_identification:_identify(Library/PackageCache/com.unity.modules.xr@1.0.0) by extension 'ignore_ament_install'
[13.232s] Level 1:colcon.colcon_core.package_identification:_identify(Library/PackageCache/com.unity.modules.xr@1.0.0) by extensions ['colcon_pkg']
[13.233s] Level 1:colcon.colcon_core.package_identification:_identify(Library/PackageCache/com.unity.modules.xr@1.0.0) by extension 'colcon_pkg'
[13.235s] Level 1:colcon.colcon_core.package_identification:_identify(Library/PackageCache/com.unity.modules.xr@1.0.0) by extensions ['colcon_meta']
[13.236s] Level 1:colcon.colcon_core.package_identification:_identify(Library/PackageCache/com.unity.modules.xr@1.0.0) by extension 'colcon_meta'
[13.241s] Level 1:colcon.colcon_core.package_identification:_identify(Library/PackageCache/com.unity.modules.xr@1.0.0) by extensions ['ros']
[13.242s] Level 1:colcon.colcon_core.package_identification:_identify(Library/PackageCache/com.unity.modules.xr@1.0.0) by extension 'ros'
[13.252s] Level 1:colcon.colcon_core.package_identification:_identify(Library/PackageCache/com.unity.modules.xr@1.0.0) by extensions ['cmake', 'python']
[13.253s] Level 1:colcon.colcon_core.package_identification:_identify(Library/PackageCache/com.unity.modules.xr@1.0.0) by extension 'cmake'
[13.256s] Level 1:colcon.colcon_core.package_identification:_identify(Library/PackageCache/com.unity.modules.xr@1.0.0) by extension 'python'
[13.258s] Level 1:colcon.colcon_core.package_identification:_identify(Library/PackageCache/com.unity.modules.xr@1.0.0) by extensions ['python_setup_py']
[13.259s] Level 1:colcon.colcon_core.package_identification:_identify(Library/PackageCache/com.unity.modules.xr@1.0.0) by extension 'python_setup_py'
[13.265s] Level 1:colcon.colcon_core.package_identification:_identify(Library/PackageManager) by extensions ['ignore', 'ignore_ament_install']
[13.266s] Level 1:colcon.colcon_core.package_identification:_identify(Library/PackageManager) by extension 'ignore'
[13.268s] Level 1:colcon.colcon_core.package_identification:_identify(Library/PackageManager) by extension 'ignore_ament_install'
[13.271s] Level 1:colcon.colcon_core.package_identification:_identify(Library/PackageManager) by extensions ['colcon_pkg']
[13.272s] Level 1:colcon.colcon_core.package_identification:_identify(Library/PackageManager) by extension 'colcon_pkg'
[13.274s] Level 1:colcon.colcon_core.package_identification:_identify(Library/PackageManager) by extensions ['colcon_meta']
[13.275s] Level 1:colcon.colcon_core.package_identification:_identify(Library/PackageManager) by extension 'colcon_meta'
[13.278s] Level 1:colcon.colcon_core.package_identification:_identify(Library/PackageManager) by extensions ['ros']
[13.278s] Level 1:colcon.colcon_core.package_identification:_identify(Library/PackageManager) by extension 'ros'
[13.285s] Level 1:colcon.colcon_core.package_identification:_identify(Library/PackageManager) by extensions ['cmake', 'python']
[13.285s] Level 1:colcon.colcon_core.package_identification:_identify(Library/PackageManager) by extension 'cmake'
[13.288s] Level 1:colcon.colcon_core.package_identification:_identify(Library/PackageManager) by extension 'python'
[13.290s] Level 1:colcon.colcon_core.package_identification:_identify(Library/PackageManager) by extensions ['python_setup_py']
[13.291s] Level 1:colcon.colcon_core.package_identification:_identify(Library/PackageManager) by extension 'python_setup_py'
[13.298s] Level 1:colcon.colcon_core.package_identification:_identify(Library/ScriptAssemblies) by extensions ['ignore', 'ignore_ament_install']
[13.299s] Level 1:colcon.colcon_core.package_identification:_identify(Library/ScriptAssemblies) by extension 'ignore'
[13.301s] Level 1:colcon.colcon_core.package_identification:_identify(Library/ScriptAssemblies) by extension 'ignore_ament_install'
[13.304s] Level 1:colcon.colcon_core.package_identification:_identify(Library/ScriptAssemblies) by extensions ['colcon_pkg']
[13.305s] Level 1:colcon.colcon_core.package_identification:_identify(Library/ScriptAssemblies) by extension 'colcon_pkg'
[13.307s] Level 1:colcon.colcon_core.package_identification:_identify(Library/ScriptAssemblies) by extensions ['colcon_meta']
[13.308s] Level 1:colcon.colcon_core.package_identification:_identify(Library/ScriptAssemblies) by extension 'colcon_meta'
[13.311s] Level 1:colcon.colcon_core.package_identification:_identify(Library/ScriptAssemblies) by extensions ['ros']
[13.311s] Level 1:colcon.colcon_core.package_identification:_identify(Library/ScriptAssemblies) by extension 'ros'
[13.317s] Level 1:colcon.colcon_core.package_identification:_identify(Library/ScriptAssemblies) by extensions ['cmake', 'python']
[13.318s] Level 1:colcon.colcon_core.package_identification:_identify(Library/ScriptAssemblies) by extension 'cmake'
[13.320s] Level 1:colcon.colcon_core.package_identification:_identify(Library/ScriptAssemblies) by extension 'python'
[13.322s] Level 1:colcon.colcon_core.package_identification:_identify(Library/ScriptAssemblies) by extensions ['python_setup_py']
[13.323s] Level 1:colcon.colcon_core.package_identification:_identify(Library/ScriptAssemblies) by extension 'python_setup_py'
[13.329s] Level 1:colcon.colcon_core.package_identification:_identify(Library/ShaderCache) by extensions ['ignore', 'ignore_ament_install']
[13.330s] Level 1:colcon.colcon_core.package_identification:_identify(Library/ShaderCache) by extension 'ignore'
[13.332s] Level 1:colcon.colcon_core.package_identification:_identify(Library/ShaderCache) by extension 'ignore_ament_install'
[13.335s] Level 1:colcon.colcon_core.package_identification:_identify(Library/ShaderCache) by extensions ['colcon_pkg']
[13.336s] Level 1:colcon.colcon_core.package_identification:_identify(Library/ShaderCache) by extension 'colcon_pkg'
[13.338s] Level 1:colcon.colcon_core.package_identification:_identify(Library/ShaderCache) by extensions ['colcon_meta']
[13.339s] Level 1:colcon.colcon_core.package_identification:_identify(Library/ShaderCache) by extension 'colcon_meta'
[13.341s] Level 1:colcon.colcon_core.package_identification:_identify(Library/ShaderCache) by extensions ['ros']
[13.342s] Level 1:colcon.colcon_core.package_identification:_identify(Library/ShaderCache) by extension 'ros'
[13.348s] Level 1:colcon.colcon_core.package_identification:_identify(Library/ShaderCache) by extensions ['cmake', 'python']
[13.349s] Level 1:colcon.colcon_core.package_identification:_identify(Library/ShaderCache) by extension 'cmake'
[13.351s] Level 1:colcon.colcon_core.package_identification:_identify(Library/ShaderCache) by extension 'python'
[13.353s] Level 1:colcon.colcon_core.package_identification:_identify(Library/ShaderCache) by extensions ['python_setup_py']
[13.354s] Level 1:colcon.colcon_core.package_identification:_identify(Library/ShaderCache) by extension 'python_setup_py'
[13.360s] Level 1:colcon.colcon_core.package_identification:_identify(Library/TempArtifacts) by extensions ['ignore', 'ignore_ament_install']
[13.360s] Level 1:colcon.colcon_core.package_identification:_identify(Library/TempArtifacts) by extension 'ignore'
[13.362s] Level 1:colcon.colcon_core.package_identification:_identify(Library/TempArtifacts) by extension 'ignore_ament_install'
[13.366s] Level 1:colcon.colcon_core.package_identification:_identify(Library/TempArtifacts) by extensions ['colcon_pkg']
[13.366s] Level 1:colcon.colcon_core.package_identification:_identify(Library/TempArtifacts) by extension 'colcon_pkg'
[13.368s] Level 1:colcon.colcon_core.package_identification:_identify(Library/TempArtifacts) by extensions ['colcon_meta']
[13.369s] Level 1:colcon.colcon_core.package_identification:_identify(Library/TempArtifacts) by extension 'colcon_meta'
[13.371s] Level 1:colcon.colcon_core.package_identification:_identify(Library/TempArtifacts) by extensions ['ros']
[13.372s] Level 1:colcon.colcon_core.package_identification:_identify(Library/TempArtifacts) by extension 'ros'
[13.378s] Level 1:colcon.colcon_core.package_identification:_identify(Library/TempArtifacts) by extensions ['cmake', 'python']
[13.379s] Level 1:colcon.colcon_core.package_identification:_identify(Library/TempArtifacts) by extension 'cmake'
[13.381s] Level 1:colcon.colcon_core.package_identification:_identify(Library/TempArtifacts) by extension 'python'
[13.383s] Level 1:colcon.colcon_core.package_identification:_identify(Library/TempArtifacts) by extensions ['python_setup_py']
[13.384s] Level 1:colcon.colcon_core.package_identification:_identify(Library/TempArtifacts) by extension 'python_setup_py'
[13.392s] Level 1:colcon.colcon_core.package_identification:_identify(Library/TempArtifacts/Extra) by extensions ['ignore', 'ignore_ament_install']
[13.393s] Level 1:colcon.colcon_core.package_identification:_identify(Library/TempArtifacts/Extra) by extension 'ignore'
[13.395s] Level 1:colcon.colcon_core.package_identification:_identify(Library/TempArtifacts/Extra) by extension 'ignore_ament_install'
[13.400s] Level 1:colcon.colcon_core.package_identification:_identify(Library/TempArtifacts/Extra) by extensions ['colcon_pkg']
[13.400s] Level 1:colcon.colcon_core.package_identification:_identify(Library/TempArtifacts/Extra) by extension 'colcon_pkg'
[13.402s] Level 1:colcon.colcon_core.package_identification:_identify(Library/TempArtifacts/Extra) by extensions ['colcon_meta']
[13.403s] Level 1:colcon.colcon_core.package_identification:_identify(Library/TempArtifacts/Extra) by extension 'colcon_meta'
[13.406s] Level 1:colcon.colcon_core.package_identification:_identify(Library/TempArtifacts/Extra) by extensions ['ros']
[13.407s] Level 1:colcon.colcon_core.package_identification:_identify(Library/TempArtifacts/Extra) by extension 'ros'
[13.415s] Level 1:colcon.colcon_core.package_identification:_identify(Library/TempArtifacts/Extra) by extensions ['cmake', 'python']
[13.416s] Level 1:colcon.colcon_core.package_identification:_identify(Library/TempArtifacts/Extra) by extension 'cmake'
[13.417s] Level 1:colcon.colcon_core.package_identification:_identify(Library/TempArtifacts/Extra) by extension 'python'
[13.419s] Level 1:colcon.colcon_core.package_identification:_identify(Library/TempArtifacts/Extra) by extensions ['python_setup_py']
[13.420s] Level 1:colcon.colcon_core.package_identification:_identify(Library/TempArtifacts/Extra) by extension 'python_setup_py'
[13.431s] Level 1:colcon.colcon_core.package_identification:_identify(Library/TempArtifacts/Primary) by extensions ['ignore', 'ignore_ament_install']
[13.432s] Level 1:colcon.colcon_core.package_identification:_identify(Library/TempArtifacts/Primary) by extension 'ignore'
[13.434s] Level 1:colcon.colcon_core.package_identification:_identify(Library/TempArtifacts/Primary) by extension 'ignore_ament_install'
[13.439s] Level 1:colcon.colcon_core.package_identification:_identify(Library/TempArtifacts/Primary) by extensions ['colcon_pkg']
[13.439s] Level 1:colcon.colcon_core.package_identification:_identify(Library/TempArtifacts/Primary) by extension 'colcon_pkg'
[13.442s] Level 1:colcon.colcon_core.package_identification:_identify(Library/TempArtifacts/Primary) by extensions ['colcon_meta']
[13.443s] Level 1:colcon.colcon_core.package_identification:_identify(Library/TempArtifacts/Primary) by extension 'colcon_meta'
[13.448s] Level 1:colcon.colcon_core.package_identification:_identify(Library/TempArtifacts/Primary) by extensions ['ros']
[13.449s] Level 1:colcon.colcon_core.package_identification:_identify(Library/TempArtifacts/Primary) by extension 'ros'
[13.457s] Level 1:colcon.colcon_core.package_identification:_identify(Library/TempArtifacts/Primary) by extensions ['cmake', 'python']
[13.458s] Level 1:colcon.colcon_core.package_identification:_identify(Library/TempArtifacts/Primary) by extension 'cmake'
[13.461s] Level 1:colcon.colcon_core.package_identification:_identify(Library/TempArtifacts/Primary) by extension 'python'
[13.463s] Level 1:colcon.colcon_core.package_identification:_identify(Library/TempArtifacts/Primary) by extensions ['python_setup_py']
[13.464s] Level 1:colcon.colcon_core.package_identification:_identify(Library/TempArtifacts/Primary) by extension 'python_setup_py'
[13.469s] Level 1:colcon.colcon_core.package_identification:_identify(Logs) by extensions ['ignore', 'ignore_ament_install']
[13.470s] Level 1:colcon.colcon_core.package_identification:_identify(Logs) by extension 'ignore'
[13.472s] Level 1:colcon.colcon_core.package_identification:_identify(Logs) by extension 'ignore_ament_install'
[13.474s] Level 1:colcon.colcon_core.package_identification:_identify(Logs) by extensions ['colcon_pkg']
[13.475s] Level 1:colcon.colcon_core.package_identification:_identify(Logs) by extension 'colcon_pkg'
[13.477s] Level 1:colcon.colcon_core.package_identification:_identify(Logs) by extensions ['colcon_meta']
[13.477s] Level 1:colcon.colcon_core.package_identification:_identify(Logs) by extension 'colcon_meta'
[13.479s] Level 1:colcon.colcon_core.package_identification:_identify(Logs) by extensions ['ros']
[13.479s] Level 1:colcon.colcon_core.package_identification:_identify(Logs) by extension 'ros'
[13.484s] Level 1:colcon.colcon_core.package_identification:_identify(Logs) by extensions ['cmake', 'python']
[13.485s] Level 1:colcon.colcon_core.package_identification:_identify(Logs) by extension 'cmake'
[13.486s] Level 1:colcon.colcon_core.package_identification:_identify(Logs) by extension 'python'
[13.488s] Level 1:colcon.colcon_core.package_identification:_identify(Logs) by extensions ['python_setup_py']
[13.489s] Level 1:colcon.colcon_core.package_identification:_identify(Logs) by extension 'python_setup_py'
[13.493s] Level 1:colcon.colcon_core.package_identification:_identify(Packages) by extensions ['ignore', 'ignore_ament_install']
[13.493s] Level 1:colcon.colcon_core.package_identification:_identify(Packages) by extension 'ignore'
[13.495s] Level 1:colcon.colcon_core.package_identification:_identify(Packages) by extension 'ignore_ament_install'
[13.497s] Level 1:colcon.colcon_core.package_identification:_identify(Packages) by extensions ['colcon_pkg']
[13.498s] Level 1:colcon.colcon_core.package_identification:_identify(Packages) by extension 'colcon_pkg'
[13.499s] Level 1:colcon.colcon_core.package_identification:_identify(Packages) by extensions ['colcon_meta']
[13.500s] Level 1:colcon.colcon_core.package_identification:_identify(Packages) by extension 'colcon_meta'
[13.502s] Level 1:colcon.colcon_core.package_identification:_identify(Packages) by extensions ['ros']
[13.502s] Level 1:colcon.colcon_core.package_identification:_identify(Packages) by extension 'ros'
[13.506s] Level 1:colcon.colcon_core.package_identification:_identify(Packages) by extensions ['cmake', 'python']
[13.507s] Level 1:colcon.colcon_core.package_identification:_identify(Packages) by extension 'cmake'
[13.508s] Level 1:colcon.colcon_core.package_identification:_identify(Packages) by extension 'python'
[13.510s] Level 1:colcon.colcon_core.package_identification:_identify(Packages) by extensions ['python_setup_py']
[13.510s] Level 1:colcon.colcon_core.package_identification:_identify(Packages) by extension 'python_setup_py'
[13.515s] Level 1:colcon.colcon_core.package_identification:_identify(ProjectSettings) by extensions ['ignore', 'ignore_ament_install']
[13.516s] Level 1:colcon.colcon_core.package_identification:_identify(ProjectSettings) by extension 'ignore'
[13.517s] Level 1:colcon.colcon_core.package_identification:_identify(ProjectSettings) by extension 'ignore_ament_install'
[13.520s] Level 1:colcon.colcon_core.package_identification:_identify(ProjectSettings) by extensions ['colcon_pkg']
[13.521s] Level 1:colcon.colcon_core.package_identification:_identify(ProjectSettings) by extension 'colcon_pkg'
[13.522s] Level 1:colcon.colcon_core.package_identification:_identify(ProjectSettings) by extensions ['colcon_meta']
[13.523s] Level 1:colcon.colcon_core.package_identification:_identify(ProjectSettings) by extension 'colcon_meta'
[13.525s] Level 1:colcon.colcon_core.package_identification:_identify(ProjectSettings) by extensions ['ros']
[13.525s] Level 1:colcon.colcon_core.package_identification:_identify(ProjectSettings) by extension 'ros'
[13.529s] Level 1:colcon.colcon_core.package_identification:_identify(ProjectSettings) by extensions ['cmake', 'python']
[13.530s] Level 1:colcon.colcon_core.package_identification:_identify(ProjectSettings) by extension 'cmake'
[13.531s] Level 1:colcon.colcon_core.package_identification:_identify(ProjectSettings) by extension 'python'
[13.533s] Level 1:colcon.colcon_core.package_identification:_identify(ProjectSettings) by extensions ['python_setup_py']
[13.533s] Level 1:colcon.colcon_core.package_identification:_identify(ProjectSettings) by extension 'python_setup_py'
[13.538s] Level 1:colcon.colcon_core.package_identification:_identify(UserSettings) by extensions ['ignore', 'ignore_ament_install']
[13.539s] Level 1:colcon.colcon_core.package_identification:_identify(UserSettings) by extension 'ignore'
[13.541s] Level 1:colcon.colcon_core.package_identification:_identify(UserSettings) by extension 'ignore_ament_install'
[13.543s] Level 1:colcon.colcon_core.package_identification:_identify(UserSettings) by extensions ['colcon_pkg']
[13.544s] Level 1:colcon.colcon_core.package_identification:_identify(UserSettings) by extension 'colcon_pkg'
[13.545s] Level 1:colcon.colcon_core.package_identification:_identify(UserSettings) by extensions ['colcon_meta']
[13.546s] Level 1:colcon.colcon_core.package_identification:_identify(UserSettings) by extension 'colcon_meta'
[13.547s] Level 1:colcon.colcon_core.package_identification:_identify(UserSettings) by extensions ['ros']
[13.548s] Level 1:colcon.colcon_core.package_identification:_identify(UserSettings) by extension 'ros'
[13.552s] Level 1:colcon.colcon_core.package_identification:_identify(UserSettings) by extensions ['cmake', 'python']
[13.553s] Level 1:colcon.colcon_core.package_identification:_identify(UserSettings) by extension 'cmake'
[13.555s] Level 1:colcon.colcon_core.package_identification:_identify(UserSettings) by extension 'python'
[13.556s] Level 1:colcon.colcon_core.package_identification:_identify(UserSettings) by extensions ['python_setup_py']
[13.557s] Level 1:colcon.colcon_core.package_identification:_identify(UserSettings) by extension 'python_setup_py'
[13.561s] Level 1:colcon.colcon_core.package_identification:_identify(build) by extensions ['ignore', 'ignore_ament_install']
[13.561s] Level 1:colcon.colcon_core.package_identification:_identify(build) by extension 'ignore'
[13.563s] Level 1:colcon.colcon_core.package_identification:_identify(build) ignored
[13.567s] Level 1:colcon.colcon_core.package_identification:_identify(install) by extensions ['ignore', 'ignore_ament_install']
[13.568s] Level 1:colcon.colcon_core.package_identification:_identify(install) by extension 'ignore'
[13.569s] Level 1:colcon.colcon_core.package_identification:_identify(install) ignored
[13.575s] Level 1:colcon.colcon_core.package_identification:_identify(log) by extensions ['ignore', 'ignore_ament_install']
[13.575s] Level 1:colcon.colcon_core.package_identification:_identify(log) by extension 'ignore'
[13.577s] Level 1:colcon.colcon_core.package_identification:_identify(log) ignored
[13.581s] Level 1:colcon.colcon_core.package_identification:_identify(src) by extensions ['ignore', 'ignore_ament_install']
[13.582s] Level 1:colcon.colcon_core.package_identification:_identify(src) by extension 'ignore'
[13.583s] Level 1:colcon.colcon_core.package_identification:_identify(src) by extension 'ignore_ament_install'
[13.585s] Level 1:colcon.colcon_core.package_identification:_identify(src) by extensions ['colcon_pkg']
[13.585s] Level 1:colcon.colcon_core.package_identification:_identify(src) by extension 'colcon_pkg'
[13.586s] Level 1:colcon.colcon_core.package_identification:_identify(src) by extensions ['colcon_meta']
[13.586s] Level 1:colcon.colcon_core.package_identification:_identify(src) by extension 'colcon_meta'
[13.587s] Level 1:colcon.colcon_core.package_identification:_identify(src) by extensions ['ros']
[13.588s] Level 1:colcon.colcon_core.package_identification:_identify(src) by extension 'ros'
[13.592s] Level 1:colcon.colcon_core.package_identification:_identify(src) by extensions ['cmake', 'python']
[13.593s] Level 1:colcon.colcon_core.package_identification:_identify(src) by extension 'cmake'
[13.594s] Level 1:colcon.colcon_core.package_identification:_identify(src) by extension 'python'
[13.595s] Level 1:colcon.colcon_core.package_identification:_identify(src) by extensions ['python_setup_py']
[13.595s] Level 1:colcon.colcon_core.package_identification:_identify(src) by extension 'python_setup_py'
[13.602s] Level 1:colcon.colcon_core.package_identification:_identify(src/ROS-TCP-Endpoint) by extensions ['ignore', 'ignore_ament_install']
[13.602s] Level 1:colcon.colcon_core.package_identification:_identify(src/ROS-TCP-Endpoint) by extension 'ignore'
[13.604s] Level 1:colcon.colcon_core.package_identification:_identify(src/ROS-TCP-Endpoint) by extension 'ignore_ament_install'
[13.607s] Level 1:colcon.colcon_core.package_identification:_identify(src/ROS-TCP-Endpoint) by extensions ['colcon_pkg']
[13.608s] Level 1:colcon.colcon_core.package_identification:_identify(src/ROS-TCP-Endpoint) by extension 'colcon_pkg'
[13.610s] Level 1:colcon.colcon_core.package_identification:_identify(src/ROS-TCP-Endpoint) by extensions ['colcon_meta']
[13.610s] Level 1:colcon.colcon_core.package_identification:_identify(src/ROS-TCP-Endpoint) by extension 'colcon_meta'
[13.613s] Level 1:colcon.colcon_core.package_identification:_identify(src/ROS-TCP-Endpoint) by extensions ['ros']
[13.614s] Level 1:colcon.colcon_core.package_identification:_identify(src/ROS-TCP-Endpoint) by extension 'ros'
[13.634s] DEBUG:colcon.colcon_core.package_identification:Package 'src/ROS-TCP-Endpoint' with type 'ros.ament_python' and name 'ros_tcp_endpoint'
[13.643s] Level 1:colcon.colcon_core.package_identification:_identify(src/Universal_Robots_ROS2_Gazebo_Simulation) by extensions ['ignore', 'ignore_ament_install']
[13.644s] Level 1:colcon.colcon_core.package_identification:_identify(src/Universal_Robots_ROS2_Gazebo_Simulation) by extension 'ignore'
[13.647s] Level 1:colcon.colcon_core.package_identification:_identify(src/Universal_Robots_ROS2_Gazebo_Simulation) by extension 'ignore_ament_install'
[13.650s] Level 1:colcon.colcon_core.package_identification:_identify(src/Universal_Robots_ROS2_Gazebo_Simulation) by extensions ['colcon_pkg']
[13.651s] Level 1:colcon.colcon_core.package_identification:_identify(src/Universal_Robots_ROS2_Gazebo_Simulation) by extension 'colcon_pkg'
[13.653s] Level 1:colcon.colcon_core.package_identification:_identify(src/Universal_Robots_ROS2_Gazebo_Simulation) by extensions ['colcon_meta']
[13.654s] Level 1:colcon.colcon_core.package_identification:_identify(src/Universal_Robots_ROS2_Gazebo_Simulation) by extension 'colcon_meta'
[13.658s] Level 1:colcon.colcon_core.package_identification:_identify(src/Universal_Robots_ROS2_Gazebo_Simulation) by extensions ['ros']
[13.659s] Level 1:colcon.colcon_core.package_identification:_identify(src/Universal_Robots_ROS2_Gazebo_Simulation) by extension 'ros'
[13.666s] Level 1:colcon.colcon_core.package_identification:_identify(src/Universal_Robots_ROS2_Gazebo_Simulation) by extensions ['cmake', 'python']
[13.667s] Level 1:colcon.colcon_core.package_identification:_identify(src/Universal_Robots_ROS2_Gazebo_Simulation) by extension 'cmake'
[13.669s] Level 1:colcon.colcon_core.package_identification:_identify(src/Universal_Robots_ROS2_Gazebo_Simulation) by extension 'python'
[13.672s] Level 1:colcon.colcon_core.package_identification:_identify(src/Universal_Robots_ROS2_Gazebo_Simulation) by extensions ['python_setup_py']
[13.673s] Level 1:colcon.colcon_core.package_identification:_identify(src/Universal_Robots_ROS2_Gazebo_Simulation) by extension 'python_setup_py'
[13.682s] Level 1:colcon.colcon_core.package_identification:_identify(src/Universal_Robots_ROS2_Gazebo_Simulation/ur_simulation_gazebo) by extensions ['ignore', 'ignore_ament_install']
[13.683s] Level 1:colcon.colcon_core.package_identification:_identify(src/Universal_Robots_ROS2_Gazebo_Simulation/ur_simulation_gazebo) by extension 'ignore'
[13.686s] Level 1:colcon.colcon_core.package_identification:_identify(src/Universal_Robots_ROS2_Gazebo_Simulation/ur_simulation_gazebo) by extension 'ignore_ament_install'
[13.691s] Level 1:colcon.colcon_core.package_identification:_identify(src/Universal_Robots_ROS2_Gazebo_Simulation/ur_simulation_gazebo) by extensions ['colcon_pkg']
[13.692s] Level 1:colcon.colcon_core.package_identification:_identify(src/Universal_Robots_ROS2_Gazebo_Simulation/ur_simulation_gazebo) by extension 'colcon_pkg'
[13.695s] Level 1:colcon.colcon_core.package_identification:_identify(src/Universal_Robots_ROS2_Gazebo_Simulation/ur_simulation_gazebo) by extensions ['colcon_meta']
[13.696s] Level 1:colcon.colcon_core.package_identification:_identify(src/Universal_Robots_ROS2_Gazebo_Simulation/ur_simulation_gazebo) by extension 'colcon_meta'
[13.700s] Level 1:colcon.colcon_core.package_identification:_identify(src/Universal_Robots_ROS2_Gazebo_Simulation/ur_simulation_gazebo) by extensions ['ros']
[13.701s] Level 1:colcon.colcon_core.package_identification:_identify(src/Universal_Robots_ROS2_Gazebo_Simulation/ur_simulation_gazebo) by extension 'ros'
[13.723s] DEBUG:colcon.colcon_core.package_identification:Package 'src/Universal_Robots_ROS2_Gazebo_Simulation/ur_simulation_gazebo' with type 'ros.ament_cmake' and name 'ur_simulation_gazebo'
[13.731s] Level 1:colcon.colcon_core.package_identification:_identify(src/ur_lab) by extensions ['ignore', 'ignore_ament_install']
[13.732s] Level 1:colcon.colcon_core.package_identification:_identify(src/ur_lab) by extension 'ignore'
[13.734s] Level 1:colcon.colcon_core.package_identification:_identify(src/ur_lab) by extension 'ignore_ament_install'
[13.738s] Level 1:colcon.colcon_core.package_identification:_identify(src/ur_lab) by extensions ['colcon_pkg']
[13.739s] Level 1:colcon.colcon_core.package_identification:_identify(src/ur_lab) by extension 'colcon_pkg'
[13.742s] Level 1:colcon.colcon_core.package_identification:_identify(src/ur_lab) by extensions ['colcon_meta']
[13.743s] Level 1:colcon.colcon_core.package_identification:_identify(src/ur_lab) by extension 'colcon_meta'
[13.746s] Level 1:colcon.colcon_core.package_identification:_identify(src/ur_lab) by extensions ['ros']
[13.747s] Level 1:colcon.colcon_core.package_identification:_identify(src/ur_lab) by extension 'ros'
[13.761s] DEBUG:colcon.colcon_core.package_identification:Package 'src/ur_lab' with type 'ros.ament_python' and name 'ur_lab'
[13.767s] Level 1:colcon.colcon_core.package_identification:_identify(src/ur_lab_gazebo) by extensions ['ignore', 'ignore_ament_install']
[13.767s] Level 1:colcon.colcon_core.package_identification:_identify(src/ur_lab_gazebo) by extension 'ignore'
[13.769s] Level 1:colcon.colcon_core.package_identification:_identify(src/ur_lab_gazebo) by extension 'ignore_ament_install'
[13.772s] Level 1:colcon.colcon_core.package_identification:_identify(src/ur_lab_gazebo) by extensions ['colcon_pkg']
[13.773s] Level 1:colcon.colcon_core.package_identification:_identify(src/ur_lab_gazebo) by extension 'colcon_pkg'
[13.775s] Level 1:colcon.colcon_core.package_identification:_identify(src/ur_lab_gazebo) by extensions ['colcon_meta']
[13.775s] Level 1:colcon.colcon_core.package_identification:_identify(src/ur_lab_gazebo) by extension 'colcon_meta'
[13.778s] Level 1:colcon.colcon_core.package_identification:_identify(src/ur_lab_gazebo) by extensions ['ros']
[13.779s] Level 1:colcon.colcon_core.package_identification:_identify(src/ur_lab_gazebo) by extension 'ros'
[13.794s] DEBUG:colcon.colcon_core.package_identification:Package 'src/ur_lab_gazebo' with type 'ros.ament_cmake' and name 'ur_lab_gazebo'
[13.795s] Level 1:colcon.colcon_core.package_discovery:discover_packages(recursive) using defaults
[13.796s] Level 1:colcon.colcon_core.package_discovery:discover_packages(ignore) discover
[13.797s] Level 1:colcon.colcon_core.package_discovery:discover_packages(ignore) using defaults
[13.798s] Level 1:colcon.colcon_core.package_discovery:discover_packages(path) discover
[13.798s] Level 1:colcon.colcon_core.package_discovery:discover_packages(path) using defaults
[13.917s] INFO:colcon.colcon_core.package_selection:Skipping not selected package 'ur_lab' in 'src/ur_lab'
[13.918s] INFO:colcon.colcon_core.package_selection:Skipping not selected package 'ur_lab_gazebo' in 'src/ur_lab_gazebo'
[13.918s] INFO:colcon.colcon_core.package_selection:Skipping not selected package 'ur_simulation_gazebo' in 'src/Universal_Robots_ROS2_Gazebo_Simulation/ur_simulation_gazebo'
[13.920s] Level 1:colcon.colcon_core.package_discovery:discover_packages(prefix_path) check parameters
[13.921s] Level 1:colcon.colcon_core.package_discovery:discover_packages(prefix_path) discover
[13.997s] DEBUG:colcon.colcon_installed_package_information.package_discovery:Found 3 installed packages in /mnt/c/Users/Amir/Downloads/ros2_ws/install
[13.998s] DEBUG:colcon.colcon_installed_package_information.package_discovery:Found 343 installed packages in /opt/ros/humble
[14.000s] Level 1:colcon.colcon_core.package_discovery:discover_packages(prefix_path) using defaults
[14.083s] Level 5:colcon.colcon_core.verb:set package 'ros_tcp_endpoint' build argument 'cmake_args' from command line to 'None'
[14.084s] Level 5:colcon.colcon_core.verb:set package 'ros_tcp_endpoint' build argument 'cmake_target' from command line to 'None'
[14.085s] Level 5:colcon.colcon_core.verb:set package 'ros_tcp_endpoint' build argument 'cmake_target_skip_unavailable' from command line to 'False'
[14.085s] Level 5:colcon.colcon_core.verb:set package 'ros_tcp_endpoint' build argument 'cmake_clean_cache' from command line to 'False'
[14.086s] Level 5:colcon.colcon_core.verb:set package 'ros_tcp_endpoint' build argument 'cmake_clean_first' from command line to 'False'
[14.087s] Level 5:colcon.colcon_core.verb:set package 'ros_tcp_endpoint' build argument 'cmake_force_configure' from command line to 'False'
[14.088s] Level 5:colcon.colcon_core.verb:set package 'ros_tcp_endpoint' build argument 'ament_cmake_args' from command line to 'None'
[14.089s] Level 5:colcon.colcon_core.verb:set package 'ros_tcp_endpoint' build argument 'catkin_cmake_args' from command line to 'None'
[14.090s] Level 5:colcon.colcon_core.verb:set package 'ros_tcp_endpoint' build argument 'catkin_skip_building_tests' from command line to 'False'
[14.090s] DEBUG:colcon.colcon_core.verb:Building package 'ros_tcp_endpoint' with the following arguments: {'ament_cmake_args': None, 'build_base': '/mnt/c/Users/Amir/Downloads/ros2_ws/build/ros_tcp_endpoint', 'catkin_cmake_args': None, 'catkin_skip_building_tests': False, 'cmake_args': None, 'cmake_clean_cache': False, 'cmake_clean_first': False, 'cmake_force_configure': False, 'cmake_target': None, 'cmake_target_skip_unavailable': False, 'install_base': '/mnt/c/Users/Amir/Downloads/ros2_ws/install/ros_tcp_endpoint', 'merge_install': False, 'path': '/mnt/c/Users/Amir/Downloads/ros2_ws/src/ROS-TCP-Endpoint', 'symlink_install': True, 'test_result_base': None}
[14.091s] INFO:colcon.colcon_core.executor:Executing jobs using 'parallel' executor
[14.093s] DEBUG:colcon.colcon_parallel_executor.executor.parallel:run_until_complete
[14.094s] INFO:colcon.colcon_ros.task.ament_python.build:Building ROS package in '/mnt/c/Users/Amir/Downloads/ros2_ws/src/ROS-TCP-Endpoint' with build type 'ament_python'
[14.095s] Level 1:colcon.colcon_core.shell:create_environment_hook('ros_tcp_endpoint', 'ament_prefix_path')
[14.109s] INFO:colcon.colcon_core.plugin_system:Skipping extension 'colcon_core.shell.bat': Not used on non-Windows systems
[14.110s] INFO:colcon.colcon_core.shell:Creating environment hook '/mnt/c/Users/Amir/Downloads/ros2_ws/install/ros_tcp_endpoint/share/ros_tcp_endpoint/hook/ament_prefix_path.ps1'
[14.133s] INFO:colcon.colcon_core.shell:Creating environment descriptor '/mnt/c/Users/Amir/Downloads/ros2_ws/install/ros_tcp_endpoint/share/ros_tcp_endpoint/hook/ament_prefix_path.dsv'
[14.150s] INFO:colcon.colcon_core.shell:Creating environment hook '/mnt/c/Users/Amir/Downloads/ros2_ws/install/ros_tcp_endpoint/share/ros_tcp_endpoint/hook/ament_prefix_path.sh'
[14.166s] INFO:colcon.colcon_core.shell:Skip shell extension 'powershell' for command environment: Not usable outside of PowerShell
[14.168s] DEBUG:colcon.colcon_core.shell:Skip shell extension 'dsv' for command environment
[15.200s] INFO:colcon.colcon_core.task.python.build:Building Python package in '/mnt/c/Users/Amir/Downloads/ros2_ws/src/ROS-TCP-Endpoint'
[15.202s] INFO:colcon.colcon_core.shell:Skip shell extension 'powershell' for command environment: Not usable outside of PowerShell
[15.203s] DEBUG:colcon.colcon_core.shell:Skip shell extension 'dsv' for command environment
[17.330s] DEBUG:colcon.colcon_core.task.python.build:Available setuptools commands: install_egg_info, egg_info, dist_info, install_lib, upload, develop, build_scripts, install_headers, build, upload_docs, build_ext, test, update_catalog, bdist, bdist_rpm, extract_messages, install_data, install_scripts, check, symlink_data, saveopts, bdist_wheel, sdist, easy_install, init_catalog, register, compile_catalog, build_py, install, setopt, clean, rotate, bdist_dumb, bdist_egg, build_clib, alias
[18.802s] DEBUG:colcon.colcon_core.task.python.build:Available setuptools 'develop' options: --zip-ok, --dry-run, --always-copy, --local-snapshots-ok, --find-links, --no-find-links, --help, --install-dir, --prefix, --install-layout, --always-unzip, --exclude-scripts, --user, --no-deps, --optimize, --allow-hosts, --egg-path, --record, --uninstall, --build-directory, --editable, --multi-version, --site-dirs, --force-installation-into-system-dir, --quiet, --no-user-cfg, --upgrade, --version, --script-dir, --verbose, --index-url
[18.899s] DEBUG:colcon.colcon_core.event_handler.log_command:Invoking command in '/mnt/c/Users/Amir/Downloads/ros2_ws/build/ros_tcp_endpoint': PYTHONPATH=/mnt/c/Users/Amir/Downloads/ros2_ws/build/ros_tcp_endpoint/prefix_override:/usr/lib/python3/dist-packages/colcon_core/task/python/colcon_distutils_commands:/mnt/c/Users/Amir/Downloads/ros2_ws/install/ros_tcp_endpoint/lib/python3.10/site-packages:${PYTHONPATH} /usr/bin/python3 -W ignore:setup.py install is deprecated -W ignore:easy_install command is deprecated setup.py develop --editable --build-directory /mnt/c/Users/Amir/Downloads/ros2_ws/build/ros_tcp_endpoint/build --no-deps symlink_data
[21.082s] Level 1:colcon.colcon_core.shell:create_environment_hook('ros_tcp_endpoint', 'pythonpath_develop')
[21.083s] INFO:colcon.colcon_core.shell:Creating environment hook '/mnt/c/Users/Amir/Downloads/ros2_ws/build/ros_tcp_endpoint/share/ros_tcp_endpoint/hook/pythonpath_develop.ps1'
[21.084s] DEBUG:colcon.colcon_core.event_handler.log_command:Invoked command in '/mnt/c/Users/Amir/Downloads/ros2_ws/build/ros_tcp_endpoint' returned '0': PYTHONPATH=/mnt/c/Users/Amir/Downloads/ros2_ws/build/ros_tcp_endpoint/prefix_override:/usr/lib/python3/dist-packages/colcon_core/task/python/colcon_distutils_commands:/mnt/c/Users/Amir/Downloads/ros2_ws/install/ros_tcp_endpoint/lib/python3.10/site-packages:${PYTHONPATH} /usr/bin/python3 -W ignore:setup.py install is deprecated -W ignore:easy_install command is deprecated setup.py develop --editable --build-directory /mnt/c/Users/Amir/Downloads/ros2_ws/build/ros_tcp_endpoint/build --no-deps symlink_data
[21.107s] INFO:colcon.colcon_core.shell:Creating environment descriptor '/mnt/c/Users/Amir/Downloads/ros2_ws/build/ros_tcp_endpoint/share/ros_tcp_endpoint/hook/pythonpath_develop.dsv'
[21.124s] INFO:colcon.colcon_core.shell:Creating environment hook '/mnt/c/Users/Amir/Downloads/ros2_ws/build/ros_tcp_endpoint/share/ros_tcp_endpoint/hook/pythonpath_develop.sh'
[21.161s] Level 1:colcon.colcon_core.environment:checking '/mnt/c/Users/Amir/Downloads/ros2_ws/install/ros_tcp_endpoint' for CMake module files
[21.220s] Level 1:colcon.colcon_core.environment:checking '/mnt/c/Users/Amir/Downloads/ros2_ws/install/ros_tcp_endpoint' for CMake config files
[21.316s] Level 1:colcon.colcon_core.environment:checking '/mnt/c/Users/Amir/Downloads/ros2_ws/install/ros_tcp_endpoint/lib'
[21.326s] Level 1:colcon.colcon_core.environment:checking '/mnt/c/Users/Amir/Downloads/ros2_ws/install/ros_tcp_endpoint/bin'
[21.328s] Level 1:colcon.colcon_core.environment:checking '/mnt/c/Users/Amir/Downloads/ros2_ws/install/ros_tcp_endpoint/lib/pkgconfig/ros_tcp_endpoint.pc'
[21.331s] Level 1:colcon.colcon_core.environment:checking '/mnt/c/Users/Amir/Downloads/ros2_ws/install/ros_tcp_endpoint/lib/python3.10/site-packages'
[21.334s] Level 1:colcon.colcon_core.shell:create_environment_hook('ros_tcp_endpoint', 'pythonpath')
[21.336s] INFO:colcon.colcon_core.shell:Creating environment hook '/mnt/c/Users/Amir/Downloads/ros2_ws/install/ros_tcp_endpoint/share/ros_tcp_endpoint/hook/pythonpath.ps1'
[21.352s] INFO:colcon.colcon_core.shell:Creating environment descriptor '/mnt/c/Users/Amir/Downloads/ros2_ws/install/ros_tcp_endpoint/share/ros_tcp_endpoint/hook/pythonpath.dsv'
[21.370s] INFO:colcon.colcon_core.shell:Creating environment hook '/mnt/c/Users/Amir/Downloads/ros2_ws/install/ros_tcp_endpoint/share/ros_tcp_endpoint/hook/pythonpath.sh'
[21.390s] Level 1:colcon.colcon_core.environment:checking '/mnt/c/Users/Amir/Downloads/ros2_ws/install/ros_tcp_endpoint/bin'
[21.394s] Level 1:colcon.colcon_core.environment:create_environment_scripts_only(ros_tcp_endpoint)
[21.395s] INFO:colcon.colcon_core.shell:Creating package script '/mnt/c/Users/Amir/Downloads/ros2_ws/install/ros_tcp_endpoint/share/ros_tcp_endpoint/package.ps1'
[21.415s] INFO:colcon.colcon_core.shell:Creating package descriptor '/mnt/c/Users/Amir/Downloads/ros2_ws/install/ros_tcp_endpoint/share/ros_tcp_endpoint/package.dsv'
[21.434s] INFO:colcon.colcon_core.shell:Creating package script '/mnt/c/Users/Amir/Downloads/ros2_ws/install/ros_tcp_endpoint/share/ros_tcp_endpoint/package.sh'
[21.454s] INFO:colcon.colcon_core.shell:Creating package script '/mnt/c/Users/Amir/Downloads/ros2_ws/install/ros_tcp_endpoint/share/ros_tcp_endpoint/package.bash'
[21.470s] INFO:colcon.colcon_core.shell:Creating package script '/mnt/c/Users/Amir/Downloads/ros2_ws/install/ros_tcp_endpoint/share/ros_tcp_endpoint/package.zsh'
[21.489s] Level 1:colcon.colcon_core.environment:create_file_with_runtime_dependencies(/mnt/c/Users/Amir/Downloads/ros2_ws/install/ros_tcp_endpoint/share/colcon-core/packages/ros_tcp_endpoint)
[21.506s] DEBUG:colcon.colcon_parallel_executor.executor.parallel:closing loop
[21.508s] DEBUG:colcon.colcon_parallel_executor.executor.parallel:loop closed
[21.509s] DEBUG:colcon.colcon_parallel_executor.executor.parallel:run_until_complete finished with '0'
[21.509s] DEBUG:colcon.colcon_core.event_reactor:joining thread
[21.561s] INFO:colcon.colcon_core.plugin_system:Skipping extension 'colcon_notification.desktop_notification.terminal_notifier': Not used on non-Darwin systems
[21.562s] INFO:colcon.colcon_core.plugin_system:Skipping extension 'colcon_notification.desktop_notification.win32': Not used on non-Windows systems
[21.563s] INFO:colcon.colcon_notification.desktop_notification:Sending desktop notification using 'notify2'
[21.567s] DEBUG:colcon.colcon_notification.desktop_notification.notify2:Failed to initialize notify2: org.freedesktop.DBus.Error.ServiceUnknown: The name org.freedesktop.Notifications was not provided by any .service files
[21.568s] DEBUG:colcon.colcon_core.event_reactor:joined thread
[21.569s] INFO:colcon.colcon_core.shell:Creating prefix script '/mnt/c/Users/Amir/Downloads/ros2_ws/install/local_setup.ps1'
[21.581s] INFO:colcon.colcon_core.shell:Creating prefix util module '/mnt/c/Users/Amir/Downloads/ros2_ws/install/_local_setup_util_ps1.py'
[21.590s] INFO:colcon.colcon_core.shell:Creating prefix chain script '/mnt/c/Users/Amir/Downloads/ros2_ws/install/setup.ps1'
[21.646s] INFO:colcon.colcon_core.shell:Creating prefix script '/mnt/c/Users/Amir/Downloads/ros2_ws/install/local_setup.sh'
[21.656s] INFO:colcon.colcon_core.shell:Creating prefix util module '/mnt/c/Users/Amir/Downloads/ros2_ws/install/_local_setup_util_sh.py'
[21.668s] INFO:colcon.colcon_core.shell:Creating prefix chain script '/mnt/c/Users/Amir/Downloads/ros2_ws/install/setup.sh'
[21.723s] INFO:colcon.colcon_core.shell:Creating prefix script '/mnt/c/Users/Amir/Downloads/ros2_ws/install/local_setup.bash'
[21.736s] INFO:colcon.colcon_core.shell:Creating prefix chain script '/mnt/c/Users/Amir/Downloads/ros2_ws/install/setup.bash'
[21.793s] INFO:colcon.colcon_core.shell:Creating prefix script '/mnt/c/Users/Amir/Downloads/ros2_ws/install/local_setup.zsh'
[21.805s] INFO:colcon.colcon_core.shell:Creating prefix chain script '/mnt/c/Users/Amir/Downloads/ros2_ws/install/setup.zsh'
