[0.725s] DEBUG:colcon:Command line arguments: ['/usr/bin/colcon', 'build', '--symlink-install', '--packages-select', 'ur_lab_unity_bridge']
[0.726s] DEBUG:colcon:Parsed command line arguments: Namespace(log_base=None, log_level=None, verb_name='build', build_base='build', install_base='install', merge_install=False, symlink_install=True, test_result_base=None, continue_on_error=False, executor='parallel', parallel_workers=16, event_handlers=None, ignore_user_meta=False, metas=['./colcon.meta'], base_paths=['.'], packages_ignore=None, packages_ignore_regex=None, paths=None, packages_up_to=None, packages_up_to_regex=None, packages_above=None, packages_above_and_dependencies=None, packages_above_depth=None, packages_select_by_dep=None, packages_skip_by_dep=None, packages_skip_up_to=None, packages_select_build_failed=False, packages_skip_build_finished=False, packages_select_test_failures=False, packages_skip_test_passed=False, packages_select=['ur_lab_unity_bridge'], packages_skip=None, packages_select_regex=None, packages_skip_regex=None, packages_start=None, packages_end=None, allow_overriding=[], cmake_args=None, cmake_target=None, cmake_target_skip_unavailable=False, cmake_clean_cache=False, cmake_clean_first=False, cmake_force_configure=False, ament_cmake_args=None, catkin_cmake_args=None, catkin_skip_building_tests=False, mixin_files=None, mixin=None, verb_parser=<colcon_mixin.mixin.mixin_argument.MixinArgumentDecorator object at 0x74441f92f370>, verb_extension=<colcon_core.verb.build.BuildVerb object at 0x74441fa94430>, main=<bound method BuildVerb.main of <colcon_core.verb.build.BuildVerb object at 0x74441fa94430>>, mixin_verb=('build',))
[1.240s] Level 1:colcon.colcon_core.package_discovery:discover_packages(colcon_meta) check parameters
[1.241s] Level 1:colcon.colcon_core.package_discovery:discover_packages(recursive) check parameters
[1.242s] Level 1:colcon.colcon_core.package_discovery:discover_packages(ignore) check parameters
[1.242s] Level 1:colcon.colcon_core.package_discovery:discover_packages(path) check parameters
[1.243s] Level 1:colcon.colcon_core.package_discovery:discover_packages(colcon_meta) discover
[1.243s] Level 1:colcon.colcon_core.package_discovery:discover_packages(recursive) discover
[1.244s] INFO:colcon.colcon_core.package_discovery:Crawling recursively for packages in '/mnt/c/Users/Amir/Downloads/ros2_ws'
[1.246s] Level 1:colcon.colcon_core.package_identification:_identify(.) by extensions ['ignore', 'ignore_ament_install']
[1.247s] Level 1:colcon.colcon_core.package_identification:_identify(.) by extension 'ignore'
[1.247s] Level 1:colcon.colcon_core.package_identification:_identify(.) by extension 'ignore_ament_install'
[1.248s] Level 1:colcon.colcon_core.package_identification:_identify(.) by extensions ['colcon_pkg']
[1.249s] Level 1:colcon.colcon_core.package_identification:_identify(.) by extension 'colcon_pkg'
[1.250s] Level 1:colcon.colcon_core.package_identification:_identify(.) by extensions ['colcon_meta']
[1.250s] Level 1:colcon.colcon_core.package_identification:_identify(.) by extension 'colcon_meta'
[1.251s] Level 1:colcon.colcon_core.package_identification:_identify(.) by extensions ['ros']
[1.251s] Level 1:colcon.colcon_core.package_identification:_identify(.) by extension 'ros'
[1.271s] Level 1:colcon.colcon_core.package_identification:_identify(.) by extensions ['cmake', 'python']
[1.272s] Level 1:colcon.colcon_core.package_identification:_identify(.) by extension 'cmake'
[1.273s] Level 1:colcon.colcon_core.package_identification:_identify(.) by extension 'python'
[1.273s] Level 1:colcon.colcon_core.package_identification:_identify(.) by extensions ['python_setup_py']
[1.274s] Level 1:colcon.colcon_core.package_identification:_identify(.) by extension 'python_setup_py'
[1.278s] Level 1:colcon.colcon_core.package_identification:_identify(Assets) by extensions ['ignore', 'ignore_ament_install']
[1.278s] Level 1:colcon.colcon_core.package_identification:_identify(Assets) by extension 'ignore'
[1.280s] Level 1:colcon.colcon_core.package_identification:_identify(Assets) by extension 'ignore_ament_install'
[1.281s] Level 1:colcon.colcon_core.package_identification:_identify(Assets) by extensions ['colcon_pkg']
[1.282s] Level 1:colcon.colcon_core.package_identification:_identify(Assets) by extension 'colcon_pkg'
[1.283s] Level 1:colcon.colcon_core.package_identification:_identify(Assets) by extensions ['colcon_meta']
[1.284s] Level 1:colcon.colcon_core.package_identification:_identify(Assets) by extension 'colcon_meta'
[1.285s] Level 1:colcon.colcon_core.package_identification:_identify(Assets) by extensions ['ros']
[1.286s] Level 1:colcon.colcon_core.package_identification:_identify(Assets) by extension 'ros'
[1.289s] Level 1:colcon.colcon_core.package_identification:_identify(Assets) by extensions ['cmake', 'python']
[1.289s] Level 1:colcon.colcon_core.package_identification:_identify(Assets) by extension 'cmake'
[1.291s] Level 1:colcon.colcon_core.package_identification:_identify(Assets) by extension 'python'
[1.292s] Level 1:colcon.colcon_core.package_identification:_identify(Assets) by extensions ['python_setup_py']
[1.292s] Level 1:colcon.colcon_core.package_identification:_identify(Assets) by extension 'python_setup_py'
[1.296s] Level 1:colcon.colcon_core.package_identification:_identify(Library) by extensions ['ignore', 'ignore_ament_install']
[1.297s] Level 1:colcon.colcon_core.package_identification:_identify(Library) by extension 'ignore'
[1.298s] Level 1:colcon.colcon_core.package_identification:_identify(Library) by extension 'ignore_ament_install'
[1.301s] Level 1:colcon.colcon_core.package_identification:_identify(Library) by extensions ['colcon_pkg']
[1.301s] Level 1:colcon.colcon_core.package_identification:_identify(Library) by extension 'colcon_pkg'
[1.302s] Level 1:colcon.colcon_core.package_identification:_identify(Library) by extensions ['colcon_meta']
[1.303s] Level 1:colcon.colcon_core.package_identification:_identify(Library) by extension 'colcon_meta'
[1.304s] Level 1:colcon.colcon_core.package_identification:_identify(Library) by extensions ['ros']
[1.305s] Level 1:colcon.colcon_core.package_identification:_identify(Library) by extension 'ros'
[1.308s] Level 1:colcon.colcon_core.package_identification:_identify(Library) by extensions ['cmake', 'python']
[1.309s] Level 1:colcon.colcon_core.package_identification:_identify(Library) by extension 'cmake'
[1.310s] Level 1:colcon.colcon_core.package_identification:_identify(Library) by extension 'python'
[1.311s] Level 1:colcon.colcon_core.package_identification:_identify(Library) by extensions ['python_setup_py']
[1.311s] Level 1:colcon.colcon_core.package_identification:_identify(Library) by extension 'python_setup_py'
[1.318s] Level 1:colcon.colcon_core.package_identification:_identify(Library/Artifacts) by extensions ['ignore', 'ignore_ament_install']
[1.319s] Level 1:colcon.colcon_core.package_identification:_identify(Library/Artifacts) by extension 'ignore'
[1.321s] Level 1:colcon.colcon_core.package_identification:_identify(Library/Artifacts) by extension 'ignore_ament_install'
[1.324s] Level 1:colcon.colcon_core.package_identification:_identify(Library/Artifacts) by extensions ['colcon_pkg']
[1.324s] Level 1:colcon.colcon_core.package_identification:_identify(Library/Artifacts) by extension 'colcon_pkg'
[1.326s] Level 1:colcon.colcon_core.package_identification:_identify(Library/Artifacts) by extensions ['colcon_meta']
[1.326s] Level 1:colcon.colcon_core.package_identification:_identify(Library/Artifacts) by extension 'colcon_meta'
[1.329s] Level 1:colcon.colcon_core.package_identification:_identify(Library/Artifacts) by extensions ['ros']
[1.330s] Level 1:colcon.colcon_core.package_identification:_identify(Library/Artifacts) by extension 'ros'
[1.336s] Level 1:colcon.colcon_core.package_identification:_identify(Library/Artifacts) by extensions ['cmake', 'python']
[1.336s] Level 1:colcon.colcon_core.package_identification:_identify(Library/Artifacts) by extension 'cmake'
[1.338s] Level 1:colcon.colcon_core.package_identification:_identify(Library/Artifacts) by extension 'python'
[1.340s] Level 1:colcon.colcon_core.package_identification:_identify(Library/Artifacts) by extensions ['python_setup_py']
[1.341s] Level 1:colcon.colcon_core.package_identification:_identify(Library/Artifacts) by extension 'python_setup_py'
[1.349s] Level 1:colcon.colcon_core.package_identification:_identify(Library/Artifacts/00) by extensions ['ignore', 'ignore_ament_install']
[1.350s] Level 1:colcon.colcon_core.package_identification:_identify(Library/Artifacts/00) by extension 'ignore'
[1.352s] Level 1:colcon.colcon_core.package_identification:_identify(Library/Artifacts/00) by extension 'ignore_ament_install'
[1.356s] Level 1:colcon.colcon_core.package_identification:_identify(Library/Artifacts/00) by extensions ['colcon_pkg']
[1.357s] Level 1:colcon.colcon_core.package_identification:_identify(Library/Artifacts/00) by extension 'colcon_pkg'
[1.359s] Level 1:colcon.colcon_core.package_identification:_identify(Library/Artifacts/00) by extensions ['colcon_meta']
[1.359s] Level 1:colcon.colcon_core.package_identification:_identify(Library/Artifacts/00) by extension 'colcon_meta'
[1.364s] Level 1:colcon.colcon_core.package_identification:_identify(Library/Artifacts/00) by extensions ['ros']
[1.365s] Level 1:colcon.colcon_core.package_identification:_identify(Library/Artifacts/00) by extension 'ros'
[1.374s] Level 1:colcon.colcon_core.package_identification:_identify(Library/Artifacts/00) by extensions ['cmake', 'python']
[1.375s] Level 1:colcon.colcon_core.package_identification:_identify(Library/Artifacts/00) by extension 'cmake'
[1.378s] Level 1:colcon.colcon_core.package_identification:_identify(Library/Artifacts/00) by extension 'python'
[1.380s] Level 1:colcon.colcon_core.package_identification:_identify(Library/Artifacts/00) by extensions ['python_setup_py']
[1.381s] Level 1:colcon.colcon_core.package_identification:_identify(Library/Artifacts/00) by extension 'python_setup_py'
[1.390s] Level 1:colcon.colcon_core.package_identification:_identify(Library/Artifacts/01) by extensions ['ignore', 'ignore_ament_install']
[1.391s] Level 1:colcon.colcon_core.package_identification:_identify(Library/Artifacts/01) by extension 'ignore'
[1.393s] Level 1:colcon.colcon_core.package_identification:_identify(Library/Artifacts/01) by extension 'ignore_ament_install'
[1.397s] Level 1:colcon.colcon_core.package_identification:_identify(Library/Artifacts/01) by extensions ['colcon_pkg']
[1.398s] Level 1:colcon.colcon_core.package_identification:_identify(Library/Artifacts/01) by extension 'colcon_pkg'
[1.400s] Level 1:colcon.colcon_core.package_identification:_identify(Library/Artifacts/01) by extensions ['colcon_meta']
[1.401s] Level 1:colcon.colcon_core.package_identification:_identify(Library/Artifacts/01) by extension 'colcon_meta'
[1.405s] Level 1:colcon.colcon_core.package_identification:_identify(Library/Artifacts/01) by extensions ['ros']
[1.406s] Level 1:colcon.colcon_core.package_identification:_identify(Library/Artifacts/01) by extension 'ros'
[1.414s] Level 1:colcon.colcon_core.package_identification:_identify(Library/Artifacts/01) by extensions ['cmake', 'python']
[1.415s] Level 1:colcon.colcon_core.package_identification:_identify(Library/Artifacts/01) by extension 'cmake'
[1.417s] Level 1:colcon.colcon_core.package_identification:_identify(Library/Artifacts/01) by extension 'python'
[1.419s] Level 1:colcon.colcon_core.package_identification:_identify(Library/Artifacts/01) by extensions ['python_setup_py']
[1.420s] Level 1:colcon.colcon_core.package_identification:_identify(Library/Artifacts/01) by extension 'python_setup_py'
[1.428s] Level 1:colcon.colcon_core.package_identification:_identify(Library/Artifacts/02) by extensions ['ignore', 'ignore_ament_install']
[1.429s] Level 1:colcon.colcon_core.package_identification:_identify(Library/Artifacts/02) by extension 'ignore'
[1.431s] Level 1:colcon.colcon_core.package_identification:_identify(Library/Artifacts/02) by extension 'ignore_ament_install'
[1.435s] Level 1:colcon.colcon_core.package_identification:_identify(Library/Artifacts/02) by extensions ['colcon_pkg']
[1.435s] Level 1:colcon.colcon_core.package_identification:_identify(Library/Artifacts/02) by extension 'colcon_pkg'
[1.437s] Level 1:colcon.colcon_core.package_identification:_identify(Library/Artifacts/02) by extensions ['colcon_meta']
[1.438s] Level 1:colcon.colcon_core.package_identification:_identify(Library/Artifacts/02) by extension 'colcon_meta'
[1.442s] Level 1:colcon.colcon_core.package_identification:_identify(Library/Artifacts/02) by extensions ['ros']
[1.443s] Level 1:colcon.colcon_core.package_identification:_identify(Library/Artifacts/02) by extension 'ros'
[1.450s] Level 1:colcon.colcon_core.package_identification:_identify(Library/Artifacts/02) by extensions ['cmake', 'python']
[1.450s] Level 1:colcon.colcon_core.package_identification:_identify(Library/Artifacts/02) by extension 'cmake'
[1.453s] Level 1:colcon.colcon_core.package_identification:_identify(Library/Artifacts/02) by extension 'python'
[1.455s] Level 1:colcon.colcon_core.package_identification:_identify(Library/Artifacts/02) by extensions ['python_setup_py']
[1.456s] Level 1:colcon.colcon_core.package_identification:_identify(Library/Artifacts/02) by extension 'python_setup_py'
[1.464s] Level 1:colcon.colcon_core.package_identification:_identify(Library/Artifacts/03) by extensions ['ignore', 'ignore_ament_install']
[1.465s] Level 1:colcon.colcon_core.package_identification:_identify(Library/Artifacts/03) by extension 'ignore'
[1.467s] Level 1:colcon.colcon_core.package_identification:_identify(Library/Artifacts/03) by extension 'ignore_ament_install'
[1.471s] Level 1:colcon.colcon_core.package_identification:_identify(Library/Artifacts/03) by extensions ['colcon_pkg']
[1.472s] Level 1:colcon.colcon_core.package_identification:_identify(Library/Artifacts/03) by extension 'colcon_pkg'
[1.474s] Level 1:colcon.colcon_core.package_identification:_identify(Library/Artifacts/03) by extensions ['colcon_meta']
[1.475s] Level 1:colcon.colcon_core.package_identification:_identify(Library/Artifacts/03) by extension 'colcon_meta'
[1.479s] Level 1:colcon.colcon_core.package_identification:_identify(Library/Artifacts/03) by extensions ['ros']
[1.480s] Level 1:colcon.colcon_core.package_identification:_identify(Library/Artifacts/03) by extension 'ros'
[1.488s] Level 1:colcon.colcon_core.package_identification:_identify(Library/Artifacts/03) by extensions ['cmake', 'python']
[1.488s] Level 1:colcon.colcon_core.package_identification:_identify(Library/Artifacts/03) by extension 'cmake'
[1.490s] Level 1:colcon.colcon_core.package_identification:_identify(Library/Artifacts/03) by extension 'python'
[1.493s] Level 1:colcon.colcon_core.package_identification:_identify(Library/Artifacts/03) by extensions ['python_setup_py']
[1.493s] Level 1:colcon.colcon_core.package_identification:_identify(Library/Artifacts/03) by extension 'python_setup_py'
[1.501s] Level 1:colcon.colcon_core.package_identification:_identify(Library/Artifacts/04) by extensions ['ignore', 'ignore_ament_install']
[1.502s] Level 1:colcon.colcon_core.package_identification:_identify(Library/Artifacts/04) by extension 'ignore'
[1.504s] Level 1:colcon.colcon_core.package_identification:_identify(Library/Artifacts/04) by extension 'ignore_ament_install'
[1.508s] Level 1:colcon.colcon_core.package_identification:_identify(Library/Artifacts/04) by extensions ['colcon_pkg']
[1.509s] Level 1:colcon.colcon_core.package_identification:_identify(Library/Artifacts/04) by extension 'colcon_pkg'
[1.511s] Level 1:colcon.colcon_core.package_identification:_identify(Library/Artifacts/04) by extensions ['colcon_meta']
[1.511s] Level 1:colcon.colcon_core.package_identification:_identify(Library/Artifacts/04) by extension 'colcon_meta'
[1.515s] Level 1:colcon.colcon_core.package_identification:_identify(Library/Artifacts/04) by extensions ['ros']
[1.516s] Level 1:colcon.colcon_core.package_identification:_identify(Library/Artifacts/04) by extension 'ros'
[1.523s] Level 1:colcon.colcon_core.package_identification:_identify(Library/Artifacts/04) by extensions ['cmake', 'python']
[1.524s] Level 1:colcon.colcon_core.package_identification:_identify(Library/Artifacts/04) by extension 'cmake'
[1.527s] Level 1:colcon.colcon_core.package_identification:_identify(Library/Artifacts/04) by extension 'python'
[1.529s] Level 1:colcon.colcon_core.package_identification:_identify(Library/Artifacts/04) by extensions ['python_setup_py']
[1.529s] Level 1:colcon.colcon_core.package_identification:_identify(Library/Artifacts/04) by extension 'python_setup_py'
[1.538s] Level 1:colcon.colcon_core.package_identification:_identify(Library/Artifacts/05) by extensions ['ignore', 'ignore_ament_install']
[1.539s] Level 1:colcon.colcon_core.package_identification:_identify(Library/Artifacts/05) by extension 'ignore'
[1.541s] Level 1:colcon.colcon_core.package_identification:_identify(Library/Artifacts/05) by extension 'ignore_ament_install'
[1.546s] Level 1:colcon.colcon_core.package_identification:_identify(Library/Artifacts/05) by extensions ['colcon_pkg']
[1.546s] Level 1:colcon.colcon_core.package_identification:_identify(Library/Artifacts/05) by extension 'colcon_pkg'
[1.548s] Level 1:colcon.colcon_core.package_identification:_identify(Library/Artifacts/05) by extensions ['colcon_meta']
[1.548s] Level 1:colcon.colcon_core.package_identification:_identify(Library/Artifacts/05) by extension 'colcon_meta'
[1.552s] Level 1:colcon.colcon_core.package_identification:_identify(Library/Artifacts/05) by extensions ['ros']
[1.553s] Level 1:colcon.colcon_core.package_identification:_identify(Library/Artifacts/05) by extension 'ros'
[1.561s] Level 1:colcon.colcon_core.package_identification:_identify(Library/Artifacts/05) by extensions ['cmake', 'python']
[1.562s] Level 1:colcon.colcon_core.package_identification:_identify(Library/Artifacts/05) by extension 'cmake'
[1.564s] Level 1:colcon.colcon_core.package_identification:_identify(Library/Artifacts/05) by extension 'python'
[1.566s] Level 1:colcon.colcon_core.package_identification:_identify(Library/Artifacts/05) by extensions ['python_setup_py']
[1.567s] Level 1:colcon.colcon_core.package_identification:_identify(Library/Artifacts/05) by extension 'python_setup_py'
[1.572s] Level 1:colcon.colcon_core.package_identification:_identify(Library/Artifacts/06) by extensions ['ignore', 'ignore_ament_install']
[1.573s] Level 1:colcon.colcon_core.package_identification:_identify(Library/Artifacts/06) by extension 'ignore'
[1.574s] Level 1:colcon.colcon_core.package_identification:_identify(Library/Artifacts/06) by extension 'ignore_ament_install'
[1.577s] Level 1:colcon.colcon_core.package_identification:_identify(Library/Artifacts/06) by extensions ['colcon_pkg']
[1.577s] Level 1:colcon.colcon_core.package_identification:_identify(Library/Artifacts/06) by extension 'colcon_pkg'
[1.579s] Level 1:colcon.colcon_core.package_identification:_identify(Library/Artifacts/06) by extensions ['colcon_meta']
[1.579s] Level 1:colcon.colcon_core.package_identification:_identify(Library/Artifacts/06) by extension 'colcon_meta'
[1.582s] Level 1:colcon.colcon_core.package_identification:_identify(Library/Artifacts/06) by extensions ['ros']
[1.582s] Level 1:colcon.colcon_core.package_identification:_identify(Library/Artifacts/06) by extension 'ros'
[1.589s] Level 1:colcon.colcon_core.package_identification:_identify(Library/Artifacts/06) by extensions ['cmake', 'python']
[1.589s] Level 1:colcon.colcon_core.package_identification:_identify(Library/Artifacts/06) by extension 'cmake'
[1.590s] Level 1:colcon.colcon_core.package_identification:_identify(Library/Artifacts/06) by extension 'python'
[1.592s] Level 1:colcon.colcon_core.package_identification:_identify(Library/Artifacts/06) by extensions ['python_setup_py']
[1.592s] Level 1:colcon.colcon_core.package_identification:_identify(Library/Artifacts/06) by extension 'python_setup_py'
[1.602s] Level 1:colcon.colcon_core.package_identification:_identify(Library/Artifacts/07) by extensions ['ignore', 'ignore_ament_install']
[1.603s] Level 1:colcon.colcon_core.package_identification:_identify(Library/Artifacts/07) by extension 'ignore'
[1.605s] Level 1:colcon.colcon_core.package_identification:_identify(Library/Artifacts/07) by extension 'ignore_ament_install'
[1.611s] Level 1:colcon.colcon_core.package_identification:_identify(Library/Artifacts/07) by extensions ['colcon_pkg']
[1.612s] Level 1:colcon.colcon_core.package_identification:_identify(Library/Artifacts/07) by extension 'colcon_pkg'
[1.614s] Level 1:colcon.colcon_core.package_identification:_identify(Library/Artifacts/07) by extensions ['colcon_meta']
[1.615s] Level 1:colcon.colcon_core.package_identification:_identify(Library/Artifacts/07) by extension 'colcon_meta'
[1.619s] Level 1:colcon.colcon_core.package_identification:_identify(Library/Artifacts/07) by extensions ['ros']
[1.620s] Level 1:colcon.colcon_core.package_identification:_identify(Library/Artifacts/07) by extension 'ros'
[1.629s] Level 1:colcon.colcon_core.package_identification:_identify(Library/Artifacts/07) by extensions ['cmake', 'python']
[1.629s] Level 1:colcon.colcon_core.package_identification:_identify(Library/Artifacts/07) by extension 'cmake'
[1.631s] Level 1:colcon.colcon_core.package_identification:_identify(Library/Artifacts/07) by extension 'python'
[1.633s] Level 1:colcon.colcon_core.package_identification:_identify(Library/Artifacts/07) by extensions ['python_setup_py']
[1.634s] Level 1:colcon.colcon_core.package_identification:_identify(Library/Artifacts/07) by extension 'python_setup_py'
[1.643s] Level 1:colcon.colcon_core.package_identification:_identify(Library/Artifacts/08) by extensions ['ignore', 'ignore_ament_install']
[1.644s] Level 1:colcon.colcon_core.package_identification:_identify(Library/Artifacts/08) by extension 'ignore'
[1.646s] Level 1:colcon.colcon_core.package_identification:_identify(Library/Artifacts/08) by extension 'ignore_ament_install'
[1.651s] Level 1:colcon.colcon_core.package_identification:_identify(Library/Artifacts/08) by extensions ['colcon_pkg']
[1.651s] Level 1:colcon.colcon_core.package_identification:_identify(Library/Artifacts/08) by extension 'colcon_pkg'
[1.654s] Level 1:colcon.colcon_core.package_identification:_identify(Library/Artifacts/08) by extensions ['colcon_meta']
[1.654s] Level 1:colcon.colcon_core.package_identification:_identify(Library/Artifacts/08) by extension 'colcon_meta'
[1.658s] Level 1:colcon.colcon_core.package_identification:_identify(Library/Artifacts/08) by extensions ['ros']
[1.658s] Level 1:colcon.colcon_core.package_identification:_identify(Library/Artifacts/08) by extension 'ros'
[1.666s] Level 1:colcon.colcon_core.package_identification:_identify(Library/Artifacts/08) by extensions ['cmake', 'python']
[1.667s] Level 1:colcon.colcon_core.package_identification:_identify(Library/Artifacts/08) by extension 'cmake'
[1.670s] Level 1:colcon.colcon_core.package_identification:_identify(Library/Artifacts/08) by extension 'python'
[1.673s] Level 1:colcon.colcon_core.package_identification:_identify(Library/Artifacts/08) by extensions ['python_setup_py']
[1.673s] Level 1:colcon.colcon_core.package_identification:_identify(Library/Artifacts/08) by extension 'python_setup_py'
[1.682s] Level 1:colcon.colcon_core.package_identification:_identify(Library/Artifacts/09) by extensions ['ignore', 'ignore_ament_install']
[1.683s] Level 1:colcon.colcon_core.package_identification:_identify(Library/Artifacts/09) by extension 'ignore'
[1.685s] Level 1:colcon.colcon_core.package_identification:_identify(Library/Artifacts/09) by extension 'ignore_ament_install'
[1.688s] Level 1:colcon.colcon_core.package_identification:_identify(Library/Artifacts/09) by extensions ['colcon_pkg']
[1.689s] Level 1:colcon.colcon_core.package_identification:_identify(Library/Artifacts/09) by extension 'colcon_pkg'
[1.691s] Level 1:colcon.colcon_core.package_identification:_identify(Library/Artifacts/09) by extensions ['colcon_meta']
[1.692s] Level 1:colcon.colcon_core.package_identification:_identify(Library/Artifacts/09) by extension 'colcon_meta'
[1.696s] Level 1:colcon.colcon_core.package_identification:_identify(Library/Artifacts/09) by extensions ['ros']
[1.697s] Level 1:colcon.colcon_core.package_identification:_identify(Library/Artifacts/09) by extension 'ros'
[1.705s] Level 1:colcon.colcon_core.package_identification:_identify(Library/Artifacts/09) by extensions ['cmake', 'python']
[1.706s] Level 1:colcon.colcon_core.package_identification:_identify(Library/Artifacts/09) by extension 'cmake'
[1.708s] Level 1:colcon.colcon_core.package_identification:_identify(Library/Artifacts/09) by extension 'python'
[1.711s] Level 1:colcon.colcon_core.package_identification:_identify(Library/Artifacts/09) by extensions ['python_setup_py']
[1.711s] Level 1:colcon.colcon_core.package_identification:_identify(Library/Artifacts/09) by extension 'python_setup_py'
[1.720s] Level 1:colcon.colcon_core.package_identification:_identify(Library/Artifacts/0a) by extensions ['ignore', 'ignore_ament_install']
[1.721s] Level 1:colcon.colcon_core.package_identification:_identify(Library/Artifacts/0a) by extension 'ignore'
[1.723s] Level 1:colcon.colcon_core.package_identification:_identify(Library/Artifacts/0a) by extension 'ignore_ament_install'
[1.726s] Level 1:colcon.colcon_core.package_identification:_identify(Library/Artifacts/0a) by extensions ['colcon_pkg']
[1.726s] Level 1:colcon.colcon_core.package_identification:_identify(Library/Artifacts/0a) by extension 'colcon_pkg'
[1.729s] Level 1:colcon.colcon_core.package_identification:_identify(Library/Artifacts/0a) by extensions ['colcon_meta']
[1.729s] Level 1:colcon.colcon_core.package_identification:_identify(Library/Artifacts/0a) by extension 'colcon_meta'
[1.733s] Level 1:colcon.colcon_core.package_identification:_identify(Library/Artifacts/0a) by extensions ['ros']
[1.734s] Level 1:colcon.colcon_core.package_identification:_identify(Library/Artifacts/0a) by extension 'ros'
[1.743s] Level 1:colcon.colcon_core.package_identification:_identify(Library/Artifacts/0a) by extensions ['cmake', 'python']
[1.744s] Level 1:colcon.colcon_core.package_identification:_identify(Library/Artifacts/0a) by extension 'cmake'
[1.745s] Level 1:colcon.colcon_core.package_identification:_identify(Library/Artifacts/0a) by extension 'python'
[1.748s] Level 1:colcon.colcon_core.package_identification:_identify(Library/Artifacts/0a) by extensions ['python_setup_py']
[1.748s] Level 1:colcon.colcon_core.package_identification:_identify(Library/Artifacts/0a) by extension 'python_setup_py'
[1.757s] Level 1:colcon.colcon_core.package_identification:_identify(Library/Artifacts/0b) by extensions ['ignore', 'ignore_ament_install']
[1.758s] Level 1:colcon.colcon_core.package_identification:_identify(Library/Artifacts/0b) by extension 'ignore'
[1.759s] Level 1:colcon.colcon_core.package_identification:_identify(Library/Artifacts/0b) by extension 'ignore_ament_install'
[1.762s] Level 1:colcon.colcon_core.package_identification:_identify(Library/Artifacts/0b) by extensions ['colcon_pkg']
[1.763s] Level 1:colcon.colcon_core.package_identification:_identify(Library/Artifacts/0b) by extension 'colcon_pkg'
[1.764s] Level 1:colcon.colcon_core.package_identification:_identify(Library/Artifacts/0b) by extensions ['colcon_meta']
[1.765s] Level 1:colcon.colcon_core.package_identification:_identify(Library/Artifacts/0b) by extension 'colcon_meta'
[1.769s] Level 1:colcon.colcon_core.package_identification:_identify(Library/Artifacts/0b) by extensions ['ros']
[1.769s] Level 1:colcon.colcon_core.package_identification:_identify(Library/Artifacts/0b) by extension 'ros'
[1.777s] Level 1:colcon.colcon_core.package_identification:_identify(Library/Artifacts/0b) by extensions ['cmake', 'python']
[1.778s] Level 1:colcon.colcon_core.package_identification:_identify(Library/Artifacts/0b) by extension 'cmake'
[1.780s] Level 1:colcon.colcon_core.package_identification:_identify(Library/Artifacts/0b) by extension 'python'
[1.782s] Level 1:colcon.colcon_core.package_identification:_identify(Library/Artifacts/0b) by extensions ['python_setup_py']
[1.783s] Level 1:colcon.colcon_core.package_identification:_identify(Library/Artifacts/0b) by extension 'python_setup_py'
[1.791s] Level 1:colcon.colcon_core.package_identification:_identify(Library/Artifacts/0c) by extensions ['ignore', 'ignore_ament_install']
[1.792s] Level 1:colcon.colcon_core.package_identification:_identify(Library/Artifacts/0c) by extension 'ignore'
[1.793s] Level 1:colcon.colcon_core.package_identification:_identify(Library/Artifacts/0c) by extension 'ignore_ament_install'
[1.795s] Level 1:colcon.colcon_core.package_identification:_identify(Library/Artifacts/0c) by extensions ['colcon_pkg']
[1.796s] Level 1:colcon.colcon_core.package_identification:_identify(Library/Artifacts/0c) by extension 'colcon_pkg'
[1.797s] Level 1:colcon.colcon_core.package_identification:_identify(Library/Artifacts/0c) by extensions ['colcon_meta']
[1.798s] Level 1:colcon.colcon_core.package_identification:_identify(Library/Artifacts/0c) by extension 'colcon_meta'
[1.800s] Level 1:colcon.colcon_core.package_identification:_identify(Library/Artifacts/0c) by extensions ['ros']
[1.801s] Level 1:colcon.colcon_core.package_identification:_identify(Library/Artifacts/0c) by extension 'ros'
[1.806s] Level 1:colcon.colcon_core.package_identification:_identify(Library/Artifacts/0c) by extensions ['cmake', 'python']
[1.806s] Level 1:colcon.colcon_core.package_identification:_identify(Library/Artifacts/0c) by extension 'cmake'
[1.808s] Level 1:colcon.colcon_core.package_identification:_identify(Library/Artifacts/0c) by extension 'python'
[1.809s] Level 1:colcon.colcon_core.package_identification:_identify(Library/Artifacts/0c) by extensions ['python_setup_py']
[1.810s] Level 1:colcon.colcon_core.package_identification:_identify(Library/Artifacts/0c) by extension 'python_setup_py'
[1.815s] Level 1:colcon.colcon_core.package_identification:_identify(Library/Artifacts/0d) by extensions ['ignore', 'ignore_ament_install']
[1.815s] Level 1:colcon.colcon_core.package_identification:_identify(Library/Artifacts/0d) by extension 'ignore'
[1.817s] Level 1:colcon.colcon_core.package_identification:_identify(Library/Artifacts/0d) by extension 'ignore_ament_install'
[1.819s] Level 1:colcon.colcon_core.package_identification:_identify(Library/Artifacts/0d) by extensions ['colcon_pkg']
[1.820s] Level 1:colcon.colcon_core.package_identification:_identify(Library/Artifacts/0d) by extension 'colcon_pkg'
[1.821s] Level 1:colcon.colcon_core.package_identification:_identify(Library/Artifacts/0d) by extensions ['colcon_meta']
[1.821s] Level 1:colcon.colcon_core.package_identification:_identify(Library/Artifacts/0d) by extension 'colcon_meta'
[1.824s] Level 1:colcon.colcon_core.package_identification:_identify(Library/Artifacts/0d) by extensions ['ros']
[1.824s] Level 1:colcon.colcon_core.package_identification:_identify(Library/Artifacts/0d) by extension 'ros'
[1.830s] Level 1:colcon.colcon_core.package_identification:_identify(Library/Artifacts/0d) by extensions ['cmake', 'python']
[1.830s] Level 1:colcon.colcon_core.package_identification:_identify(Library/Artifacts/0d) by extension 'cmake'
[1.832s] Level 1:colcon.colcon_core.package_identification:_identify(Library/Artifacts/0d) by extension 'python'
[1.833s] Level 1:colcon.colcon_core.package_identification:_identify(Library/Artifacts/0d) by extensions ['python_setup_py']
[1.833s] Level 1:colcon.colcon_core.package_identification:_identify(Library/Artifacts/0d) by extension 'python_setup_py'
[1.839s] Level 1:colcon.colcon_core.package_identification:_identify(Library/Artifacts/0e) by extensions ['ignore', 'ignore_ament_install']
[1.840s] Level 1:colcon.colcon_core.package_identification:_identify(Library/Artifacts/0e) by extension 'ignore'
[1.842s] Level 1:colcon.colcon_core.package_identification:_identify(Library/Artifacts/0e) by extension 'ignore_ament_install'
[1.846s] Level 1:colcon.colcon_core.package_identification:_identify(Library/Artifacts/0e) by extensions ['colcon_pkg']
[1.847s] Level 1:colcon.colcon_core.package_identification:_identify(Library/Artifacts/0e) by extension 'colcon_pkg'
[1.849s] Level 1:colcon.colcon_core.package_identification:_identify(Library/Artifacts/0e) by extensions ['colcon_meta']
[1.850s] Level 1:colcon.colcon_core.package_identification:_identify(Library/Artifacts/0e) by extension 'colcon_meta'
[1.853s] Level 1:colcon.colcon_core.package_identification:_identify(Library/Artifacts/0e) by extensions ['ros']
[1.854s] Level 1:colcon.colcon_core.package_identification:_identify(Library/Artifacts/0e) by extension 'ros'
[1.861s] Level 1:colcon.colcon_core.package_identification:_identify(Library/Artifacts/0e) by extensions ['cmake', 'python']
[1.862s] Level 1:colcon.colcon_core.package_identification:_identify(Library/Artifacts/0e) by extension 'cmake'
[1.863s] Level 1:colcon.colcon_core.package_identification:_identify(Library/Artifacts/0e) by extension 'python'
[1.866s] Level 1:colcon.colcon_core.package_identification:_identify(Library/Artifacts/0e) by extensions ['python_setup_py']
[1.866s] Level 1:colcon.colcon_core.package_identification:_identify(Library/Artifacts/0e) by extension 'python_setup_py'
[1.873s] Level 1:colcon.colcon_core.package_identification:_identify(Library/Artifacts/0f) by extensions ['ignore', 'ignore_ament_install']
[1.874s] Level 1:colcon.colcon_core.package_identification:_identify(Library/Artifacts/0f) by extension 'ignore'
[1.876s] Level 1:colcon.colcon_core.package_identification:_identify(Library/Artifacts/0f) by extension 'ignore_ament_install'
[1.880s] Level 1:colcon.colcon_core.package_identification:_identify(Library/Artifacts/0f) by extensions ['colcon_pkg']
[1.880s] Level 1:colcon.colcon_core.package_identification:_identify(Library/Artifacts/0f) by extension 'colcon_pkg'
[1.883s] Level 1:colcon.colcon_core.package_identification:_identify(Library/Artifacts/0f) by extensions ['colcon_meta']
[1.884s] Level 1:colcon.colcon_core.package_identification:_identify(Library/Artifacts/0f) by extension 'colcon_meta'
[1.887s] Level 1:colcon.colcon_core.package_identification:_identify(Library/Artifacts/0f) by extensions ['ros']
[1.888s] Level 1:colcon.colcon_core.package_identification:_identify(Library/Artifacts/0f) by extension 'ros'
[1.897s] Level 1:colcon.colcon_core.package_identification:_identify(Library/Artifacts/0f) by extensions ['cmake', 'python']
[1.898s] Level 1:colcon.colcon_core.package_identification:_identify(Library/Artifacts/0f) by extension 'cmake'
[1.901s] Level 1:colcon.colcon_core.package_identification:_identify(Library/Artifacts/0f) by extension 'python'
[1.905s] Level 1:colcon.colcon_core.package_identification:_identify(Library/Artifacts/0f) by extensions ['python_setup_py']
[1.906s] Level 1:colcon.colcon_core.package_identification:_identify(Library/Artifacts/0f) by extension 'python_setup_py'
[1.917s] Level 1:colcon.colcon_core.package_identification:_identify(Library/Artifacts/10) by extensions ['ignore', 'ignore_ament_install']
[1.917s] Level 1:colcon.colcon_core.package_identification:_identify(Library/Artifacts/10) by extension 'ignore'
[1.920s] Level 1:colcon.colcon_core.package_identification:_identify(Library/Artifacts/10) by extension 'ignore_ament_install'
[1.924s] Level 1:colcon.colcon_core.package_identification:_identify(Library/Artifacts/10) by extensions ['colcon_pkg']
[1.925s] Level 1:colcon.colcon_core.package_identification:_identify(Library/Artifacts/10) by extension 'colcon_pkg'
[1.927s] Level 1:colcon.colcon_core.package_identification:_identify(Library/Artifacts/10) by extensions ['colcon_meta']
[1.927s] Level 1:colcon.colcon_core.package_identification:_identify(Library/Artifacts/10) by extension 'colcon_meta'
[1.932s] Level 1:colcon.colcon_core.package_identification:_identify(Library/Artifacts/10) by extensions ['ros']
[1.932s] Level 1:colcon.colcon_core.package_identification:_identify(Library/Artifacts/10) by extension 'ros'
[1.941s] Level 1:colcon.colcon_core.package_identification:_identify(Library/Artifacts/10) by extensions ['cmake', 'python']
[1.942s] Level 1:colcon.colcon_core.package_identification:_identify(Library/Artifacts/10) by extension 'cmake'
[1.944s] Level 1:colcon.colcon_core.package_identification:_identify(Library/Artifacts/10) by extension 'python'
[1.947s] Level 1:colcon.colcon_core.package_identification:_identify(Library/Artifacts/10) by extensions ['python_setup_py']
[1.947s] Level 1:colcon.colcon_core.package_identification:_identify(Library/Artifacts/10) by extension 'python_setup_py'
[1.956s] Level 1:colcon.colcon_core.package_identification:_identify(Library/Artifacts/11) by extensions ['ignore', 'ignore_ament_install']
[1.957s] Level 1:colcon.colcon_core.package_identification:_identify(Library/Artifacts/11) by extension 'ignore'
[1.959s] Level 1:colcon.colcon_core.package_identification:_identify(Library/Artifacts/11) by extension 'ignore_ament_install'
[1.963s] Level 1:colcon.colcon_core.package_identification:_identify(Library/Artifacts/11) by extensions ['colcon_pkg']
[1.964s] Level 1:colcon.colcon_core.package_identification:_identify(Library/Artifacts/11) by extension 'colcon_pkg'
[1.966s] Level 1:colcon.colcon_core.package_identification:_identify(Library/Artifacts/11) by extensions ['colcon_meta']
[1.967s] Level 1:colcon.colcon_core.package_identification:_identify(Library/Artifacts/11) by extension 'colcon_meta'
[1.971s] Level 1:colcon.colcon_core.package_identification:_identify(Library/Artifacts/11) by extensions ['ros']
[1.972s] Level 1:colcon.colcon_core.package_identification:_identify(Library/Artifacts/11) by extension 'ros'
[1.981s] Level 1:colcon.colcon_core.package_identification:_identify(Library/Artifacts/11) by extensions ['cmake', 'python']
[1.982s] Level 1:colcon.colcon_core.package_identification:_identify(Library/Artifacts/11) by extension 'cmake'
[1.984s] Level 1:colcon.colcon_core.package_identification:_identify(Library/Artifacts/11) by extension 'python'
[1.986s] Level 1:colcon.colcon_core.package_identification:_identify(Library/Artifacts/11) by extensions ['python_setup_py']
[1.987s] Level 1:colcon.colcon_core.package_identification:_identify(Library/Artifacts/11) by extension 'python_setup_py'
[1.996s] Level 1:colcon.colcon_core.package_identification:_identify(Library/Artifacts/12) by extensions ['ignore', 'ignore_ament_install']
[1.997s] Level 1:colcon.colcon_core.package_identification:_identify(Library/Artifacts/12) by extension 'ignore'
[2.000s] Level 1:colcon.colcon_core.package_identification:_identify(Library/Artifacts/12) by extension 'ignore_ament_install'
[2.004s] Level 1:colcon.colcon_core.package_identification:_identify(Library/Artifacts/12) by extensions ['colcon_pkg']
[2.008s] Level 1:colcon.colcon_core.package_identification:_identify(Library/Artifacts/12) by extension 'colcon_pkg'
[2.010s] Level 1:colcon.colcon_core.package_identification:_identify(Library/Artifacts/12) by extensions ['colcon_meta']
[2.010s] Level 1:colcon.colcon_core.package_identification:_identify(Library/Artifacts/12) by extension 'colcon_meta'
[2.013s] Level 1:colcon.colcon_core.package_identification:_identify(Library/Artifacts/12) by extensions ['ros']
[2.013s] Level 1:colcon.colcon_core.package_identification:_identify(Library/Artifacts/12) by extension 'ros'
[2.019s] Level 1:colcon.colcon_core.package_identification:_identify(Library/Artifacts/12) by extensions ['cmake', 'python']
[2.019s] Level 1:colcon.colcon_core.package_identification:_identify(Library/Artifacts/12) by extension 'cmake'
[2.020s] Level 1:colcon.colcon_core.package_identification:_identify(Library/Artifacts/12) by extension 'python'
[2.022s] Level 1:colcon.colcon_core.package_identification:_identify(Library/Artifacts/12) by extensions ['python_setup_py']
[2.022s] Level 1:colcon.colcon_core.package_identification:_identify(Library/Artifacts/12) by extension 'python_setup_py'
[2.028s] Level 1:colcon.colcon_core.package_identification:_identify(Library/Artifacts/13) by extensions ['ignore', 'ignore_ament_install']
[2.029s] Level 1:colcon.colcon_core.package_identification:_identify(Library/Artifacts/13) by extension 'ignore'
[2.031s] Level 1:colcon.colcon_core.package_identification:_identify(Library/Artifacts/13) by extension 'ignore_ament_install'
[2.033s] Level 1:colcon.colcon_core.package_identification:_identify(Library/Artifacts/13) by extensions ['colcon_pkg']
[2.034s] Level 1:colcon.colcon_core.package_identification:_identify(Library/Artifacts/13) by extension 'colcon_pkg'
[2.037s] Level 1:colcon.colcon_core.package_identification:_identify(Library/Artifacts/13) by extensions ['colcon_meta']
[2.037s] Level 1:colcon.colcon_core.package_identification:_identify(Library/Artifacts/13) by extension 'colcon_meta'
[2.042s] Level 1:colcon.colcon_core.package_identification:_identify(Library/Artifacts/13) by extensions ['ros']
[2.042s] Level 1:colcon.colcon_core.package_identification:_identify(Library/Artifacts/13) by extension 'ros'
[2.050s] Level 1:colcon.colcon_core.package_identification:_identify(Library/Artifacts/13) by extensions ['cmake', 'python']
[2.051s] Level 1:colcon.colcon_core.package_identification:_identify(Library/Artifacts/13) by extension 'cmake'
[2.054s] Level 1:colcon.colcon_core.package_identification:_identify(Library/Artifacts/13) by extension 'python'
[2.057s] Level 1:colcon.colcon_core.package_identification:_identify(Library/Artifacts/13) by extensions ['python_setup_py']
[2.057s] Level 1:colcon.colcon_core.package_identification:_identify(Library/Artifacts/13) by extension 'python_setup_py'
[2.064s] Level 1:colcon.colcon_core.package_identification:_identify(Library/Artifacts/14) by extensions ['ignore', 'ignore_ament_install']
[2.064s] Level 1:colcon.colcon_core.package_identification:_identify(Library/Artifacts/14) by extension 'ignore'
[2.067s] Level 1:colcon.colcon_core.package_identification:_identify(Library/Artifacts/14) by extension 'ignore_ament_install'
[2.071s] Level 1:colcon.colcon_core.package_identification:_identify(Library/Artifacts/14) by extensions ['colcon_pkg']
[2.072s] Level 1:colcon.colcon_core.package_identification:_identify(Library/Artifacts/14) by extension 'colcon_pkg'
[2.074s] Level 1:colcon.colcon_core.package_identification:_identify(Library/Artifacts/14) by extensions ['colcon_meta']
[2.074s] Level 1:colcon.colcon_core.package_identification:_identify(Library/Artifacts/14) by extension 'colcon_meta'
[2.079s] Level 1:colcon.colcon_core.package_identification:_identify(Library/Artifacts/14) by extensions ['ros']
[2.079s] Level 1:colcon.colcon_core.package_identification:_identify(Library/Artifacts/14) by extension 'ros'
[2.087s] Level 1:colcon.colcon_core.package_identification:_identify(Library/Artifacts/14) by extensions ['cmake', 'python']
[2.088s] Level 1:colcon.colcon_core.package_identification:_identify(Library/Artifacts/14) by extension 'cmake'
[2.091s] Level 1:colcon.colcon_core.package_identification:_identify(Library/Artifacts/14) by extension 'python'
[2.093s] Level 1:colcon.colcon_core.package_identification:_identify(Library/Artifacts/14) by extensions ['python_setup_py']
[2.093s] Level 1:colcon.colcon_core.package_identification:_identify(Library/Artifacts/14) by extension 'python_setup_py'
[2.102s] Level 1:colcon.colcon_core.package_identification:_identify(Library/Artifacts/15) by extensions ['ignore', 'ignore_ament_install']
[2.103s] Level 1:colcon.colcon_core.package_identification:_identify(Library/Artifacts/15) by extension 'ignore'
[2.105s] Level 1:colcon.colcon_core.package_identification:_identify(Library/Artifacts/15) by extension 'ignore_ament_install'
[2.109s] Level 1:colcon.colcon_core.package_identification:_identify(Library/Artifacts/15) by extensions ['colcon_pkg']
[2.110s] Level 1:colcon.colcon_core.package_identification:_identify(Library/Artifacts/15) by extension 'colcon_pkg'
[2.112s] Level 1:colcon.colcon_core.package_identification:_identify(Library/Artifacts/15) by extensions ['colcon_meta']
[2.113s] Level 1:colcon.colcon_core.package_identification:_identify(Library/Artifacts/15) by extension 'colcon_meta'
[2.117s] Level 1:colcon.colcon_core.package_identification:_identify(Library/Artifacts/15) by extensions ['ros']
[2.118s] Level 1:colcon.colcon_core.package_identification:_identify(Library/Artifacts/15) by extension 'ros'
[2.127s] Level 1:colcon.colcon_core.package_identification:_identify(Library/Artifacts/15) by extensions ['cmake', 'python']
[2.127s] Level 1:colcon.colcon_core.package_identification:_identify(Library/Artifacts/15) by extension 'cmake'
[2.129s] Level 1:colcon.colcon_core.package_identification:_identify(Library/Artifacts/15) by extension 'python'
[2.131s] Level 1:colcon.colcon_core.package_identification:_identify(Library/Artifacts/15) by extensions ['python_setup_py']
[2.132s] Level 1:colcon.colcon_core.package_identification:_identify(Library/Artifacts/15) by extension 'python_setup_py'
[2.141s] Level 1:colcon.colcon_core.package_identification:_identify(Library/Artifacts/16) by extensions ['ignore', 'ignore_ament_install']
[2.142s] Level 1:colcon.colcon_core.package_identification:_identify(Library/Artifacts/16) by extension 'ignore'
[2.144s] Level 1:colcon.colcon_core.package_identification:_identify(Library/Artifacts/16) by extension 'ignore_ament_install'
[2.149s] Level 1:colcon.colcon_core.package_identification:_identify(Library/Artifacts/16) by extensions ['colcon_pkg']
[2.150s] Level 1:colcon.colcon_core.package_identification:_identify(Library/Artifacts/16) by extension 'colcon_pkg'
[2.152s] Level 1:colcon.colcon_core.package_identification:_identify(Library/Artifacts/16) by extensions ['colcon_meta']
[2.153s] Level 1:colcon.colcon_core.package_identification:_identify(Library/Artifacts/16) by extension 'colcon_meta'
[2.157s] Level 1:colcon.colcon_core.package_identification:_identify(Library/Artifacts/16) by extensions ['ros']
[2.158s] Level 1:colcon.colcon_core.package_identification:_identify(Library/Artifacts/16) by extension 'ros'
[2.166s] Level 1:colcon.colcon_core.package_identification:_identify(Library/Artifacts/16) by extensions ['cmake', 'python']
[2.167s] Level 1:colcon.colcon_core.package_identification:_identify(Library/Artifacts/16) by extension 'cmake'
[2.170s] Level 1:colcon.colcon_core.package_identification:_identify(Library/Artifacts/16) by extension 'python'
[2.173s] Level 1:colcon.colcon_core.package_identification:_identify(Library/Artifacts/16) by extensions ['python_setup_py']
[2.174s] Level 1:colcon.colcon_core.package_identification:_identify(Library/Artifacts/16) by extension 'python_setup_py'
[2.182s] Level 1:colcon.colcon_core.package_identification:_identify(Library/Artifacts/17) by extensions ['ignore', 'ignore_ament_install']
[2.183s] Level 1:colcon.colcon_core.package_identification:_identify(Library/Artifacts/17) by extension 'ignore'
[2.185s] Level 1:colcon.colcon_core.package_identification:_identify(Library/Artifacts/17) by extension 'ignore_ament_install'
[2.189s] Level 1:colcon.colcon_core.package_identification:_identify(Library/Artifacts/17) by extensions ['colcon_pkg']
[2.189s] Level 1:colcon.colcon_core.package_identification:_identify(Library/Artifacts/17) by extension 'colcon_pkg'
[2.192s] Level 1:colcon.colcon_core.package_identification:_identify(Library/Artifacts/17) by extensions ['colcon_meta']
[2.192s] Level 1:colcon.colcon_core.package_identification:_identify(Library/Artifacts/17) by extension 'colcon_meta'
[2.196s] Level 1:colcon.colcon_core.package_identification:_identify(Library/Artifacts/17) by extensions ['ros']
[2.197s] Level 1:colcon.colcon_core.package_identification:_identify(Library/Artifacts/17) by extension 'ros'
[2.205s] Level 1:colcon.colcon_core.package_identification:_identify(Library/Artifacts/17) by extensions ['cmake', 'python']
[2.206s] Level 1:colcon.colcon_core.package_identification:_identify(Library/Artifacts/17) by extension 'cmake'
[2.208s] Level 1:colcon.colcon_core.package_identification:_identify(Library/Artifacts/17) by extension 'python'
[2.210s] Level 1:colcon.colcon_core.package_identification:_identify(Library/Artifacts/17) by extensions ['python_setup_py']
[2.211s] Level 1:colcon.colcon_core.package_identification:_identify(Library/Artifacts/17) by extension 'python_setup_py'
[2.219s] Level 1:colcon.colcon_core.package_identification:_identify(Library/Artifacts/18) by extensions ['ignore', 'ignore_ament_install']
[2.220s] Level 1:colcon.colcon_core.package_identification:_identify(Library/Artifacts/18) by extension 'ignore'
[2.222s] Level 1:colcon.colcon_core.package_identification:_identify(Library/Artifacts/18) by extension 'ignore_ament_install'
[2.226s] Level 1:colcon.colcon_core.package_identification:_identify(Library/Artifacts/18) by extensions ['colcon_pkg']
[2.226s] Level 1:colcon.colcon_core.package_identification:_identify(Library/Artifacts/18) by extension 'colcon_pkg'
[2.228s] Level 1:colcon.colcon_core.package_identification:_identify(Library/Artifacts/18) by extensions ['colcon_meta']
[2.229s] Level 1:colcon.colcon_core.package_identification:_identify(Library/Artifacts/18) by extension 'colcon_meta'
[2.233s] Level 1:colcon.colcon_core.package_identification:_identify(Library/Artifacts/18) by extensions ['ros']
[2.233s] Level 1:colcon.colcon_core.package_identification:_identify(Library/Artifacts/18) by extension 'ros'
[2.242s] Level 1:colcon.colcon_core.package_identification:_identify(Library/Artifacts/18) by extensions ['cmake', 'python']
[2.243s] Level 1:colcon.colcon_core.package_identification:_identify(Library/Artifacts/18) by extension 'cmake'
[2.245s] Level 1:colcon.colcon_core.package_identification:_identify(Library/Artifacts/18) by extension 'python'
[2.246s] Level 1:colcon.colcon_core.package_identification:_identify(Library/Artifacts/18) by extensions ['python_setup_py']
[2.247s] Level 1:colcon.colcon_core.package_identification:_identify(Library/Artifacts/18) by extension 'python_setup_py'
[2.256s] Level 1:colcon.colcon_core.package_identification:_identify(Library/Artifacts/19) by extensions ['ignore', 'ignore_ament_install']
[2.256s] Level 1:colcon.colcon_core.package_identification:_identify(Library/Artifacts/19) by extension 'ignore'
[2.259s] Level 1:colcon.colcon_core.package_identification:_identify(Library/Artifacts/19) by extension 'ignore_ament_install'
[2.263s] Level 1:colcon.colcon_core.package_identification:_identify(Library/Artifacts/19) by extensions ['colcon_pkg']
[2.263s] Level 1:colcon.colcon_core.package_identification:_identify(Library/Artifacts/19) by extension 'colcon_pkg'
[2.266s] Level 1:colcon.colcon_core.package_identification:_identify(Library/Artifacts/19) by extensions ['colcon_meta']
[2.266s] Level 1:colcon.colcon_core.package_identification:_identify(Library/Artifacts/19) by extension 'colcon_meta'
[2.270s] Level 1:colcon.colcon_core.package_identification:_identify(Library/Artifacts/19) by extensions ['ros']
[2.270s] Level 1:colcon.colcon_core.package_identification:_identify(Library/Artifacts/19) by extension 'ros'
[2.279s] Level 1:colcon.colcon_core.package_identification:_identify(Library/Artifacts/19) by extensions ['cmake', 'python']
[2.280s] Level 1:colcon.colcon_core.package_identification:_identify(Library/Artifacts/19) by extension 'cmake'
[2.282s] Level 1:colcon.colcon_core.package_identification:_identify(Library/Artifacts/19) by extension 'python'
[2.284s] Level 1:colcon.colcon_core.package_identification:_identify(Library/Artifacts/19) by extensions ['python_setup_py']
[2.285s] Level 1:colcon.colcon_core.package_identification:_identify(Library/Artifacts/19) by extension 'python_setup_py'
[2.293s] Level 1:colcon.colcon_core.package_identification:_identify(Library/Artifacts/1a) by extensions ['ignore', 'ignore_ament_install']
[2.294s] Level 1:colcon.colcon_core.package_identification:_identify(Library/Artifacts/1a) by extension 'ignore'
[2.296s] Level 1:colcon.colcon_core.package_identification:_identify(Library/Artifacts/1a) by extension 'ignore_ament_install'
[2.300s] Level 1:colcon.colcon_core.package_identification:_identify(Library/Artifacts/1a) by extensions ['colcon_pkg']
[2.300s] Level 1:colcon.colcon_core.package_identification:_identify(Library/Artifacts/1a) by extension 'colcon_pkg'
[2.302s] Level 1:colcon.colcon_core.package_identification:_identify(Library/Artifacts/1a) by extensions ['colcon_meta']
[2.303s] Level 1:colcon.colcon_core.package_identification:_identify(Library/Artifacts/1a) by extension 'colcon_meta'
[2.306s] Level 1:colcon.colcon_core.package_identification:_identify(Library/Artifacts/1a) by extensions ['ros']
[2.307s] Level 1:colcon.colcon_core.package_identification:_identify(Library/Artifacts/1a) by extension 'ros'
[2.316s] Level 1:colcon.colcon_core.package_identification:_identify(Library/Artifacts/1a) by extensions ['cmake', 'python']
[2.316s] Level 1:colcon.colcon_core.package_identification:_identify(Library/Artifacts/1a) by extension 'cmake'
[2.318s] Level 1:colcon.colcon_core.package_identification:_identify(Library/Artifacts/1a) by extension 'python'
[2.320s] Level 1:colcon.colcon_core.package_identification:_identify(Library/Artifacts/1a) by extensions ['python_setup_py']
[2.321s] Level 1:colcon.colcon_core.package_identification:_identify(Library/Artifacts/1a) by extension 'python_setup_py'
[2.329s] Level 1:colcon.colcon_core.package_identification:_identify(Library/Artifacts/1b) by extensions ['ignore', 'ignore_ament_install']
[2.330s] Level 1:colcon.colcon_core.package_identification:_identify(Library/Artifacts/1b) by extension 'ignore'
[2.332s] Level 1:colcon.colcon_core.package_identification:_identify(Library/Artifacts/1b) by extension 'ignore_ament_install'
[2.335s] Level 1:colcon.colcon_core.package_identification:_identify(Library/Artifacts/1b) by extensions ['colcon_pkg']
[2.336s] Level 1:colcon.colcon_core.package_identification:_identify(Library/Artifacts/1b) by extension 'colcon_pkg'
[2.338s] Level 1:colcon.colcon_core.package_identification:_identify(Library/Artifacts/1b) by extensions ['colcon_meta']
[2.339s] Level 1:colcon.colcon_core.package_identification:_identify(Library/Artifacts/1b) by extension 'colcon_meta'
[2.343s] Level 1:colcon.colcon_core.package_identification:_identify(Library/Artifacts/1b) by extensions ['ros']
[2.343s] Level 1:colcon.colcon_core.package_identification:_identify(Library/Artifacts/1b) by extension 'ros'
[2.352s] Level 1:colcon.colcon_core.package_identification:_identify(Library/Artifacts/1b) by extensions ['cmake', 'python']
[2.353s] Level 1:colcon.colcon_core.package_identification:_identify(Library/Artifacts/1b) by extension 'cmake'
[2.355s] Level 1:colcon.colcon_core.package_identification:_identify(Library/Artifacts/1b) by extension 'python'
[2.358s] Level 1:colcon.colcon_core.package_identification:_identify(Library/Artifacts/1b) by extensions ['python_setup_py']
[2.358s] Level 1:colcon.colcon_core.package_identification:_identify(Library/Artifacts/1b) by extension 'python_setup_py'
[2.367s] Level 1:colcon.colcon_core.package_identification:_identify(Library/Artifacts/1c) by extensions ['ignore', 'ignore_ament_install']
[2.367s] Level 1:colcon.colcon_core.package_identification:_identify(Library/Artifacts/1c) by extension 'ignore'
[2.370s] Level 1:colcon.colcon_core.package_identification:_identify(Library/Artifacts/1c) by extension 'ignore_ament_install'
[2.373s] Level 1:colcon.colcon_core.package_identification:_identify(Library/Artifacts/1c) by extensions ['colcon_pkg']
[2.374s] Level 1:colcon.colcon_core.package_identification:_identify(Library/Artifacts/1c) by extension 'colcon_pkg'
[2.376s] Level 1:colcon.colcon_core.package_identification:_identify(Library/Artifacts/1c) by extensions ['colcon_meta']
[2.376s] Level 1:colcon.colcon_core.package_identification:_identify(Library/Artifacts/1c) by extension 'colcon_meta'
[2.379s] Level 1:colcon.colcon_core.package_identification:_identify(Library/Artifacts/1c) by extensions ['ros']
[2.380s] Level 1:colcon.colcon_core.package_identification:_identify(Library/Artifacts/1c) by extension 'ros'
[2.388s] Level 1:colcon.colcon_core.package_identification:_identify(Library/Artifacts/1c) by extensions ['cmake', 'python']
[2.388s] Level 1:colcon.colcon_core.package_identification:_identify(Library/Artifacts/1c) by extension 'cmake'
[2.391s] Level 1:colcon.colcon_core.package_identification:_identify(Library/Artifacts/1c) by extension 'python'
[2.394s] Level 1:colcon.colcon_core.package_identification:_identify(Library/Artifacts/1c) by extensions ['python_setup_py']
[2.395s] Level 1:colcon.colcon_core.package_identification:_identify(Library/Artifacts/1c) by extension 'python_setup_py'
[2.405s] Level 1:colcon.colcon_core.package_identification:_identify(Library/Artifacts/1d) by extensions ['ignore', 'ignore_ament_install']
[2.406s] Level 1:colcon.colcon_core.package_identification:_identify(Library/Artifacts/1d) by extension 'ignore'
[2.408s] Level 1:colcon.colcon_core.package_identification:_identify(Library/Artifacts/1d) by extension 'ignore_ament_install'
[2.412s] Level 1:colcon.colcon_core.package_identification:_identify(Library/Artifacts/1d) by extensions ['colcon_pkg']
[2.413s] Level 1:colcon.colcon_core.package_identification:_identify(Library/Artifacts/1d) by extension 'colcon_pkg'
[2.415s] Level 1:colcon.colcon_core.package_identification:_identify(Library/Artifacts/1d) by extensions ['colcon_meta']
[2.416s] Level 1:colcon.colcon_core.package_identification:_identify(Library/Artifacts/1d) by extension 'colcon_meta'
[2.420s] Level 1:colcon.colcon_core.package_identification:_identify(Library/Artifacts/1d) by extensions ['ros']
[2.421s] Level 1:colcon.colcon_core.package_identification:_identify(Library/Artifacts/1d) by extension 'ros'
[2.429s] Level 1:colcon.colcon_core.package_identification:_identify(Library/Artifacts/1d) by extensions ['cmake', 'python']
[2.430s] Level 1:colcon.colcon_core.package_identification:_identify(Library/Artifacts/1d) by extension 'cmake'
[2.433s] Level 1:colcon.colcon_core.package_identification:_identify(Library/Artifacts/1d) by extension 'python'
[2.436s] Level 1:colcon.colcon_core.package_identification:_identify(Library/Artifacts/1d) by extensions ['python_setup_py']
[2.436s] Level 1:colcon.colcon_core.package_identification:_identify(Library/Artifacts/1d) by extension 'python_setup_py'
[2.444s] Level 1:colcon.colcon_core.package_identification:_identify(Library/Artifacts/1e) by extensions ['ignore', 'ignore_ament_install']
[2.445s] Level 1:colcon.colcon_core.package_identification:_identify(Library/Artifacts/1e) by extension 'ignore'
[2.448s] Level 1:colcon.colcon_core.package_identification:_identify(Library/Artifacts/1e) by extension 'ignore_ament_install'
[2.452s] Level 1:colcon.colcon_core.package_identification:_identify(Library/Artifacts/1e) by extensions ['colcon_pkg']
[2.452s] Level 1:colcon.colcon_core.package_identification:_identify(Library/Artifacts/1e) by extension 'colcon_pkg'
[2.455s] Level 1:colcon.colcon_core.package_identification:_identify(Library/Artifacts/1e) by extensions ['colcon_meta']
[2.456s] Level 1:colcon.colcon_core.package_identification:_identify(Library/Artifacts/1e) by extension 'colcon_meta'
[2.459s] Level 1:colcon.colcon_core.package_identification:_identify(Library/Artifacts/1e) by extensions ['ros']
[2.460s] Level 1:colcon.colcon_core.package_identification:_identify(Library/Artifacts/1e) by extension 'ros'
[2.469s] Level 1:colcon.colcon_core.package_identification:_identify(Library/Artifacts/1e) by extensions ['cmake', 'python']
[2.470s] Level 1:colcon.colcon_core.package_identification:_identify(Library/Artifacts/1e) by extension 'cmake'
[2.472s] Level 1:colcon.colcon_core.package_identification:_identify(Library/Artifacts/1e) by extension 'python'
[2.474s] Level 1:colcon.colcon_core.package_identification:_identify(Library/Artifacts/1e) by extensions ['python_setup_py']
[2.475s] Level 1:colcon.colcon_core.package_identification:_identify(Library/Artifacts/1e) by extension 'python_setup_py'
[2.484s] Level 1:colcon.colcon_core.package_identification:_identify(Library/Artifacts/1f) by extensions ['ignore', 'ignore_ament_install']
[2.484s] Level 1:colcon.colcon_core.package_identification:_identify(Library/Artifacts/1f) by extension 'ignore'
[2.487s] Level 1:colcon.colcon_core.package_identification:_identify(Library/Artifacts/1f) by extension 'ignore_ament_install'
[2.490s] Level 1:colcon.colcon_core.package_identification:_identify(Library/Artifacts/1f) by extensions ['colcon_pkg']
[2.490s] Level 1:colcon.colcon_core.package_identification:_identify(Library/Artifacts/1f) by extension 'colcon_pkg'
[2.492s] Level 1:colcon.colcon_core.package_identification:_identify(Library/Artifacts/1f) by extensions ['colcon_meta']
[2.493s] Level 1:colcon.colcon_core.package_identification:_identify(Library/Artifacts/1f) by extension 'colcon_meta'
[2.497s] Level 1:colcon.colcon_core.package_identification:_identify(Library/Artifacts/1f) by extensions ['ros']
[2.498s] Level 1:colcon.colcon_core.package_identification:_identify(Library/Artifacts/1f) by extension 'ros'
[2.508s] Level 1:colcon.colcon_core.package_identification:_identify(Library/Artifacts/1f) by extensions ['cmake', 'python']
[2.509s] Level 1:colcon.colcon_core.package_identification:_identify(Library/Artifacts/1f) by extension 'cmake'
[2.511s] Level 1:colcon.colcon_core.package_identification:_identify(Library/Artifacts/1f) by extension 'python'
[2.513s] Level 1:colcon.colcon_core.package_identification:_identify(Library/Artifacts/1f) by extensions ['python_setup_py']
[2.514s] Level 1:colcon.colcon_core.package_identification:_identify(Library/Artifacts/1f) by extension 'python_setup_py'
[2.523s] Level 1:colcon.colcon_core.package_identification:_identify(Library/Artifacts/20) by extensions ['ignore', 'ignore_ament_install']
[2.524s] Level 1:colcon.colcon_core.package_identification:_identify(Library/Artifacts/20) by extension 'ignore'
[2.527s] Level 1:colcon.colcon_core.package_identification:_identify(Library/Artifacts/20) by extension 'ignore_ament_install'
[2.531s] Level 1:colcon.colcon_core.package_identification:_identify(Library/Artifacts/20) by extensions ['colcon_pkg']
[2.532s] Level 1:colcon.colcon_core.package_identification:_identify(Library/Artifacts/20) by extension 'colcon_pkg'
[2.534s] Level 1:colcon.colcon_core.package_identification:_identify(Library/Artifacts/20) by extensions ['colcon_meta']
[2.535s] Level 1:colcon.colcon_core.package_identification:_identify(Library/Artifacts/20) by extension 'colcon_meta'
[2.540s] Level 1:colcon.colcon_core.package_identification:_identify(Library/Artifacts/20) by extensions ['ros']
[2.541s] Level 1:colcon.colcon_core.package_identification:_identify(Library/Artifacts/20) by extension 'ros'
[2.549s] Level 1:colcon.colcon_core.package_identification:_identify(Library/Artifacts/20) by extensions ['cmake', 'python']
[2.550s] Level 1:colcon.colcon_core.package_identification:_identify(Library/Artifacts/20) by extension 'cmake'
[2.553s] Level 1:colcon.colcon_core.package_identification:_identify(Library/Artifacts/20) by extension 'python'
[2.555s] Level 1:colcon.colcon_core.package_identification:_identify(Library/Artifacts/20) by extensions ['python_setup_py']
[2.556s] Level 1:colcon.colcon_core.package_identification:_identify(Library/Artifacts/20) by extension 'python_setup_py'
[2.564s] Level 1:colcon.colcon_core.package_identification:_identify(Library/Artifacts/21) by extensions ['ignore', 'ignore_ament_install']
[2.565s] Level 1:colcon.colcon_core.package_identification:_identify(Library/Artifacts/21) by extension 'ignore'
[2.568s] Level 1:colcon.colcon_core.package_identification:_identify(Library/Artifacts/21) by extension 'ignore_ament_install'
[2.574s] Level 1:colcon.colcon_core.package_identification:_identify(Library/Artifacts/21) by extensions ['colcon_pkg']
[2.575s] Level 1:colcon.colcon_core.package_identification:_identify(Library/Artifacts/21) by extension 'colcon_pkg'
[2.577s] Level 1:colcon.colcon_core.package_identification:_identify(Library/Artifacts/21) by extensions ['colcon_meta']
[2.578s] Level 1:colcon.colcon_core.package_identification:_identify(Library/Artifacts/21) by extension 'colcon_meta'
[2.582s] Level 1:colcon.colcon_core.package_identification:_identify(Library/Artifacts/21) by extensions ['ros']
[2.583s] Level 1:colcon.colcon_core.package_identification:_identify(Library/Artifacts/21) by extension 'ros'
[2.592s] Level 1:colcon.colcon_core.package_identification:_identify(Library/Artifacts/21) by extensions ['cmake', 'python']
[2.592s] Level 1:colcon.colcon_core.package_identification:_identify(Library/Artifacts/21) by extension 'cmake'
[2.594s] Level 1:colcon.colcon_core.package_identification:_identify(Library/Artifacts/21) by extension 'python'
[2.597s] Level 1:colcon.colcon_core.package_identification:_identify(Library/Artifacts/21) by extensions ['python_setup_py']
[2.598s] Level 1:colcon.colcon_core.package_identification:_identify(Library/Artifacts/21) by extension 'python_setup_py'
[2.607s] Level 1:colcon.colcon_core.package_identification:_identify(Library/Artifacts/22) by extensions ['ignore', 'ignore_ament_install']
[2.608s] Level 1:colcon.colcon_core.package_identification:_identify(Library/Artifacts/22) by extension 'ignore'
[2.610s] Level 1:colcon.colcon_core.package_identification:_identify(Library/Artifacts/22) by extension 'ignore_ament_install'
[2.614s] Level 1:colcon.colcon_core.package_identification:_identify(Library/Artifacts/22) by extensions ['colcon_pkg']
[2.615s] Level 1:colcon.colcon_core.package_identification:_identify(Library/Artifacts/22) by extension 'colcon_pkg'
[2.617s] Level 1:colcon.colcon_core.package_identification:_identify(Library/Artifacts/22) by extensions ['colcon_meta']
[2.617s] Level 1:colcon.colcon_core.package_identification:_identify(Library/Artifacts/22) by extension 'colcon_meta'
[2.620s] Level 1:colcon.colcon_core.package_identification:_identify(Library/Artifacts/22) by extensions ['ros']
[2.621s] Level 1:colcon.colcon_core.package_identification:_identify(Library/Artifacts/22) by extension 'ros'
[2.629s] Level 1:colcon.colcon_core.package_identification:_identify(Library/Artifacts/22) by extensions ['cmake', 'python']
[2.630s] Level 1:colcon.colcon_core.package_identification:_identify(Library/Artifacts/22) by extension 'cmake'
[2.632s] Level 1:colcon.colcon_core.package_identification:_identify(Library/Artifacts/22) by extension 'python'
[2.634s] Level 1:colcon.colcon_core.package_identification:_identify(Library/Artifacts/22) by extensions ['python_setup_py']
[2.635s] Level 1:colcon.colcon_core.package_identification:_identify(Library/Artifacts/22) by extension 'python_setup_py'
[2.644s] Level 1:colcon.colcon_core.package_identification:_identify(Library/Artifacts/23) by extensions ['ignore', 'ignore_ament_install']
[2.645s] Level 1:colcon.colcon_core.package_identification:_identify(Library/Artifacts/23) by extension 'ignore'
[2.648s] Level 1:colcon.colcon_core.package_identification:_identify(Library/Artifacts/23) by extension 'ignore_ament_install'
[2.651s] Level 1:colcon.colcon_core.package_identification:_identify(Library/Artifacts/23) by extensions ['colcon_pkg']
[2.651s] Level 1:colcon.colcon_core.package_identification:_identify(Library/Artifacts/23) by extension 'colcon_pkg'
[2.654s] Level 1:colcon.colcon_core.package_identification:_identify(Library/Artifacts/23) by extensions ['colcon_meta']
[2.655s] Level 1:colcon.colcon_core.package_identification:_identify(Library/Artifacts/23) by extension 'colcon_meta'
[2.659s] Level 1:colcon.colcon_core.package_identification:_identify(Library/Artifacts/23) by extensions ['ros']
[2.660s] Level 1:colcon.colcon_core.package_identification:_identify(Library/Artifacts/23) by extension 'ros'
[2.669s] Level 1:colcon.colcon_core.package_identification:_identify(Library/Artifacts/23) by extensions ['cmake', 'python']
[2.670s] Level 1:colcon.colcon_core.package_identification:_identify(Library/Artifacts/23) by extension 'cmake'
[2.672s] Level 1:colcon.colcon_core.package_identification:_identify(Library/Artifacts/23) by extension 'python'
[2.674s] Level 1:colcon.colcon_core.package_identification:_identify(Library/Artifacts/23) by extensions ['python_setup_py']
[2.675s] Level 1:colcon.colcon_core.package_identification:_identify(Library/Artifacts/23) by extension 'python_setup_py'
[2.684s] Level 1:colcon.colcon_core.package_identification:_identify(Library/Artifacts/24) by extensions ['ignore', 'ignore_ament_install']
[2.685s] Level 1:colcon.colcon_core.package_identification:_identify(Library/Artifacts/24) by extension 'ignore'
[2.688s] Level 1:colcon.colcon_core.package_identification:_identify(Library/Artifacts/24) by extension 'ignore_ament_install'
[2.692s] Level 1:colcon.colcon_core.package_identification:_identify(Library/Artifacts/24) by extensions ['colcon_pkg']
[2.693s] Level 1:colcon.colcon_core.package_identification:_identify(Library/Artifacts/24) by extension 'colcon_pkg'
[2.695s] Level 1:colcon.colcon_core.package_identification:_identify(Library/Artifacts/24) by extensions ['colcon_meta']
[2.696s] Level 1:colcon.colcon_core.package_identification:_identify(Library/Artifacts/24) by extension 'colcon_meta'
[2.702s] Level 1:colcon.colcon_core.package_identification:_identify(Library/Artifacts/24) by extensions ['ros']
[2.703s] Level 1:colcon.colcon_core.package_identification:_identify(Library/Artifacts/24) by extension 'ros'
[2.713s] Level 1:colcon.colcon_core.package_identification:_identify(Library/Artifacts/24) by extensions ['cmake', 'python']
[2.714s] Level 1:colcon.colcon_core.package_identification:_identify(Library/Artifacts/24) by extension 'cmake'
[2.716s] Level 1:colcon.colcon_core.package_identification:_identify(Library/Artifacts/24) by extension 'python'
[2.718s] Level 1:colcon.colcon_core.package_identification:_identify(Library/Artifacts/24) by extensions ['python_setup_py']
[2.718s] Level 1:colcon.colcon_core.package_identification:_identify(Library/Artifacts/24) by extension 'python_setup_py'
[2.727s] Level 1:colcon.colcon_core.package_identification:_identify(Library/Artifacts/25) by extensions ['ignore', 'ignore_ament_install']
[2.728s] Level 1:colcon.colcon_core.package_identification:_identify(Library/Artifacts/25) by extension 'ignore'
[2.730s] Level 1:colcon.colcon_core.package_identification:_identify(Library/Artifacts/25) by extension 'ignore_ament_install'
[2.734s] Level 1:colcon.colcon_core.package_identification:_identify(Library/Artifacts/25) by extensions ['colcon_pkg']
[2.734s] Level 1:colcon.colcon_core.package_identification:_identify(Library/Artifacts/25) by extension 'colcon_pkg'
[2.736s] Level 1:colcon.colcon_core.package_identification:_identify(Library/Artifacts/25) by extensions ['colcon_meta']
[2.737s] Level 1:colcon.colcon_core.package_identification:_identify(Library/Artifacts/25) by extension 'colcon_meta'
[2.741s] Level 1:colcon.colcon_core.package_identification:_identify(Library/Artifacts/25) by extensions ['ros']
[2.742s] Level 1:colcon.colcon_core.package_identification:_identify(Library/Artifacts/25) by extension 'ros'
[2.751s] Level 1:colcon.colcon_core.package_identification:_identify(Library/Artifacts/25) by extensions ['cmake', 'python']
[2.751s] Level 1:colcon.colcon_core.package_identification:_identify(Library/Artifacts/25) by extension 'cmake'
[2.753s] Level 1:colcon.colcon_core.package_identification:_identify(Library/Artifacts/25) by extension 'python'
[2.755s] Level 1:colcon.colcon_core.package_identification:_identify(Library/Artifacts/25) by extensions ['python_setup_py']
[2.756s] Level 1:colcon.colcon_core.package_identification:_identify(Library/Artifacts/25) by extension 'python_setup_py'
[2.765s] Level 1:colcon.colcon_core.package_identification:_identify(Library/Artifacts/26) by extensions ['ignore', 'ignore_ament_install']
[2.766s] Level 1:colcon.colcon_core.package_identification:_identify(Library/Artifacts/26) by extension 'ignore'
[2.768s] Level 1:colcon.colcon_core.package_identification:_identify(Library/Artifacts/26) by extension 'ignore_ament_install'
[2.772s] Level 1:colcon.colcon_core.package_identification:_identify(Library/Artifacts/26) by extensions ['colcon_pkg']
[2.772s] Level 1:colcon.colcon_core.package_identification:_identify(Library/Artifacts/26) by extension 'colcon_pkg'
[2.775s] Level 1:colcon.colcon_core.package_identification:_identify(Library/Artifacts/26) by extensions ['colcon_meta']
[2.775s] Level 1:colcon.colcon_core.package_identification:_identify(Library/Artifacts/26) by extension 'colcon_meta'
[2.780s] Level 1:colcon.colcon_core.package_identification:_identify(Library/Artifacts/26) by extensions ['ros']
[2.780s] Level 1:colcon.colcon_core.package_identification:_identify(Library/Artifacts/26) by extension 'ros'
[2.789s] Level 1:colcon.colcon_core.package_identification:_identify(Library/Artifacts/26) by extensions ['cmake', 'python']
[2.789s] Level 1:colcon.colcon_core.package_identification:_identify(Library/Artifacts/26) by extension 'cmake'
[2.791s] Level 1:colcon.colcon_core.package_identification:_identify(Library/Artifacts/26) by extension 'python'
[2.794s] Level 1:colcon.colcon_core.package_identification:_identify(Library/Artifacts/26) by extensions ['python_setup_py']
[2.794s] Level 1:colcon.colcon_core.package_identification:_identify(Library/Artifacts/26) by extension 'python_setup_py'
[2.802s] Level 1:colcon.colcon_core.package_identification:_identify(Library/Artifacts/27) by extensions ['ignore', 'ignore_ament_install']
[2.803s] Level 1:colcon.colcon_core.package_identification:_identify(Library/Artifacts/27) by extension 'ignore'
[2.805s] Level 1:colcon.colcon_core.package_identification:_identify(Library/Artifacts/27) by extension 'ignore_ament_install'
[2.808s] Level 1:colcon.colcon_core.package_identification:_identify(Library/Artifacts/27) by extensions ['colcon_pkg']
[2.809s] Level 1:colcon.colcon_core.package_identification:_identify(Library/Artifacts/27) by extension 'colcon_pkg'
[2.811s] Level 1:colcon.colcon_core.package_identification:_identify(Library/Artifacts/27) by extensions ['colcon_meta']
[2.811s] Level 1:colcon.colcon_core.package_identification:_identify(Library/Artifacts/27) by extension 'colcon_meta'
[2.815s] Level 1:colcon.colcon_core.package_identification:_identify(Library/Artifacts/27) by extensions ['ros']
[2.816s] Level 1:colcon.colcon_core.package_identification:_identify(Library/Artifacts/27) by extension 'ros'
[2.824s] Level 1:colcon.colcon_core.package_identification:_identify(Library/Artifacts/27) by extensions ['cmake', 'python']
[2.824s] Level 1:colcon.colcon_core.package_identification:_identify(Library/Artifacts/27) by extension 'cmake'
[2.827s] Level 1:colcon.colcon_core.package_identification:_identify(Library/Artifacts/27) by extension 'python'
[2.829s] Level 1:colcon.colcon_core.package_identification:_identify(Library/Artifacts/27) by extensions ['python_setup_py']
[2.830s] Level 1:colcon.colcon_core.package_identification:_identify(Library/Artifacts/27) by extension 'python_setup_py'
[2.838s] Level 1:colcon.colcon_core.package_identification:_identify(Library/Artifacts/28) by extensions ['ignore', 'ignore_ament_install']
[2.839s] Level 1:colcon.colcon_core.package_identification:_identify(Library/Artifacts/28) by extension 'ignore'
[2.841s] Level 1:colcon.colcon_core.package_identification:_identify(Library/Artifacts/28) by extension 'ignore_ament_install'
[2.844s] Level 1:colcon.colcon_core.package_identification:_identify(Library/Artifacts/28) by extensions ['colcon_pkg']
[2.845s] Level 1:colcon.colcon_core.package_identification:_identify(Library/Artifacts/28) by extension 'colcon_pkg'
[2.847s] Level 1:colcon.colcon_core.package_identification:_identify(Library/Artifacts/28) by extensions ['colcon_meta']
[2.848s] Level 1:colcon.colcon_core.package_identification:_identify(Library/Artifacts/28) by extension 'colcon_meta'
[2.852s] Level 1:colcon.colcon_core.package_identification:_identify(Library/Artifacts/28) by extensions ['ros']
[2.852s] Level 1:colcon.colcon_core.package_identification:_identify(Library/Artifacts/28) by extension 'ros'
[2.860s] Level 1:colcon.colcon_core.package_identification:_identify(Library/Artifacts/28) by extensions ['cmake', 'python']
[2.861s] Level 1:colcon.colcon_core.package_identification:_identify(Library/Artifacts/28) by extension 'cmake'
[2.863s] Level 1:colcon.colcon_core.package_identification:_identify(Library/Artifacts/28) by extension 'python'
[2.866s] Level 1:colcon.colcon_core.package_identification:_identify(Library/Artifacts/28) by extensions ['python_setup_py']
[2.866s] Level 1:colcon.colcon_core.package_identification:_identify(Library/Artifacts/28) by extension 'python_setup_py'
[2.875s] Level 1:colcon.colcon_core.package_identification:_identify(Library/Artifacts/29) by extensions ['ignore', 'ignore_ament_install']
[2.875s] Level 1:colcon.colcon_core.package_identification:_identify(Library/Artifacts/29) by extension 'ignore'
[2.878s] Level 1:colcon.colcon_core.package_identification:_identify(Library/Artifacts/29) by extension 'ignore_ament_install'
[2.881s] Level 1:colcon.colcon_core.package_identification:_identify(Library/Artifacts/29) by extensions ['colcon_pkg']
[2.882s] Level 1:colcon.colcon_core.package_identification:_identify(Library/Artifacts/29) by extension 'colcon_pkg'
[2.883s] Level 1:colcon.colcon_core.package_identification:_identify(Library/Artifacts/29) by extensions ['colcon_meta']
[2.884s] Level 1:colcon.colcon_core.package_identification:_identify(Library/Artifacts/29) by extension 'colcon_meta'
[2.888s] Level 1:colcon.colcon_core.package_identification:_identify(Library/Artifacts/29) by extensions ['ros']
[2.889s] Level 1:colcon.colcon_core.package_identification:_identify(Library/Artifacts/29) by extension 'ros'
[2.896s] Level 1:colcon.colcon_core.package_identification:_identify(Library/Artifacts/29) by extensions ['cmake', 'python']
[2.897s] Level 1:colcon.colcon_core.package_identification:_identify(Library/Artifacts/29) by extension 'cmake'
[2.900s] Level 1:colcon.colcon_core.package_identification:_identify(Library/Artifacts/29) by extension 'python'
[2.902s] Level 1:colcon.colcon_core.package_identification:_identify(Library/Artifacts/29) by extensions ['python_setup_py']
[2.903s] Level 1:colcon.colcon_core.package_identification:_identify(Library/Artifacts/29) by extension 'python_setup_py'
[2.911s] Level 1:colcon.colcon_core.package_identification:_identify(Library/Artifacts/2a) by extensions ['ignore', 'ignore_ament_install']
[2.912s] Level 1:colcon.colcon_core.package_identification:_identify(Library/Artifacts/2a) by extension 'ignore'
[2.913s] Level 1:colcon.colcon_core.package_identification:_identify(Library/Artifacts/2a) by extension 'ignore_ament_install'
[2.917s] Level 1:colcon.colcon_core.package_identification:_identify(Library/Artifacts/2a) by extensions ['colcon_pkg']
[2.918s] Level 1:colcon.colcon_core.package_identification:_identify(Library/Artifacts/2a) by extension 'colcon_pkg'
[2.920s] Level 1:colcon.colcon_core.package_identification:_identify(Library/Artifacts/2a) by extensions ['colcon_meta']
[2.921s] Level 1:colcon.colcon_core.package_identification:_identify(Library/Artifacts/2a) by extension 'colcon_meta'
[2.924s] Level 1:colcon.colcon_core.package_identification:_identify(Library/Artifacts/2a) by extensions ['ros']
[2.925s] Level 1:colcon.colcon_core.package_identification:_identify(Library/Artifacts/2a) by extension 'ros'
[2.933s] Level 1:colcon.colcon_core.package_identification:_identify(Library/Artifacts/2a) by extensions ['cmake', 'python']
[2.934s] Level 1:colcon.colcon_core.package_identification:_identify(Library/Artifacts/2a) by extension 'cmake'
[2.936s] Level 1:colcon.colcon_core.package_identification:_identify(Library/Artifacts/2a) by extension 'python'
[2.939s] Level 1:colcon.colcon_core.package_identification:_identify(Library/Artifacts/2a) by extensions ['python_setup_py']
[2.940s] Level 1:colcon.colcon_core.package_identification:_identify(Library/Artifacts/2a) by extension 'python_setup_py'
[2.950s] Level 1:colcon.colcon_core.package_identification:_identify(Library/Artifacts/2b) by extensions ['ignore', 'ignore_ament_install']
[2.950s] Level 1:colcon.colcon_core.package_identification:_identify(Library/Artifacts/2b) by extension 'ignore'
[2.953s] Level 1:colcon.colcon_core.package_identification:_identify(Library/Artifacts/2b) by extension 'ignore_ament_install'
[2.957s] Level 1:colcon.colcon_core.package_identification:_identify(Library/Artifacts/2b) by extensions ['colcon_pkg']
[2.958s] Level 1:colcon.colcon_core.package_identification:_identify(Library/Artifacts/2b) by extension 'colcon_pkg'
[2.961s] Level 1:colcon.colcon_core.package_identification:_identify(Library/Artifacts/2b) by extensions ['colcon_meta']
[2.961s] Level 1:colcon.colcon_core.package_identification:_identify(Library/Artifacts/2b) by extension 'colcon_meta'
[2.965s] Level 1:colcon.colcon_core.package_identification:_identify(Library/Artifacts/2b) by extensions ['ros']
[2.966s] Level 1:colcon.colcon_core.package_identification:_identify(Library/Artifacts/2b) by extension 'ros'
[2.975s] Level 1:colcon.colcon_core.package_identification:_identify(Library/Artifacts/2b) by extensions ['cmake', 'python']
[2.976s] Level 1:colcon.colcon_core.package_identification:_identify(Library/Artifacts/2b) by extension 'cmake'
[2.977s] Level 1:colcon.colcon_core.package_identification:_identify(Library/Artifacts/2b) by extension 'python'
[2.980s] Level 1:colcon.colcon_core.package_identification:_identify(Library/Artifacts/2b) by extensions ['python_setup_py']
[2.980s] Level 1:colcon.colcon_core.package_identification:_identify(Library/Artifacts/2b) by extension 'python_setup_py'
[2.990s] Level 1:colcon.colcon_core.package_identification:_identify(Library/Artifacts/2c) by extensions ['ignore', 'ignore_ament_install']
[2.991s] Level 1:colcon.colcon_core.package_identification:_identify(Library/Artifacts/2c) by extension 'ignore'
[2.993s] Level 1:colcon.colcon_core.package_identification:_identify(Library/Artifacts/2c) by extension 'ignore_ament_install'
[2.998s] Level 1:colcon.colcon_core.package_identification:_identify(Library/Artifacts/2c) by extensions ['colcon_pkg']
[2.998s] Level 1:colcon.colcon_core.package_identification:_identify(Library/Artifacts/2c) by extension 'colcon_pkg'
[3.001s] Level 1:colcon.colcon_core.package_identification:_identify(Library/Artifacts/2c) by extensions ['colcon_meta']
[3.001s] Level 1:colcon.colcon_core.package_identification:_identify(Library/Artifacts/2c) by extension 'colcon_meta'
[3.006s] Level 1:colcon.colcon_core.package_identification:_identify(Library/Artifacts/2c) by extensions ['ros']
[3.007s] Level 1:colcon.colcon_core.package_identification:_identify(Library/Artifacts/2c) by extension 'ros'
[3.016s] Level 1:colcon.colcon_core.package_identification:_identify(Library/Artifacts/2c) by extensions ['cmake', 'python']
[3.017s] Level 1:colcon.colcon_core.package_identification:_identify(Library/Artifacts/2c) by extension 'cmake'
[3.020s] Level 1:colcon.colcon_core.package_identification:_identify(Library/Artifacts/2c) by extension 'python'
[3.022s] Level 1:colcon.colcon_core.package_identification:_identify(Library/Artifacts/2c) by extensions ['python_setup_py']
[3.023s] Level 1:colcon.colcon_core.package_identification:_identify(Library/Artifacts/2c) by extension 'python_setup_py'
[3.031s] Level 1:colcon.colcon_core.package_identification:_identify(Library/Artifacts/2d) by extensions ['ignore', 'ignore_ament_install']
[3.032s] Level 1:colcon.colcon_core.package_identification:_identify(Library/Artifacts/2d) by extension 'ignore'
[3.033s] Level 1:colcon.colcon_core.package_identification:_identify(Library/Artifacts/2d) by extension 'ignore_ament_install'
[3.037s] Level 1:colcon.colcon_core.package_identification:_identify(Library/Artifacts/2d) by extensions ['colcon_pkg']
[3.038s] Level 1:colcon.colcon_core.package_identification:_identify(Library/Artifacts/2d) by extension 'colcon_pkg'
[3.040s] Level 1:colcon.colcon_core.package_identification:_identify(Library/Artifacts/2d) by extensions ['colcon_meta']
[3.041s] Level 1:colcon.colcon_core.package_identification:_identify(Library/Artifacts/2d) by extension 'colcon_meta'
[3.045s] Level 1:colcon.colcon_core.package_identification:_identify(Library/Artifacts/2d) by extensions ['ros']
[3.045s] Level 1:colcon.colcon_core.package_identification:_identify(Library/Artifacts/2d) by extension 'ros'
[3.053s] Level 1:colcon.colcon_core.package_identification:_identify(Library/Artifacts/2d) by extensions ['cmake', 'python']
[3.054s] Level 1:colcon.colcon_core.package_identification:_identify(Library/Artifacts/2d) by extension 'cmake'
[3.056s] Level 1:colcon.colcon_core.package_identification:_identify(Library/Artifacts/2d) by extension 'python'
[3.059s] Level 1:colcon.colcon_core.package_identification:_identify(Library/Artifacts/2d) by extensions ['python_setup_py']
[3.060s] Level 1:colcon.colcon_core.package_identification:_identify(Library/Artifacts/2d) by extension 'python_setup_py'
[3.069s] Level 1:colcon.colcon_core.package_identification:_identify(Library/Artifacts/2e) by extensions ['ignore', 'ignore_ament_install']
[3.070s] Level 1:colcon.colcon_core.package_identification:_identify(Library/Artifacts/2e) by extension 'ignore'
[3.073s] Level 1:colcon.colcon_core.package_identification:_identify(Library/Artifacts/2e) by extension 'ignore_ament_install'
[3.077s] Level 1:colcon.colcon_core.package_identification:_identify(Library/Artifacts/2e) by extensions ['colcon_pkg']
[3.078s] Level 1:colcon.colcon_core.package_identification:_identify(Library/Artifacts/2e) by extension 'colcon_pkg'
[3.080s] Level 1:colcon.colcon_core.package_identification:_identify(Library/Artifacts/2e) by extensions ['colcon_meta']
[3.081s] Level 1:colcon.colcon_core.package_identification:_identify(Library/Artifacts/2e) by extension 'colcon_meta'
[3.085s] Level 1:colcon.colcon_core.package_identification:_identify(Library/Artifacts/2e) by extensions ['ros']
[3.086s] Level 1:colcon.colcon_core.package_identification:_identify(Library/Artifacts/2e) by extension 'ros'
[3.095s] Level 1:colcon.colcon_core.package_identification:_identify(Library/Artifacts/2e) by extensions ['cmake', 'python']
[3.096s] Level 1:colcon.colcon_core.package_identification:_identify(Library/Artifacts/2e) by extension 'cmake'
[3.098s] Level 1:colcon.colcon_core.package_identification:_identify(Library/Artifacts/2e) by extension 'python'
[3.100s] Level 1:colcon.colcon_core.package_identification:_identify(Library/Artifacts/2e) by extensions ['python_setup_py']
[3.101s] Level 1:colcon.colcon_core.package_identification:_identify(Library/Artifacts/2e) by extension 'python_setup_py'
[3.111s] Level 1:colcon.colcon_core.package_identification:_identify(Library/Artifacts/2f) by extensions ['ignore', 'ignore_ament_install']
[3.111s] Level 1:colcon.colcon_core.package_identification:_identify(Library/Artifacts/2f) by extension 'ignore'
[3.114s] Level 1:colcon.colcon_core.package_identification:_identify(Library/Artifacts/2f) by extension 'ignore_ament_install'
[3.117s] Level 1:colcon.colcon_core.package_identification:_identify(Library/Artifacts/2f) by extensions ['colcon_pkg']
[3.118s] Level 1:colcon.colcon_core.package_identification:_identify(Library/Artifacts/2f) by extension 'colcon_pkg'
[3.120s] Level 1:colcon.colcon_core.package_identification:_identify(Library/Artifacts/2f) by extensions ['colcon_meta']
[3.121s] Level 1:colcon.colcon_core.package_identification:_identify(Library/Artifacts/2f) by extension 'colcon_meta'
[3.125s] Level 1:colcon.colcon_core.package_identification:_identify(Library/Artifacts/2f) by extensions ['ros']
[3.125s] Level 1:colcon.colcon_core.package_identification:_identify(Library/Artifacts/2f) by extension 'ros'
[3.135s] Level 1:colcon.colcon_core.package_identification:_identify(Library/Artifacts/2f) by extensions ['cmake', 'python']
[3.135s] Level 1:colcon.colcon_core.package_identification:_identify(Library/Artifacts/2f) by extension 'cmake'
[3.137s] Level 1:colcon.colcon_core.package_identification:_identify(Library/Artifacts/2f) by extension 'python'
[3.139s] Level 1:colcon.colcon_core.package_identification:_identify(Library/Artifacts/2f) by extensions ['python_setup_py']
[3.140s] Level 1:colcon.colcon_core.package_identification:_identify(Library/Artifacts/2f) by extension 'python_setup_py'
[3.148s] Level 1:colcon.colcon_core.package_identification:_identify(Library/Artifacts/30) by extensions ['ignore', 'ignore_ament_install']
[3.149s] Level 1:colcon.colcon_core.package_identification:_identify(Library/Artifacts/30) by extension 'ignore'
[3.151s] Level 1:colcon.colcon_core.package_identification:_identify(Library/Artifacts/30) by extension 'ignore_ament_install'
[3.154s] Level 1:colcon.colcon_core.package_identification:_identify(Library/Artifacts/30) by extensions ['colcon_pkg']
[3.155s] Level 1:colcon.colcon_core.package_identification:_identify(Library/Artifacts/30) by extension 'colcon_pkg'
[3.157s] Level 1:colcon.colcon_core.package_identification:_identify(Library/Artifacts/30) by extensions ['colcon_meta']
[3.158s] Level 1:colcon.colcon_core.package_identification:_identify(Library/Artifacts/30) by extension 'colcon_meta'
[3.161s] Level 1:colcon.colcon_core.package_identification:_identify(Library/Artifacts/30) by extensions ['ros']
[3.162s] Level 1:colcon.colcon_core.package_identification:_identify(Library/Artifacts/30) by extension 'ros'
[3.171s] Level 1:colcon.colcon_core.package_identification:_identify(Library/Artifacts/30) by extensions ['cmake', 'python']
[3.172s] Level 1:colcon.colcon_core.package_identification:_identify(Library/Artifacts/30) by extension 'cmake'
[3.174s] Level 1:colcon.colcon_core.package_identification:_identify(Library/Artifacts/30) by extension 'python'
[3.176s] Level 1:colcon.colcon_core.package_identification:_identify(Library/Artifacts/30) by extensions ['python_setup_py']
[3.177s] Level 1:colcon.colcon_core.package_identification:_identify(Library/Artifacts/30) by extension 'python_setup_py'
[3.185s] Level 1:colcon.colcon_core.package_identification:_identify(Library/Artifacts/31) by extensions ['ignore', 'ignore_ament_install']
[3.185s] Level 1:colcon.colcon_core.package_identification:_identify(Library/Artifacts/31) by extension 'ignore'
[3.187s] Level 1:colcon.colcon_core.package_identification:_identify(Library/Artifacts/31) by extension 'ignore_ament_install'
[3.191s] Level 1:colcon.colcon_core.package_identification:_identify(Library/Artifacts/31) by extensions ['colcon_pkg']
[3.192s] Level 1:colcon.colcon_core.package_identification:_identify(Library/Artifacts/31) by extension 'colcon_pkg'
[3.194s] Level 1:colcon.colcon_core.package_identification:_identify(Library/Artifacts/31) by extensions ['colcon_meta']
[3.195s] Level 1:colcon.colcon_core.package_identification:_identify(Library/Artifacts/31) by extension 'colcon_meta'
[3.199s] Level 1:colcon.colcon_core.package_identification:_identify(Library/Artifacts/31) by extensions ['ros']
[3.200s] Level 1:colcon.colcon_core.package_identification:_identify(Library/Artifacts/31) by extension 'ros'
[3.209s] Level 1:colcon.colcon_core.package_identification:_identify(Library/Artifacts/31) by extensions ['cmake', 'python']
[3.209s] Level 1:colcon.colcon_core.package_identification:_identify(Library/Artifacts/31) by extension 'cmake'
[3.212s] Level 1:colcon.colcon_core.package_identification:_identify(Library/Artifacts/31) by extension 'python'
[3.214s] Level 1:colcon.colcon_core.package_identification:_identify(Library/Artifacts/31) by extensions ['python_setup_py']
[3.215s] Level 1:colcon.colcon_core.package_identification:_identify(Library/Artifacts/31) by extension 'python_setup_py'
[3.221s] Level 1:colcon.colcon_core.package_identification:_identify(Library/Artifacts/32) by extensions ['ignore', 'ignore_ament_install']
[3.222s] Level 1:colcon.colcon_core.package_identification:_identify(Library/Artifacts/32) by extension 'ignore'
[3.223s] Level 1:colcon.colcon_core.package_identification:_identify(Library/Artifacts/32) by extension 'ignore_ament_install'
[3.225s] Level 1:colcon.colcon_core.package_identification:_identify(Library/Artifacts/32) by extensions ['colcon_pkg']
[3.226s] Level 1:colcon.colcon_core.package_identification:_identify(Library/Artifacts/32) by extension 'colcon_pkg'
[3.227s] Level 1:colcon.colcon_core.package_identification:_identify(Library/Artifacts/32) by extensions ['colcon_meta']
[3.228s] Level 1:colcon.colcon_core.package_identification:_identify(Library/Artifacts/32) by extension 'colcon_meta'
[3.230s] Level 1:colcon.colcon_core.package_identification:_identify(Library/Artifacts/32) by extensions ['ros']
[3.230s] Level 1:colcon.colcon_core.package_identification:_identify(Library/Artifacts/32) by extension 'ros'
[3.235s] Level 1:colcon.colcon_core.package_identification:_identify(Library/Artifacts/32) by extensions ['cmake', 'python']
[3.236s] Level 1:colcon.colcon_core.package_identification:_identify(Library/Artifacts/32) by extension 'cmake'
[3.237s] Level 1:colcon.colcon_core.package_identification:_identify(Library/Artifacts/32) by extension 'python'
[3.238s] Level 1:colcon.colcon_core.package_identification:_identify(Library/Artifacts/32) by extensions ['python_setup_py']
[3.239s] Level 1:colcon.colcon_core.package_identification:_identify(Library/Artifacts/32) by extension 'python_setup_py'
[3.245s] Level 1:colcon.colcon_core.package_identification:_identify(Library/Artifacts/33) by extensions ['ignore', 'ignore_ament_install']
[3.246s] Level 1:colcon.colcon_core.package_identification:_identify(Library/Artifacts/33) by extension 'ignore'
[3.247s] Level 1:colcon.colcon_core.package_identification:_identify(Library/Artifacts/33) by extension 'ignore_ament_install'
[3.251s] Level 1:colcon.colcon_core.package_identification:_identify(Library/Artifacts/33) by extensions ['colcon_pkg']
[3.252s] Level 1:colcon.colcon_core.package_identification:_identify(Library/Artifacts/33) by extension 'colcon_pkg'
[3.253s] Level 1:colcon.colcon_core.package_identification:_identify(Library/Artifacts/33) by extensions ['colcon_meta']
[3.254s] Level 1:colcon.colcon_core.package_identification:_identify(Library/Artifacts/33) by extension 'colcon_meta'
[3.258s] Level 1:colcon.colcon_core.package_identification:_identify(Library/Artifacts/33) by extensions ['ros']
[3.259s] Level 1:colcon.colcon_core.package_identification:_identify(Library/Artifacts/33) by extension 'ros'
[3.267s] Level 1:colcon.colcon_core.package_identification:_identify(Library/Artifacts/33) by extensions ['cmake', 'python']
[3.268s] Level 1:colcon.colcon_core.package_identification:_identify(Library/Artifacts/33) by extension 'cmake'
[3.270s] Level 1:colcon.colcon_core.package_identification:_identify(Library/Artifacts/33) by extension 'python'
[3.272s] Level 1:colcon.colcon_core.package_identification:_identify(Library/Artifacts/33) by extensions ['python_setup_py']
[3.272s] Level 1:colcon.colcon_core.package_identification:_identify(Library/Artifacts/33) by extension 'python_setup_py'
[3.282s] Level 1:colcon.colcon_core.package_identification:_identify(Library/Artifacts/34) by extensions ['ignore', 'ignore_ament_install']
[3.282s] Level 1:colcon.colcon_core.package_identification:_identify(Library/Artifacts/34) by extension 'ignore'
[3.284s] Level 1:colcon.colcon_core.package_identification:_identify(Library/Artifacts/34) by extension 'ignore_ament_install'
[3.287s] Level 1:colcon.colcon_core.package_identification:_identify(Library/Artifacts/34) by extensions ['colcon_pkg']
[3.287s] Level 1:colcon.colcon_core.package_identification:_identify(Library/Artifacts/34) by extension 'colcon_pkg'
[3.290s] Level 1:colcon.colcon_core.package_identification:_identify(Library/Artifacts/34) by extensions ['colcon_meta']
[3.291s] Level 1:colcon.colcon_core.package_identification:_identify(Library/Artifacts/34) by extension 'colcon_meta'
[3.295s] Level 1:colcon.colcon_core.package_identification:_identify(Library/Artifacts/34) by extensions ['ros']
[3.295s] Level 1:colcon.colcon_core.package_identification:_identify(Library/Artifacts/34) by extension 'ros'
[3.304s] Level 1:colcon.colcon_core.package_identification:_identify(Library/Artifacts/34) by extensions ['cmake', 'python']
[3.305s] Level 1:colcon.colcon_core.package_identification:_identify(Library/Artifacts/34) by extension 'cmake'
[3.307s] Level 1:colcon.colcon_core.package_identification:_identify(Library/Artifacts/34) by extension 'python'
[3.309s] Level 1:colcon.colcon_core.package_identification:_identify(Library/Artifacts/34) by extensions ['python_setup_py']
[3.310s] Level 1:colcon.colcon_core.package_identification:_identify(Library/Artifacts/34) by extension 'python_setup_py'
[3.318s] Level 1:colcon.colcon_core.package_identification:_identify(Library/Artifacts/35) by extensions ['ignore', 'ignore_ament_install']
[3.318s] Level 1:colcon.colcon_core.package_identification:_identify(Library/Artifacts/35) by extension 'ignore'
[3.321s] Level 1:colcon.colcon_core.package_identification:_identify(Library/Artifacts/35) by extension 'ignore_ament_install'
[3.324s] Level 1:colcon.colcon_core.package_identification:_identify(Library/Artifacts/35) by extensions ['colcon_pkg']
[3.325s] Level 1:colcon.colcon_core.package_identification:_identify(Library/Artifacts/35) by extension 'colcon_pkg'
[3.326s] Level 1:colcon.colcon_core.package_identification:_identify(Library/Artifacts/35) by extensions ['colcon_meta']
[3.327s] Level 1:colcon.colcon_core.package_identification:_identify(Library/Artifacts/35) by extension 'colcon_meta'
[3.331s] Level 1:colcon.colcon_core.package_identification:_identify(Library/Artifacts/35) by extensions ['ros']
[3.332s] Level 1:colcon.colcon_core.package_identification:_identify(Library/Artifacts/35) by extension 'ros'
[3.339s] Level 1:colcon.colcon_core.package_identification:_identify(Library/Artifacts/35) by extensions ['cmake', 'python']
[3.340s] Level 1:colcon.colcon_core.package_identification:_identify(Library/Artifacts/35) by extension 'cmake'
[3.342s] Level 1:colcon.colcon_core.package_identification:_identify(Library/Artifacts/35) by extension 'python'
[3.344s] Level 1:colcon.colcon_core.package_identification:_identify(Library/Artifacts/35) by extensions ['python_setup_py']
[3.345s] Level 1:colcon.colcon_core.package_identification:_identify(Library/Artifacts/35) by extension 'python_setup_py'
[3.354s] Level 1:colcon.colcon_core.package_identification:_identify(Library/Artifacts/36) by extensions ['ignore', 'ignore_ament_install']
[3.354s] Level 1:colcon.colcon_core.package_identification:_identify(Library/Artifacts/36) by extension 'ignore'
[3.357s] Level 1:colcon.colcon_core.package_identification:_identify(Library/Artifacts/36) by extension 'ignore_ament_install'
[3.361s] Level 1:colcon.colcon_core.package_identification:_identify(Library/Artifacts/36) by extensions ['colcon_pkg']
[3.361s] Level 1:colcon.colcon_core.package_identification:_identify(Library/Artifacts/36) by extension 'colcon_pkg'
[3.364s] Level 1:colcon.colcon_core.package_identification:_identify(Library/Artifacts/36) by extensions ['colcon_meta']
[3.364s] Level 1:colcon.colcon_core.package_identification:_identify(Library/Artifacts/36) by extension 'colcon_meta'
[3.368s] Level 1:colcon.colcon_core.package_identification:_identify(Library/Artifacts/36) by extensions ['ros']
[3.369s] Level 1:colcon.colcon_core.package_identification:_identify(Library/Artifacts/36) by extension 'ros'
[3.377s] Level 1:colcon.colcon_core.package_identification:_identify(Library/Artifacts/36) by extensions ['cmake', 'python']
[3.378s] Level 1:colcon.colcon_core.package_identification:_identify(Library/Artifacts/36) by extension 'cmake'
[3.380s] Level 1:colcon.colcon_core.package_identification:_identify(Library/Artifacts/36) by extension 'python'
[3.382s] Level 1:colcon.colcon_core.package_identification:_identify(Library/Artifacts/36) by extensions ['python_setup_py']
[3.383s] Level 1:colcon.colcon_core.package_identification:_identify(Library/Artifacts/36) by extension 'python_setup_py'
[3.392s] Level 1:colcon.colcon_core.package_identification:_identify(Library/Artifacts/37) by extensions ['ignore', 'ignore_ament_install']
[3.393s] Level 1:colcon.colcon_core.package_identification:_identify(Library/Artifacts/37) by extension 'ignore'
[3.395s] Level 1:colcon.colcon_core.package_identification:_identify(Library/Artifacts/37) by extension 'ignore_ament_install'
[3.400s] Level 1:colcon.colcon_core.package_identification:_identify(Library/Artifacts/37) by extensions ['colcon_pkg']
[3.401s] Level 1:colcon.colcon_core.package_identification:_identify(Library/Artifacts/37) by extension 'colcon_pkg'
[3.403s] Level 1:colcon.colcon_core.package_identification:_identify(Library/Artifacts/37) by extensions ['colcon_meta']
[3.404s] Level 1:colcon.colcon_core.package_identification:_identify(Library/Artifacts/37) by extension 'colcon_meta'
[3.409s] Level 1:colcon.colcon_core.package_identification:_identify(Library/Artifacts/37) by extensions ['ros']
[3.410s] Level 1:colcon.colcon_core.package_identification:_identify(Library/Artifacts/37) by extension 'ros'
[3.419s] Level 1:colcon.colcon_core.package_identification:_identify(Library/Artifacts/37) by extensions ['cmake', 'python']
[3.420s] Level 1:colcon.colcon_core.package_identification:_identify(Library/Artifacts/37) by extension 'cmake'
[3.423s] Level 1:colcon.colcon_core.package_identification:_identify(Library/Artifacts/37) by extension 'python'
[3.426s] Level 1:colcon.colcon_core.package_identification:_identify(Library/Artifacts/37) by extensions ['python_setup_py']
[3.427s] Level 1:colcon.colcon_core.package_identification:_identify(Library/Artifacts/37) by extension 'python_setup_py'
[3.437s] Level 1:colcon.colcon_core.package_identification:_identify(Library/Artifacts/38) by extensions ['ignore', 'ignore_ament_install']
[3.438s] Level 1:colcon.colcon_core.package_identification:_identify(Library/Artifacts/38) by extension 'ignore'
[3.441s] Level 1:colcon.colcon_core.package_identification:_identify(Library/Artifacts/38) by extension 'ignore_ament_install'
[3.445s] Level 1:colcon.colcon_core.package_identification:_identify(Library/Artifacts/38) by extensions ['colcon_pkg']
[3.446s] Level 1:colcon.colcon_core.package_identification:_identify(Library/Artifacts/38) by extension 'colcon_pkg'
[3.447s] Level 1:colcon.colcon_core.package_identification:_identify(Library/Artifacts/38) by extensions ['colcon_meta']
[3.448s] Level 1:colcon.colcon_core.package_identification:_identify(Library/Artifacts/38) by extension 'colcon_meta'
[3.452s] Level 1:colcon.colcon_core.package_identification:_identify(Library/Artifacts/38) by extensions ['ros']
[3.453s] Level 1:colcon.colcon_core.package_identification:_identify(Library/Artifacts/38) by extension 'ros'
[3.462s] Level 1:colcon.colcon_core.package_identification:_identify(Library/Artifacts/38) by extensions ['cmake', 'python']
[3.463s] Level 1:colcon.colcon_core.package_identification:_identify(Library/Artifacts/38) by extension 'cmake'
[3.465s] Level 1:colcon.colcon_core.package_identification:_identify(Library/Artifacts/38) by extension 'python'
[3.467s] Level 1:colcon.colcon_core.package_identification:_identify(Library/Artifacts/38) by extensions ['python_setup_py']
[3.468s] Level 1:colcon.colcon_core.package_identification:_identify(Library/Artifacts/38) by extension 'python_setup_py'
[3.476s] Level 1:colcon.colcon_core.package_identification:_identify(Library/Artifacts/39) by extensions ['ignore', 'ignore_ament_install']
[3.476s] Level 1:colcon.colcon_core.package_identification:_identify(Library/Artifacts/39) by extension 'ignore'
[3.478s] Level 1:colcon.colcon_core.package_identification:_identify(Library/Artifacts/39) by extension 'ignore_ament_install'
[3.482s] Level 1:colcon.colcon_core.package_identification:_identify(Library/Artifacts/39) by extensions ['colcon_pkg']
[3.483s] Level 1:colcon.colcon_core.package_identification:_identify(Library/Artifacts/39) by extension 'colcon_pkg'
[3.485s] Level 1:colcon.colcon_core.package_identification:_identify(Library/Artifacts/39) by extensions ['colcon_meta']
[3.486s] Level 1:colcon.colcon_core.package_identification:_identify(Library/Artifacts/39) by extension 'colcon_meta'
[3.489s] Level 1:colcon.colcon_core.package_identification:_identify(Library/Artifacts/39) by extensions ['ros']
[3.489s] Level 1:colcon.colcon_core.package_identification:_identify(Library/Artifacts/39) by extension 'ros'
[3.497s] Level 1:colcon.colcon_core.package_identification:_identify(Library/Artifacts/39) by extensions ['cmake', 'python']
[3.498s] Level 1:colcon.colcon_core.package_identification:_identify(Library/Artifacts/39) by extension 'cmake'
[3.501s] Level 1:colcon.colcon_core.package_identification:_identify(Library/Artifacts/39) by extension 'python'
[3.503s] Level 1:colcon.colcon_core.package_identification:_identify(Library/Artifacts/39) by extensions ['python_setup_py']
[3.503s] Level 1:colcon.colcon_core.package_identification:_identify(Library/Artifacts/39) by extension 'python_setup_py'
[3.512s] Level 1:colcon.colcon_core.package_identification:_identify(Library/Artifacts/3a) by extensions ['ignore', 'ignore_ament_install']
[3.513s] Level 1:colcon.colcon_core.package_identification:_identify(Library/Artifacts/3a) by extension 'ignore'
[3.515s] Level 1:colcon.colcon_core.package_identification:_identify(Library/Artifacts/3a) by extension 'ignore_ament_install'
[3.519s] Level 1:colcon.colcon_core.package_identification:_identify(Library/Artifacts/3a) by extensions ['colcon_pkg']
[3.520s] Level 1:colcon.colcon_core.package_identification:_identify(Library/Artifacts/3a) by extension 'colcon_pkg'
[3.522s] Level 1:colcon.colcon_core.package_identification:_identify(Library/Artifacts/3a) by extensions ['colcon_meta']
[3.523s] Level 1:colcon.colcon_core.package_identification:_identify(Library/Artifacts/3a) by extension 'colcon_meta'
[3.527s] Level 1:colcon.colcon_core.package_identification:_identify(Library/Artifacts/3a) by extensions ['ros']
[3.528s] Level 1:colcon.colcon_core.package_identification:_identify(Library/Artifacts/3a) by extension 'ros'
[3.536s] Level 1:colcon.colcon_core.package_identification:_identify(Library/Artifacts/3a) by extensions ['cmake', 'python']
[3.537s] Level 1:colcon.colcon_core.package_identification:_identify(Library/Artifacts/3a) by extension 'cmake'
[3.542s] Level 1:colcon.colcon_core.package_identification:_identify(Library/Artifacts/3a) by extension 'python'
[3.545s] Level 1:colcon.colcon_core.package_identification:_identify(Library/Artifacts/3a) by extensions ['python_setup_py']
[3.545s] Level 1:colcon.colcon_core.package_identification:_identify(Library/Artifacts/3a) by extension 'python_setup_py'
[3.555s] Level 1:colcon.colcon_core.package_identification:_identify(Library/Artifacts/3b) by extensions ['ignore', 'ignore_ament_install']
[3.556s] Level 1:colcon.colcon_core.package_identification:_identify(Library/Artifacts/3b) by extension 'ignore'
[3.558s] Level 1:colcon.colcon_core.package_identification:_identify(Library/Artifacts/3b) by extension 'ignore_ament_install'
[3.563s] Level 1:colcon.colcon_core.package_identification:_identify(Library/Artifacts/3b) by extensions ['colcon_pkg']
[3.564s] Level 1:colcon.colcon_core.package_identification:_identify(Library/Artifacts/3b) by extension 'colcon_pkg'
[3.566s] Level 1:colcon.colcon_core.package_identification:_identify(Library/Artifacts/3b) by extensions ['colcon_meta']
[3.567s] Level 1:colcon.colcon_core.package_identification:_identify(Library/Artifacts/3b) by extension 'colcon_meta'
[3.571s] Level 1:colcon.colcon_core.package_identification:_identify(Library/Artifacts/3b) by extensions ['ros']
[3.571s] Level 1:colcon.colcon_core.package_identification:_identify(Library/Artifacts/3b) by extension 'ros'
[3.581s] Level 1:colcon.colcon_core.package_identification:_identify(Library/Artifacts/3b) by extensions ['cmake', 'python']
[3.581s] Level 1:colcon.colcon_core.package_identification:_identify(Library/Artifacts/3b) by extension 'cmake'
[3.584s] Level 1:colcon.colcon_core.package_identification:_identify(Library/Artifacts/3b) by extension 'python'
[3.586s] Level 1:colcon.colcon_core.package_identification:_identify(Library/Artifacts/3b) by extensions ['python_setup_py']
[3.587s] Level 1:colcon.colcon_core.package_identification:_identify(Library/Artifacts/3b) by extension 'python_setup_py'
[3.597s] Level 1:colcon.colcon_core.package_identification:_identify(Library/Artifacts/3c) by extensions ['ignore', 'ignore_ament_install']
[3.598s] Level 1:colcon.colcon_core.package_identification:_identify(Library/Artifacts/3c) by extension 'ignore'
[3.600s] Level 1:colcon.colcon_core.package_identification:_identify(Library/Artifacts/3c) by extension 'ignore_ament_install'
[3.604s] Level 1:colcon.colcon_core.package_identification:_identify(Library/Artifacts/3c) by extensions ['colcon_pkg']
[3.605s] Level 1:colcon.colcon_core.package_identification:_identify(Library/Artifacts/3c) by extension 'colcon_pkg'
[3.607s] Level 1:colcon.colcon_core.package_identification:_identify(Library/Artifacts/3c) by extensions ['colcon_meta']
[3.608s] Level 1:colcon.colcon_core.package_identification:_identify(Library/Artifacts/3c) by extension 'colcon_meta'
[3.613s] Level 1:colcon.colcon_core.package_identification:_identify(Library/Artifacts/3c) by extensions ['ros']
[3.614s] Level 1:colcon.colcon_core.package_identification:_identify(Library/Artifacts/3c) by extension 'ros'
[3.623s] Level 1:colcon.colcon_core.package_identification:_identify(Library/Artifacts/3c) by extensions ['cmake', 'python']
[3.623s] Level 1:colcon.colcon_core.package_identification:_identify(Library/Artifacts/3c) by extension 'cmake'
[3.626s] Level 1:colcon.colcon_core.package_identification:_identify(Library/Artifacts/3c) by extension 'python'
[3.629s] Level 1:colcon.colcon_core.package_identification:_identify(Library/Artifacts/3c) by extensions ['python_setup_py']
[3.629s] Level 1:colcon.colcon_core.package_identification:_identify(Library/Artifacts/3c) by extension 'python_setup_py'
[3.637s] Level 1:colcon.colcon_core.package_identification:_identify(Library/Artifacts/3d) by extensions ['ignore', 'ignore_ament_install']
[3.638s] Level 1:colcon.colcon_core.package_identification:_identify(Library/Artifacts/3d) by extension 'ignore'
[3.640s] Level 1:colcon.colcon_core.package_identification:_identify(Library/Artifacts/3d) by extension 'ignore_ament_install'
[3.644s] Level 1:colcon.colcon_core.package_identification:_identify(Library/Artifacts/3d) by extensions ['colcon_pkg']
[3.644s] Level 1:colcon.colcon_core.package_identification:_identify(Library/Artifacts/3d) by extension 'colcon_pkg'
[3.646s] Level 1:colcon.colcon_core.package_identification:_identify(Library/Artifacts/3d) by extensions ['colcon_meta']
[3.647s] Level 1:colcon.colcon_core.package_identification:_identify(Library/Artifacts/3d) by extension 'colcon_meta'
[3.651s] Level 1:colcon.colcon_core.package_identification:_identify(Library/Artifacts/3d) by extensions ['ros']
[3.652s] Level 1:colcon.colcon_core.package_identification:_identify(Library/Artifacts/3d) by extension 'ros'
[3.660s] Level 1:colcon.colcon_core.package_identification:_identify(Library/Artifacts/3d) by extensions ['cmake', 'python']
[3.661s] Level 1:colcon.colcon_core.package_identification:_identify(Library/Artifacts/3d) by extension 'cmake'
[3.663s] Level 1:colcon.colcon_core.package_identification:_identify(Library/Artifacts/3d) by extension 'python'
[3.665s] Level 1:colcon.colcon_core.package_identification:_identify(Library/Artifacts/3d) by extensions ['python_setup_py']
[3.665s] Level 1:colcon.colcon_core.package_identification:_identify(Library/Artifacts/3d) by extension 'python_setup_py'
[3.674s] Level 1:colcon.colcon_core.package_identification:_identify(Library/Artifacts/3e) by extensions ['ignore', 'ignore_ament_install']
[3.675s] Level 1:colcon.colcon_core.package_identification:_identify(Library/Artifacts/3e) by extension 'ignore'
[3.677s] Level 1:colcon.colcon_core.package_identification:_identify(Library/Artifacts/3e) by extension 'ignore_ament_install'
[3.681s] Level 1:colcon.colcon_core.package_identification:_identify(Library/Artifacts/3e) by extensions ['colcon_pkg']
[3.681s] Level 1:colcon.colcon_core.package_identification:_identify(Library/Artifacts/3e) by extension 'colcon_pkg'
[3.684s] Level 1:colcon.colcon_core.package_identification:_identify(Library/Artifacts/3e) by extensions ['colcon_meta']
[3.685s] Level 1:colcon.colcon_core.package_identification:_identify(Library/Artifacts/3e) by extension 'colcon_meta'
[3.689s] Level 1:colcon.colcon_core.package_identification:_identify(Library/Artifacts/3e) by extensions ['ros']
[3.690s] Level 1:colcon.colcon_core.package_identification:_identify(Library/Artifacts/3e) by extension 'ros'
[3.698s] Level 1:colcon.colcon_core.package_identification:_identify(Library/Artifacts/3e) by extensions ['cmake', 'python']
[3.699s] Level 1:colcon.colcon_core.package_identification:_identify(Library/Artifacts/3e) by extension 'cmake'
[3.702s] Level 1:colcon.colcon_core.package_identification:_identify(Library/Artifacts/3e) by extension 'python'
[3.704s] Level 1:colcon.colcon_core.package_identification:_identify(Library/Artifacts/3e) by extensions ['python_setup_py']
[3.705s] Level 1:colcon.colcon_core.package_identification:_identify(Library/Artifacts/3e) by extension 'python_setup_py'
[3.713s] Level 1:colcon.colcon_core.package_identification:_identify(Library/Artifacts/3f) by extensions ['ignore', 'ignore_ament_install']
[3.714s] Level 1:colcon.colcon_core.package_identification:_identify(Library/Artifacts/3f) by extension 'ignore'
[3.716s] Level 1:colcon.colcon_core.package_identification:_identify(Library/Artifacts/3f) by extension 'ignore_ament_install'
[3.721s] Level 1:colcon.colcon_core.package_identification:_identify(Library/Artifacts/3f) by extensions ['colcon_pkg']
[3.722s] Level 1:colcon.colcon_core.package_identification:_identify(Library/Artifacts/3f) by extension 'colcon_pkg'
[3.725s] Level 1:colcon.colcon_core.package_identification:_identify(Library/Artifacts/3f) by extensions ['colcon_meta']
[3.725s] Level 1:colcon.colcon_core.package_identification:_identify(Library/Artifacts/3f) by extension 'colcon_meta'
[3.731s] Level 1:colcon.colcon_core.package_identification:_identify(Library/Artifacts/3f) by extensions ['ros']
[3.731s] Level 1:colcon.colcon_core.package_identification:_identify(Library/Artifacts/3f) by extension 'ros'
[3.739s] Level 1:colcon.colcon_core.package_identification:_identify(Library/Artifacts/3f) by extensions ['cmake', 'python']
[3.739s] Level 1:colcon.colcon_core.package_identification:_identify(Library/Artifacts/3f) by extension 'cmake'
[3.741s] Level 1:colcon.colcon_core.package_identification:_identify(Library/Artifacts/3f) by extension 'python'
[3.744s] Level 1:colcon.colcon_core.package_identification:_identify(Library/Artifacts/3f) by extensions ['python_setup_py']
[3.744s] Level 1:colcon.colcon_core.package_identification:_identify(Library/Artifacts/3f) by extension 'python_setup_py'
[3.753s] Level 1:colcon.colcon_core.package_identification:_identify(Library/Artifacts/40) by extensions ['ignore', 'ignore_ament_install']
[3.754s] Level 1:colcon.colcon_core.package_identification:_identify(Library/Artifacts/40) by extension 'ignore'
[3.756s] Level 1:colcon.colcon_core.package_identification:_identify(Library/Artifacts/40) by extension 'ignore_ament_install'
[3.762s] Level 1:colcon.colcon_core.package_identification:_identify(Library/Artifacts/40) by extensions ['colcon_pkg']
[3.763s] Level 1:colcon.colcon_core.package_identification:_identify(Library/Artifacts/40) by extension 'colcon_pkg'
[3.765s] Level 1:colcon.colcon_core.package_identification:_identify(Library/Artifacts/40) by extensions ['colcon_meta']
[3.766s] Level 1:colcon.colcon_core.package_identification:_identify(Library/Artifacts/40) by extension 'colcon_meta'
[3.770s] Level 1:colcon.colcon_core.package_identification:_identify(Library/Artifacts/40) by extensions ['ros']
[3.771s] Level 1:colcon.colcon_core.package_identification:_identify(Library/Artifacts/40) by extension 'ros'
[3.780s] Level 1:colcon.colcon_core.package_identification:_identify(Library/Artifacts/40) by extensions ['cmake', 'python']
[3.781s] Level 1:colcon.colcon_core.package_identification:_identify(Library/Artifacts/40) by extension 'cmake'
[3.783s] Level 1:colcon.colcon_core.package_identification:_identify(Library/Artifacts/40) by extension 'python'
[3.786s] Level 1:colcon.colcon_core.package_identification:_identify(Library/Artifacts/40) by extensions ['python_setup_py']
[3.787s] Level 1:colcon.colcon_core.package_identification:_identify(Library/Artifacts/40) by extension 'python_setup_py'
[3.797s] Level 1:colcon.colcon_core.package_identification:_identify(Library/Artifacts/41) by extensions ['ignore', 'ignore_ament_install']
[3.798s] Level 1:colcon.colcon_core.package_identification:_identify(Library/Artifacts/41) by extension 'ignore'
[3.801s] Level 1:colcon.colcon_core.package_identification:_identify(Library/Artifacts/41) by extension 'ignore_ament_install'
[3.805s] Level 1:colcon.colcon_core.package_identification:_identify(Library/Artifacts/41) by extensions ['colcon_pkg']
[3.806s] Level 1:colcon.colcon_core.package_identification:_identify(Library/Artifacts/41) by extension 'colcon_pkg'
[3.808s] Level 1:colcon.colcon_core.package_identification:_identify(Library/Artifacts/41) by extensions ['colcon_meta']
[3.809s] Level 1:colcon.colcon_core.package_identification:_identify(Library/Artifacts/41) by extension 'colcon_meta'
[3.813s] Level 1:colcon.colcon_core.package_identification:_identify(Library/Artifacts/41) by extensions ['ros']
[3.814s] Level 1:colcon.colcon_core.package_identification:_identify(Library/Artifacts/41) by extension 'ros'
[3.824s] Level 1:colcon.colcon_core.package_identification:_identify(Library/Artifacts/41) by extensions ['cmake', 'python']
[3.824s] Level 1:colcon.colcon_core.package_identification:_identify(Library/Artifacts/41) by extension 'cmake'
[3.827s] Level 1:colcon.colcon_core.package_identification:_identify(Library/Artifacts/41) by extension 'python'
[3.830s] Level 1:colcon.colcon_core.package_identification:_identify(Library/Artifacts/41) by extensions ['python_setup_py']
[3.830s] Level 1:colcon.colcon_core.package_identification:_identify(Library/Artifacts/41) by extension 'python_setup_py'
[3.838s] Level 1:colcon.colcon_core.package_identification:_identify(Library/Artifacts/42) by extensions ['ignore', 'ignore_ament_install']
[3.839s] Level 1:colcon.colcon_core.package_identification:_identify(Library/Artifacts/42) by extension 'ignore'
[3.841s] Level 1:colcon.colcon_core.package_identification:_identify(Library/Artifacts/42) by extension 'ignore_ament_install'
[3.845s] Level 1:colcon.colcon_core.package_identification:_identify(Library/Artifacts/42) by extensions ['colcon_pkg']
[3.846s] Level 1:colcon.colcon_core.package_identification:_identify(Library/Artifacts/42) by extension 'colcon_pkg'
[3.848s] Level 1:colcon.colcon_core.package_identification:_identify(Library/Artifacts/42) by extensions ['colcon_meta']
[3.849s] Level 1:colcon.colcon_core.package_identification:_identify(Library/Artifacts/42) by extension 'colcon_meta'
[3.853s] Level 1:colcon.colcon_core.package_identification:_identify(Library/Artifacts/42) by extensions ['ros']
[3.853s] Level 1:colcon.colcon_core.package_identification:_identify(Library/Artifacts/42) by extension 'ros'
[3.861s] Level 1:colcon.colcon_core.package_identification:_identify(Library/Artifacts/42) by extensions ['cmake', 'python']
[3.862s] Level 1:colcon.colcon_core.package_identification:_identify(Library/Artifacts/42) by extension 'cmake'
[3.864s] Level 1:colcon.colcon_core.package_identification:_identify(Library/Artifacts/42) by extension 'python'
[3.866s] Level 1:colcon.colcon_core.package_identification:_identify(Library/Artifacts/42) by extensions ['python_setup_py']
[3.867s] Level 1:colcon.colcon_core.package_identification:_identify(Library/Artifacts/42) by extension 'python_setup_py'
[3.873s] Level 1:colcon.colcon_core.package_identification:_identify(Library/Artifacts/43) by extensions ['ignore', 'ignore_ament_install']
[3.874s] Level 1:colcon.colcon_core.package_identification:_identify(Library/Artifacts/43) by extension 'ignore'
[3.876s] Level 1:colcon.colcon_core.package_identification:_identify(Library/Artifacts/43) by extension 'ignore_ament_install'
[3.880s] Level 1:colcon.colcon_core.package_identification:_identify(Library/Artifacts/43) by extensions ['colcon_pkg']
[3.881s] Level 1:colcon.colcon_core.package_identification:_identify(Library/Artifacts/43) by extension 'colcon_pkg'
[3.883s] Level 1:colcon.colcon_core.package_identification:_identify(Library/Artifacts/43) by extensions ['colcon_meta']
[3.883s] Level 1:colcon.colcon_core.package_identification:_identify(Library/Artifacts/43) by extension 'colcon_meta'
[3.887s] Level 1:colcon.colcon_core.package_identification:_identify(Library/Artifacts/43) by extensions ['ros']
[3.888s] Level 1:colcon.colcon_core.package_identification:_identify(Library/Artifacts/43) by extension 'ros'
[3.897s] Level 1:colcon.colcon_core.package_identification:_identify(Library/Artifacts/43) by extensions ['cmake', 'python']
[3.898s] Level 1:colcon.colcon_core.package_identification:_identify(Library/Artifacts/43) by extension 'cmake'
[3.901s] Level 1:colcon.colcon_core.package_identification:_identify(Library/Artifacts/43) by extension 'python'
[3.903s] Level 1:colcon.colcon_core.package_identification:_identify(Library/Artifacts/43) by extensions ['python_setup_py']
[3.904s] Level 1:colcon.colcon_core.package_identification:_identify(Library/Artifacts/43) by extension 'python_setup_py'
[3.913s] Level 1:colcon.colcon_core.package_identification:_identify(Library/Artifacts/44) by extensions ['ignore', 'ignore_ament_install']
[3.914s] Level 1:colcon.colcon_core.package_identification:_identify(Library/Artifacts/44) by extension 'ignore'
[3.917s] Level 1:colcon.colcon_core.package_identification:_identify(Library/Artifacts/44) by extension 'ignore_ament_install'
[3.921s] Level 1:colcon.colcon_core.package_identification:_identify(Library/Artifacts/44) by extensions ['colcon_pkg']
[3.922s] Level 1:colcon.colcon_core.package_identification:_identify(Library/Artifacts/44) by extension 'colcon_pkg'
[3.924s] Level 1:colcon.colcon_core.package_identification:_identify(Library/Artifacts/44) by extensions ['colcon_meta']
[3.925s] Level 1:colcon.colcon_core.package_identification:_identify(Library/Artifacts/44) by extension 'colcon_meta'
[3.929s] Level 1:colcon.colcon_core.package_identification:_identify(Library/Artifacts/44) by extensions ['ros']
[3.930s] Level 1:colcon.colcon_core.package_identification:_identify(Library/Artifacts/44) by extension 'ros'
[3.939s] Level 1:colcon.colcon_core.package_identification:_identify(Library/Artifacts/44) by extensions ['cmake', 'python']
[3.940s] Level 1:colcon.colcon_core.package_identification:_identify(Library/Artifacts/44) by extension 'cmake'
[3.942s] Level 1:colcon.colcon_core.package_identification:_identify(Library/Artifacts/44) by extension 'python'
[3.944s] Level 1:colcon.colcon_core.package_identification:_identify(Library/Artifacts/44) by extensions ['python_setup_py']
[3.945s] Level 1:colcon.colcon_core.package_identification:_identify(Library/Artifacts/44) by extension 'python_setup_py'
[3.954s] Level 1:colcon.colcon_core.package_identification:_identify(Library/Artifacts/45) by extensions ['ignore', 'ignore_ament_install']
[3.954s] Level 1:colcon.colcon_core.package_identification:_identify(Library/Artifacts/45) by extension 'ignore'
[3.957s] Level 1:colcon.colcon_core.package_identification:_identify(Library/Artifacts/45) by extension 'ignore_ament_install'
[3.961s] Level 1:colcon.colcon_core.package_identification:_identify(Library/Artifacts/45) by extensions ['colcon_pkg']
[3.962s] Level 1:colcon.colcon_core.package_identification:_identify(Library/Artifacts/45) by extension 'colcon_pkg'
[3.964s] Level 1:colcon.colcon_core.package_identification:_identify(Library/Artifacts/45) by extensions ['colcon_meta']
[3.965s] Level 1:colcon.colcon_core.package_identification:_identify(Library/Artifacts/45) by extension 'colcon_meta'
[3.969s] Level 1:colcon.colcon_core.package_identification:_identify(Library/Artifacts/45) by extensions ['ros']
[3.969s] Level 1:colcon.colcon_core.package_identification:_identify(Library/Artifacts/45) by extension 'ros'
[3.978s] Level 1:colcon.colcon_core.package_identification:_identify(Library/Artifacts/45) by extensions ['cmake', 'python']
[3.979s] Level 1:colcon.colcon_core.package_identification:_identify(Library/Artifacts/45) by extension 'cmake'
[3.982s] Level 1:colcon.colcon_core.package_identification:_identify(Library/Artifacts/45) by extension 'python'
[3.984s] Level 1:colcon.colcon_core.package_identification:_identify(Library/Artifacts/45) by extensions ['python_setup_py']
[3.984s] Level 1:colcon.colcon_core.package_identification:_identify(Library/Artifacts/45) by extension 'python_setup_py'
[3.994s] Level 1:colcon.colcon_core.package_identification:_identify(Library/Artifacts/46) by extensions ['ignore', 'ignore_ament_install']
[3.995s] Level 1:colcon.colcon_core.package_identification:_identify(Library/Artifacts/46) by extension 'ignore'
[3.998s] Level 1:colcon.colcon_core.package_identification:_identify(Library/Artifacts/46) by extension 'ignore_ament_install'
[4.002s] Level 1:colcon.colcon_core.package_identification:_identify(Library/Artifacts/46) by extensions ['colcon_pkg']
[4.003s] Level 1:colcon.colcon_core.package_identification:_identify(Library/Artifacts/46) by extension 'colcon_pkg'
[4.005s] Level 1:colcon.colcon_core.package_identification:_identify(Library/Artifacts/46) by extensions ['colcon_meta']
[4.006s] Level 1:colcon.colcon_core.package_identification:_identify(Library/Artifacts/46) by extension 'colcon_meta'
[4.010s] Level 1:colcon.colcon_core.package_identification:_identify(Library/Artifacts/46) by extensions ['ros']
[4.011s] Level 1:colcon.colcon_core.package_identification:_identify(Library/Artifacts/46) by extension 'ros'
[4.019s] Level 1:colcon.colcon_core.package_identification:_identify(Library/Artifacts/46) by extensions ['cmake', 'python']
[4.020s] Level 1:colcon.colcon_core.package_identification:_identify(Library/Artifacts/46) by extension 'cmake'
[4.023s] Level 1:colcon.colcon_core.package_identification:_identify(Library/Artifacts/46) by extension 'python'
[4.025s] Level 1:colcon.colcon_core.package_identification:_identify(Library/Artifacts/46) by extensions ['python_setup_py']
[4.025s] Level 1:colcon.colcon_core.package_identification:_identify(Library/Artifacts/46) by extension 'python_setup_py'
[4.034s] Level 1:colcon.colcon_core.package_identification:_identify(Library/Artifacts/47) by extensions ['ignore', 'ignore_ament_install']
[4.034s] Level 1:colcon.colcon_core.package_identification:_identify(Library/Artifacts/47) by extension 'ignore'
[4.037s] Level 1:colcon.colcon_core.package_identification:_identify(Library/Artifacts/47) by extension 'ignore_ament_install'
[4.040s] Level 1:colcon.colcon_core.package_identification:_identify(Library/Artifacts/47) by extensions ['colcon_pkg']
[4.040s] Level 1:colcon.colcon_core.package_identification:_identify(Library/Artifacts/47) by extension 'colcon_pkg'
[4.042s] Level 1:colcon.colcon_core.package_identification:_identify(Library/Artifacts/47) by extensions ['colcon_meta']
[4.043s] Level 1:colcon.colcon_core.package_identification:_identify(Library/Artifacts/47) by extension 'colcon_meta'
[4.047s] Level 1:colcon.colcon_core.package_identification:_identify(Library/Artifacts/47) by extensions ['ros']
[4.048s] Level 1:colcon.colcon_core.package_identification:_identify(Library/Artifacts/47) by extension 'ros'
[4.057s] Level 1:colcon.colcon_core.package_identification:_identify(Library/Artifacts/47) by extensions ['cmake', 'python']
[4.058s] Level 1:colcon.colcon_core.package_identification:_identify(Library/Artifacts/47) by extension 'cmake'
[4.062s] Level 1:colcon.colcon_core.package_identification:_identify(Library/Artifacts/47) by extension 'python'
[4.065s] Level 1:colcon.colcon_core.package_identification:_identify(Library/Artifacts/47) by extensions ['python_setup_py']
[4.066s] Level 1:colcon.colcon_core.package_identification:_identify(Library/Artifacts/47) by extension 'python_setup_py'
[4.076s] Level 1:colcon.colcon_core.package_identification:_identify(Library/Artifacts/48) by extensions ['ignore', 'ignore_ament_install']
[4.077s] Level 1:colcon.colcon_core.package_identification:_identify(Library/Artifacts/48) by extension 'ignore'
[4.079s] Level 1:colcon.colcon_core.package_identification:_identify(Library/Artifacts/48) by extension 'ignore_ament_install'
[4.083s] Level 1:colcon.colcon_core.package_identification:_identify(Library/Artifacts/48) by extensions ['colcon_pkg']
[4.084s] Level 1:colcon.colcon_core.package_identification:_identify(Library/Artifacts/48) by extension 'colcon_pkg'
[4.087s] Level 1:colcon.colcon_core.package_identification:_identify(Library/Artifacts/48) by extensions ['colcon_meta']
[4.087s] Level 1:colcon.colcon_core.package_identification:_identify(Library/Artifacts/48) by extension 'colcon_meta'
[4.093s] Level 1:colcon.colcon_core.package_identification:_identify(Library/Artifacts/48) by extensions ['ros']
[4.094s] Level 1:colcon.colcon_core.package_identification:_identify(Library/Artifacts/48) by extension 'ros'
[4.102s] Level 1:colcon.colcon_core.package_identification:_identify(Library/Artifacts/48) by extensions ['cmake', 'python']
[4.103s] Level 1:colcon.colcon_core.package_identification:_identify(Library/Artifacts/48) by extension 'cmake'
[4.105s] Level 1:colcon.colcon_core.package_identification:_identify(Library/Artifacts/48) by extension 'python'
[4.108s] Level 1:colcon.colcon_core.package_identification:_identify(Library/Artifacts/48) by extensions ['python_setup_py']
[4.108s] Level 1:colcon.colcon_core.package_identification:_identify(Library/Artifacts/48) by extension 'python_setup_py'
[4.119s] Level 1:colcon.colcon_core.package_identification:_identify(Library/Artifacts/49) by extensions ['ignore', 'ignore_ament_install']
[4.119s] Level 1:colcon.colcon_core.package_identification:_identify(Library/Artifacts/49) by extension 'ignore'
[4.122s] Level 1:colcon.colcon_core.package_identification:_identify(Library/Artifacts/49) by extension 'ignore_ament_install'
[4.127s] Level 1:colcon.colcon_core.package_identification:_identify(Library/Artifacts/49) by extensions ['colcon_pkg']
[4.128s] Level 1:colcon.colcon_core.package_identification:_identify(Library/Artifacts/49) by extension 'colcon_pkg'
[4.130s] Level 1:colcon.colcon_core.package_identification:_identify(Library/Artifacts/49) by extensions ['colcon_meta']
[4.131s] Level 1:colcon.colcon_core.package_identification:_identify(Library/Artifacts/49) by extension 'colcon_meta'
[4.135s] Level 1:colcon.colcon_core.package_identification:_identify(Library/Artifacts/49) by extensions ['ros']
[4.136s] Level 1:colcon.colcon_core.package_identification:_identify(Library/Artifacts/49) by extension 'ros'
[4.144s] Level 1:colcon.colcon_core.package_identification:_identify(Library/Artifacts/49) by extensions ['cmake', 'python']
[4.145s] Level 1:colcon.colcon_core.package_identification:_identify(Library/Artifacts/49) by extension 'cmake'
[4.147s] Level 1:colcon.colcon_core.package_identification:_identify(Library/Artifacts/49) by extension 'python'
[4.149s] Level 1:colcon.colcon_core.package_identification:_identify(Library/Artifacts/49) by extensions ['python_setup_py']
[4.150s] Level 1:colcon.colcon_core.package_identification:_identify(Library/Artifacts/49) by extension 'python_setup_py'
[4.158s] Level 1:colcon.colcon_core.package_identification:_identify(Library/Artifacts/4a) by extensions ['ignore', 'ignore_ament_install']
[4.159s] Level 1:colcon.colcon_core.package_identification:_identify(Library/Artifacts/4a) by extension 'ignore'
[4.161s] Level 1:colcon.colcon_core.package_identification:_identify(Library/Artifacts/4a) by extension 'ignore_ament_install'
[4.164s] Level 1:colcon.colcon_core.package_identification:_identify(Library/Artifacts/4a) by extensions ['colcon_pkg']
[4.165s] Level 1:colcon.colcon_core.package_identification:_identify(Library/Artifacts/4a) by extension 'colcon_pkg'
[4.167s] Level 1:colcon.colcon_core.package_identification:_identify(Library/Artifacts/4a) by extensions ['colcon_meta']
[4.168s] Level 1:colcon.colcon_core.package_identification:_identify(Library/Artifacts/4a) by extension 'colcon_meta'
[4.172s] Level 1:colcon.colcon_core.package_identification:_identify(Library/Artifacts/4a) by extensions ['ros']
[4.172s] Level 1:colcon.colcon_core.package_identification:_identify(Library/Artifacts/4a) by extension 'ros'
[4.181s] Level 1:colcon.colcon_core.package_identification:_identify(Library/Artifacts/4a) by extensions ['cmake', 'python']
[4.182s] Level 1:colcon.colcon_core.package_identification:_identify(Library/Artifacts/4a) by extension 'cmake'
[4.184s] Level 1:colcon.colcon_core.package_identification:_identify(Library/Artifacts/4a) by extension 'python'
[4.186s] Level 1:colcon.colcon_core.package_identification:_identify(Library/Artifacts/4a) by extensions ['python_setup_py']
[4.186s] Level 1:colcon.colcon_core.package_identification:_identify(Library/Artifacts/4a) by extension 'python_setup_py'
[4.196s] Level 1:colcon.colcon_core.package_identification:_identify(Library/Artifacts/4b) by extensions ['ignore', 'ignore_ament_install']
[4.197s] Level 1:colcon.colcon_core.package_identification:_identify(Library/Artifacts/4b) by extension 'ignore'
[4.200s] Level 1:colcon.colcon_core.package_identification:_identify(Library/Artifacts/4b) by extension 'ignore_ament_install'
[4.204s] Level 1:colcon.colcon_core.package_identification:_identify(Library/Artifacts/4b) by extensions ['colcon_pkg']
[4.205s] Level 1:colcon.colcon_core.package_identification:_identify(Library/Artifacts/4b) by extension 'colcon_pkg'
[4.208s] Level 1:colcon.colcon_core.package_identification:_identify(Library/Artifacts/4b) by extensions ['colcon_meta']
[4.208s] Level 1:colcon.colcon_core.package_identification:_identify(Library/Artifacts/4b) by extension 'colcon_meta'
[4.213s] Level 1:colcon.colcon_core.package_identification:_identify(Library/Artifacts/4b) by extensions ['ros']
[4.214s] Level 1:colcon.colcon_core.package_identification:_identify(Library/Artifacts/4b) by extension 'ros'
[4.221s] Level 1:colcon.colcon_core.package_identification:_identify(Library/Artifacts/4b) by extensions ['cmake', 'python']
[4.222s] Level 1:colcon.colcon_core.package_identification:_identify(Library/Artifacts/4b) by extension 'cmake'
[4.224s] Level 1:colcon.colcon_core.package_identification:_identify(Library/Artifacts/4b) by extension 'python'
[4.227s] Level 1:colcon.colcon_core.package_identification:_identify(Library/Artifacts/4b) by extensions ['python_setup_py']
[4.227s] Level 1:colcon.colcon_core.package_identification:_identify(Library/Artifacts/4b) by extension 'python_setup_py'
[4.237s] Level 1:colcon.colcon_core.package_identification:_identify(Library/Artifacts/4c) by extensions ['ignore', 'ignore_ament_install']
[4.238s] Level 1:colcon.colcon_core.package_identification:_identify(Library/Artifacts/4c) by extension 'ignore'
[4.241s] Level 1:colcon.colcon_core.package_identification:_identify(Library/Artifacts/4c) by extension 'ignore_ament_install'
[4.246s] Level 1:colcon.colcon_core.package_identification:_identify(Library/Artifacts/4c) by extensions ['colcon_pkg']
[4.247s] Level 1:colcon.colcon_core.package_identification:_identify(Library/Artifacts/4c) by extension 'colcon_pkg'
[4.248s] Level 1:colcon.colcon_core.package_identification:_identify(Library/Artifacts/4c) by extensions ['colcon_meta']
[4.249s] Level 1:colcon.colcon_core.package_identification:_identify(Library/Artifacts/4c) by extension 'colcon_meta'
[4.253s] Level 1:colcon.colcon_core.package_identification:_identify(Library/Artifacts/4c) by extensions ['ros']
[4.254s] Level 1:colcon.colcon_core.package_identification:_identify(Library/Artifacts/4c) by extension 'ros'
[4.263s] Level 1:colcon.colcon_core.package_identification:_identify(Library/Artifacts/4c) by extensions ['cmake', 'python']
[4.264s] Level 1:colcon.colcon_core.package_identification:_identify(Library/Artifacts/4c) by extension 'cmake'
[4.268s] Level 1:colcon.colcon_core.package_identification:_identify(Library/Artifacts/4c) by extension 'python'
[4.271s] Level 1:colcon.colcon_core.package_identification:_identify(Library/Artifacts/4c) by extensions ['python_setup_py']
[4.272s] Level 1:colcon.colcon_core.package_identification:_identify(Library/Artifacts/4c) by extension 'python_setup_py'
[4.279s] Level 1:colcon.colcon_core.package_identification:_identify(Library/Artifacts/4d) by extensions ['ignore', 'ignore_ament_install']
[4.280s] Level 1:colcon.colcon_core.package_identification:_identify(Library/Artifacts/4d) by extension 'ignore'
[4.283s] Level 1:colcon.colcon_core.package_identification:_identify(Library/Artifacts/4d) by extension 'ignore_ament_install'
[4.289s] Level 1:colcon.colcon_core.package_identification:_identify(Library/Artifacts/4d) by extensions ['colcon_pkg']
[4.289s] Level 1:colcon.colcon_core.package_identification:_identify(Library/Artifacts/4d) by extension 'colcon_pkg'
[4.292s] Level 1:colcon.colcon_core.package_identification:_identify(Library/Artifacts/4d) by extensions ['colcon_meta']
[4.293s] Level 1:colcon.colcon_core.package_identification:_identify(Library/Artifacts/4d) by extension 'colcon_meta'
[4.297s] Level 1:colcon.colcon_core.package_identification:_identify(Library/Artifacts/4d) by extensions ['ros']
[4.298s] Level 1:colcon.colcon_core.package_identification:_identify(Library/Artifacts/4d) by extension 'ros'
[4.307s] Level 1:colcon.colcon_core.package_identification:_identify(Library/Artifacts/4d) by extensions ['cmake', 'python']
[4.308s] Level 1:colcon.colcon_core.package_identification:_identify(Library/Artifacts/4d) by extension 'cmake'
[4.311s] Level 1:colcon.colcon_core.package_identification:_identify(Library/Artifacts/4d) by extension 'python'
[4.313s] Level 1:colcon.colcon_core.package_identification:_identify(Library/Artifacts/4d) by extensions ['python_setup_py']
[4.314s] Level 1:colcon.colcon_core.package_identification:_identify(Library/Artifacts/4d) by extension 'python_setup_py'
[4.324s] Level 1:colcon.colcon_core.package_identification:_identify(Library/Artifacts/4e) by extensions ['ignore', 'ignore_ament_install']
[4.324s] Level 1:colcon.colcon_core.package_identification:_identify(Library/Artifacts/4e) by extension 'ignore'
[4.327s] Level 1:colcon.colcon_core.package_identification:_identify(Library/Artifacts/4e) by extension 'ignore_ament_install'
[4.331s] Level 1:colcon.colcon_core.package_identification:_identify(Library/Artifacts/4e) by extensions ['colcon_pkg']
[4.332s] Level 1:colcon.colcon_core.package_identification:_identify(Library/Artifacts/4e) by extension 'colcon_pkg'
[4.335s] Level 1:colcon.colcon_core.package_identification:_identify(Library/Artifacts/4e) by extensions ['colcon_meta']
[4.335s] Level 1:colcon.colcon_core.package_identification:_identify(Library/Artifacts/4e) by extension 'colcon_meta'
[4.340s] Level 1:colcon.colcon_core.package_identification:_identify(Library/Artifacts/4e) by extensions ['ros']
[4.341s] Level 1:colcon.colcon_core.package_identification:_identify(Library/Artifacts/4e) by extension 'ros'
[4.347s] Level 1:colcon.colcon_core.package_identification:_identify(Library/Artifacts/4e) by extensions ['cmake', 'python']
[4.348s] Level 1:colcon.colcon_core.package_identification:_identify(Library/Artifacts/4e) by extension 'cmake'
[4.351s] Level 1:colcon.colcon_core.package_identification:_identify(Library/Artifacts/4e) by extension 'python'
[4.353s] Level 1:colcon.colcon_core.package_identification:_identify(Library/Artifacts/4e) by extensions ['python_setup_py']
[4.354s] Level 1:colcon.colcon_core.package_identification:_identify(Library/Artifacts/4e) by extension 'python_setup_py'
[4.364s] Level 1:colcon.colcon_core.package_identification:_identify(Library/Artifacts/4f) by extensions ['ignore', 'ignore_ament_install']
[4.364s] Level 1:colcon.colcon_core.package_identification:_identify(Library/Artifacts/4f) by extension 'ignore'
[4.367s] Level 1:colcon.colcon_core.package_identification:_identify(Library/Artifacts/4f) by extension 'ignore_ament_install'
[4.371s] Level 1:colcon.colcon_core.package_identification:_identify(Library/Artifacts/4f) by extensions ['colcon_pkg']
[4.372s] Level 1:colcon.colcon_core.package_identification:_identify(Library/Artifacts/4f) by extension 'colcon_pkg'
[4.375s] Level 1:colcon.colcon_core.package_identification:_identify(Library/Artifacts/4f) by extensions ['colcon_meta']
[4.375s] Level 1:colcon.colcon_core.package_identification:_identify(Library/Artifacts/4f) by extension 'colcon_meta'
[4.379s] Level 1:colcon.colcon_core.package_identification:_identify(Library/Artifacts/4f) by extensions ['ros']
[4.380s] Level 1:colcon.colcon_core.package_identification:_identify(Library/Artifacts/4f) by extension 'ros'
[4.389s] Level 1:colcon.colcon_core.package_identification:_identify(Library/Artifacts/4f) by extensions ['cmake', 'python']
[4.390s] Level 1:colcon.colcon_core.package_identification:_identify(Library/Artifacts/4f) by extension 'cmake'
[4.392s] Level 1:colcon.colcon_core.package_identification:_identify(Library/Artifacts/4f) by extension 'python'
[4.395s] Level 1:colcon.colcon_core.package_identification:_identify(Library/Artifacts/4f) by extensions ['python_setup_py']
[4.395s] Level 1:colcon.colcon_core.package_identification:_identify(Library/Artifacts/4f) by extension 'python_setup_py'
[4.404s] Level 1:colcon.colcon_core.package_identification:_identify(Library/Artifacts/50) by extensions ['ignore', 'ignore_ament_install']
[4.405s] Level 1:colcon.colcon_core.package_identification:_identify(Library/Artifacts/50) by extension 'ignore'
[4.407s] Level 1:colcon.colcon_core.package_identification:_identify(Library/Artifacts/50) by extension 'ignore_ament_install'
[4.411s] Level 1:colcon.colcon_core.package_identification:_identify(Library/Artifacts/50) by extensions ['colcon_pkg']
[4.412s] Level 1:colcon.colcon_core.package_identification:_identify(Library/Artifacts/50) by extension 'colcon_pkg'
[4.415s] Level 1:colcon.colcon_core.package_identification:_identify(Library/Artifacts/50) by extensions ['colcon_meta']
[4.416s] Level 1:colcon.colcon_core.package_identification:_identify(Library/Artifacts/50) by extension 'colcon_meta'
[4.419s] Level 1:colcon.colcon_core.package_identification:_identify(Library/Artifacts/50) by extensions ['ros']
[4.420s] Level 1:colcon.colcon_core.package_identification:_identify(Library/Artifacts/50) by extension 'ros'
[4.428s] Level 1:colcon.colcon_core.package_identification:_identify(Library/Artifacts/50) by extensions ['cmake', 'python']
[4.429s] Level 1:colcon.colcon_core.package_identification:_identify(Library/Artifacts/50) by extension 'cmake'
[4.432s] Level 1:colcon.colcon_core.package_identification:_identify(Library/Artifacts/50) by extension 'python'
[4.435s] Level 1:colcon.colcon_core.package_identification:_identify(Library/Artifacts/50) by extensions ['python_setup_py']
[4.435s] Level 1:colcon.colcon_core.package_identification:_identify(Library/Artifacts/50) by extension 'python_setup_py'
[4.445s] Level 1:colcon.colcon_core.package_identification:_identify(Library/Artifacts/51) by extensions ['ignore', 'ignore_ament_install']
[4.446s] Level 1:colcon.colcon_core.package_identification:_identify(Library/Artifacts/51) by extension 'ignore'
[4.449s] Level 1:colcon.colcon_core.package_identification:_identify(Library/Artifacts/51) by extension 'ignore_ament_install'
[4.453s] Level 1:colcon.colcon_core.package_identification:_identify(Library/Artifacts/51) by extensions ['colcon_pkg']
[4.454s] Level 1:colcon.colcon_core.package_identification:_identify(Library/Artifacts/51) by extension 'colcon_pkg'
[4.456s] Level 1:colcon.colcon_core.package_identification:_identify(Library/Artifacts/51) by extensions ['colcon_meta']
[4.456s] Level 1:colcon.colcon_core.package_identification:_identify(Library/Artifacts/51) by extension 'colcon_meta'
[4.459s] Level 1:colcon.colcon_core.package_identification:_identify(Library/Artifacts/51) by extensions ['ros']
[4.460s] Level 1:colcon.colcon_core.package_identification:_identify(Library/Artifacts/51) by extension 'ros'
[4.466s] Level 1:colcon.colcon_core.package_identification:_identify(Library/Artifacts/51) by extensions ['cmake', 'python']
[4.466s] Level 1:colcon.colcon_core.package_identification:_identify(Library/Artifacts/51) by extension 'cmake'
[4.468s] Level 1:colcon.colcon_core.package_identification:_identify(Library/Artifacts/51) by extension 'python'
[4.469s] Level 1:colcon.colcon_core.package_identification:_identify(Library/Artifacts/51) by extensions ['python_setup_py']
[4.470s] Level 1:colcon.colcon_core.package_identification:_identify(Library/Artifacts/51) by extension 'python_setup_py'
[4.475s] Level 1:colcon.colcon_core.package_identification:_identify(Library/Artifacts/52) by extensions ['ignore', 'ignore_ament_install']
[4.476s] Level 1:colcon.colcon_core.package_identification:_identify(Library/Artifacts/52) by extension 'ignore'
[4.477s] Level 1:colcon.colcon_core.package_identification:_identify(Library/Artifacts/52) by extension 'ignore_ament_install'
[4.480s] Level 1:colcon.colcon_core.package_identification:_identify(Library/Artifacts/52) by extensions ['colcon_pkg']
[4.480s] Level 1:colcon.colcon_core.package_identification:_identify(Library/Artifacts/52) by extension 'colcon_pkg'
[4.482s] Level 1:colcon.colcon_core.package_identification:_identify(Library/Artifacts/52) by extensions ['colcon_meta']
[4.482s] Level 1:colcon.colcon_core.package_identification:_identify(Library/Artifacts/52) by extension 'colcon_meta'
[4.485s] Level 1:colcon.colcon_core.package_identification:_identify(Library/Artifacts/52) by extensions ['ros']
[4.486s] Level 1:colcon.colcon_core.package_identification:_identify(Library/Artifacts/52) by extension 'ros'
[4.495s] Level 1:colcon.colcon_core.package_identification:_identify(Library/Artifacts/52) by extensions ['cmake', 'python']
[4.495s] Level 1:colcon.colcon_core.package_identification:_identify(Library/Artifacts/52) by extension 'cmake'
[4.497s] Level 1:colcon.colcon_core.package_identification:_identify(Library/Artifacts/52) by extension 'python'
[4.499s] Level 1:colcon.colcon_core.package_identification:_identify(Library/Artifacts/52) by extensions ['python_setup_py']
[4.500s] Level 1:colcon.colcon_core.package_identification:_identify(Library/Artifacts/52) by extension 'python_setup_py'
[4.509s] Level 1:colcon.colcon_core.package_identification:_identify(Library/Artifacts/53) by extensions ['ignore', 'ignore_ament_install']
[4.509s] Level 1:colcon.colcon_core.package_identification:_identify(Library/Artifacts/53) by extension 'ignore'
[4.511s] Level 1:colcon.colcon_core.package_identification:_identify(Library/Artifacts/53) by extension 'ignore_ament_install'
[4.514s] Level 1:colcon.colcon_core.package_identification:_identify(Library/Artifacts/53) by extensions ['colcon_pkg']
[4.515s] Level 1:colcon.colcon_core.package_identification:_identify(Library/Artifacts/53) by extension 'colcon_pkg'
[4.518s] Level 1:colcon.colcon_core.package_identification:_identify(Library/Artifacts/53) by extensions ['colcon_meta']
[4.518s] Level 1:colcon.colcon_core.package_identification:_identify(Library/Artifacts/53) by extension 'colcon_meta'
[4.522s] Level 1:colcon.colcon_core.package_identification:_identify(Library/Artifacts/53) by extensions ['ros']
[4.523s] Level 1:colcon.colcon_core.package_identification:_identify(Library/Artifacts/53) by extension 'ros'
[4.531s] Level 1:colcon.colcon_core.package_identification:_identify(Library/Artifacts/53) by extensions ['cmake', 'python']
[4.531s] Level 1:colcon.colcon_core.package_identification:_identify(Library/Artifacts/53) by extension 'cmake'
[4.534s] Level 1:colcon.colcon_core.package_identification:_identify(Library/Artifacts/53) by extension 'python'
[4.536s] Level 1:colcon.colcon_core.package_identification:_identify(Library/Artifacts/53) by extensions ['python_setup_py']
[4.536s] Level 1:colcon.colcon_core.package_identification:_identify(Library/Artifacts/53) by extension 'python_setup_py'
[4.545s] Level 1:colcon.colcon_core.package_identification:_identify(Library/Artifacts/54) by extensions ['ignore', 'ignore_ament_install']
[4.546s] Level 1:colcon.colcon_core.package_identification:_identify(Library/Artifacts/54) by extension 'ignore'
[4.548s] Level 1:colcon.colcon_core.package_identification:_identify(Library/Artifacts/54) by extension 'ignore_ament_install'
[4.552s] Level 1:colcon.colcon_core.package_identification:_identify(Library/Artifacts/54) by extensions ['colcon_pkg']
[4.552s] Level 1:colcon.colcon_core.package_identification:_identify(Library/Artifacts/54) by extension 'colcon_pkg'
[4.555s] Level 1:colcon.colcon_core.package_identification:_identify(Library/Artifacts/54) by extensions ['colcon_meta']
[4.555s] Level 1:colcon.colcon_core.package_identification:_identify(Library/Artifacts/54) by extension 'colcon_meta'
[4.559s] Level 1:colcon.colcon_core.package_identification:_identify(Library/Artifacts/54) by extensions ['ros']
[4.559s] Level 1:colcon.colcon_core.package_identification:_identify(Library/Artifacts/54) by extension 'ros'
[4.565s] Level 1:colcon.colcon_core.package_identification:_identify(Library/Artifacts/54) by extensions ['cmake', 'python']
[4.566s] Level 1:colcon.colcon_core.package_identification:_identify(Library/Artifacts/54) by extension 'cmake'
[4.568s] Level 1:colcon.colcon_core.package_identification:_identify(Library/Artifacts/54) by extension 'python'
[4.570s] Level 1:colcon.colcon_core.package_identification:_identify(Library/Artifacts/54) by extensions ['python_setup_py']
[4.571s] Level 1:colcon.colcon_core.package_identification:_identify(Library/Artifacts/54) by extension 'python_setup_py'
[4.579s] Level 1:colcon.colcon_core.package_identification:_identify(Library/Artifacts/55) by extensions ['ignore', 'ignore_ament_install']
[4.579s] Level 1:colcon.colcon_core.package_identification:_identify(Library/Artifacts/55) by extension 'ignore'
[4.582s] Level 1:colcon.colcon_core.package_identification:_identify(Library/Artifacts/55) by extension 'ignore_ament_install'
[4.585s] Level 1:colcon.colcon_core.package_identification:_identify(Library/Artifacts/55) by extensions ['colcon_pkg']
[4.586s] Level 1:colcon.colcon_core.package_identification:_identify(Library/Artifacts/55) by extension 'colcon_pkg'
[4.588s] Level 1:colcon.colcon_core.package_identification:_identify(Library/Artifacts/55) by extensions ['colcon_meta']
[4.589s] Level 1:colcon.colcon_core.package_identification:_identify(Library/Artifacts/55) by extension 'colcon_meta'
[4.593s] Level 1:colcon.colcon_core.package_identification:_identify(Library/Artifacts/55) by extensions ['ros']
[4.593s] Level 1:colcon.colcon_core.package_identification:_identify(Library/Artifacts/55) by extension 'ros'
[4.602s] Level 1:colcon.colcon_core.package_identification:_identify(Library/Artifacts/55) by extensions ['cmake', 'python']
[4.602s] Level 1:colcon.colcon_core.package_identification:_identify(Library/Artifacts/55) by extension 'cmake'
[4.605s] Level 1:colcon.colcon_core.package_identification:_identify(Library/Artifacts/55) by extension 'python'
[4.607s] Level 1:colcon.colcon_core.package_identification:_identify(Library/Artifacts/55) by extensions ['python_setup_py']
[4.607s] Level 1:colcon.colcon_core.package_identification:_identify(Library/Artifacts/55) by extension 'python_setup_py'
[4.617s] Level 1:colcon.colcon_core.package_identification:_identify(Library/Artifacts/56) by extensions ['ignore', 'ignore_ament_install']
[4.617s] Level 1:colcon.colcon_core.package_identification:_identify(Library/Artifacts/56) by extension 'ignore'
[4.619s] Level 1:colcon.colcon_core.package_identification:_identify(Library/Artifacts/56) by extension 'ignore_ament_install'
[4.623s] Level 1:colcon.colcon_core.package_identification:_identify(Library/Artifacts/56) by extensions ['colcon_pkg']
[4.624s] Level 1:colcon.colcon_core.package_identification:_identify(Library/Artifacts/56) by extension 'colcon_pkg'
[4.626s] Level 1:colcon.colcon_core.package_identification:_identify(Library/Artifacts/56) by extensions ['colcon_meta']
[4.627s] Level 1:colcon.colcon_core.package_identification:_identify(Library/Artifacts/56) by extension 'colcon_meta'
[4.630s] Level 1:colcon.colcon_core.package_identification:_identify(Library/Artifacts/56) by extensions ['ros']
[4.630s] Level 1:colcon.colcon_core.package_identification:_identify(Library/Artifacts/56) by extension 'ros'
[4.639s] Level 1:colcon.colcon_core.package_identification:_identify(Library/Artifacts/56) by extensions ['cmake', 'python']
[4.640s] Level 1:colcon.colcon_core.package_identification:_identify(Library/Artifacts/56) by extension 'cmake'
[4.642s] Level 1:colcon.colcon_core.package_identification:_identify(Library/Artifacts/56) by extension 'python'
[4.644s] Level 1:colcon.colcon_core.package_identification:_identify(Library/Artifacts/56) by extensions ['python_setup_py']
[4.645s] Level 1:colcon.colcon_core.package_identification:_identify(Library/Artifacts/56) by extension 'python_setup_py'
[4.654s] Level 1:colcon.colcon_core.package_identification:_identify(Library/Artifacts/57) by extensions ['ignore', 'ignore_ament_install']
[4.655s] Level 1:colcon.colcon_core.package_identification:_identify(Library/Artifacts/57) by extension 'ignore'
[4.658s] Level 1:colcon.colcon_core.package_identification:_identify(Library/Artifacts/57) by extension 'ignore_ament_install'
[4.662s] Level 1:colcon.colcon_core.package_identification:_identify(Library/Artifacts/57) by extensions ['colcon_pkg']
[4.662s] Level 1:colcon.colcon_core.package_identification:_identify(Library/Artifacts/57) by extension 'colcon_pkg'
[4.665s] Level 1:colcon.colcon_core.package_identification:_identify(Library/Artifacts/57) by extensions ['colcon_meta']
[4.665s] Level 1:colcon.colcon_core.package_identification:_identify(Library/Artifacts/57) by extension 'colcon_meta'
[4.669s] Level 1:colcon.colcon_core.package_identification:_identify(Library/Artifacts/57) by extensions ['ros']
[4.670s] Level 1:colcon.colcon_core.package_identification:_identify(Library/Artifacts/57) by extension 'ros'
[4.679s] Level 1:colcon.colcon_core.package_identification:_identify(Library/Artifacts/57) by extensions ['cmake', 'python']
[4.679s] Level 1:colcon.colcon_core.package_identification:_identify(Library/Artifacts/57) by extension 'cmake'
[4.681s] Level 1:colcon.colcon_core.package_identification:_identify(Library/Artifacts/57) by extension 'python'
[4.683s] Level 1:colcon.colcon_core.package_identification:_identify(Library/Artifacts/57) by extensions ['python_setup_py']
[4.684s] Level 1:colcon.colcon_core.package_identification:_identify(Library/Artifacts/57) by extension 'python_setup_py'
[4.693s] Level 1:colcon.colcon_core.package_identification:_identify(Library/Artifacts/58) by extensions ['ignore', 'ignore_ament_install']
[4.694s] Level 1:colcon.colcon_core.package_identification:_identify(Library/Artifacts/58) by extension 'ignore'
[4.696s] Level 1:colcon.colcon_core.package_identification:_identify(Library/Artifacts/58) by extension 'ignore_ament_install'
[4.700s] Level 1:colcon.colcon_core.package_identification:_identify(Library/Artifacts/58) by extensions ['colcon_pkg']
[4.701s] Level 1:colcon.colcon_core.package_identification:_identify(Library/Artifacts/58) by extension 'colcon_pkg'
[4.703s] Level 1:colcon.colcon_core.package_identification:_identify(Library/Artifacts/58) by extensions ['colcon_meta']
[4.704s] Level 1:colcon.colcon_core.package_identification:_identify(Library/Artifacts/58) by extension 'colcon_meta'
[4.708s] Level 1:colcon.colcon_core.package_identification:_identify(Library/Artifacts/58) by extensions ['ros']
[4.709s] Level 1:colcon.colcon_core.package_identification:_identify(Library/Artifacts/58) by extension 'ros'
[4.717s] Level 1:colcon.colcon_core.package_identification:_identify(Library/Artifacts/58) by extensions ['cmake', 'python']
[4.718s] Level 1:colcon.colcon_core.package_identification:_identify(Library/Artifacts/58) by extension 'cmake'
[4.721s] Level 1:colcon.colcon_core.package_identification:_identify(Library/Artifacts/58) by extension 'python'
[4.723s] Level 1:colcon.colcon_core.package_identification:_identify(Library/Artifacts/58) by extensions ['python_setup_py']
[4.724s] Level 1:colcon.colcon_core.package_identification:_identify(Library/Artifacts/58) by extension 'python_setup_py'
[4.730s] Level 1:colcon.colcon_core.package_identification:_identify(Library/Artifacts/59) by extensions ['ignore', 'ignore_ament_install']
[4.731s] Level 1:colcon.colcon_core.package_identification:_identify(Library/Artifacts/59) by extension 'ignore'
[4.732s] Level 1:colcon.colcon_core.package_identification:_identify(Library/Artifacts/59) by extension 'ignore_ament_install'
[4.735s] Level 1:colcon.colcon_core.package_identification:_identify(Library/Artifacts/59) by extensions ['colcon_pkg']
[4.736s] Level 1:colcon.colcon_core.package_identification:_identify(Library/Artifacts/59) by extension 'colcon_pkg'
[4.737s] Level 1:colcon.colcon_core.package_identification:_identify(Library/Artifacts/59) by extensions ['colcon_meta']
[4.738s] Level 1:colcon.colcon_core.package_identification:_identify(Library/Artifacts/59) by extension 'colcon_meta'
[4.739s] Level 1:colcon.colcon_core.package_identification:_identify(Library/Artifacts/59) by extensions ['ros']
[4.740s] Level 1:colcon.colcon_core.package_identification:_identify(Library/Artifacts/59) by extension 'ros'
[4.746s] Level 1:colcon.colcon_core.package_identification:_identify(Library/Artifacts/59) by extensions ['cmake', 'python']
[4.747s] Level 1:colcon.colcon_core.package_identification:_identify(Library/Artifacts/59) by extension 'cmake'
[4.748s] Level 1:colcon.colcon_core.package_identification:_identify(Library/Artifacts/59) by extension 'python'
[4.750s] Level 1:colcon.colcon_core.package_identification:_identify(Library/Artifacts/59) by extensions ['python_setup_py']
[4.750s] Level 1:colcon.colcon_core.package_identification:_identify(Library/Artifacts/59) by extension 'python_setup_py'
[4.759s] Level 1:colcon.colcon_core.package_identification:_identify(Library/Artifacts/5a) by extensions ['ignore', 'ignore_ament_install']
[4.761s] Level 1:colcon.colcon_core.package_identification:_identify(Library/Artifacts/5a) by extension 'ignore'
[4.763s] Level 1:colcon.colcon_core.package_identification:_identify(Library/Artifacts/5a) by extension 'ignore_ament_install'
[4.767s] Level 1:colcon.colcon_core.package_identification:_identify(Library/Artifacts/5a) by extensions ['colcon_pkg']
[4.768s] Level 1:colcon.colcon_core.package_identification:_identify(Library/Artifacts/5a) by extension 'colcon_pkg'
[4.770s] Level 1:colcon.colcon_core.package_identification:_identify(Library/Artifacts/5a) by extensions ['colcon_meta']
[4.771s] Level 1:colcon.colcon_core.package_identification:_identify(Library/Artifacts/5a) by extension 'colcon_meta'
[4.774s] Level 1:colcon.colcon_core.package_identification:_identify(Library/Artifacts/5a) by extensions ['ros']
[4.775s] Level 1:colcon.colcon_core.package_identification:_identify(Library/Artifacts/5a) by extension 'ros'
[4.783s] Level 1:colcon.colcon_core.package_identification:_identify(Library/Artifacts/5a) by extensions ['cmake', 'python']
[4.784s] Level 1:colcon.colcon_core.package_identification:_identify(Library/Artifacts/5a) by extension 'cmake'
[4.786s] Level 1:colcon.colcon_core.package_identification:_identify(Library/Artifacts/5a) by extension 'python'
[4.788s] Level 1:colcon.colcon_core.package_identification:_identify(Library/Artifacts/5a) by extensions ['python_setup_py']
[4.789s] Level 1:colcon.colcon_core.package_identification:_identify(Library/Artifacts/5a) by extension 'python_setup_py'
[4.798s] Level 1:colcon.colcon_core.package_identification:_identify(Library/Artifacts/5b) by extensions ['ignore', 'ignore_ament_install']
[4.798s] Level 1:colcon.colcon_core.package_identification:_identify(Library/Artifacts/5b) by extension 'ignore'
[4.800s] Level 1:colcon.colcon_core.package_identification:_identify(Library/Artifacts/5b) by extension 'ignore_ament_install'
[4.804s] Level 1:colcon.colcon_core.package_identification:_identify(Library/Artifacts/5b) by extensions ['colcon_pkg']
[4.805s] Level 1:colcon.colcon_core.package_identification:_identify(Library/Artifacts/5b) by extension 'colcon_pkg'
[4.807s] Level 1:colcon.colcon_core.package_identification:_identify(Library/Artifacts/5b) by extensions ['colcon_meta']
[4.808s] Level 1:colcon.colcon_core.package_identification:_identify(Library/Artifacts/5b) by extension 'colcon_meta'
[4.811s] Level 1:colcon.colcon_core.package_identification:_identify(Library/Artifacts/5b) by extensions ['ros']
[4.811s] Level 1:colcon.colcon_core.package_identification:_identify(Library/Artifacts/5b) by extension 'ros'
[4.819s] Level 1:colcon.colcon_core.package_identification:_identify(Library/Artifacts/5b) by extensions ['cmake', 'python']
[4.820s] Level 1:colcon.colcon_core.package_identification:_identify(Library/Artifacts/5b) by extension 'cmake'
[4.822s] Level 1:colcon.colcon_core.package_identification:_identify(Library/Artifacts/5b) by extension 'python'
[4.825s] Level 1:colcon.colcon_core.package_identification:_identify(Library/Artifacts/5b) by extensions ['python_setup_py']
[4.825s] Level 1:colcon.colcon_core.package_identification:_identify(Library/Artifacts/5b) by extension 'python_setup_py'
[4.833s] Level 1:colcon.colcon_core.package_identification:_identify(Library/Artifacts/5c) by extensions ['ignore', 'ignore_ament_install']
[4.834s] Level 1:colcon.colcon_core.package_identification:_identify(Library/Artifacts/5c) by extension 'ignore'
[4.836s] Level 1:colcon.colcon_core.package_identification:_identify(Library/Artifacts/5c) by extension 'ignore_ament_install'
[4.839s] Level 1:colcon.colcon_core.package_identification:_identify(Library/Artifacts/5c) by extensions ['colcon_pkg']
[4.840s] Level 1:colcon.colcon_core.package_identification:_identify(Library/Artifacts/5c) by extension 'colcon_pkg'
[4.842s] Level 1:colcon.colcon_core.package_identification:_identify(Library/Artifacts/5c) by extensions ['colcon_meta']
[4.843s] Level 1:colcon.colcon_core.package_identification:_identify(Library/Artifacts/5c) by extension 'colcon_meta'
[4.847s] Level 1:colcon.colcon_core.package_identification:_identify(Library/Artifacts/5c) by extensions ['ros']
[4.848s] Level 1:colcon.colcon_core.package_identification:_identify(Library/Artifacts/5c) by extension 'ros'
[4.855s] Level 1:colcon.colcon_core.package_identification:_identify(Library/Artifacts/5c) by extensions ['cmake', 'python']
[4.856s] Level 1:colcon.colcon_core.package_identification:_identify(Library/Artifacts/5c) by extension 'cmake'
[4.859s] Level 1:colcon.colcon_core.package_identification:_identify(Library/Artifacts/5c) by extension 'python'
[4.861s] Level 1:colcon.colcon_core.package_identification:_identify(Library/Artifacts/5c) by extensions ['python_setup_py']
[4.862s] Level 1:colcon.colcon_core.package_identification:_identify(Library/Artifacts/5c) by extension 'python_setup_py'
[4.870s] Level 1:colcon.colcon_core.package_identification:_identify(Library/Artifacts/5d) by extensions ['ignore', 'ignore_ament_install']
[4.870s] Level 1:colcon.colcon_core.package_identification:_identify(Library/Artifacts/5d) by extension 'ignore'
[4.873s] Level 1:colcon.colcon_core.package_identification:_identify(Library/Artifacts/5d) by extension 'ignore_ament_install'
[4.877s] Level 1:colcon.colcon_core.package_identification:_identify(Library/Artifacts/5d) by extensions ['colcon_pkg']
[4.877s] Level 1:colcon.colcon_core.package_identification:_identify(Library/Artifacts/5d) by extension 'colcon_pkg'
[4.880s] Level 1:colcon.colcon_core.package_identification:_identify(Library/Artifacts/5d) by extensions ['colcon_meta']
[4.880s] Level 1:colcon.colcon_core.package_identification:_identify(Library/Artifacts/5d) by extension 'colcon_meta'
[4.884s] Level 1:colcon.colcon_core.package_identification:_identify(Library/Artifacts/5d) by extensions ['ros']
[4.885s] Level 1:colcon.colcon_core.package_identification:_identify(Library/Artifacts/5d) by extension 'ros'
[4.893s] Level 1:colcon.colcon_core.package_identification:_identify(Library/Artifacts/5d) by extensions ['cmake', 'python']
[4.893s] Level 1:colcon.colcon_core.package_identification:_identify(Library/Artifacts/5d) by extension 'cmake'
[4.895s] Level 1:colcon.colcon_core.package_identification:_identify(Library/Artifacts/5d) by extension 'python'
[4.898s] Level 1:colcon.colcon_core.package_identification:_identify(Library/Artifacts/5d) by extensions ['python_setup_py']
[4.898s] Level 1:colcon.colcon_core.package_identification:_identify(Library/Artifacts/5d) by extension 'python_setup_py'
[4.906s] Level 1:colcon.colcon_core.package_identification:_identify(Library/Artifacts/5e) by extensions ['ignore', 'ignore_ament_install']
[4.907s] Level 1:colcon.colcon_core.package_identification:_identify(Library/Artifacts/5e) by extension 'ignore'
[4.909s] Level 1:colcon.colcon_core.package_identification:_identify(Library/Artifacts/5e) by extension 'ignore_ament_install'
[4.913s] Level 1:colcon.colcon_core.package_identification:_identify(Library/Artifacts/5e) by extensions ['colcon_pkg']
[4.913s] Level 1:colcon.colcon_core.package_identification:_identify(Library/Artifacts/5e) by extension 'colcon_pkg'
[4.915s] Level 1:colcon.colcon_core.package_identification:_identify(Library/Artifacts/5e) by extensions ['colcon_meta']
[4.916s] Level 1:colcon.colcon_core.package_identification:_identify(Library/Artifacts/5e) by extension 'colcon_meta'
[4.920s] Level 1:colcon.colcon_core.package_identification:_identify(Library/Artifacts/5e) by extensions ['ros']
[4.921s] Level 1:colcon.colcon_core.package_identification:_identify(Library/Artifacts/5e) by extension 'ros'
[4.930s] Level 1:colcon.colcon_core.package_identification:_identify(Library/Artifacts/5e) by extensions ['cmake', 'python']
[4.930s] Level 1:colcon.colcon_core.package_identification:_identify(Library/Artifacts/5e) by extension 'cmake'
[4.933s] Level 1:colcon.colcon_core.package_identification:_identify(Library/Artifacts/5e) by extension 'python'
[4.935s] Level 1:colcon.colcon_core.package_identification:_identify(Library/Artifacts/5e) by extensions ['python_setup_py']
[4.935s] Level 1:colcon.colcon_core.package_identification:_identify(Library/Artifacts/5e) by extension 'python_setup_py'
[4.943s] Level 1:colcon.colcon_core.package_identification:_identify(Library/Artifacts/5f) by extensions ['ignore', 'ignore_ament_install']
[4.944s] Level 1:colcon.colcon_core.package_identification:_identify(Library/Artifacts/5f) by extension 'ignore'
[4.946s] Level 1:colcon.colcon_core.package_identification:_identify(Library/Artifacts/5f) by extension 'ignore_ament_install'
[4.950s] Level 1:colcon.colcon_core.package_identification:_identify(Library/Artifacts/5f) by extensions ['colcon_pkg']
[4.951s] Level 1:colcon.colcon_core.package_identification:_identify(Library/Artifacts/5f) by extension 'colcon_pkg'
[4.953s] Level 1:colcon.colcon_core.package_identification:_identify(Library/Artifacts/5f) by extensions ['colcon_meta']
[4.953s] Level 1:colcon.colcon_core.package_identification:_identify(Library/Artifacts/5f) by extension 'colcon_meta'
[4.957s] Level 1:colcon.colcon_core.package_identification:_identify(Library/Artifacts/5f) by extensions ['ros']
[4.958s] Level 1:colcon.colcon_core.package_identification:_identify(Library/Artifacts/5f) by extension 'ros'
[4.966s] Level 1:colcon.colcon_core.package_identification:_identify(Library/Artifacts/5f) by extensions ['cmake', 'python']
[4.967s] Level 1:colcon.colcon_core.package_identification:_identify(Library/Artifacts/5f) by extension 'cmake'
[4.969s] Level 1:colcon.colcon_core.package_identification:_identify(Library/Artifacts/5f) by extension 'python'
[4.972s] Level 1:colcon.colcon_core.package_identification:_identify(Library/Artifacts/5f) by extensions ['python_setup_py']
[4.972s] Level 1:colcon.colcon_core.package_identification:_identify(Library/Artifacts/5f) by extension 'python_setup_py'
[4.981s] Level 1:colcon.colcon_core.package_identification:_identify(Library/Artifacts/60) by extensions ['ignore', 'ignore_ament_install']
[4.982s] Level 1:colcon.colcon_core.package_identification:_identify(Library/Artifacts/60) by extension 'ignore'
[4.984s] Level 1:colcon.colcon_core.package_identification:_identify(Library/Artifacts/60) by extension 'ignore_ament_install'
[4.987s] Level 1:colcon.colcon_core.package_identification:_identify(Library/Artifacts/60) by extensions ['colcon_pkg']
[4.988s] Level 1:colcon.colcon_core.package_identification:_identify(Library/Artifacts/60) by extension 'colcon_pkg'
[4.990s] Level 1:colcon.colcon_core.package_identification:_identify(Library/Artifacts/60) by extensions ['colcon_meta']
[4.991s] Level 1:colcon.colcon_core.package_identification:_identify(Library/Artifacts/60) by extension 'colcon_meta'
[4.995s] Level 1:colcon.colcon_core.package_identification:_identify(Library/Artifacts/60) by extensions ['ros']
[4.996s] Level 1:colcon.colcon_core.package_identification:_identify(Library/Artifacts/60) by extension 'ros'
[5.005s] Level 1:colcon.colcon_core.package_identification:_identify(Library/Artifacts/60) by extensions ['cmake', 'python']
[5.005s] Level 1:colcon.colcon_core.package_identification:_identify(Library/Artifacts/60) by extension 'cmake'
[5.008s] Level 1:colcon.colcon_core.package_identification:_identify(Library/Artifacts/60) by extension 'python'
[5.010s] Level 1:colcon.colcon_core.package_identification:_identify(Library/Artifacts/60) by extensions ['python_setup_py']
[5.011s] Level 1:colcon.colcon_core.package_identification:_identify(Library/Artifacts/60) by extension 'python_setup_py'
[5.019s] Level 1:colcon.colcon_core.package_identification:_identify(Library/Artifacts/61) by extensions ['ignore', 'ignore_ament_install']
[5.020s] Level 1:colcon.colcon_core.package_identification:_identify(Library/Artifacts/61) by extension 'ignore'
[5.022s] Level 1:colcon.colcon_core.package_identification:_identify(Library/Artifacts/61) by extension 'ignore_ament_install'
[5.026s] Level 1:colcon.colcon_core.package_identification:_identify(Library/Artifacts/61) by extensions ['colcon_pkg']
[5.026s] Level 1:colcon.colcon_core.package_identification:_identify(Library/Artifacts/61) by extension 'colcon_pkg'
[5.027s] Level 1:colcon.colcon_core.package_identification:_identify(Library/Artifacts/61) by extensions ['colcon_meta']
[5.028s] Level 1:colcon.colcon_core.package_identification:_identify(Library/Artifacts/61) by extension 'colcon_meta'
[5.033s] Level 1:colcon.colcon_core.package_identification:_identify(Library/Artifacts/61) by extensions ['ros']
[5.033s] Level 1:colcon.colcon_core.package_identification:_identify(Library/Artifacts/61) by extension 'ros'
[5.040s] Level 1:colcon.colcon_core.package_identification:_identify(Library/Artifacts/61) by extensions ['cmake', 'python']
[5.041s] Level 1:colcon.colcon_core.package_identification:_identify(Library/Artifacts/61) by extension 'cmake'
[5.043s] Level 1:colcon.colcon_core.package_identification:_identify(Library/Artifacts/61) by extension 'python'
[5.045s] Level 1:colcon.colcon_core.package_identification:_identify(Library/Artifacts/61) by extensions ['python_setup_py']
[5.046s] Level 1:colcon.colcon_core.package_identification:_identify(Library/Artifacts/61) by extension 'python_setup_py'
[5.055s] Level 1:colcon.colcon_core.package_identification:_identify(Library/Artifacts/62) by extensions ['ignore', 'ignore_ament_install']
[5.056s] Level 1:colcon.colcon_core.package_identification:_identify(Library/Artifacts/62) by extension 'ignore'
[5.058s] Level 1:colcon.colcon_core.package_identification:_identify(Library/Artifacts/62) by extension 'ignore_ament_install'
[5.061s] Level 1:colcon.colcon_core.package_identification:_identify(Library/Artifacts/62) by extensions ['colcon_pkg']
[5.061s] Level 1:colcon.colcon_core.package_identification:_identify(Library/Artifacts/62) by extension 'colcon_pkg'
[5.063s] Level 1:colcon.colcon_core.package_identification:_identify(Library/Artifacts/62) by extensions ['colcon_meta']
[5.064s] Level 1:colcon.colcon_core.package_identification:_identify(Library/Artifacts/62) by extension 'colcon_meta'
[5.066s] Level 1:colcon.colcon_core.package_identification:_identify(Library/Artifacts/62) by extensions ['ros']
[5.066s] Level 1:colcon.colcon_core.package_identification:_identify(Library/Artifacts/62) by extension 'ros'
[5.072s] Level 1:colcon.colcon_core.package_identification:_identify(Library/Artifacts/62) by extensions ['cmake', 'python']
[5.072s] Level 1:colcon.colcon_core.package_identification:_identify(Library/Artifacts/62) by extension 'cmake'
[5.074s] Level 1:colcon.colcon_core.package_identification:_identify(Library/Artifacts/62) by extension 'python'
[5.075s] Level 1:colcon.colcon_core.package_identification:_identify(Library/Artifacts/62) by extensions ['python_setup_py']
[5.075s] Level 1:colcon.colcon_core.package_identification:_identify(Library/Artifacts/62) by extension 'python_setup_py'
[5.081s] Level 1:colcon.colcon_core.package_identification:_identify(Library/Artifacts/63) by extensions ['ignore', 'ignore_ament_install']
[5.082s] Level 1:colcon.colcon_core.package_identification:_identify(Library/Artifacts/63) by extension 'ignore'
[5.083s] Level 1:colcon.colcon_core.package_identification:_identify(Library/Artifacts/63) by extension 'ignore_ament_install'
[5.085s] Level 1:colcon.colcon_core.package_identification:_identify(Library/Artifacts/63) by extensions ['colcon_pkg']
[5.086s] Level 1:colcon.colcon_core.package_identification:_identify(Library/Artifacts/63) by extension 'colcon_pkg'
[5.087s] Level 1:colcon.colcon_core.package_identification:_identify(Library/Artifacts/63) by extensions ['colcon_meta']
[5.087s] Level 1:colcon.colcon_core.package_identification:_identify(Library/Artifacts/63) by extension 'colcon_meta'
[5.091s] Level 1:colcon.colcon_core.package_identification:_identify(Library/Artifacts/63) by extensions ['ros']
[5.091s] Level 1:colcon.colcon_core.package_identification:_identify(Library/Artifacts/63) by extension 'ros'
[5.100s] Level 1:colcon.colcon_core.package_identification:_identify(Library/Artifacts/63) by extensions ['cmake', 'python']
[5.100s] Level 1:colcon.colcon_core.package_identification:_identify(Library/Artifacts/63) by extension 'cmake'
[5.102s] Level 1:colcon.colcon_core.package_identification:_identify(Library/Artifacts/63) by extension 'python'
[5.105s] Level 1:colcon.colcon_core.package_identification:_identify(Library/Artifacts/63) by extensions ['python_setup_py']
[5.105s] Level 1:colcon.colcon_core.package_identification:_identify(Library/Artifacts/63) by extension 'python_setup_py'
[5.114s] Level 1:colcon.colcon_core.package_identification:_identify(Library/Artifacts/64) by extensions ['ignore', 'ignore_ament_install']
[5.114s] Level 1:colcon.colcon_core.package_identification:_identify(Library/Artifacts/64) by extension 'ignore'
[5.116s] Level 1:colcon.colcon_core.package_identification:_identify(Library/Artifacts/64) by extension 'ignore_ament_install'
[5.120s] Level 1:colcon.colcon_core.package_identification:_identify(Library/Artifacts/64) by extensions ['colcon_pkg']
[5.120s] Level 1:colcon.colcon_core.package_identification:_identify(Library/Artifacts/64) by extension 'colcon_pkg'
[5.123s] Level 1:colcon.colcon_core.package_identification:_identify(Library/Artifacts/64) by extensions ['colcon_meta']
[5.123s] Level 1:colcon.colcon_core.package_identification:_identify(Library/Artifacts/64) by extension 'colcon_meta'
[5.128s] Level 1:colcon.colcon_core.package_identification:_identify(Library/Artifacts/64) by extensions ['ros']
[5.129s] Level 1:colcon.colcon_core.package_identification:_identify(Library/Artifacts/64) by extension 'ros'
[5.137s] Level 1:colcon.colcon_core.package_identification:_identify(Library/Artifacts/64) by extensions ['cmake', 'python']
[5.138s] Level 1:colcon.colcon_core.package_identification:_identify(Library/Artifacts/64) by extension 'cmake'
[5.140s] Level 1:colcon.colcon_core.package_identification:_identify(Library/Artifacts/64) by extension 'python'
[5.142s] Level 1:colcon.colcon_core.package_identification:_identify(Library/Artifacts/64) by extensions ['python_setup_py']
[5.143s] Level 1:colcon.colcon_core.package_identification:_identify(Library/Artifacts/64) by extension 'python_setup_py'
[5.152s] Level 1:colcon.colcon_core.package_identification:_identify(Library/Artifacts/65) by extensions ['ignore', 'ignore_ament_install']
[5.153s] Level 1:colcon.colcon_core.package_identification:_identify(Library/Artifacts/65) by extension 'ignore'
[5.155s] Level 1:colcon.colcon_core.package_identification:_identify(Library/Artifacts/65) by extension 'ignore_ament_install'
[5.158s] Level 1:colcon.colcon_core.package_identification:_identify(Library/Artifacts/65) by extensions ['colcon_pkg']
[5.159s] Level 1:colcon.colcon_core.package_identification:_identify(Library/Artifacts/65) by extension 'colcon_pkg'
[5.161s] Level 1:colcon.colcon_core.package_identification:_identify(Library/Artifacts/65) by extensions ['colcon_meta']
[5.162s] Level 1:colcon.colcon_core.package_identification:_identify(Library/Artifacts/65) by extension 'colcon_meta'
[5.165s] Level 1:colcon.colcon_core.package_identification:_identify(Library/Artifacts/65) by extensions ['ros']
[5.166s] Level 1:colcon.colcon_core.package_identification:_identify(Library/Artifacts/65) by extension 'ros'
[5.173s] Level 1:colcon.colcon_core.package_identification:_identify(Library/Artifacts/65) by extensions ['cmake', 'python']
[5.174s] Level 1:colcon.colcon_core.package_identification:_identify(Library/Artifacts/65) by extension 'cmake'
[5.177s] Level 1:colcon.colcon_core.package_identification:_identify(Library/Artifacts/65) by extension 'python'
[5.179s] Level 1:colcon.colcon_core.package_identification:_identify(Library/Artifacts/65) by extensions ['python_setup_py']
[5.180s] Level 1:colcon.colcon_core.package_identification:_identify(Library/Artifacts/65) by extension 'python_setup_py'
[5.190s] Level 1:colcon.colcon_core.package_identification:_identify(Library/Artifacts/66) by extensions ['ignore', 'ignore_ament_install']
[5.191s] Level 1:colcon.colcon_core.package_identification:_identify(Library/Artifacts/66) by extension 'ignore'
[5.193s] Level 1:colcon.colcon_core.package_identification:_identify(Library/Artifacts/66) by extension 'ignore_ament_install'
[5.197s] Level 1:colcon.colcon_core.package_identification:_identify(Library/Artifacts/66) by extensions ['colcon_pkg']
[5.198s] Level 1:colcon.colcon_core.package_identification:_identify(Library/Artifacts/66) by extension 'colcon_pkg'
[5.200s] Level 1:colcon.colcon_core.package_identification:_identify(Library/Artifacts/66) by extensions ['colcon_meta']
[5.201s] Level 1:colcon.colcon_core.package_identification:_identify(Library/Artifacts/66) by extension 'colcon_meta'
[5.204s] Level 1:colcon.colcon_core.package_identification:_identify(Library/Artifacts/66) by extensions ['ros']
[5.205s] Level 1:colcon.colcon_core.package_identification:_identify(Library/Artifacts/66) by extension 'ros'
[5.214s] Level 1:colcon.colcon_core.package_identification:_identify(Library/Artifacts/66) by extensions ['cmake', 'python']
[5.215s] Level 1:colcon.colcon_core.package_identification:_identify(Library/Artifacts/66) by extension 'cmake'
[5.217s] Level 1:colcon.colcon_core.package_identification:_identify(Library/Artifacts/66) by extension 'python'
[5.219s] Level 1:colcon.colcon_core.package_identification:_identify(Library/Artifacts/66) by extensions ['python_setup_py']
[5.220s] Level 1:colcon.colcon_core.package_identification:_identify(Library/Artifacts/66) by extension 'python_setup_py'
[5.232s] Level 1:colcon.colcon_core.package_identification:_identify(Library/Artifacts/67) by extensions ['ignore', 'ignore_ament_install']
[5.233s] Level 1:colcon.colcon_core.package_identification:_identify(Library/Artifacts/67) by extension 'ignore'
[5.236s] Level 1:colcon.colcon_core.package_identification:_identify(Library/Artifacts/67) by extension 'ignore_ament_install'
[5.240s] Level 1:colcon.colcon_core.package_identification:_identify(Library/Artifacts/67) by extensions ['colcon_pkg']
[5.241s] Level 1:colcon.colcon_core.package_identification:_identify(Library/Artifacts/67) by extension 'colcon_pkg'
[5.244s] Level 1:colcon.colcon_core.package_identification:_identify(Library/Artifacts/67) by extensions ['colcon_meta']
[5.245s] Level 1:colcon.colcon_core.package_identification:_identify(Library/Artifacts/67) by extension 'colcon_meta'
[5.249s] Level 1:colcon.colcon_core.package_identification:_identify(Library/Artifacts/67) by extensions ['ros']
[5.250s] Level 1:colcon.colcon_core.package_identification:_identify(Library/Artifacts/67) by extension 'ros'
[5.258s] Level 1:colcon.colcon_core.package_identification:_identify(Library/Artifacts/67) by extensions ['cmake', 'python']
[5.259s] Level 1:colcon.colcon_core.package_identification:_identify(Library/Artifacts/67) by extension 'cmake'
[5.262s] Level 1:colcon.colcon_core.package_identification:_identify(Library/Artifacts/67) by extension 'python'
[5.264s] Level 1:colcon.colcon_core.package_identification:_identify(Library/Artifacts/67) by extensions ['python_setup_py']
[5.264s] Level 1:colcon.colcon_core.package_identification:_identify(Library/Artifacts/67) by extension 'python_setup_py'
[5.272s] Level 1:colcon.colcon_core.package_identification:_identify(Library/Artifacts/68) by extensions ['ignore', 'ignore_ament_install']
[5.273s] Level 1:colcon.colcon_core.package_identification:_identify(Library/Artifacts/68) by extension 'ignore'
[5.275s] Level 1:colcon.colcon_core.package_identification:_identify(Library/Artifacts/68) by extension 'ignore_ament_install'
[5.279s] Level 1:colcon.colcon_core.package_identification:_identify(Library/Artifacts/68) by extensions ['colcon_pkg']
[5.280s] Level 1:colcon.colcon_core.package_identification:_identify(Library/Artifacts/68) by extension 'colcon_pkg'
[5.282s] Level 1:colcon.colcon_core.package_identification:_identify(Library/Artifacts/68) by extensions ['colcon_meta']
[5.283s] Level 1:colcon.colcon_core.package_identification:_identify(Library/Artifacts/68) by extension 'colcon_meta'
[5.288s] Level 1:colcon.colcon_core.package_identification:_identify(Library/Artifacts/68) by extensions ['ros']
[5.288s] Level 1:colcon.colcon_core.package_identification:_identify(Library/Artifacts/68) by extension 'ros'
[5.294s] Level 1:colcon.colcon_core.package_identification:_identify(Library/Artifacts/68) by extensions ['cmake', 'python']
[5.295s] Level 1:colcon.colcon_core.package_identification:_identify(Library/Artifacts/68) by extension 'cmake'
[5.298s] Level 1:colcon.colcon_core.package_identification:_identify(Library/Artifacts/68) by extension 'python'
[5.300s] Level 1:colcon.colcon_core.package_identification:_identify(Library/Artifacts/68) by extensions ['python_setup_py']
[5.301s] Level 1:colcon.colcon_core.package_identification:_identify(Library/Artifacts/68) by extension 'python_setup_py'
[5.308s] Level 1:colcon.colcon_core.package_identification:_identify(Library/Artifacts/69) by extensions ['ignore', 'ignore_ament_install']
[5.308s] Level 1:colcon.colcon_core.package_identification:_identify(Library/Artifacts/69) by extension 'ignore'
[5.310s] Level 1:colcon.colcon_core.package_identification:_identify(Library/Artifacts/69) by extension 'ignore_ament_install'
[5.313s] Level 1:colcon.colcon_core.package_identification:_identify(Library/Artifacts/69) by extensions ['colcon_pkg']
[5.313s] Level 1:colcon.colcon_core.package_identification:_identify(Library/Artifacts/69) by extension 'colcon_pkg'
[5.315s] Level 1:colcon.colcon_core.package_identification:_identify(Library/Artifacts/69) by extensions ['colcon_meta']
[5.315s] Level 1:colcon.colcon_core.package_identification:_identify(Library/Artifacts/69) by extension 'colcon_meta'
[5.318s] Level 1:colcon.colcon_core.package_identification:_identify(Library/Artifacts/69) by extensions ['ros']
[5.318s] Level 1:colcon.colcon_core.package_identification:_identify(Library/Artifacts/69) by extension 'ros'
[5.323s] Level 1:colcon.colcon_core.package_identification:_identify(Library/Artifacts/69) by extensions ['cmake', 'python']
[5.323s] Level 1:colcon.colcon_core.package_identification:_identify(Library/Artifacts/69) by extension 'cmake'
[5.325s] Level 1:colcon.colcon_core.package_identification:_identify(Library/Artifacts/69) by extension 'python'
[5.326s] Level 1:colcon.colcon_core.package_identification:_identify(Library/Artifacts/69) by extensions ['python_setup_py']
[5.327s] Level 1:colcon.colcon_core.package_identification:_identify(Library/Artifacts/69) by extension 'python_setup_py'
[5.335s] Level 1:colcon.colcon_core.package_identification:_identify(Library/Artifacts/6a) by extensions ['ignore', 'ignore_ament_install']
[5.336s] Level 1:colcon.colcon_core.package_identification:_identify(Library/Artifacts/6a) by extension 'ignore'
[5.338s] Level 1:colcon.colcon_core.package_identification:_identify(Library/Artifacts/6a) by extension 'ignore_ament_install'
[5.342s] Level 1:colcon.colcon_core.package_identification:_identify(Library/Artifacts/6a) by extensions ['colcon_pkg']
[5.343s] Level 1:colcon.colcon_core.package_identification:_identify(Library/Artifacts/6a) by extension 'colcon_pkg'
[5.345s] Level 1:colcon.colcon_core.package_identification:_identify(Library/Artifacts/6a) by extensions ['colcon_meta']
[5.346s] Level 1:colcon.colcon_core.package_identification:_identify(Library/Artifacts/6a) by extension 'colcon_meta'
[5.350s] Level 1:colcon.colcon_core.package_identification:_identify(Library/Artifacts/6a) by extensions ['ros']
[5.350s] Level 1:colcon.colcon_core.package_identification:_identify(Library/Artifacts/6a) by extension 'ros'
[5.359s] Level 1:colcon.colcon_core.package_identification:_identify(Library/Artifacts/6a) by extensions ['cmake', 'python']
[5.360s] Level 1:colcon.colcon_core.package_identification:_identify(Library/Artifacts/6a) by extension 'cmake'
[5.362s] Level 1:colcon.colcon_core.package_identification:_identify(Library/Artifacts/6a) by extension 'python'
[5.365s] Level 1:colcon.colcon_core.package_identification:_identify(Library/Artifacts/6a) by extensions ['python_setup_py']
[5.366s] Level 1:colcon.colcon_core.package_identification:_identify(Library/Artifacts/6a) by extension 'python_setup_py'
[5.377s] Level 1:colcon.colcon_core.package_identification:_identify(Library/Artifacts/6b) by extensions ['ignore', 'ignore_ament_install']
[5.378s] Level 1:colcon.colcon_core.package_identification:_identify(Library/Artifacts/6b) by extension 'ignore'
[5.381s] Level 1:colcon.colcon_core.package_identification:_identify(Library/Artifacts/6b) by extension 'ignore_ament_install'
[5.383s] Level 1:colcon.colcon_core.package_identification:_identify(Library/Artifacts/6b) by extensions ['colcon_pkg']
[5.384s] Level 1:colcon.colcon_core.package_identification:_identify(Library/Artifacts/6b) by extension 'colcon_pkg'
[5.386s] Level 1:colcon.colcon_core.package_identification:_identify(Library/Artifacts/6b) by extensions ['colcon_meta']
[5.387s] Level 1:colcon.colcon_core.package_identification:_identify(Library/Artifacts/6b) by extension 'colcon_meta'
[5.392s] Level 1:colcon.colcon_core.package_identification:_identify(Library/Artifacts/6b) by extensions ['ros']
[5.393s] Level 1:colcon.colcon_core.package_identification:_identify(Library/Artifacts/6b) by extension 'ros'
[5.401s] Level 1:colcon.colcon_core.package_identification:_identify(Library/Artifacts/6b) by extensions ['cmake', 'python']
[5.402s] Level 1:colcon.colcon_core.package_identification:_identify(Library/Artifacts/6b) by extension 'cmake'
[5.404s] Level 1:colcon.colcon_core.package_identification:_identify(Library/Artifacts/6b) by extension 'python'
[5.406s] Level 1:colcon.colcon_core.package_identification:_identify(Library/Artifacts/6b) by extensions ['python_setup_py']
[5.407s] Level 1:colcon.colcon_core.package_identification:_identify(Library/Artifacts/6b) by extension 'python_setup_py'
[5.416s] Level 1:colcon.colcon_core.package_identification:_identify(Library/Artifacts/6c) by extensions ['ignore', 'ignore_ament_install']
[5.416s] Level 1:colcon.colcon_core.package_identification:_identify(Library/Artifacts/6c) by extension 'ignore'
[5.417s] Level 1:colcon.colcon_core.package_identification:_identify(Library/Artifacts/6c) by extension 'ignore_ament_install'
[5.420s] Level 1:colcon.colcon_core.package_identification:_identify(Library/Artifacts/6c) by extensions ['colcon_pkg']
[5.420s] Level 1:colcon.colcon_core.package_identification:_identify(Library/Artifacts/6c) by extension 'colcon_pkg'
[5.422s] Level 1:colcon.colcon_core.package_identification:_identify(Library/Artifacts/6c) by extensions ['colcon_meta']
[5.422s] Level 1:colcon.colcon_core.package_identification:_identify(Library/Artifacts/6c) by extension 'colcon_meta'
[5.424s] Level 1:colcon.colcon_core.package_identification:_identify(Library/Artifacts/6c) by extensions ['ros']
[5.425s] Level 1:colcon.colcon_core.package_identification:_identify(Library/Artifacts/6c) by extension 'ros'
[5.430s] Level 1:colcon.colcon_core.package_identification:_identify(Library/Artifacts/6c) by extensions ['cmake', 'python']
[5.430s] Level 1:colcon.colcon_core.package_identification:_identify(Library/Artifacts/6c) by extension 'cmake'
[5.432s] Level 1:colcon.colcon_core.package_identification:_identify(Library/Artifacts/6c) by extension 'python'
[5.434s] Level 1:colcon.colcon_core.package_identification:_identify(Library/Artifacts/6c) by extensions ['python_setup_py']
[5.434s] Level 1:colcon.colcon_core.package_identification:_identify(Library/Artifacts/6c) by extension 'python_setup_py'
[5.440s] Level 1:colcon.colcon_core.package_identification:_identify(Library/Artifacts/6d) by extensions ['ignore', 'ignore_ament_install']
[5.440s] Level 1:colcon.colcon_core.package_identification:_identify(Library/Artifacts/6d) by extension 'ignore'
[5.442s] Level 1:colcon.colcon_core.package_identification:_identify(Library/Artifacts/6d) by extension 'ignore_ament_install'
[5.447s] Level 1:colcon.colcon_core.package_identification:_identify(Library/Artifacts/6d) by extensions ['colcon_pkg']
[5.448s] Level 1:colcon.colcon_core.package_identification:_identify(Library/Artifacts/6d) by extension 'colcon_pkg'
[5.450s] Level 1:colcon.colcon_core.package_identification:_identify(Library/Artifacts/6d) by extensions ['colcon_meta']
[5.450s] Level 1:colcon.colcon_core.package_identification:_identify(Library/Artifacts/6d) by extension 'colcon_meta'
[5.455s] Level 1:colcon.colcon_core.package_identification:_identify(Library/Artifacts/6d) by extensions ['ros']
[5.456s] Level 1:colcon.colcon_core.package_identification:_identify(Library/Artifacts/6d) by extension 'ros'
[5.466s] Level 1:colcon.colcon_core.package_identification:_identify(Library/Artifacts/6d) by extensions ['cmake', 'python']
[5.467s] Level 1:colcon.colcon_core.package_identification:_identify(Library/Artifacts/6d) by extension 'cmake'
[5.470s] Level 1:colcon.colcon_core.package_identification:_identify(Library/Artifacts/6d) by extension 'python'
[5.474s] Level 1:colcon.colcon_core.package_identification:_identify(Library/Artifacts/6d) by extensions ['python_setup_py']
[5.475s] Level 1:colcon.colcon_core.package_identification:_identify(Library/Artifacts/6d) by extension 'python_setup_py'
[5.483s] Level 1:colcon.colcon_core.package_identification:_identify(Library/Artifacts/6e) by extensions ['ignore', 'ignore_ament_install']
[5.484s] Level 1:colcon.colcon_core.package_identification:_identify(Library/Artifacts/6e) by extension 'ignore'
[5.487s] Level 1:colcon.colcon_core.package_identification:_identify(Library/Artifacts/6e) by extension 'ignore_ament_install'
[5.491s] Level 1:colcon.colcon_core.package_identification:_identify(Library/Artifacts/6e) by extensions ['colcon_pkg']
[5.492s] Level 1:colcon.colcon_core.package_identification:_identify(Library/Artifacts/6e) by extension 'colcon_pkg'
[5.494s] Level 1:colcon.colcon_core.package_identification:_identify(Library/Artifacts/6e) by extensions ['colcon_meta']
[5.495s] Level 1:colcon.colcon_core.package_identification:_identify(Library/Artifacts/6e) by extension 'colcon_meta'
[5.499s] Level 1:colcon.colcon_core.package_identification:_identify(Library/Artifacts/6e) by extensions ['ros']
[5.500s] Level 1:colcon.colcon_core.package_identification:_identify(Library/Artifacts/6e) by extension 'ros'
[5.510s] Level 1:colcon.colcon_core.package_identification:_identify(Library/Artifacts/6e) by extensions ['cmake', 'python']
[5.511s] Level 1:colcon.colcon_core.package_identification:_identify(Library/Artifacts/6e) by extension 'cmake'
[5.513s] Level 1:colcon.colcon_core.package_identification:_identify(Library/Artifacts/6e) by extension 'python'
[5.515s] Level 1:colcon.colcon_core.package_identification:_identify(Library/Artifacts/6e) by extensions ['python_setup_py']
[5.516s] Level 1:colcon.colcon_core.package_identification:_identify(Library/Artifacts/6e) by extension 'python_setup_py'
[5.524s] Level 1:colcon.colcon_core.package_identification:_identify(Library/Artifacts/6f) by extensions ['ignore', 'ignore_ament_install']
[5.525s] Level 1:colcon.colcon_core.package_identification:_identify(Library/Artifacts/6f) by extension 'ignore'
[5.527s] Level 1:colcon.colcon_core.package_identification:_identify(Library/Artifacts/6f) by extension 'ignore_ament_install'
[5.531s] Level 1:colcon.colcon_core.package_identification:_identify(Library/Artifacts/6f) by extensions ['colcon_pkg']
[5.532s] Level 1:colcon.colcon_core.package_identification:_identify(Library/Artifacts/6f) by extension 'colcon_pkg'
[5.534s] Level 1:colcon.colcon_core.package_identification:_identify(Library/Artifacts/6f) by extensions ['colcon_meta']
[5.535s] Level 1:colcon.colcon_core.package_identification:_identify(Library/Artifacts/6f) by extension 'colcon_meta'
[5.538s] Level 1:colcon.colcon_core.package_identification:_identify(Library/Artifacts/6f) by extensions ['ros']
[5.539s] Level 1:colcon.colcon_core.package_identification:_identify(Library/Artifacts/6f) by extension 'ros'
[5.547s] Level 1:colcon.colcon_core.package_identification:_identify(Library/Artifacts/6f) by extensions ['cmake', 'python']
[5.548s] Level 1:colcon.colcon_core.package_identification:_identify(Library/Artifacts/6f) by extension 'cmake'
[5.550s] Level 1:colcon.colcon_core.package_identification:_identify(Library/Artifacts/6f) by extension 'python'
[5.552s] Level 1:colcon.colcon_core.package_identification:_identify(Library/Artifacts/6f) by extensions ['python_setup_py']
[5.553s] Level 1:colcon.colcon_core.package_identification:_identify(Library/Artifacts/6f) by extension 'python_setup_py'
[5.558s] Level 1:colcon.colcon_core.package_identification:_identify(Library/Artifacts/70) by extensions ['ignore', 'ignore_ament_install']
[5.559s] Level 1:colcon.colcon_core.package_identification:_identify(Library/Artifacts/70) by extension 'ignore'
[5.561s] Level 1:colcon.colcon_core.package_identification:_identify(Library/Artifacts/70) by extension 'ignore_ament_install'
[5.565s] Level 1:colcon.colcon_core.package_identification:_identify(Library/Artifacts/70) by extensions ['colcon_pkg']
[5.565s] Level 1:colcon.colcon_core.package_identification:_identify(Library/Artifacts/70) by extension 'colcon_pkg'
[5.567s] Level 1:colcon.colcon_core.package_identification:_identify(Library/Artifacts/70) by extensions ['colcon_meta']
[5.567s] Level 1:colcon.colcon_core.package_identification:_identify(Library/Artifacts/70) by extension 'colcon_meta'
[5.571s] Level 1:colcon.colcon_core.package_identification:_identify(Library/Artifacts/70) by extensions ['ros']
[5.572s] Level 1:colcon.colcon_core.package_identification:_identify(Library/Artifacts/70) by extension 'ros'
[5.580s] Level 1:colcon.colcon_core.package_identification:_identify(Library/Artifacts/70) by extensions ['cmake', 'python']
[5.581s] Level 1:colcon.colcon_core.package_identification:_identify(Library/Artifacts/70) by extension 'cmake'
[5.582s] Level 1:colcon.colcon_core.package_identification:_identify(Library/Artifacts/70) by extension 'python'
[5.584s] Level 1:colcon.colcon_core.package_identification:_identify(Library/Artifacts/70) by extensions ['python_setup_py']
[5.585s] Level 1:colcon.colcon_core.package_identification:_identify(Library/Artifacts/70) by extension 'python_setup_py'
[5.592s] Level 1:colcon.colcon_core.package_identification:_identify(Library/Artifacts/71) by extensions ['ignore', 'ignore_ament_install']
[5.593s] Level 1:colcon.colcon_core.package_identification:_identify(Library/Artifacts/71) by extension 'ignore'
[5.595s] Level 1:colcon.colcon_core.package_identification:_identify(Library/Artifacts/71) by extension 'ignore_ament_install'
[5.599s] Level 1:colcon.colcon_core.package_identification:_identify(Library/Artifacts/71) by extensions ['colcon_pkg']
[5.600s] Level 1:colcon.colcon_core.package_identification:_identify(Library/Artifacts/71) by extension 'colcon_pkg'
[5.602s] Level 1:colcon.colcon_core.package_identification:_identify(Library/Artifacts/71) by extensions ['colcon_meta']
[5.603s] Level 1:colcon.colcon_core.package_identification:_identify(Library/Artifacts/71) by extension 'colcon_meta'
[5.606s] Level 1:colcon.colcon_core.package_identification:_identify(Library/Artifacts/71) by extensions ['ros']
[5.607s] Level 1:colcon.colcon_core.package_identification:_identify(Library/Artifacts/71) by extension 'ros'
[5.613s] Level 1:colcon.colcon_core.package_identification:_identify(Library/Artifacts/71) by extensions ['cmake', 'python']
[5.614s] Level 1:colcon.colcon_core.package_identification:_identify(Library/Artifacts/71) by extension 'cmake'
[5.616s] Level 1:colcon.colcon_core.package_identification:_identify(Library/Artifacts/71) by extension 'python'
[5.618s] Level 1:colcon.colcon_core.package_identification:_identify(Library/Artifacts/71) by extensions ['python_setup_py']
[5.619s] Level 1:colcon.colcon_core.package_identification:_identify(Library/Artifacts/71) by extension 'python_setup_py'
[5.627s] Level 1:colcon.colcon_core.package_identification:_identify(Library/Artifacts/72) by extensions ['ignore', 'ignore_ament_install']
[5.628s] Level 1:colcon.colcon_core.package_identification:_identify(Library/Artifacts/72) by extension 'ignore'
[5.630s] Level 1:colcon.colcon_core.package_identification:_identify(Library/Artifacts/72) by extension 'ignore_ament_install'
[5.634s] Level 1:colcon.colcon_core.package_identification:_identify(Library/Artifacts/72) by extensions ['colcon_pkg']
[5.634s] Level 1:colcon.colcon_core.package_identification:_identify(Library/Artifacts/72) by extension 'colcon_pkg'
[5.637s] Level 1:colcon.colcon_core.package_identification:_identify(Library/Artifacts/72) by extensions ['colcon_meta']
[5.637s] Level 1:colcon.colcon_core.package_identification:_identify(Library/Artifacts/72) by extension 'colcon_meta'
[5.641s] Level 1:colcon.colcon_core.package_identification:_identify(Library/Artifacts/72) by extensions ['ros']
[5.642s] Level 1:colcon.colcon_core.package_identification:_identify(Library/Artifacts/72) by extension 'ros'
[5.652s] Level 1:colcon.colcon_core.package_identification:_identify(Library/Artifacts/72) by extensions ['cmake', 'python']
[5.653s] Level 1:colcon.colcon_core.package_identification:_identify(Library/Artifacts/72) by extension 'cmake'
[5.656s] Level 1:colcon.colcon_core.package_identification:_identify(Library/Artifacts/72) by extension 'python'
[5.658s] Level 1:colcon.colcon_core.package_identification:_identify(Library/Artifacts/72) by extensions ['python_setup_py']
[5.659s] Level 1:colcon.colcon_core.package_identification:_identify(Library/Artifacts/72) by extension 'python_setup_py'
[5.668s] Level 1:colcon.colcon_core.package_identification:_identify(Library/Artifacts/73) by extensions ['ignore', 'ignore_ament_install']
[5.668s] Level 1:colcon.colcon_core.package_identification:_identify(Library/Artifacts/73) by extension 'ignore'
[5.671s] Level 1:colcon.colcon_core.package_identification:_identify(Library/Artifacts/73) by extension 'ignore_ament_install'
[5.675s] Level 1:colcon.colcon_core.package_identification:_identify(Library/Artifacts/73) by extensions ['colcon_pkg']
[5.676s] Level 1:colcon.colcon_core.package_identification:_identify(Library/Artifacts/73) by extension 'colcon_pkg'
[5.678s] Level 1:colcon.colcon_core.package_identification:_identify(Library/Artifacts/73) by extensions ['colcon_meta']
[5.679s] Level 1:colcon.colcon_core.package_identification:_identify(Library/Artifacts/73) by extension 'colcon_meta'
[5.683s] Level 1:colcon.colcon_core.package_identification:_identify(Library/Artifacts/73) by extensions ['ros']
[5.683s] Level 1:colcon.colcon_core.package_identification:_identify(Library/Artifacts/73) by extension 'ros'
[5.692s] Level 1:colcon.colcon_core.package_identification:_identify(Library/Artifacts/73) by extensions ['cmake', 'python']
[5.693s] Level 1:colcon.colcon_core.package_identification:_identify(Library/Artifacts/73) by extension 'cmake'
[5.695s] Level 1:colcon.colcon_core.package_identification:_identify(Library/Artifacts/73) by extension 'python'
[5.698s] Level 1:colcon.colcon_core.package_identification:_identify(Library/Artifacts/73) by extensions ['python_setup_py']
[5.698s] Level 1:colcon.colcon_core.package_identification:_identify(Library/Artifacts/73) by extension 'python_setup_py'
[5.708s] Level 1:colcon.colcon_core.package_identification:_identify(Library/Artifacts/74) by extensions ['ignore', 'ignore_ament_install']
[5.709s] Level 1:colcon.colcon_core.package_identification:_identify(Library/Artifacts/74) by extension 'ignore'
[5.711s] Level 1:colcon.colcon_core.package_identification:_identify(Library/Artifacts/74) by extension 'ignore_ament_install'
[5.715s] Level 1:colcon.colcon_core.package_identification:_identify(Library/Artifacts/74) by extensions ['colcon_pkg']
[5.716s] Level 1:colcon.colcon_core.package_identification:_identify(Library/Artifacts/74) by extension 'colcon_pkg'
[5.718s] Level 1:colcon.colcon_core.package_identification:_identify(Library/Artifacts/74) by extensions ['colcon_meta']
[5.719s] Level 1:colcon.colcon_core.package_identification:_identify(Library/Artifacts/74) by extension 'colcon_meta'
[5.723s] Level 1:colcon.colcon_core.package_identification:_identify(Library/Artifacts/74) by extensions ['ros']
[5.724s] Level 1:colcon.colcon_core.package_identification:_identify(Library/Artifacts/74) by extension 'ros'
[5.732s] Level 1:colcon.colcon_core.package_identification:_identify(Library/Artifacts/74) by extensions ['cmake', 'python']
[5.732s] Level 1:colcon.colcon_core.package_identification:_identify(Library/Artifacts/74) by extension 'cmake'
[5.735s] Level 1:colcon.colcon_core.package_identification:_identify(Library/Artifacts/74) by extension 'python'
[5.737s] Level 1:colcon.colcon_core.package_identification:_identify(Library/Artifacts/74) by extensions ['python_setup_py']
[5.738s] Level 1:colcon.colcon_core.package_identification:_identify(Library/Artifacts/74) by extension 'python_setup_py'
[5.747s] Level 1:colcon.colcon_core.package_identification:_identify(Library/Artifacts/75) by extensions ['ignore', 'ignore_ament_install']
[5.751s] Level 1:colcon.colcon_core.package_identification:_identify(Library/Artifacts/75) by extension 'ignore'
[5.754s] Level 1:colcon.colcon_core.package_identification:_identify(Library/Artifacts/75) by extension 'ignore_ament_install'
[5.758s] Level 1:colcon.colcon_core.package_identification:_identify(Library/Artifacts/75) by extensions ['colcon_pkg']
[5.759s] Level 1:colcon.colcon_core.package_identification:_identify(Library/Artifacts/75) by extension 'colcon_pkg'
[5.761s] Level 1:colcon.colcon_core.package_identification:_identify(Library/Artifacts/75) by extensions ['colcon_meta']
[5.762s] Level 1:colcon.colcon_core.package_identification:_identify(Library/Artifacts/75) by extension 'colcon_meta'
[5.765s] Level 1:colcon.colcon_core.package_identification:_identify(Library/Artifacts/75) by extensions ['ros']
[5.766s] Level 1:colcon.colcon_core.package_identification:_identify(Library/Artifacts/75) by extension 'ros'
[5.774s] Level 1:colcon.colcon_core.package_identification:_identify(Library/Artifacts/75) by extensions ['cmake', 'python']
[5.775s] Level 1:colcon.colcon_core.package_identification:_identify(Library/Artifacts/75) by extension 'cmake'
[5.777s] Level 1:colcon.colcon_core.package_identification:_identify(Library/Artifacts/75) by extension 'python'
[5.780s] Level 1:colcon.colcon_core.package_identification:_identify(Library/Artifacts/75) by extensions ['python_setup_py']
[5.781s] Level 1:colcon.colcon_core.package_identification:_identify(Library/Artifacts/75) by extension 'python_setup_py'
[5.789s] Level 1:colcon.colcon_core.package_identification:_identify(Library/Artifacts/76) by extensions ['ignore', 'ignore_ament_install']
[5.790s] Level 1:colcon.colcon_core.package_identification:_identify(Library/Artifacts/76) by extension 'ignore'
[5.792s] Level 1:colcon.colcon_core.package_identification:_identify(Library/Artifacts/76) by extension 'ignore_ament_install'
[5.796s] Level 1:colcon.colcon_core.package_identification:_identify(Library/Artifacts/76) by extensions ['colcon_pkg']
[5.797s] Level 1:colcon.colcon_core.package_identification:_identify(Library/Artifacts/76) by extension 'colcon_pkg'
[5.798s] Level 1:colcon.colcon_core.package_identification:_identify(Library/Artifacts/76) by extensions ['colcon_meta']
[5.799s] Level 1:colcon.colcon_core.package_identification:_identify(Library/Artifacts/76) by extension 'colcon_meta'
[5.803s] Level 1:colcon.colcon_core.package_identification:_identify(Library/Artifacts/76) by extensions ['ros']
[5.803s] Level 1:colcon.colcon_core.package_identification:_identify(Library/Artifacts/76) by extension 'ros'
[5.814s] Level 1:colcon.colcon_core.package_identification:_identify(Library/Artifacts/76) by extensions ['cmake', 'python']
[5.814s] Level 1:colcon.colcon_core.package_identification:_identify(Library/Artifacts/76) by extension 'cmake'
[5.817s] Level 1:colcon.colcon_core.package_identification:_identify(Library/Artifacts/76) by extension 'python'
[5.819s] Level 1:colcon.colcon_core.package_identification:_identify(Library/Artifacts/76) by extensions ['python_setup_py']
[5.820s] Level 1:colcon.colcon_core.package_identification:_identify(Library/Artifacts/76) by extension 'python_setup_py'
[5.829s] Level 1:colcon.colcon_core.package_identification:_identify(Library/Artifacts/77) by extensions ['ignore', 'ignore_ament_install']
[5.830s] Level 1:colcon.colcon_core.package_identification:_identify(Library/Artifacts/77) by extension 'ignore'
[5.832s] Level 1:colcon.colcon_core.package_identification:_identify(Library/Artifacts/77) by extension 'ignore_ament_install'
[5.836s] Level 1:colcon.colcon_core.package_identification:_identify(Library/Artifacts/77) by extensions ['colcon_pkg']
[5.837s] Level 1:colcon.colcon_core.package_identification:_identify(Library/Artifacts/77) by extension 'colcon_pkg'
[5.839s] Level 1:colcon.colcon_core.package_identification:_identify(Library/Artifacts/77) by extensions ['colcon_meta']
[5.840s] Level 1:colcon.colcon_core.package_identification:_identify(Library/Artifacts/77) by extension 'colcon_meta'
[5.844s] Level 1:colcon.colcon_core.package_identification:_identify(Library/Artifacts/77) by extensions ['ros']
[5.845s] Level 1:colcon.colcon_core.package_identification:_identify(Library/Artifacts/77) by extension 'ros'
[5.853s] Level 1:colcon.colcon_core.package_identification:_identify(Library/Artifacts/77) by extensions ['cmake', 'python']
[5.854s] Level 1:colcon.colcon_core.package_identification:_identify(Library/Artifacts/77) by extension 'cmake'
[5.856s] Level 1:colcon.colcon_core.package_identification:_identify(Library/Artifacts/77) by extension 'python'
[5.858s] Level 1:colcon.colcon_core.package_identification:_identify(Library/Artifacts/77) by extensions ['python_setup_py']
[5.859s] Level 1:colcon.colcon_core.package_identification:_identify(Library/Artifacts/77) by extension 'python_setup_py'
[5.868s] Level 1:colcon.colcon_core.package_identification:_identify(Library/Artifacts/78) by extensions ['ignore', 'ignore_ament_install']
[5.869s] Level 1:colcon.colcon_core.package_identification:_identify(Library/Artifacts/78) by extension 'ignore'
[5.871s] Level 1:colcon.colcon_core.package_identification:_identify(Library/Artifacts/78) by extension 'ignore_ament_install'
[5.875s] Level 1:colcon.colcon_core.package_identification:_identify(Library/Artifacts/78) by extensions ['colcon_pkg']
[5.876s] Level 1:colcon.colcon_core.package_identification:_identify(Library/Artifacts/78) by extension 'colcon_pkg'
[5.878s] Level 1:colcon.colcon_core.package_identification:_identify(Library/Artifacts/78) by extensions ['colcon_meta']
[5.879s] Level 1:colcon.colcon_core.package_identification:_identify(Library/Artifacts/78) by extension 'colcon_meta'
[5.883s] Level 1:colcon.colcon_core.package_identification:_identify(Library/Artifacts/78) by extensions ['ros']
[5.884s] Level 1:colcon.colcon_core.package_identification:_identify(Library/Artifacts/78) by extension 'ros'
[5.892s] Level 1:colcon.colcon_core.package_identification:_identify(Library/Artifacts/78) by extensions ['cmake', 'python']
[5.893s] Level 1:colcon.colcon_core.package_identification:_identify(Library/Artifacts/78) by extension 'cmake'
[5.895s] Level 1:colcon.colcon_core.package_identification:_identify(Library/Artifacts/78) by extension 'python'
[5.898s] Level 1:colcon.colcon_core.package_identification:_identify(Library/Artifacts/78) by extensions ['python_setup_py']
[5.899s] Level 1:colcon.colcon_core.package_identification:_identify(Library/Artifacts/78) by extension 'python_setup_py'
[5.908s] Level 1:colcon.colcon_core.package_identification:_identify(Library/Artifacts/79) by extensions ['ignore', 'ignore_ament_install']
[5.909s] Level 1:colcon.colcon_core.package_identification:_identify(Library/Artifacts/79) by extension 'ignore'
[5.912s] Level 1:colcon.colcon_core.package_identification:_identify(Library/Artifacts/79) by extension 'ignore_ament_install'
[5.917s] Level 1:colcon.colcon_core.package_identification:_identify(Library/Artifacts/79) by extensions ['colcon_pkg']
[5.917s] Level 1:colcon.colcon_core.package_identification:_identify(Library/Artifacts/79) by extension 'colcon_pkg'
[5.919s] Level 1:colcon.colcon_core.package_identification:_identify(Library/Artifacts/79) by extensions ['colcon_meta']
[5.919s] Level 1:colcon.colcon_core.package_identification:_identify(Library/Artifacts/79) by extension 'colcon_meta'
[5.922s] Level 1:colcon.colcon_core.package_identification:_identify(Library/Artifacts/79) by extensions ['ros']
[5.922s] Level 1:colcon.colcon_core.package_identification:_identify(Library/Artifacts/79) by extension 'ros'
[5.928s] Level 1:colcon.colcon_core.package_identification:_identify(Library/Artifacts/79) by extensions ['cmake', 'python']
[5.928s] Level 1:colcon.colcon_core.package_identification:_identify(Library/Artifacts/79) by extension 'cmake'
[5.930s] Level 1:colcon.colcon_core.package_identification:_identify(Library/Artifacts/79) by extension 'python'
[5.931s] Level 1:colcon.colcon_core.package_identification:_identify(Library/Artifacts/79) by extensions ['python_setup_py']
[5.932s] Level 1:colcon.colcon_core.package_identification:_identify(Library/Artifacts/79) by extension 'python_setup_py'
[5.941s] Level 1:colcon.colcon_core.package_identification:_identify(Library/Artifacts/7a) by extensions ['ignore', 'ignore_ament_install']
[5.942s] Level 1:colcon.colcon_core.package_identification:_identify(Library/Artifacts/7a) by extension 'ignore'
[5.944s] Level 1:colcon.colcon_core.package_identification:_identify(Library/Artifacts/7a) by extension 'ignore_ament_install'
[5.947s] Level 1:colcon.colcon_core.package_identification:_identify(Library/Artifacts/7a) by extensions ['colcon_pkg']
[5.948s] Level 1:colcon.colcon_core.package_identification:_identify(Library/Artifacts/7a) by extension 'colcon_pkg'
[5.950s] Level 1:colcon.colcon_core.package_identification:_identify(Library/Artifacts/7a) by extensions ['colcon_meta']
[5.951s] Level 1:colcon.colcon_core.package_identification:_identify(Library/Artifacts/7a) by extension 'colcon_meta'
[5.955s] Level 1:colcon.colcon_core.package_identification:_identify(Library/Artifacts/7a) by extensions ['ros']
[5.956s] Level 1:colcon.colcon_core.package_identification:_identify(Library/Artifacts/7a) by extension 'ros'
[5.965s] Level 1:colcon.colcon_core.package_identification:_identify(Library/Artifacts/7a) by extensions ['cmake', 'python']
[5.965s] Level 1:colcon.colcon_core.package_identification:_identify(Library/Artifacts/7a) by extension 'cmake'
[5.968s] Level 1:colcon.colcon_core.package_identification:_identify(Library/Artifacts/7a) by extension 'python'
[5.970s] Level 1:colcon.colcon_core.package_identification:_identify(Library/Artifacts/7a) by extensions ['python_setup_py']
[5.971s] Level 1:colcon.colcon_core.package_identification:_identify(Library/Artifacts/7a) by extension 'python_setup_py'
[5.979s] Level 1:colcon.colcon_core.package_identification:_identify(Library/Artifacts/7b) by extensions ['ignore', 'ignore_ament_install']
[5.980s] Level 1:colcon.colcon_core.package_identification:_identify(Library/Artifacts/7b) by extension 'ignore'
[5.983s] Level 1:colcon.colcon_core.package_identification:_identify(Library/Artifacts/7b) by extension 'ignore_ament_install'
[5.987s] Level 1:colcon.colcon_core.package_identification:_identify(Library/Artifacts/7b) by extensions ['colcon_pkg']
[5.988s] Level 1:colcon.colcon_core.package_identification:_identify(Library/Artifacts/7b) by extension 'colcon_pkg'
[5.990s] Level 1:colcon.colcon_core.package_identification:_identify(Library/Artifacts/7b) by extensions ['colcon_meta']
[5.991s] Level 1:colcon.colcon_core.package_identification:_identify(Library/Artifacts/7b) by extension 'colcon_meta'
[5.994s] Level 1:colcon.colcon_core.package_identification:_identify(Library/Artifacts/7b) by extensions ['ros']
[5.995s] Level 1:colcon.colcon_core.package_identification:_identify(Library/Artifacts/7b) by extension 'ros'
[6.004s] Level 1:colcon.colcon_core.package_identification:_identify(Library/Artifacts/7b) by extensions ['cmake', 'python']
[6.005s] Level 1:colcon.colcon_core.package_identification:_identify(Library/Artifacts/7b) by extension 'cmake'
[6.007s] Level 1:colcon.colcon_core.package_identification:_identify(Library/Artifacts/7b) by extension 'python'
[6.009s] Level 1:colcon.colcon_core.package_identification:_identify(Library/Artifacts/7b) by extensions ['python_setup_py']
[6.010s] Level 1:colcon.colcon_core.package_identification:_identify(Library/Artifacts/7b) by extension 'python_setup_py'
[6.019s] Level 1:colcon.colcon_core.package_identification:_identify(Library/Artifacts/7c) by extensions ['ignore', 'ignore_ament_install']
[6.020s] Level 1:colcon.colcon_core.package_identification:_identify(Library/Artifacts/7c) by extension 'ignore'
[6.022s] Level 1:colcon.colcon_core.package_identification:_identify(Library/Artifacts/7c) by extension 'ignore_ament_install'
[6.026s] Level 1:colcon.colcon_core.package_identification:_identify(Library/Artifacts/7c) by extensions ['colcon_pkg']
[6.027s] Level 1:colcon.colcon_core.package_identification:_identify(Library/Artifacts/7c) by extension 'colcon_pkg'
[6.029s] Level 1:colcon.colcon_core.package_identification:_identify(Library/Artifacts/7c) by extensions ['colcon_meta']
[6.029s] Level 1:colcon.colcon_core.package_identification:_identify(Library/Artifacts/7c) by extension 'colcon_meta'
[6.032s] Level 1:colcon.colcon_core.package_identification:_identify(Library/Artifacts/7c) by extensions ['ros']
[6.033s] Level 1:colcon.colcon_core.package_identification:_identify(Library/Artifacts/7c) by extension 'ros'
[6.041s] Level 1:colcon.colcon_core.package_identification:_identify(Library/Artifacts/7c) by extensions ['cmake', 'python']
[6.042s] Level 1:colcon.colcon_core.package_identification:_identify(Library/Artifacts/7c) by extension 'cmake'
[6.044s] Level 1:colcon.colcon_core.package_identification:_identify(Library/Artifacts/7c) by extension 'python'
[6.047s] Level 1:colcon.colcon_core.package_identification:_identify(Library/Artifacts/7c) by extensions ['python_setup_py']
[6.048s] Level 1:colcon.colcon_core.package_identification:_identify(Library/Artifacts/7c) by extension 'python_setup_py'
[6.055s] Level 1:colcon.colcon_core.package_identification:_identify(Library/Artifacts/7d) by extensions ['ignore', 'ignore_ament_install']
[6.056s] Level 1:colcon.colcon_core.package_identification:_identify(Library/Artifacts/7d) by extension 'ignore'
[6.058s] Level 1:colcon.colcon_core.package_identification:_identify(Library/Artifacts/7d) by extension 'ignore_ament_install'
[6.062s] Level 1:colcon.colcon_core.package_identification:_identify(Library/Artifacts/7d) by extensions ['colcon_pkg']
[6.062s] Level 1:colcon.colcon_core.package_identification:_identify(Library/Artifacts/7d) by extension 'colcon_pkg'
[6.064s] Level 1:colcon.colcon_core.package_identification:_identify(Library/Artifacts/7d) by extensions ['colcon_meta']
[6.065s] Level 1:colcon.colcon_core.package_identification:_identify(Library/Artifacts/7d) by extension 'colcon_meta'
[6.068s] Level 1:colcon.colcon_core.package_identification:_identify(Library/Artifacts/7d) by extensions ['ros']
[6.069s] Level 1:colcon.colcon_core.package_identification:_identify(Library/Artifacts/7d) by extension 'ros'
[6.077s] Level 1:colcon.colcon_core.package_identification:_identify(Library/Artifacts/7d) by extensions ['cmake', 'python']
[6.077s] Level 1:colcon.colcon_core.package_identification:_identify(Library/Artifacts/7d) by extension 'cmake'
[6.080s] Level 1:colcon.colcon_core.package_identification:_identify(Library/Artifacts/7d) by extension 'python'
[6.082s] Level 1:colcon.colcon_core.package_identification:_identify(Library/Artifacts/7d) by extensions ['python_setup_py']
[6.082s] Level 1:colcon.colcon_core.package_identification:_identify(Library/Artifacts/7d) by extension 'python_setup_py'
[6.091s] Level 1:colcon.colcon_core.package_identification:_identify(Library/Artifacts/7e) by extensions ['ignore', 'ignore_ament_install']
[6.092s] Level 1:colcon.colcon_core.package_identification:_identify(Library/Artifacts/7e) by extension 'ignore'
[6.094s] Level 1:colcon.colcon_core.package_identification:_identify(Library/Artifacts/7e) by extension 'ignore_ament_install'
[6.097s] Level 1:colcon.colcon_core.package_identification:_identify(Library/Artifacts/7e) by extensions ['colcon_pkg']
[6.098s] Level 1:colcon.colcon_core.package_identification:_identify(Library/Artifacts/7e) by extension 'colcon_pkg'
[6.100s] Level 1:colcon.colcon_core.package_identification:_identify(Library/Artifacts/7e) by extensions ['colcon_meta']
[6.101s] Level 1:colcon.colcon_core.package_identification:_identify(Library/Artifacts/7e) by extension 'colcon_meta'
[6.105s] Level 1:colcon.colcon_core.package_identification:_identify(Library/Artifacts/7e) by extensions ['ros']
[6.105s] Level 1:colcon.colcon_core.package_identification:_identify(Library/Artifacts/7e) by extension 'ros'
[6.115s] Level 1:colcon.colcon_core.package_identification:_identify(Library/Artifacts/7e) by extensions ['cmake', 'python']
[6.115s] Level 1:colcon.colcon_core.package_identification:_identify(Library/Artifacts/7e) by extension 'cmake'
[6.118s] Level 1:colcon.colcon_core.package_identification:_identify(Library/Artifacts/7e) by extension 'python'
[6.120s] Level 1:colcon.colcon_core.package_identification:_identify(Library/Artifacts/7e) by extensions ['python_setup_py']
[6.120s] Level 1:colcon.colcon_core.package_identification:_identify(Library/Artifacts/7e) by extension 'python_setup_py'
[6.129s] Level 1:colcon.colcon_core.package_identification:_identify(Library/Artifacts/7f) by extensions ['ignore', 'ignore_ament_install']
[6.130s] Level 1:colcon.colcon_core.package_identification:_identify(Library/Artifacts/7f) by extension 'ignore'
[6.132s] Level 1:colcon.colcon_core.package_identification:_identify(Library/Artifacts/7f) by extension 'ignore_ament_install'
[6.136s] Level 1:colcon.colcon_core.package_identification:_identify(Library/Artifacts/7f) by extensions ['colcon_pkg']
[6.136s] Level 1:colcon.colcon_core.package_identification:_identify(Library/Artifacts/7f) by extension 'colcon_pkg'
[6.138s] Level 1:colcon.colcon_core.package_identification:_identify(Library/Artifacts/7f) by extensions ['colcon_meta']
[6.139s] Level 1:colcon.colcon_core.package_identification:_identify(Library/Artifacts/7f) by extension 'colcon_meta'
[6.142s] Level 1:colcon.colcon_core.package_identification:_identify(Library/Artifacts/7f) by extensions ['ros']
[6.143s] Level 1:colcon.colcon_core.package_identification:_identify(Library/Artifacts/7f) by extension 'ros'
[6.152s] Level 1:colcon.colcon_core.package_identification:_identify(Library/Artifacts/7f) by extensions ['cmake', 'python']
[6.153s] Level 1:colcon.colcon_core.package_identification:_identify(Library/Artifacts/7f) by extension 'cmake'
[6.155s] Level 1:colcon.colcon_core.package_identification:_identify(Library/Artifacts/7f) by extension 'python'
[6.158s] Level 1:colcon.colcon_core.package_identification:_identify(Library/Artifacts/7f) by extensions ['python_setup_py']
[6.158s] Level 1:colcon.colcon_core.package_identification:_identify(Library/Artifacts/7f) by extension 'python_setup_py'
[6.167s] Level 1:colcon.colcon_core.package_identification:_identify(Library/Artifacts/80) by extensions ['ignore', 'ignore_ament_install']
[6.167s] Level 1:colcon.colcon_core.package_identification:_identify(Library/Artifacts/80) by extension 'ignore'
[6.170s] Level 1:colcon.colcon_core.package_identification:_identify(Library/Artifacts/80) by extension 'ignore_ament_install'
[6.173s] Level 1:colcon.colcon_core.package_identification:_identify(Library/Artifacts/80) by extensions ['colcon_pkg']
[6.174s] Level 1:colcon.colcon_core.package_identification:_identify(Library/Artifacts/80) by extension 'colcon_pkg'
[6.177s] Level 1:colcon.colcon_core.package_identification:_identify(Library/Artifacts/80) by extensions ['colcon_meta']
[6.177s] Level 1:colcon.colcon_core.package_identification:_identify(Library/Artifacts/80) by extension 'colcon_meta'
[6.181s] Level 1:colcon.colcon_core.package_identification:_identify(Library/Artifacts/80) by extensions ['ros']
[6.182s] Level 1:colcon.colcon_core.package_identification:_identify(Library/Artifacts/80) by extension 'ros'
[6.191s] Level 1:colcon.colcon_core.package_identification:_identify(Library/Artifacts/80) by extensions ['cmake', 'python']
[6.192s] Level 1:colcon.colcon_core.package_identification:_identify(Library/Artifacts/80) by extension 'cmake'
[6.194s] Level 1:colcon.colcon_core.package_identification:_identify(Library/Artifacts/80) by extension 'python'
[6.197s] Level 1:colcon.colcon_core.package_identification:_identify(Library/Artifacts/80) by extensions ['python_setup_py']
[6.198s] Level 1:colcon.colcon_core.package_identification:_identify(Library/Artifacts/80) by extension 'python_setup_py'
[6.207s] Level 1:colcon.colcon_core.package_identification:_identify(Library/Artifacts/81) by extensions ['ignore', 'ignore_ament_install']
[6.207s] Level 1:colcon.colcon_core.package_identification:_identify(Library/Artifacts/81) by extension 'ignore'
[6.209s] Level 1:colcon.colcon_core.package_identification:_identify(Library/Artifacts/81) by extension 'ignore_ament_install'
[6.211s] Level 1:colcon.colcon_core.package_identification:_identify(Library/Artifacts/81) by extensions ['colcon_pkg']
[6.212s] Level 1:colcon.colcon_core.package_identification:_identify(Library/Artifacts/81) by extension 'colcon_pkg'
[6.214s] Level 1:colcon.colcon_core.package_identification:_identify(Library/Artifacts/81) by extensions ['colcon_meta']
[6.215s] Level 1:colcon.colcon_core.package_identification:_identify(Library/Artifacts/81) by extension 'colcon_meta'
[6.220s] Level 1:colcon.colcon_core.package_identification:_identify(Library/Artifacts/81) by extensions ['ros']
[6.220s] Level 1:colcon.colcon_core.package_identification:_identify(Library/Artifacts/81) by extension 'ros'
[6.229s] Level 1:colcon.colcon_core.package_identification:_identify(Library/Artifacts/81) by extensions ['cmake', 'python']
[6.230s] Level 1:colcon.colcon_core.package_identification:_identify(Library/Artifacts/81) by extension 'cmake'
[6.233s] Level 1:colcon.colcon_core.package_identification:_identify(Library/Artifacts/81) by extension 'python'
[6.235s] Level 1:colcon.colcon_core.package_identification:_identify(Library/Artifacts/81) by extensions ['python_setup_py']
[6.236s] Level 1:colcon.colcon_core.package_identification:_identify(Library/Artifacts/81) by extension 'python_setup_py'
[6.244s] Level 1:colcon.colcon_core.package_identification:_identify(Library/Artifacts/82) by extensions ['ignore', 'ignore_ament_install']
[6.245s] Level 1:colcon.colcon_core.package_identification:_identify(Library/Artifacts/82) by extension 'ignore'
[6.247s] Level 1:colcon.colcon_core.package_identification:_identify(Library/Artifacts/82) by extension 'ignore_ament_install'
[6.251s] Level 1:colcon.colcon_core.package_identification:_identify(Library/Artifacts/82) by extensions ['colcon_pkg']
[6.251s] Level 1:colcon.colcon_core.package_identification:_identify(Library/Artifacts/82) by extension 'colcon_pkg'
[6.254s] Level 1:colcon.colcon_core.package_identification:_identify(Library/Artifacts/82) by extensions ['colcon_meta']
[6.254s] Level 1:colcon.colcon_core.package_identification:_identify(Library/Artifacts/82) by extension 'colcon_meta'
[6.258s] Level 1:colcon.colcon_core.package_identification:_identify(Library/Artifacts/82) by extensions ['ros']
[6.259s] Level 1:colcon.colcon_core.package_identification:_identify(Library/Artifacts/82) by extension 'ros'
[6.268s] Level 1:colcon.colcon_core.package_identification:_identify(Library/Artifacts/82) by extensions ['cmake', 'python']
[6.268s] Level 1:colcon.colcon_core.package_identification:_identify(Library/Artifacts/82) by extension 'cmake'
[6.271s] Level 1:colcon.colcon_core.package_identification:_identify(Library/Artifacts/82) by extension 'python'
[6.273s] Level 1:colcon.colcon_core.package_identification:_identify(Library/Artifacts/82) by extensions ['python_setup_py']
[6.273s] Level 1:colcon.colcon_core.package_identification:_identify(Library/Artifacts/82) by extension 'python_setup_py'
[6.282s] Level 1:colcon.colcon_core.package_identification:_identify(Library/Artifacts/83) by extensions ['ignore', 'ignore_ament_install']
[6.283s] Level 1:colcon.colcon_core.package_identification:_identify(Library/Artifacts/83) by extension 'ignore'
[6.285s] Level 1:colcon.colcon_core.package_identification:_identify(Library/Artifacts/83) by extension 'ignore_ament_install'
[6.287s] Level 1:colcon.colcon_core.package_identification:_identify(Library/Artifacts/83) by extensions ['colcon_pkg']
[6.288s] Level 1:colcon.colcon_core.package_identification:_identify(Library/Artifacts/83) by extension 'colcon_pkg'
[6.290s] Level 1:colcon.colcon_core.package_identification:_identify(Library/Artifacts/83) by extensions ['colcon_meta']
[6.290s] Level 1:colcon.colcon_core.package_identification:_identify(Library/Artifacts/83) by extension 'colcon_meta'
[6.294s] Level 1:colcon.colcon_core.package_identification:_identify(Library/Artifacts/83) by extensions ['ros']
[6.295s] Level 1:colcon.colcon_core.package_identification:_identify(Library/Artifacts/83) by extension 'ros'
[6.303s] Level 1:colcon.colcon_core.package_identification:_identify(Library/Artifacts/83) by extensions ['cmake', 'python']
[6.304s] Level 1:colcon.colcon_core.package_identification:_identify(Library/Artifacts/83) by extension 'cmake'
[6.306s] Level 1:colcon.colcon_core.package_identification:_identify(Library/Artifacts/83) by extension 'python'
[6.307s] Level 1:colcon.colcon_core.package_identification:_identify(Library/Artifacts/83) by extensions ['python_setup_py']
[6.308s] Level 1:colcon.colcon_core.package_identification:_identify(Library/Artifacts/83) by extension 'python_setup_py'
[6.315s] Level 1:colcon.colcon_core.package_identification:_identify(Library/Artifacts/84) by extensions ['ignore', 'ignore_ament_install']
[6.316s] Level 1:colcon.colcon_core.package_identification:_identify(Library/Artifacts/84) by extension 'ignore'
[6.318s] Level 1:colcon.colcon_core.package_identification:_identify(Library/Artifacts/84) by extension 'ignore_ament_install'
[6.322s] Level 1:colcon.colcon_core.package_identification:_identify(Library/Artifacts/84) by extensions ['colcon_pkg']
[6.323s] Level 1:colcon.colcon_core.package_identification:_identify(Library/Artifacts/84) by extension 'colcon_pkg'
[6.325s] Level 1:colcon.colcon_core.package_identification:_identify(Library/Artifacts/84) by extensions ['colcon_meta']
[6.326s] Level 1:colcon.colcon_core.package_identification:_identify(Library/Artifacts/84) by extension 'colcon_meta'
[6.329s] Level 1:colcon.colcon_core.package_identification:_identify(Library/Artifacts/84) by extensions ['ros']
[6.330s] Level 1:colcon.colcon_core.package_identification:_identify(Library/Artifacts/84) by extension 'ros'
[6.337s] Level 1:colcon.colcon_core.package_identification:_identify(Library/Artifacts/84) by extensions ['cmake', 'python']
[6.338s] Level 1:colcon.colcon_core.package_identification:_identify(Library/Artifacts/84) by extension 'cmake'
[6.340s] Level 1:colcon.colcon_core.package_identification:_identify(Library/Artifacts/84) by extension 'python'
[6.342s] Level 1:colcon.colcon_core.package_identification:_identify(Library/Artifacts/84) by extensions ['python_setup_py']
[6.342s] Level 1:colcon.colcon_core.package_identification:_identify(Library/Artifacts/84) by extension 'python_setup_py'
[6.350s] Level 1:colcon.colcon_core.package_identification:_identify(Library/Artifacts/85) by extensions ['ignore', 'ignore_ament_install']
[6.351s] Level 1:colcon.colcon_core.package_identification:_identify(Library/Artifacts/85) by extension 'ignore'
[6.353s] Level 1:colcon.colcon_core.package_identification:_identify(Library/Artifacts/85) by extension 'ignore_ament_install'
[6.356s] Level 1:colcon.colcon_core.package_identification:_identify(Library/Artifacts/85) by extensions ['colcon_pkg']
[6.357s] Level 1:colcon.colcon_core.package_identification:_identify(Library/Artifacts/85) by extension 'colcon_pkg'
[6.359s] Level 1:colcon.colcon_core.package_identification:_identify(Library/Artifacts/85) by extensions ['colcon_meta']
[6.360s] Level 1:colcon.colcon_core.package_identification:_identify(Library/Artifacts/85) by extension 'colcon_meta'
[6.364s] Level 1:colcon.colcon_core.package_identification:_identify(Library/Artifacts/85) by extensions ['ros']
[6.365s] Level 1:colcon.colcon_core.package_identification:_identify(Library/Artifacts/85) by extension 'ros'
[6.373s] Level 1:colcon.colcon_core.package_identification:_identify(Library/Artifacts/85) by extensions ['cmake', 'python']
[6.373s] Level 1:colcon.colcon_core.package_identification:_identify(Library/Artifacts/85) by extension 'cmake'
[6.376s] Level 1:colcon.colcon_core.package_identification:_identify(Library/Artifacts/85) by extension 'python'
[6.378s] Level 1:colcon.colcon_core.package_identification:_identify(Library/Artifacts/85) by extensions ['python_setup_py']
[6.379s] Level 1:colcon.colcon_core.package_identification:_identify(Library/Artifacts/85) by extension 'python_setup_py'
[6.386s] Level 1:colcon.colcon_core.package_identification:_identify(Library/Artifacts/86) by extensions ['ignore', 'ignore_ament_install']
[6.387s] Level 1:colcon.colcon_core.package_identification:_identify(Library/Artifacts/86) by extension 'ignore'
[6.389s] Level 1:colcon.colcon_core.package_identification:_identify(Library/Artifacts/86) by extension 'ignore_ament_install'
[6.393s] Level 1:colcon.colcon_core.package_identification:_identify(Library/Artifacts/86) by extensions ['colcon_pkg']
[6.393s] Level 1:colcon.colcon_core.package_identification:_identify(Library/Artifacts/86) by extension 'colcon_pkg'
[6.395s] Level 1:colcon.colcon_core.package_identification:_identify(Library/Artifacts/86) by extensions ['colcon_meta']
[6.395s] Level 1:colcon.colcon_core.package_identification:_identify(Library/Artifacts/86) by extension 'colcon_meta'
[6.399s] Level 1:colcon.colcon_core.package_identification:_identify(Library/Artifacts/86) by extensions ['ros']
[6.399s] Level 1:colcon.colcon_core.package_identification:_identify(Library/Artifacts/86) by extension 'ros'
[6.409s] Level 1:colcon.colcon_core.package_identification:_identify(Library/Artifacts/86) by extensions ['cmake', 'python']
[6.409s] Level 1:colcon.colcon_core.package_identification:_identify(Library/Artifacts/86) by extension 'cmake'
[6.411s] Level 1:colcon.colcon_core.package_identification:_identify(Library/Artifacts/86) by extension 'python'
[6.414s] Level 1:colcon.colcon_core.package_identification:_identify(Library/Artifacts/86) by extensions ['python_setup_py']
[6.414s] Level 1:colcon.colcon_core.package_identification:_identify(Library/Artifacts/86) by extension 'python_setup_py'
[6.422s] Level 1:colcon.colcon_core.package_identification:_identify(Library/Artifacts/87) by extensions ['ignore', 'ignore_ament_install']
[6.422s] Level 1:colcon.colcon_core.package_identification:_identify(Library/Artifacts/87) by extension 'ignore'
[6.424s] Level 1:colcon.colcon_core.package_identification:_identify(Library/Artifacts/87) by extension 'ignore_ament_install'
[6.427s] Level 1:colcon.colcon_core.package_identification:_identify(Library/Artifacts/87) by extensions ['colcon_pkg']
[6.427s] Level 1:colcon.colcon_core.package_identification:_identify(Library/Artifacts/87) by extension 'colcon_pkg'
[6.429s] Level 1:colcon.colcon_core.package_identification:_identify(Library/Artifacts/87) by extensions ['colcon_meta']
[6.430s] Level 1:colcon.colcon_core.package_identification:_identify(Library/Artifacts/87) by extension 'colcon_meta'
[6.433s] Level 1:colcon.colcon_core.package_identification:_identify(Library/Artifacts/87) by extensions ['ros']
[6.434s] Level 1:colcon.colcon_core.package_identification:_identify(Library/Artifacts/87) by extension 'ros'
[6.441s] Level 1:colcon.colcon_core.package_identification:_identify(Library/Artifacts/87) by extensions ['cmake', 'python']
[6.441s] Level 1:colcon.colcon_core.package_identification:_identify(Library/Artifacts/87) by extension 'cmake'
[6.443s] Level 1:colcon.colcon_core.package_identification:_identify(Library/Artifacts/87) by extension 'python'
[6.445s] Level 1:colcon.colcon_core.package_identification:_identify(Library/Artifacts/87) by extensions ['python_setup_py']
[6.446s] Level 1:colcon.colcon_core.package_identification:_identify(Library/Artifacts/87) by extension 'python_setup_py'
[6.452s] Level 1:colcon.colcon_core.package_identification:_identify(Library/Artifacts/88) by extensions ['ignore', 'ignore_ament_install']
[6.453s] Level 1:colcon.colcon_core.package_identification:_identify(Library/Artifacts/88) by extension 'ignore'
[6.455s] Level 1:colcon.colcon_core.package_identification:_identify(Library/Artifacts/88) by extension 'ignore_ament_install'
[6.459s] Level 1:colcon.colcon_core.package_identification:_identify(Library/Artifacts/88) by extensions ['colcon_pkg']
[6.460s] Level 1:colcon.colcon_core.package_identification:_identify(Library/Artifacts/88) by extension 'colcon_pkg'
[6.462s] Level 1:colcon.colcon_core.package_identification:_identify(Library/Artifacts/88) by extensions ['colcon_meta']
[6.463s] Level 1:colcon.colcon_core.package_identification:_identify(Library/Artifacts/88) by extension 'colcon_meta'
[6.467s] Level 1:colcon.colcon_core.package_identification:_identify(Library/Artifacts/88) by extensions ['ros']
[6.468s] Level 1:colcon.colcon_core.package_identification:_identify(Library/Artifacts/88) by extension 'ros'
[6.475s] Level 1:colcon.colcon_core.package_identification:_identify(Library/Artifacts/88) by extensions ['cmake', 'python']
[6.476s] Level 1:colcon.colcon_core.package_identification:_identify(Library/Artifacts/88) by extension 'cmake'
[6.478s] Level 1:colcon.colcon_core.package_identification:_identify(Library/Artifacts/88) by extension 'python'
[6.481s] Level 1:colcon.colcon_core.package_identification:_identify(Library/Artifacts/88) by extensions ['python_setup_py']
[6.481s] Level 1:colcon.colcon_core.package_identification:_identify(Library/Artifacts/88) by extension 'python_setup_py'
[6.489s] Level 1:colcon.colcon_core.package_identification:_identify(Library/Artifacts/89) by extensions ['ignore', 'ignore_ament_install']
[6.490s] Level 1:colcon.colcon_core.package_identification:_identify(Library/Artifacts/89) by extension 'ignore'
[6.492s] Level 1:colcon.colcon_core.package_identification:_identify(Library/Artifacts/89) by extension 'ignore_ament_install'
[6.497s] Level 1:colcon.colcon_core.package_identification:_identify(Library/Artifacts/89) by extensions ['colcon_pkg']
[6.497s] Level 1:colcon.colcon_core.package_identification:_identify(Library/Artifacts/89) by extension 'colcon_pkg'
[6.500s] Level 1:colcon.colcon_core.package_identification:_identify(Library/Artifacts/89) by extensions ['colcon_meta']
[6.500s] Level 1:colcon.colcon_core.package_identification:_identify(Library/Artifacts/89) by extension 'colcon_meta'
[6.504s] Level 1:colcon.colcon_core.package_identification:_identify(Library/Artifacts/89) by extensions ['ros']
[6.505s] Level 1:colcon.colcon_core.package_identification:_identify(Library/Artifacts/89) by extension 'ros'
[6.513s] Level 1:colcon.colcon_core.package_identification:_identify(Library/Artifacts/89) by extensions ['cmake', 'python']
[6.514s] Level 1:colcon.colcon_core.package_identification:_identify(Library/Artifacts/89) by extension 'cmake'
[6.517s] Level 1:colcon.colcon_core.package_identification:_identify(Library/Artifacts/89) by extension 'python'
[6.518s] Level 1:colcon.colcon_core.package_identification:_identify(Library/Artifacts/89) by extensions ['python_setup_py']
[6.519s] Level 1:colcon.colcon_core.package_identification:_identify(Library/Artifacts/89) by extension 'python_setup_py'
[6.528s] Level 1:colcon.colcon_core.package_identification:_identify(Library/Artifacts/8a) by extensions ['ignore', 'ignore_ament_install']
[6.529s] Level 1:colcon.colcon_core.package_identification:_identify(Library/Artifacts/8a) by extension 'ignore'
[6.532s] Level 1:colcon.colcon_core.package_identification:_identify(Library/Artifacts/8a) by extension 'ignore_ament_install'
[6.536s] Level 1:colcon.colcon_core.package_identification:_identify(Library/Artifacts/8a) by extensions ['colcon_pkg']
[6.537s] Level 1:colcon.colcon_core.package_identification:_identify(Library/Artifacts/8a) by extension 'colcon_pkg'
[6.539s] Level 1:colcon.colcon_core.package_identification:_identify(Library/Artifacts/8a) by extensions ['colcon_meta']
[6.540s] Level 1:colcon.colcon_core.package_identification:_identify(Library/Artifacts/8a) by extension 'colcon_meta'
[6.546s] Level 1:colcon.colcon_core.package_identification:_identify(Library/Artifacts/8a) by extensions ['ros']
[6.546s] Level 1:colcon.colcon_core.package_identification:_identify(Library/Artifacts/8a) by extension 'ros'
[6.555s] Level 1:colcon.colcon_core.package_identification:_identify(Library/Artifacts/8a) by extensions ['cmake', 'python']
[6.556s] Level 1:colcon.colcon_core.package_identification:_identify(Library/Artifacts/8a) by extension 'cmake'
[6.559s] Level 1:colcon.colcon_core.package_identification:_identify(Library/Artifacts/8a) by extension 'python'
[6.562s] Level 1:colcon.colcon_core.package_identification:_identify(Library/Artifacts/8a) by extensions ['python_setup_py']
[6.562s] Level 1:colcon.colcon_core.package_identification:_identify(Library/Artifacts/8a) by extension 'python_setup_py'
[6.572s] Level 1:colcon.colcon_core.package_identification:_identify(Library/Artifacts/8b) by extensions ['ignore', 'ignore_ament_install']
[6.573s] Level 1:colcon.colcon_core.package_identification:_identify(Library/Artifacts/8b) by extension 'ignore'
[6.576s] Level 1:colcon.colcon_core.package_identification:_identify(Library/Artifacts/8b) by extension 'ignore_ament_install'
[6.579s] Level 1:colcon.colcon_core.package_identification:_identify(Library/Artifacts/8b) by extensions ['colcon_pkg']
[6.580s] Level 1:colcon.colcon_core.package_identification:_identify(Library/Artifacts/8b) by extension 'colcon_pkg'
[6.583s] Level 1:colcon.colcon_core.package_identification:_identify(Library/Artifacts/8b) by extensions ['colcon_meta']
[6.583s] Level 1:colcon.colcon_core.package_identification:_identify(Library/Artifacts/8b) by extension 'colcon_meta'
[6.588s] Level 1:colcon.colcon_core.package_identification:_identify(Library/Artifacts/8b) by extensions ['ros']
[6.588s] Level 1:colcon.colcon_core.package_identification:_identify(Library/Artifacts/8b) by extension 'ros'
[6.597s] Level 1:colcon.colcon_core.package_identification:_identify(Library/Artifacts/8b) by extensions ['cmake', 'python']
[6.598s] Level 1:colcon.colcon_core.package_identification:_identify(Library/Artifacts/8b) by extension 'cmake'
[6.601s] Level 1:colcon.colcon_core.package_identification:_identify(Library/Artifacts/8b) by extension 'python'
[6.603s] Level 1:colcon.colcon_core.package_identification:_identify(Library/Artifacts/8b) by extensions ['python_setup_py']
[6.604s] Level 1:colcon.colcon_core.package_identification:_identify(Library/Artifacts/8b) by extension 'python_setup_py'
[6.612s] Level 1:colcon.colcon_core.package_identification:_identify(Library/Artifacts/8c) by extensions ['ignore', 'ignore_ament_install']
[6.613s] Level 1:colcon.colcon_core.package_identification:_identify(Library/Artifacts/8c) by extension 'ignore'
[6.615s] Level 1:colcon.colcon_core.package_identification:_identify(Library/Artifacts/8c) by extension 'ignore_ament_install'
[6.620s] Level 1:colcon.colcon_core.package_identification:_identify(Library/Artifacts/8c) by extensions ['colcon_pkg']
[6.621s] Level 1:colcon.colcon_core.package_identification:_identify(Library/Artifacts/8c) by extension 'colcon_pkg'
[6.623s] Level 1:colcon.colcon_core.package_identification:_identify(Library/Artifacts/8c) by extensions ['colcon_meta']
[6.625s] Level 1:colcon.colcon_core.package_identification:_identify(Library/Artifacts/8c) by extension 'colcon_meta'
[6.628s] Level 1:colcon.colcon_core.package_identification:_identify(Library/Artifacts/8c) by extensions ['ros']
[6.629s] Level 1:colcon.colcon_core.package_identification:_identify(Library/Artifacts/8c) by extension 'ros'
[6.636s] Level 1:colcon.colcon_core.package_identification:_identify(Library/Artifacts/8c) by extensions ['cmake', 'python']
[6.637s] Level 1:colcon.colcon_core.package_identification:_identify(Library/Artifacts/8c) by extension 'cmake'
[6.639s] Level 1:colcon.colcon_core.package_identification:_identify(Library/Artifacts/8c) by extension 'python'
[6.641s] Level 1:colcon.colcon_core.package_identification:_identify(Library/Artifacts/8c) by extensions ['python_setup_py']
[6.642s] Level 1:colcon.colcon_core.package_identification:_identify(Library/Artifacts/8c) by extension 'python_setup_py'
[6.650s] Level 1:colcon.colcon_core.package_identification:_identify(Library/Artifacts/8d) by extensions ['ignore', 'ignore_ament_install']
[6.651s] Level 1:colcon.colcon_core.package_identification:_identify(Library/Artifacts/8d) by extension 'ignore'
[6.653s] Level 1:colcon.colcon_core.package_identification:_identify(Library/Artifacts/8d) by extension 'ignore_ament_install'
[6.657s] Level 1:colcon.colcon_core.package_identification:_identify(Library/Artifacts/8d) by extensions ['colcon_pkg']
[6.658s] Level 1:colcon.colcon_core.package_identification:_identify(Library/Artifacts/8d) by extension 'colcon_pkg'
[6.660s] Level 1:colcon.colcon_core.package_identification:_identify(Library/Artifacts/8d) by extensions ['colcon_meta']
[6.660s] Level 1:colcon.colcon_core.package_identification:_identify(Library/Artifacts/8d) by extension 'colcon_meta'
[6.664s] Level 1:colcon.colcon_core.package_identification:_identify(Library/Artifacts/8d) by extensions ['ros']
[6.665s] Level 1:colcon.colcon_core.package_identification:_identify(Library/Artifacts/8d) by extension 'ros'
[6.676s] Level 1:colcon.colcon_core.package_identification:_identify(Library/Artifacts/8d) by extensions ['cmake', 'python']
[6.676s] Level 1:colcon.colcon_core.package_identification:_identify(Library/Artifacts/8d) by extension 'cmake'
[6.679s] Level 1:colcon.colcon_core.package_identification:_identify(Library/Artifacts/8d) by extension 'python'
[6.681s] Level 1:colcon.colcon_core.package_identification:_identify(Library/Artifacts/8d) by extensions ['python_setup_py']
[6.682s] Level 1:colcon.colcon_core.package_identification:_identify(Library/Artifacts/8d) by extension 'python_setup_py'
[6.691s] Level 1:colcon.colcon_core.package_identification:_identify(Library/Artifacts/8e) by extensions ['ignore', 'ignore_ament_install']
[6.691s] Level 1:colcon.colcon_core.package_identification:_identify(Library/Artifacts/8e) by extension 'ignore'
[6.694s] Level 1:colcon.colcon_core.package_identification:_identify(Library/Artifacts/8e) by extension 'ignore_ament_install'
[6.698s] Level 1:colcon.colcon_core.package_identification:_identify(Library/Artifacts/8e) by extensions ['colcon_pkg']
[6.699s] Level 1:colcon.colcon_core.package_identification:_identify(Library/Artifacts/8e) by extension 'colcon_pkg'
[6.701s] Level 1:colcon.colcon_core.package_identification:_identify(Library/Artifacts/8e) by extensions ['colcon_meta']
[6.701s] Level 1:colcon.colcon_core.package_identification:_identify(Library/Artifacts/8e) by extension 'colcon_meta'
[6.706s] Level 1:colcon.colcon_core.package_identification:_identify(Library/Artifacts/8e) by extensions ['ros']
[6.706s] Level 1:colcon.colcon_core.package_identification:_identify(Library/Artifacts/8e) by extension 'ros'
[6.715s] Level 1:colcon.colcon_core.package_identification:_identify(Library/Artifacts/8e) by extensions ['cmake', 'python']
[6.716s] Level 1:colcon.colcon_core.package_identification:_identify(Library/Artifacts/8e) by extension 'cmake'
[6.719s] Level 1:colcon.colcon_core.package_identification:_identify(Library/Artifacts/8e) by extension 'python'
[6.721s] Level 1:colcon.colcon_core.package_identification:_identify(Library/Artifacts/8e) by extensions ['python_setup_py']
[6.722s] Level 1:colcon.colcon_core.package_identification:_identify(Library/Artifacts/8e) by extension 'python_setup_py'
[6.732s] Level 1:colcon.colcon_core.package_identification:_identify(Library/Artifacts/8f) by extensions ['ignore', 'ignore_ament_install']
[6.732s] Level 1:colcon.colcon_core.package_identification:_identify(Library/Artifacts/8f) by extension 'ignore'
[6.735s] Level 1:colcon.colcon_core.package_identification:_identify(Library/Artifacts/8f) by extension 'ignore_ament_install'
[6.739s] Level 1:colcon.colcon_core.package_identification:_identify(Library/Artifacts/8f) by extensions ['colcon_pkg']
[6.740s] Level 1:colcon.colcon_core.package_identification:_identify(Library/Artifacts/8f) by extension 'colcon_pkg'
[6.743s] Level 1:colcon.colcon_core.package_identification:_identify(Library/Artifacts/8f) by extensions ['colcon_meta']
[6.744s] Level 1:colcon.colcon_core.package_identification:_identify(Library/Artifacts/8f) by extension 'colcon_meta'
[6.748s] Level 1:colcon.colcon_core.package_identification:_identify(Library/Artifacts/8f) by extensions ['ros']
[6.749s] Level 1:colcon.colcon_core.package_identification:_identify(Library/Artifacts/8f) by extension 'ros'
[6.758s] Level 1:colcon.colcon_core.package_identification:_identify(Library/Artifacts/8f) by extensions ['cmake', 'python']
[6.759s] Level 1:colcon.colcon_core.package_identification:_identify(Library/Artifacts/8f) by extension 'cmake'
[6.761s] Level 1:colcon.colcon_core.package_identification:_identify(Library/Artifacts/8f) by extension 'python'
[6.763s] Level 1:colcon.colcon_core.package_identification:_identify(Library/Artifacts/8f) by extensions ['python_setup_py']
[6.764s] Level 1:colcon.colcon_core.package_identification:_identify(Library/Artifacts/8f) by extension 'python_setup_py'
[6.773s] Level 1:colcon.colcon_core.package_identification:_identify(Library/Artifacts/90) by extensions ['ignore', 'ignore_ament_install']
[6.774s] Level 1:colcon.colcon_core.package_identification:_identify(Library/Artifacts/90) by extension 'ignore'
[6.775s] Level 1:colcon.colcon_core.package_identification:_identify(Library/Artifacts/90) by extension 'ignore_ament_install'
[6.779s] Level 1:colcon.colcon_core.package_identification:_identify(Library/Artifacts/90) by extensions ['colcon_pkg']
[6.779s] Level 1:colcon.colcon_core.package_identification:_identify(Library/Artifacts/90) by extension 'colcon_pkg'
[6.782s] Level 1:colcon.colcon_core.package_identification:_identify(Library/Artifacts/90) by extensions ['colcon_meta']
[6.782s] Level 1:colcon.colcon_core.package_identification:_identify(Library/Artifacts/90) by extension 'colcon_meta'
[6.786s] Level 1:colcon.colcon_core.package_identification:_identify(Library/Artifacts/90) by extensions ['ros']
[6.787s] Level 1:colcon.colcon_core.package_identification:_identify(Library/Artifacts/90) by extension 'ros'
[6.796s] Level 1:colcon.colcon_core.package_identification:_identify(Library/Artifacts/90) by extensions ['cmake', 'python']
[6.797s] Level 1:colcon.colcon_core.package_identification:_identify(Library/Artifacts/90) by extension 'cmake'
[6.799s] Level 1:colcon.colcon_core.package_identification:_identify(Library/Artifacts/90) by extension 'python'
[6.802s] Level 1:colcon.colcon_core.package_identification:_identify(Library/Artifacts/90) by extensions ['python_setup_py']
[6.802s] Level 1:colcon.colcon_core.package_identification:_identify(Library/Artifacts/90) by extension 'python_setup_py'
[6.813s] Level 1:colcon.colcon_core.package_identification:_identify(Library/Artifacts/91) by extensions ['ignore', 'ignore_ament_install']
[6.813s] Level 1:colcon.colcon_core.package_identification:_identify(Library/Artifacts/91) by extension 'ignore'
[6.816s] Level 1:colcon.colcon_core.package_identification:_identify(Library/Artifacts/91) by extension 'ignore_ament_install'
[6.821s] Level 1:colcon.colcon_core.package_identification:_identify(Library/Artifacts/91) by extensions ['colcon_pkg']
[6.821s] Level 1:colcon.colcon_core.package_identification:_identify(Library/Artifacts/91) by extension 'colcon_pkg'
[6.824s] Level 1:colcon.colcon_core.package_identification:_identify(Library/Artifacts/91) by extensions ['colcon_meta']
[6.824s] Level 1:colcon.colcon_core.package_identification:_identify(Library/Artifacts/91) by extension 'colcon_meta'
[6.828s] Level 1:colcon.colcon_core.package_identification:_identify(Library/Artifacts/91) by extensions ['ros']
[6.828s] Level 1:colcon.colcon_core.package_identification:_identify(Library/Artifacts/91) by extension 'ros'
[6.836s] Level 1:colcon.colcon_core.package_identification:_identify(Library/Artifacts/91) by extensions ['cmake', 'python']
[6.837s] Level 1:colcon.colcon_core.package_identification:_identify(Library/Artifacts/91) by extension 'cmake'
[6.840s] Level 1:colcon.colcon_core.package_identification:_identify(Library/Artifacts/91) by extension 'python'
[6.842s] Level 1:colcon.colcon_core.package_identification:_identify(Library/Artifacts/91) by extensions ['python_setup_py']
[6.843s] Level 1:colcon.colcon_core.package_identification:_identify(Library/Artifacts/91) by extension 'python_setup_py'
[6.851s] Level 1:colcon.colcon_core.package_identification:_identify(Library/Artifacts/92) by extensions ['ignore', 'ignore_ament_install']
[6.852s] Level 1:colcon.colcon_core.package_identification:_identify(Library/Artifacts/92) by extension 'ignore'
[6.854s] Level 1:colcon.colcon_core.package_identification:_identify(Library/Artifacts/92) by extension 'ignore_ament_install'
[6.858s] Level 1:colcon.colcon_core.package_identification:_identify(Library/Artifacts/92) by extensions ['colcon_pkg']
[6.858s] Level 1:colcon.colcon_core.package_identification:_identify(Library/Artifacts/92) by extension 'colcon_pkg'
[6.861s] Level 1:colcon.colcon_core.package_identification:_identify(Library/Artifacts/92) by extensions ['colcon_meta']
[6.861s] Level 1:colcon.colcon_core.package_identification:_identify(Library/Artifacts/92) by extension 'colcon_meta'
[6.865s] Level 1:colcon.colcon_core.package_identification:_identify(Library/Artifacts/92) by extensions ['ros']
[6.866s] Level 1:colcon.colcon_core.package_identification:_identify(Library/Artifacts/92) by extension 'ros'
[6.875s] Level 1:colcon.colcon_core.package_identification:_identify(Library/Artifacts/92) by extensions ['cmake', 'python']
[6.875s] Level 1:colcon.colcon_core.package_identification:_identify(Library/Artifacts/92) by extension 'cmake'
[6.877s] Level 1:colcon.colcon_core.package_identification:_identify(Library/Artifacts/92) by extension 'python'
[6.879s] Level 1:colcon.colcon_core.package_identification:_identify(Library/Artifacts/92) by extensions ['python_setup_py']
[6.880s] Level 1:colcon.colcon_core.package_identification:_identify(Library/Artifacts/92) by extension 'python_setup_py'
[6.889s] Level 1:colcon.colcon_core.package_identification:_identify(Library/Artifacts/93) by extensions ['ignore', 'ignore_ament_install']
[6.890s] Level 1:colcon.colcon_core.package_identification:_identify(Library/Artifacts/93) by extension 'ignore'
[6.892s] Level 1:colcon.colcon_core.package_identification:_identify(Library/Artifacts/93) by extension 'ignore_ament_install'
[6.896s] Level 1:colcon.colcon_core.package_identification:_identify(Library/Artifacts/93) by extensions ['colcon_pkg']
[6.896s] Level 1:colcon.colcon_core.package_identification:_identify(Library/Artifacts/93) by extension 'colcon_pkg'
[6.899s] Level 1:colcon.colcon_core.package_identification:_identify(Library/Artifacts/93) by extensions ['colcon_meta']
[6.899s] Level 1:colcon.colcon_core.package_identification:_identify(Library/Artifacts/93) by extension 'colcon_meta'
[6.904s] Level 1:colcon.colcon_core.package_identification:_identify(Library/Artifacts/93) by extensions ['ros']
[6.904s] Level 1:colcon.colcon_core.package_identification:_identify(Library/Artifacts/93) by extension 'ros'
[6.913s] Level 1:colcon.colcon_core.package_identification:_identify(Library/Artifacts/93) by extensions ['cmake', 'python']
[6.914s] Level 1:colcon.colcon_core.package_identification:_identify(Library/Artifacts/93) by extension 'cmake'
[6.915s] Level 1:colcon.colcon_core.package_identification:_identify(Library/Artifacts/93) by extension 'python'
[6.917s] Level 1:colcon.colcon_core.package_identification:_identify(Library/Artifacts/93) by extensions ['python_setup_py']
[6.918s] Level 1:colcon.colcon_core.package_identification:_identify(Library/Artifacts/93) by extension 'python_setup_py'
[6.926s] Level 1:colcon.colcon_core.package_identification:_identify(Library/Artifacts/94) by extensions ['ignore', 'ignore_ament_install']
[6.927s] Level 1:colcon.colcon_core.package_identification:_identify(Library/Artifacts/94) by extension 'ignore'
[6.929s] Level 1:colcon.colcon_core.package_identification:_identify(Library/Artifacts/94) by extension 'ignore_ament_install'
[6.933s] Level 1:colcon.colcon_core.package_identification:_identify(Library/Artifacts/94) by extensions ['colcon_pkg']
[6.934s] Level 1:colcon.colcon_core.package_identification:_identify(Library/Artifacts/94) by extension 'colcon_pkg'
[6.936s] Level 1:colcon.colcon_core.package_identification:_identify(Library/Artifacts/94) by extensions ['colcon_meta']
[6.937s] Level 1:colcon.colcon_core.package_identification:_identify(Library/Artifacts/94) by extension 'colcon_meta'
[6.940s] Level 1:colcon.colcon_core.package_identification:_identify(Library/Artifacts/94) by extensions ['ros']
[6.940s] Level 1:colcon.colcon_core.package_identification:_identify(Library/Artifacts/94) by extension 'ros'
[6.948s] Level 1:colcon.colcon_core.package_identification:_identify(Library/Artifacts/94) by extensions ['cmake', 'python']
[6.948s] Level 1:colcon.colcon_core.package_identification:_identify(Library/Artifacts/94) by extension 'cmake'
[6.951s] Level 1:colcon.colcon_core.package_identification:_identify(Library/Artifacts/94) by extension 'python'
[6.953s] Level 1:colcon.colcon_core.package_identification:_identify(Library/Artifacts/94) by extensions ['python_setup_py']
[6.954s] Level 1:colcon.colcon_core.package_identification:_identify(Library/Artifacts/94) by extension 'python_setup_py'
[6.962s] Level 1:colcon.colcon_core.package_identification:_identify(Library/Artifacts/95) by extensions ['ignore', 'ignore_ament_install']
[6.963s] Level 1:colcon.colcon_core.package_identification:_identify(Library/Artifacts/95) by extension 'ignore'
[6.965s] Level 1:colcon.colcon_core.package_identification:_identify(Library/Artifacts/95) by extension 'ignore_ament_install'
[6.970s] Level 1:colcon.colcon_core.package_identification:_identify(Library/Artifacts/95) by extensions ['colcon_pkg']
[6.970s] Level 1:colcon.colcon_core.package_identification:_identify(Library/Artifacts/95) by extension 'colcon_pkg'
[6.973s] Level 1:colcon.colcon_core.package_identification:_identify(Library/Artifacts/95) by extensions ['colcon_meta']
[6.973s] Level 1:colcon.colcon_core.package_identification:_identify(Library/Artifacts/95) by extension 'colcon_meta'
[6.977s] Level 1:colcon.colcon_core.package_identification:_identify(Library/Artifacts/95) by extensions ['ros']
[6.978s] Level 1:colcon.colcon_core.package_identification:_identify(Library/Artifacts/95) by extension 'ros'
[6.989s] Level 1:colcon.colcon_core.package_identification:_identify(Library/Artifacts/95) by extensions ['cmake', 'python']
[6.990s] Level 1:colcon.colcon_core.package_identification:_identify(Library/Artifacts/95) by extension 'cmake'
[6.993s] Level 1:colcon.colcon_core.package_identification:_identify(Library/Artifacts/95) by extension 'python'
[6.995s] Level 1:colcon.colcon_core.package_identification:_identify(Library/Artifacts/95) by extensions ['python_setup_py']
[6.999s] Level 1:colcon.colcon_core.package_identification:_identify(Library/Artifacts/95) by extension 'python_setup_py'
[7.009s] Level 1:colcon.colcon_core.package_identification:_identify(Library/Artifacts/96) by extensions ['ignore', 'ignore_ament_install']
[7.010s] Level 1:colcon.colcon_core.package_identification:_identify(Library/Artifacts/96) by extension 'ignore'
[7.013s] Level 1:colcon.colcon_core.package_identification:_identify(Library/Artifacts/96) by extension 'ignore_ament_install'
[7.016s] Level 1:colcon.colcon_core.package_identification:_identify(Library/Artifacts/96) by extensions ['colcon_pkg']
[7.017s] Level 1:colcon.colcon_core.package_identification:_identify(Library/Artifacts/96) by extension 'colcon_pkg'
[7.019s] Level 1:colcon.colcon_core.package_identification:_identify(Library/Artifacts/96) by extensions ['colcon_meta']
[7.020s] Level 1:colcon.colcon_core.package_identification:_identify(Library/Artifacts/96) by extension 'colcon_meta'
[7.024s] Level 1:colcon.colcon_core.package_identification:_identify(Library/Artifacts/96) by extensions ['ros']
[7.025s] Level 1:colcon.colcon_core.package_identification:_identify(Library/Artifacts/96) by extension 'ros'
[7.033s] Level 1:colcon.colcon_core.package_identification:_identify(Library/Artifacts/96) by extensions ['cmake', 'python']
[7.034s] Level 1:colcon.colcon_core.package_identification:_identify(Library/Artifacts/96) by extension 'cmake'
[7.036s] Level 1:colcon.colcon_core.package_identification:_identify(Library/Artifacts/96) by extension 'python'
[7.037s] Level 1:colcon.colcon_core.package_identification:_identify(Library/Artifacts/96) by extensions ['python_setup_py']
[7.038s] Level 1:colcon.colcon_core.package_identification:_identify(Library/Artifacts/96) by extension 'python_setup_py'
[7.048s] Level 1:colcon.colcon_core.package_identification:_identify(Library/Artifacts/97) by extensions ['ignore', 'ignore_ament_install']
[7.048s] Level 1:colcon.colcon_core.package_identification:_identify(Library/Artifacts/97) by extension 'ignore'
[7.050s] Level 1:colcon.colcon_core.package_identification:_identify(Library/Artifacts/97) by extension 'ignore_ament_install'
[7.056s] Level 1:colcon.colcon_core.package_identification:_identify(Library/Artifacts/97) by extensions ['colcon_pkg']
[7.057s] Level 1:colcon.colcon_core.package_identification:_identify(Library/Artifacts/97) by extension 'colcon_pkg'
[7.059s] Level 1:colcon.colcon_core.package_identification:_identify(Library/Artifacts/97) by extensions ['colcon_meta']
[7.060s] Level 1:colcon.colcon_core.package_identification:_identify(Library/Artifacts/97) by extension 'colcon_meta'
[7.064s] Level 1:colcon.colcon_core.package_identification:_identify(Library/Artifacts/97) by extensions ['ros']
[7.065s] Level 1:colcon.colcon_core.package_identification:_identify(Library/Artifacts/97) by extension 'ros'
[7.075s] Level 1:colcon.colcon_core.package_identification:_identify(Library/Artifacts/97) by extensions ['cmake', 'python']
[7.077s] Level 1:colcon.colcon_core.package_identification:_identify(Library/Artifacts/97) by extension 'cmake'
[7.079s] Level 1:colcon.colcon_core.package_identification:_identify(Library/Artifacts/97) by extension 'python'
[7.082s] Level 1:colcon.colcon_core.package_identification:_identify(Library/Artifacts/97) by extensions ['python_setup_py']
[7.082s] Level 1:colcon.colcon_core.package_identification:_identify(Library/Artifacts/97) by extension 'python_setup_py'
[7.092s] Level 1:colcon.colcon_core.package_identification:_identify(Library/Artifacts/98) by extensions ['ignore', 'ignore_ament_install']
[7.093s] Level 1:colcon.colcon_core.package_identification:_identify(Library/Artifacts/98) by extension 'ignore'
[7.095s] Level 1:colcon.colcon_core.package_identification:_identify(Library/Artifacts/98) by extension 'ignore_ament_install'
[7.099s] Level 1:colcon.colcon_core.package_identification:_identify(Library/Artifacts/98) by extensions ['colcon_pkg']
[7.099s] Level 1:colcon.colcon_core.package_identification:_identify(Library/Artifacts/98) by extension 'colcon_pkg'
[7.102s] Level 1:colcon.colcon_core.package_identification:_identify(Library/Artifacts/98) by extensions ['colcon_meta']
[7.102s] Level 1:colcon.colcon_core.package_identification:_identify(Library/Artifacts/98) by extension 'colcon_meta'
[7.106s] Level 1:colcon.colcon_core.package_identification:_identify(Library/Artifacts/98) by extensions ['ros']
[7.107s] Level 1:colcon.colcon_core.package_identification:_identify(Library/Artifacts/98) by extension 'ros'
[7.115s] Level 1:colcon.colcon_core.package_identification:_identify(Library/Artifacts/98) by extensions ['cmake', 'python']
[7.115s] Level 1:colcon.colcon_core.package_identification:_identify(Library/Artifacts/98) by extension 'cmake'
[7.117s] Level 1:colcon.colcon_core.package_identification:_identify(Library/Artifacts/98) by extension 'python'
[7.119s] Level 1:colcon.colcon_core.package_identification:_identify(Library/Artifacts/98) by extensions ['python_setup_py']
[7.121s] Level 1:colcon.colcon_core.package_identification:_identify(Library/Artifacts/98) by extension 'python_setup_py'
[7.130s] Level 1:colcon.colcon_core.package_identification:_identify(Library/Artifacts/99) by extensions ['ignore', 'ignore_ament_install']
[7.130s] Level 1:colcon.colcon_core.package_identification:_identify(Library/Artifacts/99) by extension 'ignore'
[7.133s] Level 1:colcon.colcon_core.package_identification:_identify(Library/Artifacts/99) by extension 'ignore_ament_install'
[7.137s] Level 1:colcon.colcon_core.package_identification:_identify(Library/Artifacts/99) by extensions ['colcon_pkg']
[7.137s] Level 1:colcon.colcon_core.package_identification:_identify(Library/Artifacts/99) by extension 'colcon_pkg'
[7.140s] Level 1:colcon.colcon_core.package_identification:_identify(Library/Artifacts/99) by extensions ['colcon_meta']
[7.141s] Level 1:colcon.colcon_core.package_identification:_identify(Library/Artifacts/99) by extension 'colcon_meta'
[7.143s] Level 1:colcon.colcon_core.package_identification:_identify(Library/Artifacts/99) by extensions ['ros']
[7.144s] Level 1:colcon.colcon_core.package_identification:_identify(Library/Artifacts/99) by extension 'ros'
[7.152s] Level 1:colcon.colcon_core.package_identification:_identify(Library/Artifacts/99) by extensions ['cmake', 'python']
[7.153s] Level 1:colcon.colcon_core.package_identification:_identify(Library/Artifacts/99) by extension 'cmake'
[7.155s] Level 1:colcon.colcon_core.package_identification:_identify(Library/Artifacts/99) by extension 'python'
[7.157s] Level 1:colcon.colcon_core.package_identification:_identify(Library/Artifacts/99) by extensions ['python_setup_py']
[7.158s] Level 1:colcon.colcon_core.package_identification:_identify(Library/Artifacts/99) by extension 'python_setup_py'
[7.164s] Level 1:colcon.colcon_core.package_identification:_identify(Library/Artifacts/9a) by extensions ['ignore', 'ignore_ament_install']
[7.165s] Level 1:colcon.colcon_core.package_identification:_identify(Library/Artifacts/9a) by extension 'ignore'
[7.167s] Level 1:colcon.colcon_core.package_identification:_identify(Library/Artifacts/9a) by extension 'ignore_ament_install'
[7.171s] Level 1:colcon.colcon_core.package_identification:_identify(Library/Artifacts/9a) by extensions ['colcon_pkg']
[7.172s] Level 1:colcon.colcon_core.package_identification:_identify(Library/Artifacts/9a) by extension 'colcon_pkg'
[7.174s] Level 1:colcon.colcon_core.package_identification:_identify(Library/Artifacts/9a) by extensions ['colcon_meta']
[7.174s] Level 1:colcon.colcon_core.package_identification:_identify(Library/Artifacts/9a) by extension 'colcon_meta'
[7.179s] Level 1:colcon.colcon_core.package_identification:_identify(Library/Artifacts/9a) by extensions ['ros']
[7.179s] Level 1:colcon.colcon_core.package_identification:_identify(Library/Artifacts/9a) by extension 'ros'
[7.190s] Level 1:colcon.colcon_core.package_identification:_identify(Library/Artifacts/9a) by extensions ['cmake', 'python']
[7.191s] Level 1:colcon.colcon_core.package_identification:_identify(Library/Artifacts/9a) by extension 'cmake'
[7.194s] Level 1:colcon.colcon_core.package_identification:_identify(Library/Artifacts/9a) by extension 'python'
[7.196s] Level 1:colcon.colcon_core.package_identification:_identify(Library/Artifacts/9a) by extensions ['python_setup_py']
[7.197s] Level 1:colcon.colcon_core.package_identification:_identify(Library/Artifacts/9a) by extension 'python_setup_py'
[7.207s] Level 1:colcon.colcon_core.package_identification:_identify(Library/Artifacts/9b) by extensions ['ignore', 'ignore_ament_install']
[7.208s] Level 1:colcon.colcon_core.package_identification:_identify(Library/Artifacts/9b) by extension 'ignore'
[7.210s] Level 1:colcon.colcon_core.package_identification:_identify(Library/Artifacts/9b) by extension 'ignore_ament_install'
[7.214s] Level 1:colcon.colcon_core.package_identification:_identify(Library/Artifacts/9b) by extensions ['colcon_pkg']
[7.215s] Level 1:colcon.colcon_core.package_identification:_identify(Library/Artifacts/9b) by extension 'colcon_pkg'
[7.217s] Level 1:colcon.colcon_core.package_identification:_identify(Library/Artifacts/9b) by extensions ['colcon_meta']
[7.218s] Level 1:colcon.colcon_core.package_identification:_identify(Library/Artifacts/9b) by extension 'colcon_meta'
[7.222s] Level 1:colcon.colcon_core.package_identification:_identify(Library/Artifacts/9b) by extensions ['ros']
[7.223s] Level 1:colcon.colcon_core.package_identification:_identify(Library/Artifacts/9b) by extension 'ros'
[7.234s] Level 1:colcon.colcon_core.package_identification:_identify(Library/Artifacts/9b) by extensions ['cmake', 'python']
[7.234s] Level 1:colcon.colcon_core.package_identification:_identify(Library/Artifacts/9b) by extension 'cmake'
[7.236s] Level 1:colcon.colcon_core.package_identification:_identify(Library/Artifacts/9b) by extension 'python'
[7.238s] Level 1:colcon.colcon_core.package_identification:_identify(Library/Artifacts/9b) by extensions ['python_setup_py']
[7.239s] Level 1:colcon.colcon_core.package_identification:_identify(Library/Artifacts/9b) by extension 'python_setup_py'
[7.248s] Level 1:colcon.colcon_core.package_identification:_identify(Library/Artifacts/9c) by extensions ['ignore', 'ignore_ament_install']
[7.249s] Level 1:colcon.colcon_core.package_identification:_identify(Library/Artifacts/9c) by extension 'ignore'
[7.251s] Level 1:colcon.colcon_core.package_identification:_identify(Library/Artifacts/9c) by extension 'ignore_ament_install'
[7.255s] Level 1:colcon.colcon_core.package_identification:_identify(Library/Artifacts/9c) by extensions ['colcon_pkg']
[7.256s] Level 1:colcon.colcon_core.package_identification:_identify(Library/Artifacts/9c) by extension 'colcon_pkg'
[7.258s] Level 1:colcon.colcon_core.package_identification:_identify(Library/Artifacts/9c) by extensions ['colcon_meta']
[7.258s] Level 1:colcon.colcon_core.package_identification:_identify(Library/Artifacts/9c) by extension 'colcon_meta'
[7.262s] Level 1:colcon.colcon_core.package_identification:_identify(Library/Artifacts/9c) by extensions ['ros']
[7.262s] Level 1:colcon.colcon_core.package_identification:_identify(Library/Artifacts/9c) by extension 'ros'
[7.268s] Level 1:colcon.colcon_core.package_identification:_identify(Library/Artifacts/9c) by extensions ['cmake', 'python']
[7.269s] Level 1:colcon.colcon_core.package_identification:_identify(Library/Artifacts/9c) by extension 'cmake'
[7.271s] Level 1:colcon.colcon_core.package_identification:_identify(Library/Artifacts/9c) by extension 'python'
[7.274s] Level 1:colcon.colcon_core.package_identification:_identify(Library/Artifacts/9c) by extensions ['python_setup_py']
[7.274s] Level 1:colcon.colcon_core.package_identification:_identify(Library/Artifacts/9c) by extension 'python_setup_py'
[7.283s] Level 1:colcon.colcon_core.package_identification:_identify(Library/Artifacts/9d) by extensions ['ignore', 'ignore_ament_install']
[7.284s] Level 1:colcon.colcon_core.package_identification:_identify(Library/Artifacts/9d) by extension 'ignore'
[7.286s] Level 1:colcon.colcon_core.package_identification:_identify(Library/Artifacts/9d) by extension 'ignore_ament_install'
[7.291s] Level 1:colcon.colcon_core.package_identification:_identify(Library/Artifacts/9d) by extensions ['colcon_pkg']
[7.292s] Level 1:colcon.colcon_core.package_identification:_identify(Library/Artifacts/9d) by extension 'colcon_pkg'
[7.294s] Level 1:colcon.colcon_core.package_identification:_identify(Library/Artifacts/9d) by extensions ['colcon_meta']
[7.295s] Level 1:colcon.colcon_core.package_identification:_identify(Library/Artifacts/9d) by extension 'colcon_meta'
[7.299s] Level 1:colcon.colcon_core.package_identification:_identify(Library/Artifacts/9d) by extensions ['ros']
[7.300s] Level 1:colcon.colcon_core.package_identification:_identify(Library/Artifacts/9d) by extension 'ros'
[7.310s] Level 1:colcon.colcon_core.package_identification:_identify(Library/Artifacts/9d) by extensions ['cmake', 'python']
[7.311s] Level 1:colcon.colcon_core.package_identification:_identify(Library/Artifacts/9d) by extension 'cmake'
[7.313s] Level 1:colcon.colcon_core.package_identification:_identify(Library/Artifacts/9d) by extension 'python'
[7.316s] Level 1:colcon.colcon_core.package_identification:_identify(Library/Artifacts/9d) by extensions ['python_setup_py']
[7.317s] Level 1:colcon.colcon_core.package_identification:_identify(Library/Artifacts/9d) by extension 'python_setup_py'
[7.323s] Level 1:colcon.colcon_core.package_identification:_identify(Library/Artifacts/9e) by extensions ['ignore', 'ignore_ament_install']
[7.324s] Level 1:colcon.colcon_core.package_identification:_identify(Library/Artifacts/9e) by extension 'ignore'
[7.326s] Level 1:colcon.colcon_core.package_identification:_identify(Library/Artifacts/9e) by extension 'ignore_ament_install'
[7.330s] Level 1:colcon.colcon_core.package_identification:_identify(Library/Artifacts/9e) by extensions ['colcon_pkg']
[7.331s] Level 1:colcon.colcon_core.package_identification:_identify(Library/Artifacts/9e) by extension 'colcon_pkg'
[7.333s] Level 1:colcon.colcon_core.package_identification:_identify(Library/Artifacts/9e) by extensions ['colcon_meta']
[7.334s] Level 1:colcon.colcon_core.package_identification:_identify(Library/Artifacts/9e) by extension 'colcon_meta'
[7.338s] Level 1:colcon.colcon_core.package_identification:_identify(Library/Artifacts/9e) by extensions ['ros']
[7.339s] Level 1:colcon.colcon_core.package_identification:_identify(Library/Artifacts/9e) by extension 'ros'
[7.348s] Level 1:colcon.colcon_core.package_identification:_identify(Library/Artifacts/9e) by extensions ['cmake', 'python']
[7.349s] Level 1:colcon.colcon_core.package_identification:_identify(Library/Artifacts/9e) by extension 'cmake'
[7.351s] Level 1:colcon.colcon_core.package_identification:_identify(Library/Artifacts/9e) by extension 'python'
[7.353s] Level 1:colcon.colcon_core.package_identification:_identify(Library/Artifacts/9e) by extensions ['python_setup_py']
[7.354s] Level 1:colcon.colcon_core.package_identification:_identify(Library/Artifacts/9e) by extension 'python_setup_py'
[7.364s] Level 1:colcon.colcon_core.package_identification:_identify(Library/Artifacts/9f) by extensions ['ignore', 'ignore_ament_install']
[7.364s] Level 1:colcon.colcon_core.package_identification:_identify(Library/Artifacts/9f) by extension 'ignore'
[7.366s] Level 1:colcon.colcon_core.package_identification:_identify(Library/Artifacts/9f) by extension 'ignore_ament_install'
[7.371s] Level 1:colcon.colcon_core.package_identification:_identify(Library/Artifacts/9f) by extensions ['colcon_pkg']
[7.372s] Level 1:colcon.colcon_core.package_identification:_identify(Library/Artifacts/9f) by extension 'colcon_pkg'
[7.375s] Level 1:colcon.colcon_core.package_identification:_identify(Library/Artifacts/9f) by extensions ['colcon_meta']
[7.376s] Level 1:colcon.colcon_core.package_identification:_identify(Library/Artifacts/9f) by extension 'colcon_meta'
[7.380s] Level 1:colcon.colcon_core.package_identification:_identify(Library/Artifacts/9f) by extensions ['ros']
[7.380s] Level 1:colcon.colcon_core.package_identification:_identify(Library/Artifacts/9f) by extension 'ros'
[7.389s] Level 1:colcon.colcon_core.package_identification:_identify(Library/Artifacts/9f) by extensions ['cmake', 'python']
[7.390s] Level 1:colcon.colcon_core.package_identification:_identify(Library/Artifacts/9f) by extension 'cmake'
[7.392s] Level 1:colcon.colcon_core.package_identification:_identify(Library/Artifacts/9f) by extension 'python'
[7.394s] Level 1:colcon.colcon_core.package_identification:_identify(Library/Artifacts/9f) by extensions ['python_setup_py']
[7.395s] Level 1:colcon.colcon_core.package_identification:_identify(Library/Artifacts/9f) by extension 'python_setup_py'
[7.403s] Level 1:colcon.colcon_core.package_identification:_identify(Library/Artifacts/a0) by extensions ['ignore', 'ignore_ament_install']
[7.404s] Level 1:colcon.colcon_core.package_identification:_identify(Library/Artifacts/a0) by extension 'ignore'
[7.407s] Level 1:colcon.colcon_core.package_identification:_identify(Library/Artifacts/a0) by extension 'ignore_ament_install'
[7.411s] Level 1:colcon.colcon_core.package_identification:_identify(Library/Artifacts/a0) by extensions ['colcon_pkg']
[7.411s] Level 1:colcon.colcon_core.package_identification:_identify(Library/Artifacts/a0) by extension 'colcon_pkg'
[7.413s] Level 1:colcon.colcon_core.package_identification:_identify(Library/Artifacts/a0) by extensions ['colcon_meta']
[7.413s] Level 1:colcon.colcon_core.package_identification:_identify(Library/Artifacts/a0) by extension 'colcon_meta'
[7.417s] Level 1:colcon.colcon_core.package_identification:_identify(Library/Artifacts/a0) by extensions ['ros']
[7.418s] Level 1:colcon.colcon_core.package_identification:_identify(Library/Artifacts/a0) by extension 'ros'
[7.427s] Level 1:colcon.colcon_core.package_identification:_identify(Library/Artifacts/a0) by extensions ['cmake', 'python']
[7.427s] Level 1:colcon.colcon_core.package_identification:_identify(Library/Artifacts/a0) by extension 'cmake'
[7.430s] Level 1:colcon.colcon_core.package_identification:_identify(Library/Artifacts/a0) by extension 'python'
[7.432s] Level 1:colcon.colcon_core.package_identification:_identify(Library/Artifacts/a0) by extensions ['python_setup_py']
[7.432s] Level 1:colcon.colcon_core.package_identification:_identify(Library/Artifacts/a0) by extension 'python_setup_py'
[7.440s] Level 1:colcon.colcon_core.package_identification:_identify(Library/Artifacts/a1) by extensions ['ignore', 'ignore_ament_install']
[7.440s] Level 1:colcon.colcon_core.package_identification:_identify(Library/Artifacts/a1) by extension 'ignore'
[7.443s] Level 1:colcon.colcon_core.package_identification:_identify(Library/Artifacts/a1) by extension 'ignore_ament_install'
[7.447s] Level 1:colcon.colcon_core.package_identification:_identify(Library/Artifacts/a1) by extensions ['colcon_pkg']
[7.448s] Level 1:colcon.colcon_core.package_identification:_identify(Library/Artifacts/a1) by extension 'colcon_pkg'
[7.450s] Level 1:colcon.colcon_core.package_identification:_identify(Library/Artifacts/a1) by extensions ['colcon_meta']
[7.451s] Level 1:colcon.colcon_core.package_identification:_identify(Library/Artifacts/a1) by extension 'colcon_meta'
[7.455s] Level 1:colcon.colcon_core.package_identification:_identify(Library/Artifacts/a1) by extensions ['ros']
[7.456s] Level 1:colcon.colcon_core.package_identification:_identify(Library/Artifacts/a1) by extension 'ros'
[7.462s] Level 1:colcon.colcon_core.package_identification:_identify(Library/Artifacts/a1) by extensions ['cmake', 'python']
[7.463s] Level 1:colcon.colcon_core.package_identification:_identify(Library/Artifacts/a1) by extension 'cmake'
[7.465s] Level 1:colcon.colcon_core.package_identification:_identify(Library/Artifacts/a1) by extension 'python'
[7.467s] Level 1:colcon.colcon_core.package_identification:_identify(Library/Artifacts/a1) by extensions ['python_setup_py']
[7.468s] Level 1:colcon.colcon_core.package_identification:_identify(Library/Artifacts/a1) by extension 'python_setup_py'
[7.478s] Level 1:colcon.colcon_core.package_identification:_identify(Library/Artifacts/a2) by extensions ['ignore', 'ignore_ament_install']
[7.479s] Level 1:colcon.colcon_core.package_identification:_identify(Library/Artifacts/a2) by extension 'ignore'
[7.482s] Level 1:colcon.colcon_core.package_identification:_identify(Library/Artifacts/a2) by extension 'ignore_ament_install'
[7.487s] Level 1:colcon.colcon_core.package_identification:_identify(Library/Artifacts/a2) by extensions ['colcon_pkg']
[7.488s] Level 1:colcon.colcon_core.package_identification:_identify(Library/Artifacts/a2) by extension 'colcon_pkg'
[7.490s] Level 1:colcon.colcon_core.package_identification:_identify(Library/Artifacts/a2) by extensions ['colcon_meta']
[7.491s] Level 1:colcon.colcon_core.package_identification:_identify(Library/Artifacts/a2) by extension 'colcon_meta'
[7.495s] Level 1:colcon.colcon_core.package_identification:_identify(Library/Artifacts/a2) by extensions ['ros']
[7.496s] Level 1:colcon.colcon_core.package_identification:_identify(Library/Artifacts/a2) by extension 'ros'
[7.504s] Level 1:colcon.colcon_core.package_identification:_identify(Library/Artifacts/a2) by extensions ['cmake', 'python']
[7.505s] Level 1:colcon.colcon_core.package_identification:_identify(Library/Artifacts/a2) by extension 'cmake'
[7.507s] Level 1:colcon.colcon_core.package_identification:_identify(Library/Artifacts/a2) by extension 'python'
[7.510s] Level 1:colcon.colcon_core.package_identification:_identify(Library/Artifacts/a2) by extensions ['python_setup_py']
[7.511s] Level 1:colcon.colcon_core.package_identification:_identify(Library/Artifacts/a2) by extension 'python_setup_py'
[7.519s] Level 1:colcon.colcon_core.package_identification:_identify(Library/Artifacts/a3) by extensions ['ignore', 'ignore_ament_install']
[7.519s] Level 1:colcon.colcon_core.package_identification:_identify(Library/Artifacts/a3) by extension 'ignore'
[7.523s] Level 1:colcon.colcon_core.package_identification:_identify(Library/Artifacts/a3) by extension 'ignore_ament_install'
[7.526s] Level 1:colcon.colcon_core.package_identification:_identify(Library/Artifacts/a3) by extensions ['colcon_pkg']
[7.527s] Level 1:colcon.colcon_core.package_identification:_identify(Library/Artifacts/a3) by extension 'colcon_pkg'
[7.529s] Level 1:colcon.colcon_core.package_identification:_identify(Library/Artifacts/a3) by extensions ['colcon_meta']
[7.530s] Level 1:colcon.colcon_core.package_identification:_identify(Library/Artifacts/a3) by extension 'colcon_meta'
[7.534s] Level 1:colcon.colcon_core.package_identification:_identify(Library/Artifacts/a3) by extensions ['ros']
[7.535s] Level 1:colcon.colcon_core.package_identification:_identify(Library/Artifacts/a3) by extension 'ros'
[7.543s] Level 1:colcon.colcon_core.package_identification:_identify(Library/Artifacts/a3) by extensions ['cmake', 'python']
[7.543s] Level 1:colcon.colcon_core.package_identification:_identify(Library/Artifacts/a3) by extension 'cmake'
[7.546s] Level 1:colcon.colcon_core.package_identification:_identify(Library/Artifacts/a3) by extension 'python'
[7.547s] Level 1:colcon.colcon_core.package_identification:_identify(Library/Artifacts/a3) by extensions ['python_setup_py']
[7.548s] Level 1:colcon.colcon_core.package_identification:_identify(Library/Artifacts/a3) by extension 'python_setup_py'
[7.555s] Level 1:colcon.colcon_core.package_identification:_identify(Library/Artifacts/a4) by extensions ['ignore', 'ignore_ament_install']
[7.556s] Level 1:colcon.colcon_core.package_identification:_identify(Library/Artifacts/a4) by extension 'ignore'
[7.558s] Level 1:colcon.colcon_core.package_identification:_identify(Library/Artifacts/a4) by extension 'ignore_ament_install'
[7.561s] Level 1:colcon.colcon_core.package_identification:_identify(Library/Artifacts/a4) by extensions ['colcon_pkg']
[7.562s] Level 1:colcon.colcon_core.package_identification:_identify(Library/Artifacts/a4) by extension 'colcon_pkg'
[7.564s] Level 1:colcon.colcon_core.package_identification:_identify(Library/Artifacts/a4) by extensions ['colcon_meta']
[7.565s] Level 1:colcon.colcon_core.package_identification:_identify(Library/Artifacts/a4) by extension 'colcon_meta'
[7.569s] Level 1:colcon.colcon_core.package_identification:_identify(Library/Artifacts/a4) by extensions ['ros']
[7.569s] Level 1:colcon.colcon_core.package_identification:_identify(Library/Artifacts/a4) by extension 'ros'
[7.576s] Level 1:colcon.colcon_core.package_identification:_identify(Library/Artifacts/a4) by extensions ['cmake', 'python']
[7.577s] Level 1:colcon.colcon_core.package_identification:_identify(Library/Artifacts/a4) by extension 'cmake'
[7.579s] Level 1:colcon.colcon_core.package_identification:_identify(Library/Artifacts/a4) by extension 'python'
[7.581s] Level 1:colcon.colcon_core.package_identification:_identify(Library/Artifacts/a4) by extensions ['python_setup_py']
[7.582s] Level 1:colcon.colcon_core.package_identification:_identify(Library/Artifacts/a4) by extension 'python_setup_py'
[7.589s] Level 1:colcon.colcon_core.package_identification:_identify(Library/Artifacts/a5) by extensions ['ignore', 'ignore_ament_install']
[7.590s] Level 1:colcon.colcon_core.package_identification:_identify(Library/Artifacts/a5) by extension 'ignore'
[7.591s] Level 1:colcon.colcon_core.package_identification:_identify(Library/Artifacts/a5) by extension 'ignore_ament_install'
[7.594s] Level 1:colcon.colcon_core.package_identification:_identify(Library/Artifacts/a5) by extensions ['colcon_pkg']
[7.595s] Level 1:colcon.colcon_core.package_identification:_identify(Library/Artifacts/a5) by extension 'colcon_pkg'
[7.597s] Level 1:colcon.colcon_core.package_identification:_identify(Library/Artifacts/a5) by extensions ['colcon_meta']
[7.598s] Level 1:colcon.colcon_core.package_identification:_identify(Library/Artifacts/a5) by extension 'colcon_meta'
[7.602s] Level 1:colcon.colcon_core.package_identification:_identify(Library/Artifacts/a5) by extensions ['ros']
[7.602s] Level 1:colcon.colcon_core.package_identification:_identify(Library/Artifacts/a5) by extension 'ros'
[7.609s] Level 1:colcon.colcon_core.package_identification:_identify(Library/Artifacts/a5) by extensions ['cmake', 'python']
[7.610s] Level 1:colcon.colcon_core.package_identification:_identify(Library/Artifacts/a5) by extension 'cmake'
[7.612s] Level 1:colcon.colcon_core.package_identification:_identify(Library/Artifacts/a5) by extension 'python'
[7.614s] Level 1:colcon.colcon_core.package_identification:_identify(Library/Artifacts/a5) by extensions ['python_setup_py']
[7.615s] Level 1:colcon.colcon_core.package_identification:_identify(Library/Artifacts/a5) by extension 'python_setup_py'
[7.622s] Level 1:colcon.colcon_core.package_identification:_identify(Library/Artifacts/a6) by extensions ['ignore', 'ignore_ament_install']
[7.622s] Level 1:colcon.colcon_core.package_identification:_identify(Library/Artifacts/a6) by extension 'ignore'
[7.625s] Level 1:colcon.colcon_core.package_identification:_identify(Library/Artifacts/a6) by extension 'ignore_ament_install'
[7.628s] Level 1:colcon.colcon_core.package_identification:_identify(Library/Artifacts/a6) by extensions ['colcon_pkg']
[7.628s] Level 1:colcon.colcon_core.package_identification:_identify(Library/Artifacts/a6) by extension 'colcon_pkg'
[7.630s] Level 1:colcon.colcon_core.package_identification:_identify(Library/Artifacts/a6) by extensions ['colcon_meta']
[7.631s] Level 1:colcon.colcon_core.package_identification:_identify(Library/Artifacts/a6) by extension 'colcon_meta'
[7.634s] Level 1:colcon.colcon_core.package_identification:_identify(Library/Artifacts/a6) by extensions ['ros']
[7.635s] Level 1:colcon.colcon_core.package_identification:_identify(Library/Artifacts/a6) by extension 'ros'
[7.642s] Level 1:colcon.colcon_core.package_identification:_identify(Library/Artifacts/a6) by extensions ['cmake', 'python']
[7.643s] Level 1:colcon.colcon_core.package_identification:_identify(Library/Artifacts/a6) by extension 'cmake'
[7.645s] Level 1:colcon.colcon_core.package_identification:_identify(Library/Artifacts/a6) by extension 'python'
[7.647s] Level 1:colcon.colcon_core.package_identification:_identify(Library/Artifacts/a6) by extensions ['python_setup_py']
[7.647s] Level 1:colcon.colcon_core.package_identification:_identify(Library/Artifacts/a6) by extension 'python_setup_py'
[7.656s] Level 1:colcon.colcon_core.package_identification:_identify(Library/Artifacts/a7) by extensions ['ignore', 'ignore_ament_install']
[7.656s] Level 1:colcon.colcon_core.package_identification:_identify(Library/Artifacts/a7) by extension 'ignore'
[7.658s] Level 1:colcon.colcon_core.package_identification:_identify(Library/Artifacts/a7) by extension 'ignore_ament_install'
[7.662s] Level 1:colcon.colcon_core.package_identification:_identify(Library/Artifacts/a7) by extensions ['colcon_pkg']
[7.663s] Level 1:colcon.colcon_core.package_identification:_identify(Library/Artifacts/a7) by extension 'colcon_pkg'
[7.665s] Level 1:colcon.colcon_core.package_identification:_identify(Library/Artifacts/a7) by extensions ['colcon_meta']
[7.665s] Level 1:colcon.colcon_core.package_identification:_identify(Library/Artifacts/a7) by extension 'colcon_meta'
[7.669s] Level 1:colcon.colcon_core.package_identification:_identify(Library/Artifacts/a7) by extensions ['ros']
[7.670s] Level 1:colcon.colcon_core.package_identification:_identify(Library/Artifacts/a7) by extension 'ros'
[7.678s] Level 1:colcon.colcon_core.package_identification:_identify(Library/Artifacts/a7) by extensions ['cmake', 'python']
[7.679s] Level 1:colcon.colcon_core.package_identification:_identify(Library/Artifacts/a7) by extension 'cmake'
[7.681s] Level 1:colcon.colcon_core.package_identification:_identify(Library/Artifacts/a7) by extension 'python'
[7.684s] Level 1:colcon.colcon_core.package_identification:_identify(Library/Artifacts/a7) by extensions ['python_setup_py']
[7.685s] Level 1:colcon.colcon_core.package_identification:_identify(Library/Artifacts/a7) by extension 'python_setup_py'
[7.696s] Level 1:colcon.colcon_core.package_identification:_identify(Library/Artifacts/a8) by extensions ['ignore', 'ignore_ament_install']
[7.697s] Level 1:colcon.colcon_core.package_identification:_identify(Library/Artifacts/a8) by extension 'ignore'
[7.700s] Level 1:colcon.colcon_core.package_identification:_identify(Library/Artifacts/a8) by extension 'ignore_ament_install'
[7.704s] Level 1:colcon.colcon_core.package_identification:_identify(Library/Artifacts/a8) by extensions ['colcon_pkg']
[7.705s] Level 1:colcon.colcon_core.package_identification:_identify(Library/Artifacts/a8) by extension 'colcon_pkg'
[7.707s] Level 1:colcon.colcon_core.package_identification:_identify(Library/Artifacts/a8) by extensions ['colcon_meta']
[7.707s] Level 1:colcon.colcon_core.package_identification:_identify(Library/Artifacts/a8) by extension 'colcon_meta'
[7.712s] Level 1:colcon.colcon_core.package_identification:_identify(Library/Artifacts/a8) by extensions ['ros']
[7.712s] Level 1:colcon.colcon_core.package_identification:_identify(Library/Artifacts/a8) by extension 'ros'
[7.720s] Level 1:colcon.colcon_core.package_identification:_identify(Library/Artifacts/a8) by extensions ['cmake', 'python']
[7.721s] Level 1:colcon.colcon_core.package_identification:_identify(Library/Artifacts/a8) by extension 'cmake'
[7.724s] Level 1:colcon.colcon_core.package_identification:_identify(Library/Artifacts/a8) by extension 'python'
[7.726s] Level 1:colcon.colcon_core.package_identification:_identify(Library/Artifacts/a8) by extensions ['python_setup_py']
[7.727s] Level 1:colcon.colcon_core.package_identification:_identify(Library/Artifacts/a8) by extension 'python_setup_py'
[7.737s] Level 1:colcon.colcon_core.package_identification:_identify(Library/Artifacts/a9) by extensions ['ignore', 'ignore_ament_install']
[7.738s] Level 1:colcon.colcon_core.package_identification:_identify(Library/Artifacts/a9) by extension 'ignore'
[7.741s] Level 1:colcon.colcon_core.package_identification:_identify(Library/Artifacts/a9) by extension 'ignore_ament_install'
[7.745s] Level 1:colcon.colcon_core.package_identification:_identify(Library/Artifacts/a9) by extensions ['colcon_pkg']
[7.746s] Level 1:colcon.colcon_core.package_identification:_identify(Library/Artifacts/a9) by extension 'colcon_pkg'
[7.747s] Level 1:colcon.colcon_core.package_identification:_identify(Library/Artifacts/a9) by extensions ['colcon_meta']
[7.748s] Level 1:colcon.colcon_core.package_identification:_identify(Library/Artifacts/a9) by extension 'colcon_meta'
[7.752s] Level 1:colcon.colcon_core.package_identification:_identify(Library/Artifacts/a9) by extensions ['ros']
[7.753s] Level 1:colcon.colcon_core.package_identification:_identify(Library/Artifacts/a9) by extension 'ros'
[7.761s] Level 1:colcon.colcon_core.package_identification:_identify(Library/Artifacts/a9) by extensions ['cmake', 'python']
[7.762s] Level 1:colcon.colcon_core.package_identification:_identify(Library/Artifacts/a9) by extension 'cmake'
[7.764s] Level 1:colcon.colcon_core.package_identification:_identify(Library/Artifacts/a9) by extension 'python'
[7.766s] Level 1:colcon.colcon_core.package_identification:_identify(Library/Artifacts/a9) by extensions ['python_setup_py']
[7.766s] Level 1:colcon.colcon_core.package_identification:_identify(Library/Artifacts/a9) by extension 'python_setup_py'
[7.776s] Level 1:colcon.colcon_core.package_identification:_identify(Library/Artifacts/aa) by extensions ['ignore', 'ignore_ament_install']
[7.777s] Level 1:colcon.colcon_core.package_identification:_identify(Library/Artifacts/aa) by extension 'ignore'
[7.780s] Level 1:colcon.colcon_core.package_identification:_identify(Library/Artifacts/aa) by extension 'ignore_ament_install'
[7.784s] Level 1:colcon.colcon_core.package_identification:_identify(Library/Artifacts/aa) by extensions ['colcon_pkg']
[7.784s] Level 1:colcon.colcon_core.package_identification:_identify(Library/Artifacts/aa) by extension 'colcon_pkg'
[7.786s] Level 1:colcon.colcon_core.package_identification:_identify(Library/Artifacts/aa) by extensions ['colcon_meta']
[7.787s] Level 1:colcon.colcon_core.package_identification:_identify(Library/Artifacts/aa) by extension 'colcon_meta'
[7.790s] Level 1:colcon.colcon_core.package_identification:_identify(Library/Artifacts/aa) by extensions ['ros']
[7.790s] Level 1:colcon.colcon_core.package_identification:_identify(Library/Artifacts/aa) by extension 'ros'
[7.799s] Level 1:colcon.colcon_core.package_identification:_identify(Library/Artifacts/aa) by extensions ['cmake', 'python']
[7.799s] Level 1:colcon.colcon_core.package_identification:_identify(Library/Artifacts/aa) by extension 'cmake'
[7.801s] Level 1:colcon.colcon_core.package_identification:_identify(Library/Artifacts/aa) by extension 'python'
[7.803s] Level 1:colcon.colcon_core.package_identification:_identify(Library/Artifacts/aa) by extensions ['python_setup_py']
[7.804s] Level 1:colcon.colcon_core.package_identification:_identify(Library/Artifacts/aa) by extension 'python_setup_py'
[7.811s] Level 1:colcon.colcon_core.package_identification:_identify(Library/Artifacts/ab) by extensions ['ignore', 'ignore_ament_install']
[7.812s] Level 1:colcon.colcon_core.package_identification:_identify(Library/Artifacts/ab) by extension 'ignore'
[7.815s] Level 1:colcon.colcon_core.package_identification:_identify(Library/Artifacts/ab) by extension 'ignore_ament_install'
[7.818s] Level 1:colcon.colcon_core.package_identification:_identify(Library/Artifacts/ab) by extensions ['colcon_pkg']
[7.819s] Level 1:colcon.colcon_core.package_identification:_identify(Library/Artifacts/ab) by extension 'colcon_pkg'
[7.821s] Level 1:colcon.colcon_core.package_identification:_identify(Library/Artifacts/ab) by extensions ['colcon_meta']
[7.822s] Level 1:colcon.colcon_core.package_identification:_identify(Library/Artifacts/ab) by extension 'colcon_meta'
[7.825s] Level 1:colcon.colcon_core.package_identification:_identify(Library/Artifacts/ab) by extensions ['ros']
[7.826s] Level 1:colcon.colcon_core.package_identification:_identify(Library/Artifacts/ab) by extension 'ros'
[7.834s] Level 1:colcon.colcon_core.package_identification:_identify(Library/Artifacts/ab) by extensions ['cmake', 'python']
[7.835s] Level 1:colcon.colcon_core.package_identification:_identify(Library/Artifacts/ab) by extension 'cmake'
[7.837s] Level 1:colcon.colcon_core.package_identification:_identify(Library/Artifacts/ab) by extension 'python'
[7.840s] Level 1:colcon.colcon_core.package_identification:_identify(Library/Artifacts/ab) by extensions ['python_setup_py']
[7.841s] Level 1:colcon.colcon_core.package_identification:_identify(Library/Artifacts/ab) by extension 'python_setup_py'
[7.850s] Level 1:colcon.colcon_core.package_identification:_identify(Library/Artifacts/ac) by extensions ['ignore', 'ignore_ament_install']
[7.851s] Level 1:colcon.colcon_core.package_identification:_identify(Library/Artifacts/ac) by extension 'ignore'
[7.853s] Level 1:colcon.colcon_core.package_identification:_identify(Library/Artifacts/ac) by extension 'ignore_ament_install'
[7.856s] Level 1:colcon.colcon_core.package_identification:_identify(Library/Artifacts/ac) by extensions ['colcon_pkg']
[7.857s] Level 1:colcon.colcon_core.package_identification:_identify(Library/Artifacts/ac) by extension 'colcon_pkg'
[7.860s] Level 1:colcon.colcon_core.package_identification:_identify(Library/Artifacts/ac) by extensions ['colcon_meta']
[7.860s] Level 1:colcon.colcon_core.package_identification:_identify(Library/Artifacts/ac) by extension 'colcon_meta'
[7.864s] Level 1:colcon.colcon_core.package_identification:_identify(Library/Artifacts/ac) by extensions ['ros']
[7.864s] Level 1:colcon.colcon_core.package_identification:_identify(Library/Artifacts/ac) by extension 'ros'
[7.873s] Level 1:colcon.colcon_core.package_identification:_identify(Library/Artifacts/ac) by extensions ['cmake', 'python']
[7.874s] Level 1:colcon.colcon_core.package_identification:_identify(Library/Artifacts/ac) by extension 'cmake'
[7.877s] Level 1:colcon.colcon_core.package_identification:_identify(Library/Artifacts/ac) by extension 'python'
[7.879s] Level 1:colcon.colcon_core.package_identification:_identify(Library/Artifacts/ac) by extensions ['python_setup_py']
[7.880s] Level 1:colcon.colcon_core.package_identification:_identify(Library/Artifacts/ac) by extension 'python_setup_py'
[7.888s] Level 1:colcon.colcon_core.package_identification:_identify(Library/Artifacts/ad) by extensions ['ignore', 'ignore_ament_install']
[7.888s] Level 1:colcon.colcon_core.package_identification:_identify(Library/Artifacts/ad) by extension 'ignore'
[7.891s] Level 1:colcon.colcon_core.package_identification:_identify(Library/Artifacts/ad) by extension 'ignore_ament_install'
[7.895s] Level 1:colcon.colcon_core.package_identification:_identify(Library/Artifacts/ad) by extensions ['colcon_pkg']
[7.896s] Level 1:colcon.colcon_core.package_identification:_identify(Library/Artifacts/ad) by extension 'colcon_pkg'
[7.898s] Level 1:colcon.colcon_core.package_identification:_identify(Library/Artifacts/ad) by extensions ['colcon_meta']
[7.899s] Level 1:colcon.colcon_core.package_identification:_identify(Library/Artifacts/ad) by extension 'colcon_meta'
[7.902s] Level 1:colcon.colcon_core.package_identification:_identify(Library/Artifacts/ad) by extensions ['ros']
[7.903s] Level 1:colcon.colcon_core.package_identification:_identify(Library/Artifacts/ad) by extension 'ros'
[7.911s] Level 1:colcon.colcon_core.package_identification:_identify(Library/Artifacts/ad) by extensions ['cmake', 'python']
[7.912s] Level 1:colcon.colcon_core.package_identification:_identify(Library/Artifacts/ad) by extension 'cmake'
[7.915s] Level 1:colcon.colcon_core.package_identification:_identify(Library/Artifacts/ad) by extension 'python'
[7.917s] Level 1:colcon.colcon_core.package_identification:_identify(Library/Artifacts/ad) by extensions ['python_setup_py']
[7.918s] Level 1:colcon.colcon_core.package_identification:_identify(Library/Artifacts/ad) by extension 'python_setup_py'
[7.927s] Level 1:colcon.colcon_core.package_identification:_identify(Library/Artifacts/ae) by extensions ['ignore', 'ignore_ament_install']
[7.928s] Level 1:colcon.colcon_core.package_identification:_identify(Library/Artifacts/ae) by extension 'ignore'
[7.930s] Level 1:colcon.colcon_core.package_identification:_identify(Library/Artifacts/ae) by extension 'ignore_ament_install'
[7.934s] Level 1:colcon.colcon_core.package_identification:_identify(Library/Artifacts/ae) by extensions ['colcon_pkg']
[7.934s] Level 1:colcon.colcon_core.package_identification:_identify(Library/Artifacts/ae) by extension 'colcon_pkg'
[7.936s] Level 1:colcon.colcon_core.package_identification:_identify(Library/Artifacts/ae) by extensions ['colcon_meta']
[7.937s] Level 1:colcon.colcon_core.package_identification:_identify(Library/Artifacts/ae) by extension 'colcon_meta'
[7.940s] Level 1:colcon.colcon_core.package_identification:_identify(Library/Artifacts/ae) by extensions ['ros']
[7.941s] Level 1:colcon.colcon_core.package_identification:_identify(Library/Artifacts/ae) by extension 'ros'
[7.949s] Level 1:colcon.colcon_core.package_identification:_identify(Library/Artifacts/ae) by extensions ['cmake', 'python']
[7.950s] Level 1:colcon.colcon_core.package_identification:_identify(Library/Artifacts/ae) by extension 'cmake'
[7.953s] Level 1:colcon.colcon_core.package_identification:_identify(Library/Artifacts/ae) by extension 'python'
[7.955s] Level 1:colcon.colcon_core.package_identification:_identify(Library/Artifacts/ae) by extensions ['python_setup_py']
[7.956s] Level 1:colcon.colcon_core.package_identification:_identify(Library/Artifacts/ae) by extension 'python_setup_py'
[7.963s] Level 1:colcon.colcon_core.package_identification:_identify(Library/Artifacts/af) by extensions ['ignore', 'ignore_ament_install']
[7.964s] Level 1:colcon.colcon_core.package_identification:_identify(Library/Artifacts/af) by extension 'ignore'
[7.967s] Level 1:colcon.colcon_core.package_identification:_identify(Library/Artifacts/af) by extension 'ignore_ament_install'
[7.971s] Level 1:colcon.colcon_core.package_identification:_identify(Library/Artifacts/af) by extensions ['colcon_pkg']
[7.972s] Level 1:colcon.colcon_core.package_identification:_identify(Library/Artifacts/af) by extension 'colcon_pkg'
[7.974s] Level 1:colcon.colcon_core.package_identification:_identify(Library/Artifacts/af) by extensions ['colcon_meta']
[7.974s] Level 1:colcon.colcon_core.package_identification:_identify(Library/Artifacts/af) by extension 'colcon_meta'
[7.978s] Level 1:colcon.colcon_core.package_identification:_identify(Library/Artifacts/af) by extensions ['ros']
[7.979s] Level 1:colcon.colcon_core.package_identification:_identify(Library/Artifacts/af) by extension 'ros'
[7.989s] Level 1:colcon.colcon_core.package_identification:_identify(Library/Artifacts/af) by extensions ['cmake', 'python']
[7.990s] Level 1:colcon.colcon_core.package_identification:_identify(Library/Artifacts/af) by extension 'cmake'
[7.992s] Level 1:colcon.colcon_core.package_identification:_identify(Library/Artifacts/af) by extension 'python'
[7.994s] Level 1:colcon.colcon_core.package_identification:_identify(Library/Artifacts/af) by extensions ['python_setup_py']
[7.995s] Level 1:colcon.colcon_core.package_identification:_identify(Library/Artifacts/af) by extension 'python_setup_py'
[8.005s] Level 1:colcon.colcon_core.package_identification:_identify(Library/Artifacts/b0) by extensions ['ignore', 'ignore_ament_install']
[8.005s] Level 1:colcon.colcon_core.package_identification:_identify(Library/Artifacts/b0) by extension 'ignore'
[8.007s] Level 1:colcon.colcon_core.package_identification:_identify(Library/Artifacts/b0) by extension 'ignore_ament_install'
[8.011s] Level 1:colcon.colcon_core.package_identification:_identify(Library/Artifacts/b0) by extensions ['colcon_pkg']
[8.012s] Level 1:colcon.colcon_core.package_identification:_identify(Library/Artifacts/b0) by extension 'colcon_pkg'
[8.014s] Level 1:colcon.colcon_core.package_identification:_identify(Library/Artifacts/b0) by extensions ['colcon_meta']
[8.015s] Level 1:colcon.colcon_core.package_identification:_identify(Library/Artifacts/b0) by extension 'colcon_meta'
[8.019s] Level 1:colcon.colcon_core.package_identification:_identify(Library/Artifacts/b0) by extensions ['ros']
[8.020s] Level 1:colcon.colcon_core.package_identification:_identify(Library/Artifacts/b0) by extension 'ros'
[8.028s] Level 1:colcon.colcon_core.package_identification:_identify(Library/Artifacts/b0) by extensions ['cmake', 'python']
[8.029s] Level 1:colcon.colcon_core.package_identification:_identify(Library/Artifacts/b0) by extension 'cmake'
[8.031s] Level 1:colcon.colcon_core.package_identification:_identify(Library/Artifacts/b0) by extension 'python'
[8.034s] Level 1:colcon.colcon_core.package_identification:_identify(Library/Artifacts/b0) by extensions ['python_setup_py']
[8.034s] Level 1:colcon.colcon_core.package_identification:_identify(Library/Artifacts/b0) by extension 'python_setup_py'
[8.043s] Level 1:colcon.colcon_core.package_identification:_identify(Library/Artifacts/b1) by extensions ['ignore', 'ignore_ament_install']
[8.044s] Level 1:colcon.colcon_core.package_identification:_identify(Library/Artifacts/b1) by extension 'ignore'
[8.046s] Level 1:colcon.colcon_core.package_identification:_identify(Library/Artifacts/b1) by extension 'ignore_ament_install'
[8.050s] Level 1:colcon.colcon_core.package_identification:_identify(Library/Artifacts/b1) by extensions ['colcon_pkg']
[8.050s] Level 1:colcon.colcon_core.package_identification:_identify(Library/Artifacts/b1) by extension 'colcon_pkg'
[8.052s] Level 1:colcon.colcon_core.package_identification:_identify(Library/Artifacts/b1) by extensions ['colcon_meta']
[8.053s] Level 1:colcon.colcon_core.package_identification:_identify(Library/Artifacts/b1) by extension 'colcon_meta'
[8.056s] Level 1:colcon.colcon_core.package_identification:_identify(Library/Artifacts/b1) by extensions ['ros']
[8.057s] Level 1:colcon.colcon_core.package_identification:_identify(Library/Artifacts/b1) by extension 'ros'
[8.062s] Level 1:colcon.colcon_core.package_identification:_identify(Library/Artifacts/b1) by extensions ['cmake', 'python']
[8.063s] Level 1:colcon.colcon_core.package_identification:_identify(Library/Artifacts/b1) by extension 'cmake'
[8.066s] Level 1:colcon.colcon_core.package_identification:_identify(Library/Artifacts/b1) by extension 'python'
[8.067s] Level 1:colcon.colcon_core.package_identification:_identify(Library/Artifacts/b1) by extensions ['python_setup_py']
[8.068s] Level 1:colcon.colcon_core.package_identification:_identify(Library/Artifacts/b1) by extension 'python_setup_py'
[8.075s] Level 1:colcon.colcon_core.package_identification:_identify(Library/Artifacts/b2) by extensions ['ignore', 'ignore_ament_install']
[8.076s] Level 1:colcon.colcon_core.package_identification:_identify(Library/Artifacts/b2) by extension 'ignore'
[8.078s] Level 1:colcon.colcon_core.package_identification:_identify(Library/Artifacts/b2) by extension 'ignore_ament_install'
[8.080s] Level 1:colcon.colcon_core.package_identification:_identify(Library/Artifacts/b2) by extensions ['colcon_pkg']
[8.081s] Level 1:colcon.colcon_core.package_identification:_identify(Library/Artifacts/b2) by extension 'colcon_pkg'
[8.083s] Level 1:colcon.colcon_core.package_identification:_identify(Library/Artifacts/b2) by extensions ['colcon_meta']
[8.084s] Level 1:colcon.colcon_core.package_identification:_identify(Library/Artifacts/b2) by extension 'colcon_meta'
[8.089s] Level 1:colcon.colcon_core.package_identification:_identify(Library/Artifacts/b2) by extensions ['ros']
[8.089s] Level 1:colcon.colcon_core.package_identification:_identify(Library/Artifacts/b2) by extension 'ros'
[8.100s] Level 1:colcon.colcon_core.package_identification:_identify(Library/Artifacts/b2) by extensions ['cmake', 'python']
[8.101s] Level 1:colcon.colcon_core.package_identification:_identify(Library/Artifacts/b2) by extension 'cmake'
[8.103s] Level 1:colcon.colcon_core.package_identification:_identify(Library/Artifacts/b2) by extension 'python'
[8.106s] Level 1:colcon.colcon_core.package_identification:_identify(Library/Artifacts/b2) by extensions ['python_setup_py']
[8.106s] Level 1:colcon.colcon_core.package_identification:_identify(Library/Artifacts/b2) by extension 'python_setup_py'
[8.115s] Level 1:colcon.colcon_core.package_identification:_identify(Library/Artifacts/b3) by extensions ['ignore', 'ignore_ament_install']
[8.116s] Level 1:colcon.colcon_core.package_identification:_identify(Library/Artifacts/b3) by extension 'ignore'
[8.117s] Level 1:colcon.colcon_core.package_identification:_identify(Library/Artifacts/b3) by extension 'ignore_ament_install'
[8.121s] Level 1:colcon.colcon_core.package_identification:_identify(Library/Artifacts/b3) by extensions ['colcon_pkg']
[8.122s] Level 1:colcon.colcon_core.package_identification:_identify(Library/Artifacts/b3) by extension 'colcon_pkg'
[8.124s] Level 1:colcon.colcon_core.package_identification:_identify(Library/Artifacts/b3) by extensions ['colcon_meta']
[8.125s] Level 1:colcon.colcon_core.package_identification:_identify(Library/Artifacts/b3) by extension 'colcon_meta'
[8.129s] Level 1:colcon.colcon_core.package_identification:_identify(Library/Artifacts/b3) by extensions ['ros']
[8.130s] Level 1:colcon.colcon_core.package_identification:_identify(Library/Artifacts/b3) by extension 'ros'
[8.138s] Level 1:colcon.colcon_core.package_identification:_identify(Library/Artifacts/b3) by extensions ['cmake', 'python']
[8.139s] Level 1:colcon.colcon_core.package_identification:_identify(Library/Artifacts/b3) by extension 'cmake'
[8.142s] Level 1:colcon.colcon_core.package_identification:_identify(Library/Artifacts/b3) by extension 'python'
[8.144s] Level 1:colcon.colcon_core.package_identification:_identify(Library/Artifacts/b3) by extensions ['python_setup_py']
[8.145s] Level 1:colcon.colcon_core.package_identification:_identify(Library/Artifacts/b3) by extension 'python_setup_py'
[8.154s] Level 1:colcon.colcon_core.package_identification:_identify(Library/Artifacts/b4) by extensions ['ignore', 'ignore_ament_install']
[8.155s] Level 1:colcon.colcon_core.package_identification:_identify(Library/Artifacts/b4) by extension 'ignore'
[8.157s] Level 1:colcon.colcon_core.package_identification:_identify(Library/Artifacts/b4) by extension 'ignore_ament_install'
[8.162s] Level 1:colcon.colcon_core.package_identification:_identify(Library/Artifacts/b4) by extensions ['colcon_pkg']
[8.163s] Level 1:colcon.colcon_core.package_identification:_identify(Library/Artifacts/b4) by extension 'colcon_pkg'
[8.165s] Level 1:colcon.colcon_core.package_identification:_identify(Library/Artifacts/b4) by extensions ['colcon_meta']
[8.166s] Level 1:colcon.colcon_core.package_identification:_identify(Library/Artifacts/b4) by extension 'colcon_meta'
[8.171s] Level 1:colcon.colcon_core.package_identification:_identify(Library/Artifacts/b4) by extensions ['ros']
[8.171s] Level 1:colcon.colcon_core.package_identification:_identify(Library/Artifacts/b4) by extension 'ros'
[8.180s] Level 1:colcon.colcon_core.package_identification:_identify(Library/Artifacts/b4) by extensions ['cmake', 'python']
[8.181s] Level 1:colcon.colcon_core.package_identification:_identify(Library/Artifacts/b4) by extension 'cmake'
[8.183s] Level 1:colcon.colcon_core.package_identification:_identify(Library/Artifacts/b4) by extension 'python'
[8.186s] Level 1:colcon.colcon_core.package_identification:_identify(Library/Artifacts/b4) by extensions ['python_setup_py']
[8.187s] Level 1:colcon.colcon_core.package_identification:_identify(Library/Artifacts/b4) by extension 'python_setup_py'
[8.196s] Level 1:colcon.colcon_core.package_identification:_identify(Library/Artifacts/b5) by extensions ['ignore', 'ignore_ament_install']
[8.197s] Level 1:colcon.colcon_core.package_identification:_identify(Library/Artifacts/b5) by extension 'ignore'
[8.199s] Level 1:colcon.colcon_core.package_identification:_identify(Library/Artifacts/b5) by extension 'ignore_ament_install'
[8.203s] Level 1:colcon.colcon_core.package_identification:_identify(Library/Artifacts/b5) by extensions ['colcon_pkg']
[8.204s] Level 1:colcon.colcon_core.package_identification:_identify(Library/Artifacts/b5) by extension 'colcon_pkg'
[8.206s] Level 1:colcon.colcon_core.package_identification:_identify(Library/Artifacts/b5) by extensions ['colcon_meta']
[8.207s] Level 1:colcon.colcon_core.package_identification:_identify(Library/Artifacts/b5) by extension 'colcon_meta'
[8.211s] Level 1:colcon.colcon_core.package_identification:_identify(Library/Artifacts/b5) by extensions ['ros']
[8.212s] Level 1:colcon.colcon_core.package_identification:_identify(Library/Artifacts/b5) by extension 'ros'
[8.220s] Level 1:colcon.colcon_core.package_identification:_identify(Library/Artifacts/b5) by extensions ['cmake', 'python']
[8.221s] Level 1:colcon.colcon_core.package_identification:_identify(Library/Artifacts/b5) by extension 'cmake'
[8.224s] Level 1:colcon.colcon_core.package_identification:_identify(Library/Artifacts/b5) by extension 'python'
[8.227s] Level 1:colcon.colcon_core.package_identification:_identify(Library/Artifacts/b5) by extensions ['python_setup_py']
[8.227s] Level 1:colcon.colcon_core.package_identification:_identify(Library/Artifacts/b5) by extension 'python_setup_py'
[8.234s] Level 1:colcon.colcon_core.package_identification:_identify(Library/Artifacts/b6) by extensions ['ignore', 'ignore_ament_install']
[8.235s] Level 1:colcon.colcon_core.package_identification:_identify(Library/Artifacts/b6) by extension 'ignore'
[8.237s] Level 1:colcon.colcon_core.package_identification:_identify(Library/Artifacts/b6) by extension 'ignore_ament_install'
[8.240s] Level 1:colcon.colcon_core.package_identification:_identify(Library/Artifacts/b6) by extensions ['colcon_pkg']
[8.241s] Level 1:colcon.colcon_core.package_identification:_identify(Library/Artifacts/b6) by extension 'colcon_pkg'
[8.243s] Level 1:colcon.colcon_core.package_identification:_identify(Library/Artifacts/b6) by extensions ['colcon_meta']
[8.244s] Level 1:colcon.colcon_core.package_identification:_identify(Library/Artifacts/b6) by extension 'colcon_meta'
[8.249s] Level 1:colcon.colcon_core.package_identification:_identify(Library/Artifacts/b6) by extensions ['ros']
[8.249s] Level 1:colcon.colcon_core.package_identification:_identify(Library/Artifacts/b6) by extension 'ros'
[8.256s] Level 1:colcon.colcon_core.package_identification:_identify(Library/Artifacts/b6) by extensions ['cmake', 'python']
[8.257s] Level 1:colcon.colcon_core.package_identification:_identify(Library/Artifacts/b6) by extension 'cmake'
[8.259s] Level 1:colcon.colcon_core.package_identification:_identify(Library/Artifacts/b6) by extension 'python'
[8.262s] Level 1:colcon.colcon_core.package_identification:_identify(Library/Artifacts/b6) by extensions ['python_setup_py']
[8.262s] Level 1:colcon.colcon_core.package_identification:_identify(Library/Artifacts/b6) by extension 'python_setup_py'
[8.271s] Level 1:colcon.colcon_core.package_identification:_identify(Library/Artifacts/b7) by extensions ['ignore', 'ignore_ament_install']
[8.272s] Level 1:colcon.colcon_core.package_identification:_identify(Library/Artifacts/b7) by extension 'ignore'
[8.273s] Level 1:colcon.colcon_core.package_identification:_identify(Library/Artifacts/b7) by extension 'ignore_ament_install'
[8.278s] Level 1:colcon.colcon_core.package_identification:_identify(Library/Artifacts/b7) by extensions ['colcon_pkg']
[8.279s] Level 1:colcon.colcon_core.package_identification:_identify(Library/Artifacts/b7) by extension 'colcon_pkg'
[8.281s] Level 1:colcon.colcon_core.package_identification:_identify(Library/Artifacts/b7) by extensions ['colcon_meta']
[8.282s] Level 1:colcon.colcon_core.package_identification:_identify(Library/Artifacts/b7) by extension 'colcon_meta'
[8.285s] Level 1:colcon.colcon_core.package_identification:_identify(Library/Artifacts/b7) by extensions ['ros']
[8.286s] Level 1:colcon.colcon_core.package_identification:_identify(Library/Artifacts/b7) by extension 'ros'
[8.296s] Level 1:colcon.colcon_core.package_identification:_identify(Library/Artifacts/b7) by extensions ['cmake', 'python']
[8.297s] Level 1:colcon.colcon_core.package_identification:_identify(Library/Artifacts/b7) by extension 'cmake'
[8.300s] Level 1:colcon.colcon_core.package_identification:_identify(Library/Artifacts/b7) by extension 'python'
[8.302s] Level 1:colcon.colcon_core.package_identification:_identify(Library/Artifacts/b7) by extensions ['python_setup_py']
[8.303s] Level 1:colcon.colcon_core.package_identification:_identify(Library/Artifacts/b7) by extension 'python_setup_py'
[8.313s] Level 1:colcon.colcon_core.package_identification:_identify(Library/Artifacts/b8) by extensions ['ignore', 'ignore_ament_install']
[8.314s] Level 1:colcon.colcon_core.package_identification:_identify(Library/Artifacts/b8) by extension 'ignore'
[8.317s] Level 1:colcon.colcon_core.package_identification:_identify(Library/Artifacts/b8) by extension 'ignore_ament_install'
[8.321s] Level 1:colcon.colcon_core.package_identification:_identify(Library/Artifacts/b8) by extensions ['colcon_pkg']
[8.322s] Level 1:colcon.colcon_core.package_identification:_identify(Library/Artifacts/b8) by extension 'colcon_pkg'
[8.324s] Level 1:colcon.colcon_core.package_identification:_identify(Library/Artifacts/b8) by extensions ['colcon_meta']
[8.325s] Level 1:colcon.colcon_core.package_identification:_identify(Library/Artifacts/b8) by extension 'colcon_meta'
[8.329s] Level 1:colcon.colcon_core.package_identification:_identify(Library/Artifacts/b8) by extensions ['ros']
[8.329s] Level 1:colcon.colcon_core.package_identification:_identify(Library/Artifacts/b8) by extension 'ros'
[8.338s] Level 1:colcon.colcon_core.package_identification:_identify(Library/Artifacts/b8) by extensions ['cmake', 'python']
[8.339s] Level 1:colcon.colcon_core.package_identification:_identify(Library/Artifacts/b8) by extension 'cmake'
[8.341s] Level 1:colcon.colcon_core.package_identification:_identify(Library/Artifacts/b8) by extension 'python'
[8.343s] Level 1:colcon.colcon_core.package_identification:_identify(Library/Artifacts/b8) by extensions ['python_setup_py']
[8.344s] Level 1:colcon.colcon_core.package_identification:_identify(Library/Artifacts/b8) by extension 'python_setup_py'
[8.354s] Level 1:colcon.colcon_core.package_identification:_identify(Library/Artifacts/b9) by extensions ['ignore', 'ignore_ament_install']
[8.354s] Level 1:colcon.colcon_core.package_identification:_identify(Library/Artifacts/b9) by extension 'ignore'
[8.357s] Level 1:colcon.colcon_core.package_identification:_identify(Library/Artifacts/b9) by extension 'ignore_ament_install'
[8.359s] Level 1:colcon.colcon_core.package_identification:_identify(Library/Artifacts/b9) by extensions ['colcon_pkg']
[8.360s] Level 1:colcon.colcon_core.package_identification:_identify(Library/Artifacts/b9) by extension 'colcon_pkg'
[8.362s] Level 1:colcon.colcon_core.package_identification:_identify(Library/Artifacts/b9) by extensions ['colcon_meta']
[8.363s] Level 1:colcon.colcon_core.package_identification:_identify(Library/Artifacts/b9) by extension 'colcon_meta'
[8.368s] Level 1:colcon.colcon_core.package_identification:_identify(Library/Artifacts/b9) by extensions ['ros']
[8.368s] Level 1:colcon.colcon_core.package_identification:_identify(Library/Artifacts/b9) by extension 'ros'
[8.377s] Level 1:colcon.colcon_core.package_identification:_identify(Library/Artifacts/b9) by extensions ['cmake', 'python']
[8.378s] Level 1:colcon.colcon_core.package_identification:_identify(Library/Artifacts/b9) by extension 'cmake'
[8.380s] Level 1:colcon.colcon_core.package_identification:_identify(Library/Artifacts/b9) by extension 'python'
[8.384s] Level 1:colcon.colcon_core.package_identification:_identify(Library/Artifacts/b9) by extensions ['python_setup_py']
[8.385s] Level 1:colcon.colcon_core.package_identification:_identify(Library/Artifacts/b9) by extension 'python_setup_py'
[8.393s] Level 1:colcon.colcon_core.package_identification:_identify(Library/Artifacts/ba) by extensions ['ignore', 'ignore_ament_install']
[8.394s] Level 1:colcon.colcon_core.package_identification:_identify(Library/Artifacts/ba) by extension 'ignore'
[8.396s] Level 1:colcon.colcon_core.package_identification:_identify(Library/Artifacts/ba) by extension 'ignore_ament_install'
[8.399s] Level 1:colcon.colcon_core.package_identification:_identify(Library/Artifacts/ba) by extensions ['colcon_pkg']
[8.400s] Level 1:colcon.colcon_core.package_identification:_identify(Library/Artifacts/ba) by extension 'colcon_pkg'
[8.402s] Level 1:colcon.colcon_core.package_identification:_identify(Library/Artifacts/ba) by extensions ['colcon_meta']
[8.403s] Level 1:colcon.colcon_core.package_identification:_identify(Library/Artifacts/ba) by extension 'colcon_meta'
[8.407s] Level 1:colcon.colcon_core.package_identification:_identify(Library/Artifacts/ba) by extensions ['ros']
[8.407s] Level 1:colcon.colcon_core.package_identification:_identify(Library/Artifacts/ba) by extension 'ros'
[8.416s] Level 1:colcon.colcon_core.package_identification:_identify(Library/Artifacts/ba) by extensions ['cmake', 'python']
[8.417s] Level 1:colcon.colcon_core.package_identification:_identify(Library/Artifacts/ba) by extension 'cmake'
[8.419s] Level 1:colcon.colcon_core.package_identification:_identify(Library/Artifacts/ba) by extension 'python'
[8.422s] Level 1:colcon.colcon_core.package_identification:_identify(Library/Artifacts/ba) by extensions ['python_setup_py']
[8.422s] Level 1:colcon.colcon_core.package_identification:_identify(Library/Artifacts/ba) by extension 'python_setup_py'
[8.431s] Level 1:colcon.colcon_core.package_identification:_identify(Library/Artifacts/bb) by extensions ['ignore', 'ignore_ament_install']
[8.433s] Level 1:colcon.colcon_core.package_identification:_identify(Library/Artifacts/bb) by extension 'ignore'
[8.435s] Level 1:colcon.colcon_core.package_identification:_identify(Library/Artifacts/bb) by extension 'ignore_ament_install'
[8.439s] Level 1:colcon.colcon_core.package_identification:_identify(Library/Artifacts/bb) by extensions ['colcon_pkg']
[8.440s] Level 1:colcon.colcon_core.package_identification:_identify(Library/Artifacts/bb) by extension 'colcon_pkg'
[8.442s] Level 1:colcon.colcon_core.package_identification:_identify(Library/Artifacts/bb) by extensions ['colcon_meta']
[8.443s] Level 1:colcon.colcon_core.package_identification:_identify(Library/Artifacts/bb) by extension 'colcon_meta'
[8.447s] Level 1:colcon.colcon_core.package_identification:_identify(Library/Artifacts/bb) by extensions ['ros']
[8.448s] Level 1:colcon.colcon_core.package_identification:_identify(Library/Artifacts/bb) by extension 'ros'
[8.456s] Level 1:colcon.colcon_core.package_identification:_identify(Library/Artifacts/bb) by extensions ['cmake', 'python']
[8.457s] Level 1:colcon.colcon_core.package_identification:_identify(Library/Artifacts/bb) by extension 'cmake'
[8.460s] Level 1:colcon.colcon_core.package_identification:_identify(Library/Artifacts/bb) by extension 'python'
[8.462s] Level 1:colcon.colcon_core.package_identification:_identify(Library/Artifacts/bb) by extensions ['python_setup_py']
[8.463s] Level 1:colcon.colcon_core.package_identification:_identify(Library/Artifacts/bb) by extension 'python_setup_py'
[8.472s] Level 1:colcon.colcon_core.package_identification:_identify(Library/Artifacts/bc) by extensions ['ignore', 'ignore_ament_install']
[8.472s] Level 1:colcon.colcon_core.package_identification:_identify(Library/Artifacts/bc) by extension 'ignore'
[8.475s] Level 1:colcon.colcon_core.package_identification:_identify(Library/Artifacts/bc) by extension 'ignore_ament_install'
[8.480s] Level 1:colcon.colcon_core.package_identification:_identify(Library/Artifacts/bc) by extensions ['colcon_pkg']
[8.480s] Level 1:colcon.colcon_core.package_identification:_identify(Library/Artifacts/bc) by extension 'colcon_pkg'
[8.482s] Level 1:colcon.colcon_core.package_identification:_identify(Library/Artifacts/bc) by extensions ['colcon_meta']
[8.483s] Level 1:colcon.colcon_core.package_identification:_identify(Library/Artifacts/bc) by extension 'colcon_meta'
[8.488s] Level 1:colcon.colcon_core.package_identification:_identify(Library/Artifacts/bc) by extensions ['ros']
[8.488s] Level 1:colcon.colcon_core.package_identification:_identify(Library/Artifacts/bc) by extension 'ros'
[8.497s] Level 1:colcon.colcon_core.package_identification:_identify(Library/Artifacts/bc) by extensions ['cmake', 'python']
[8.498s] Level 1:colcon.colcon_core.package_identification:_identify(Library/Artifacts/bc) by extension 'cmake'
[8.500s] Level 1:colcon.colcon_core.package_identification:_identify(Library/Artifacts/bc) by extension 'python'
[8.503s] Level 1:colcon.colcon_core.package_identification:_identify(Library/Artifacts/bc) by extensions ['python_setup_py']
[8.503s] Level 1:colcon.colcon_core.package_identification:_identify(Library/Artifacts/bc) by extension 'python_setup_py'
[8.512s] Level 1:colcon.colcon_core.package_identification:_identify(Library/Artifacts/bd) by extensions ['ignore', 'ignore_ament_install']
[8.512s] Level 1:colcon.colcon_core.package_identification:_identify(Library/Artifacts/bd) by extension 'ignore'
[8.514s] Level 1:colcon.colcon_core.package_identification:_identify(Library/Artifacts/bd) by extension 'ignore_ament_install'
[8.518s] Level 1:colcon.colcon_core.package_identification:_identify(Library/Artifacts/bd) by extensions ['colcon_pkg']
[8.519s] Level 1:colcon.colcon_core.package_identification:_identify(Library/Artifacts/bd) by extension 'colcon_pkg'
[8.521s] Level 1:colcon.colcon_core.package_identification:_identify(Library/Artifacts/bd) by extensions ['colcon_meta']
[8.522s] Level 1:colcon.colcon_core.package_identification:_identify(Library/Artifacts/bd) by extension 'colcon_meta'
[8.526s] Level 1:colcon.colcon_core.package_identification:_identify(Library/Artifacts/bd) by extensions ['ros']
[8.526s] Level 1:colcon.colcon_core.package_identification:_identify(Library/Artifacts/bd) by extension 'ros'
[8.533s] Level 1:colcon.colcon_core.package_identification:_identify(Library/Artifacts/bd) by extensions ['cmake', 'python']
[8.534s] Level 1:colcon.colcon_core.package_identification:_identify(Library/Artifacts/bd) by extension 'cmake'
[8.536s] Level 1:colcon.colcon_core.package_identification:_identify(Library/Artifacts/bd) by extension 'python'
[8.538s] Level 1:colcon.colcon_core.package_identification:_identify(Library/Artifacts/bd) by extensions ['python_setup_py']
[8.539s] Level 1:colcon.colcon_core.package_identification:_identify(Library/Artifacts/bd) by extension 'python_setup_py'
[8.547s] Level 1:colcon.colcon_core.package_identification:_identify(Library/Artifacts/be) by extensions ['ignore', 'ignore_ament_install']
[8.548s] Level 1:colcon.colcon_core.package_identification:_identify(Library/Artifacts/be) by extension 'ignore'
[8.550s] Level 1:colcon.colcon_core.package_identification:_identify(Library/Artifacts/be) by extension 'ignore_ament_install'
[8.554s] Level 1:colcon.colcon_core.package_identification:_identify(Library/Artifacts/be) by extensions ['colcon_pkg']
[8.554s] Level 1:colcon.colcon_core.package_identification:_identify(Library/Artifacts/be) by extension 'colcon_pkg'
[8.557s] Level 1:colcon.colcon_core.package_identification:_identify(Library/Artifacts/be) by extensions ['colcon_meta']
[8.557s] Level 1:colcon.colcon_core.package_identification:_identify(Library/Artifacts/be) by extension 'colcon_meta'
[8.561s] Level 1:colcon.colcon_core.package_identification:_identify(Library/Artifacts/be) by extensions ['ros']
[8.562s] Level 1:colcon.colcon_core.package_identification:_identify(Library/Artifacts/be) by extension 'ros'
[8.570s] Level 1:colcon.colcon_core.package_identification:_identify(Library/Artifacts/be) by extensions ['cmake', 'python']
[8.571s] Level 1:colcon.colcon_core.package_identification:_identify(Library/Artifacts/be) by extension 'cmake'
[8.573s] Level 1:colcon.colcon_core.package_identification:_identify(Library/Artifacts/be) by extension 'python'
[8.575s] Level 1:colcon.colcon_core.package_identification:_identify(Library/Artifacts/be) by extensions ['python_setup_py']
[8.575s] Level 1:colcon.colcon_core.package_identification:_identify(Library/Artifacts/be) by extension 'python_setup_py'
[8.583s] Level 1:colcon.colcon_core.package_identification:_identify(Library/Artifacts/bf) by extensions ['ignore', 'ignore_ament_install']
[8.583s] Level 1:colcon.colcon_core.package_identification:_identify(Library/Artifacts/bf) by extension 'ignore'
[8.586s] Level 1:colcon.colcon_core.package_identification:_identify(Library/Artifacts/bf) by extension 'ignore_ament_install'
[8.590s] Level 1:colcon.colcon_core.package_identification:_identify(Library/Artifacts/bf) by extensions ['colcon_pkg']
[8.590s] Level 1:colcon.colcon_core.package_identification:_identify(Library/Artifacts/bf) by extension 'colcon_pkg'
[8.593s] Level 1:colcon.colcon_core.package_identification:_identify(Library/Artifacts/bf) by extensions ['colcon_meta']
[8.593s] Level 1:colcon.colcon_core.package_identification:_identify(Library/Artifacts/bf) by extension 'colcon_meta'
[8.597s] Level 1:colcon.colcon_core.package_identification:_identify(Library/Artifacts/bf) by extensions ['ros']
[8.598s] Level 1:colcon.colcon_core.package_identification:_identify(Library/Artifacts/bf) by extension 'ros'
[8.606s] Level 1:colcon.colcon_core.package_identification:_identify(Library/Artifacts/bf) by extensions ['cmake', 'python']
[8.607s] Level 1:colcon.colcon_core.package_identification:_identify(Library/Artifacts/bf) by extension 'cmake'
[8.609s] Level 1:colcon.colcon_core.package_identification:_identify(Library/Artifacts/bf) by extension 'python'
[8.614s] Level 1:colcon.colcon_core.package_identification:_identify(Library/Artifacts/bf) by extensions ['python_setup_py']
[8.614s] Level 1:colcon.colcon_core.package_identification:_identify(Library/Artifacts/bf) by extension 'python_setup_py'
[8.623s] Level 1:colcon.colcon_core.package_identification:_identify(Library/Artifacts/c0) by extensions ['ignore', 'ignore_ament_install']
[8.624s] Level 1:colcon.colcon_core.package_identification:_identify(Library/Artifacts/c0) by extension 'ignore'
[8.627s] Level 1:colcon.colcon_core.package_identification:_identify(Library/Artifacts/c0) by extension 'ignore_ament_install'
[8.630s] Level 1:colcon.colcon_core.package_identification:_identify(Library/Artifacts/c0) by extensions ['colcon_pkg']
[8.631s] Level 1:colcon.colcon_core.package_identification:_identify(Library/Artifacts/c0) by extension 'colcon_pkg'
[8.633s] Level 1:colcon.colcon_core.package_identification:_identify(Library/Artifacts/c0) by extensions ['colcon_meta']
[8.634s] Level 1:colcon.colcon_core.package_identification:_identify(Library/Artifacts/c0) by extension 'colcon_meta'
[8.638s] Level 1:colcon.colcon_core.package_identification:_identify(Library/Artifacts/c0) by extensions ['ros']
[8.638s] Level 1:colcon.colcon_core.package_identification:_identify(Library/Artifacts/c0) by extension 'ros'
[8.647s] Level 1:colcon.colcon_core.package_identification:_identify(Library/Artifacts/c0) by extensions ['cmake', 'python']
[8.647s] Level 1:colcon.colcon_core.package_identification:_identify(Library/Artifacts/c0) by extension 'cmake'
[8.650s] Level 1:colcon.colcon_core.package_identification:_identify(Library/Artifacts/c0) by extension 'python'
[8.652s] Level 1:colcon.colcon_core.package_identification:_identify(Library/Artifacts/c0) by extensions ['python_setup_py']
[8.653s] Level 1:colcon.colcon_core.package_identification:_identify(Library/Artifacts/c0) by extension 'python_setup_py'
[8.661s] Level 1:colcon.colcon_core.package_identification:_identify(Library/Artifacts/c1) by extensions ['ignore', 'ignore_ament_install']
[8.662s] Level 1:colcon.colcon_core.package_identification:_identify(Library/Artifacts/c1) by extension 'ignore'
[8.665s] Level 1:colcon.colcon_core.package_identification:_identify(Library/Artifacts/c1) by extension 'ignore_ament_install'
[8.668s] Level 1:colcon.colcon_core.package_identification:_identify(Library/Artifacts/c1) by extensions ['colcon_pkg']
[8.669s] Level 1:colcon.colcon_core.package_identification:_identify(Library/Artifacts/c1) by extension 'colcon_pkg'
[8.671s] Level 1:colcon.colcon_core.package_identification:_identify(Library/Artifacts/c1) by extensions ['colcon_meta']
[8.672s] Level 1:colcon.colcon_core.package_identification:_identify(Library/Artifacts/c1) by extension 'colcon_meta'
[8.676s] Level 1:colcon.colcon_core.package_identification:_identify(Library/Artifacts/c1) by extensions ['ros']
[8.677s] Level 1:colcon.colcon_core.package_identification:_identify(Library/Artifacts/c1) by extension 'ros'
[8.685s] Level 1:colcon.colcon_core.package_identification:_identify(Library/Artifacts/c1) by extensions ['cmake', 'python']
[8.686s] Level 1:colcon.colcon_core.package_identification:_identify(Library/Artifacts/c1) by extension 'cmake'
[8.689s] Level 1:colcon.colcon_core.package_identification:_identify(Library/Artifacts/c1) by extension 'python'
[8.691s] Level 1:colcon.colcon_core.package_identification:_identify(Library/Artifacts/c1) by extensions ['python_setup_py']
[8.692s] Level 1:colcon.colcon_core.package_identification:_identify(Library/Artifacts/c1) by extension 'python_setup_py'
[8.700s] Level 1:colcon.colcon_core.package_identification:_identify(Library/Artifacts/c2) by extensions ['ignore', 'ignore_ament_install']
[8.701s] Level 1:colcon.colcon_core.package_identification:_identify(Library/Artifacts/c2) by extension 'ignore'
[8.703s] Level 1:colcon.colcon_core.package_identification:_identify(Library/Artifacts/c2) by extension 'ignore_ament_install'
[8.707s] Level 1:colcon.colcon_core.package_identification:_identify(Library/Artifacts/c2) by extensions ['colcon_pkg']
[8.708s] Level 1:colcon.colcon_core.package_identification:_identify(Library/Artifacts/c2) by extension 'colcon_pkg'
[8.710s] Level 1:colcon.colcon_core.package_identification:_identify(Library/Artifacts/c2) by extensions ['colcon_meta']
[8.711s] Level 1:colcon.colcon_core.package_identification:_identify(Library/Artifacts/c2) by extension 'colcon_meta'
[8.715s] Level 1:colcon.colcon_core.package_identification:_identify(Library/Artifacts/c2) by extensions ['ros']
[8.716s] Level 1:colcon.colcon_core.package_identification:_identify(Library/Artifacts/c2) by extension 'ros'
[8.724s] Level 1:colcon.colcon_core.package_identification:_identify(Library/Artifacts/c2) by extensions ['cmake', 'python']
[8.725s] Level 1:colcon.colcon_core.package_identification:_identify(Library/Artifacts/c2) by extension 'cmake'
[8.727s] Level 1:colcon.colcon_core.package_identification:_identify(Library/Artifacts/c2) by extension 'python'
[8.729s] Level 1:colcon.colcon_core.package_identification:_identify(Library/Artifacts/c2) by extensions ['python_setup_py']
[8.730s] Level 1:colcon.colcon_core.package_identification:_identify(Library/Artifacts/c2) by extension 'python_setup_py'
[8.739s] Level 1:colcon.colcon_core.package_identification:_identify(Library/Artifacts/c3) by extensions ['ignore', 'ignore_ament_install']
[8.740s] Level 1:colcon.colcon_core.package_identification:_identify(Library/Artifacts/c3) by extension 'ignore'
[8.743s] Level 1:colcon.colcon_core.package_identification:_identify(Library/Artifacts/c3) by extension 'ignore_ament_install'
[8.747s] Level 1:colcon.colcon_core.package_identification:_identify(Library/Artifacts/c3) by extensions ['colcon_pkg']
[8.748s] Level 1:colcon.colcon_core.package_identification:_identify(Library/Artifacts/c3) by extension 'colcon_pkg'
[8.750s] Level 1:colcon.colcon_core.package_identification:_identify(Library/Artifacts/c3) by extensions ['colcon_meta']
[8.751s] Level 1:colcon.colcon_core.package_identification:_identify(Library/Artifacts/c3) by extension 'colcon_meta'
[8.756s] Level 1:colcon.colcon_core.package_identification:_identify(Library/Artifacts/c3) by extensions ['ros']
[8.756s] Level 1:colcon.colcon_core.package_identification:_identify(Library/Artifacts/c3) by extension 'ros'
[8.765s] Level 1:colcon.colcon_core.package_identification:_identify(Library/Artifacts/c3) by extensions ['cmake', 'python']
[8.765s] Level 1:colcon.colcon_core.package_identification:_identify(Library/Artifacts/c3) by extension 'cmake'
[8.768s] Level 1:colcon.colcon_core.package_identification:_identify(Library/Artifacts/c3) by extension 'python'
[8.770s] Level 1:colcon.colcon_core.package_identification:_identify(Library/Artifacts/c3) by extensions ['python_setup_py']
[8.771s] Level 1:colcon.colcon_core.package_identification:_identify(Library/Artifacts/c3) by extension 'python_setup_py'
[8.779s] Level 1:colcon.colcon_core.package_identification:_identify(Library/Artifacts/c4) by extensions ['ignore', 'ignore_ament_install']
[8.779s] Level 1:colcon.colcon_core.package_identification:_identify(Library/Artifacts/c4) by extension 'ignore'
[8.782s] Level 1:colcon.colcon_core.package_identification:_identify(Library/Artifacts/c4) by extension 'ignore_ament_install'
[8.786s] Level 1:colcon.colcon_core.package_identification:_identify(Library/Artifacts/c4) by extensions ['colcon_pkg']
[8.787s] Level 1:colcon.colcon_core.package_identification:_identify(Library/Artifacts/c4) by extension 'colcon_pkg'
[8.789s] Level 1:colcon.colcon_core.package_identification:_identify(Library/Artifacts/c4) by extensions ['colcon_meta']
[8.790s] Level 1:colcon.colcon_core.package_identification:_identify(Library/Artifacts/c4) by extension 'colcon_meta'
[8.794s] Level 1:colcon.colcon_core.package_identification:_identify(Library/Artifacts/c4) by extensions ['ros']
[8.794s] Level 1:colcon.colcon_core.package_identification:_identify(Library/Artifacts/c4) by extension 'ros'
[8.803s] Level 1:colcon.colcon_core.package_identification:_identify(Library/Artifacts/c4) by extensions ['cmake', 'python']
[8.804s] Level 1:colcon.colcon_core.package_identification:_identify(Library/Artifacts/c4) by extension 'cmake'
[8.806s] Level 1:colcon.colcon_core.package_identification:_identify(Library/Artifacts/c4) by extension 'python'
[8.809s] Level 1:colcon.colcon_core.package_identification:_identify(Library/Artifacts/c4) by extensions ['python_setup_py']
[8.809s] Level 1:colcon.colcon_core.package_identification:_identify(Library/Artifacts/c4) by extension 'python_setup_py'
[8.818s] Level 1:colcon.colcon_core.package_identification:_identify(Library/Artifacts/c5) by extensions ['ignore', 'ignore_ament_install']
[8.819s] Level 1:colcon.colcon_core.package_identification:_identify(Library/Artifacts/c5) by extension 'ignore'
[8.822s] Level 1:colcon.colcon_core.package_identification:_identify(Library/Artifacts/c5) by extension 'ignore_ament_install'
[8.825s] Level 1:colcon.colcon_core.package_identification:_identify(Library/Artifacts/c5) by extensions ['colcon_pkg']
[8.826s] Level 1:colcon.colcon_core.package_identification:_identify(Library/Artifacts/c5) by extension 'colcon_pkg'
[8.828s] Level 1:colcon.colcon_core.package_identification:_identify(Library/Artifacts/c5) by extensions ['colcon_meta']
[8.829s] Level 1:colcon.colcon_core.package_identification:_identify(Library/Artifacts/c5) by extension 'colcon_meta'
[8.833s] Level 1:colcon.colcon_core.package_identification:_identify(Library/Artifacts/c5) by extensions ['ros']
[8.834s] Level 1:colcon.colcon_core.package_identification:_identify(Library/Artifacts/c5) by extension 'ros'
[8.841s] Level 1:colcon.colcon_core.package_identification:_identify(Library/Artifacts/c5) by extensions ['cmake', 'python']
[8.842s] Level 1:colcon.colcon_core.package_identification:_identify(Library/Artifacts/c5) by extension 'cmake'
[8.845s] Level 1:colcon.colcon_core.package_identification:_identify(Library/Artifacts/c5) by extension 'python'
[8.847s] Level 1:colcon.colcon_core.package_identification:_identify(Library/Artifacts/c5) by extensions ['python_setup_py']
[8.848s] Level 1:colcon.colcon_core.package_identification:_identify(Library/Artifacts/c5) by extension 'python_setup_py'
[8.855s] Level 1:colcon.colcon_core.package_identification:_identify(Library/Artifacts/c6) by extensions ['ignore', 'ignore_ament_install']
[8.855s] Level 1:colcon.colcon_core.package_identification:_identify(Library/Artifacts/c6) by extension 'ignore'
[8.858s] Level 1:colcon.colcon_core.package_identification:_identify(Library/Artifacts/c6) by extension 'ignore_ament_install'
[8.862s] Level 1:colcon.colcon_core.package_identification:_identify(Library/Artifacts/c6) by extensions ['colcon_pkg']
[8.862s] Level 1:colcon.colcon_core.package_identification:_identify(Library/Artifacts/c6) by extension 'colcon_pkg'
[8.865s] Level 1:colcon.colcon_core.package_identification:_identify(Library/Artifacts/c6) by extensions ['colcon_meta']
[8.865s] Level 1:colcon.colcon_core.package_identification:_identify(Library/Artifacts/c6) by extension 'colcon_meta'
[8.868s] Level 1:colcon.colcon_core.package_identification:_identify(Library/Artifacts/c6) by extensions ['ros']
[8.868s] Level 1:colcon.colcon_core.package_identification:_identify(Library/Artifacts/c6) by extension 'ros'
[8.877s] Level 1:colcon.colcon_core.package_identification:_identify(Library/Artifacts/c6) by extensions ['cmake', 'python']
[8.878s] Level 1:colcon.colcon_core.package_identification:_identify(Library/Artifacts/c6) by extension 'cmake'
[8.880s] Level 1:colcon.colcon_core.package_identification:_identify(Library/Artifacts/c6) by extension 'python'
[8.882s] Level 1:colcon.colcon_core.package_identification:_identify(Library/Artifacts/c6) by extensions ['python_setup_py']
[8.883s] Level 1:colcon.colcon_core.package_identification:_identify(Library/Artifacts/c6) by extension 'python_setup_py'
[8.892s] Level 1:colcon.colcon_core.package_identification:_identify(Library/Artifacts/c7) by extensions ['ignore', 'ignore_ament_install']
[8.893s] Level 1:colcon.colcon_core.package_identification:_identify(Library/Artifacts/c7) by extension 'ignore'
[8.895s] Level 1:colcon.colcon_core.package_identification:_identify(Library/Artifacts/c7) by extension 'ignore_ament_install'
[8.898s] Level 1:colcon.colcon_core.package_identification:_identify(Library/Artifacts/c7) by extensions ['colcon_pkg']
[8.898s] Level 1:colcon.colcon_core.package_identification:_identify(Library/Artifacts/c7) by extension 'colcon_pkg'
[8.901s] Level 1:colcon.colcon_core.package_identification:_identify(Library/Artifacts/c7) by extensions ['colcon_meta']
[8.901s] Level 1:colcon.colcon_core.package_identification:_identify(Library/Artifacts/c7) by extension 'colcon_meta'
[8.906s] Level 1:colcon.colcon_core.package_identification:_identify(Library/Artifacts/c7) by extensions ['ros']
[8.906s] Level 1:colcon.colcon_core.package_identification:_identify(Library/Artifacts/c7) by extension 'ros'
[8.915s] Level 1:colcon.colcon_core.package_identification:_identify(Library/Artifacts/c7) by extensions ['cmake', 'python']
[8.916s] Level 1:colcon.colcon_core.package_identification:_identify(Library/Artifacts/c7) by extension 'cmake'
[8.918s] Level 1:colcon.colcon_core.package_identification:_identify(Library/Artifacts/c7) by extension 'python'
[8.920s] Level 1:colcon.colcon_core.package_identification:_identify(Library/Artifacts/c7) by extensions ['python_setup_py']
[8.921s] Level 1:colcon.colcon_core.package_identification:_identify(Library/Artifacts/c7) by extension 'python_setup_py'
[8.930s] Level 1:colcon.colcon_core.package_identification:_identify(Library/Artifacts/c8) by extensions ['ignore', 'ignore_ament_install']
[8.930s] Level 1:colcon.colcon_core.package_identification:_identify(Library/Artifacts/c8) by extension 'ignore'
[8.933s] Level 1:colcon.colcon_core.package_identification:_identify(Library/Artifacts/c8) by extension 'ignore_ament_install'
[8.936s] Level 1:colcon.colcon_core.package_identification:_identify(Library/Artifacts/c8) by extensions ['colcon_pkg']
[8.937s] Level 1:colcon.colcon_core.package_identification:_identify(Library/Artifacts/c8) by extension 'colcon_pkg'
[8.939s] Level 1:colcon.colcon_core.package_identification:_identify(Library/Artifacts/c8) by extensions ['colcon_meta']
[8.940s] Level 1:colcon.colcon_core.package_identification:_identify(Library/Artifacts/c8) by extension 'colcon_meta'
[8.944s] Level 1:colcon.colcon_core.package_identification:_identify(Library/Artifacts/c8) by extensions ['ros']
[8.945s] Level 1:colcon.colcon_core.package_identification:_identify(Library/Artifacts/c8) by extension 'ros'
[8.953s] Level 1:colcon.colcon_core.package_identification:_identify(Library/Artifacts/c8) by extensions ['cmake', 'python']
[8.955s] Level 1:colcon.colcon_core.package_identification:_identify(Library/Artifacts/c8) by extension 'cmake'
[8.957s] Level 1:colcon.colcon_core.package_identification:_identify(Library/Artifacts/c8) by extension 'python'
[8.960s] Level 1:colcon.colcon_core.package_identification:_identify(Library/Artifacts/c8) by extensions ['python_setup_py']
[8.960s] Level 1:colcon.colcon_core.package_identification:_identify(Library/Artifacts/c8) by extension 'python_setup_py'
[8.969s] Level 1:colcon.colcon_core.package_identification:_identify(Library/Artifacts/c9) by extensions ['ignore', 'ignore_ament_install']
[8.970s] Level 1:colcon.colcon_core.package_identification:_identify(Library/Artifacts/c9) by extension 'ignore'
[8.972s] Level 1:colcon.colcon_core.package_identification:_identify(Library/Artifacts/c9) by extension 'ignore_ament_install'
[8.976s] Level 1:colcon.colcon_core.package_identification:_identify(Library/Artifacts/c9) by extensions ['colcon_pkg']
[8.977s] Level 1:colcon.colcon_core.package_identification:_identify(Library/Artifacts/c9) by extension 'colcon_pkg'
[8.979s] Level 1:colcon.colcon_core.package_identification:_identify(Library/Artifacts/c9) by extensions ['colcon_meta']
[8.980s] Level 1:colcon.colcon_core.package_identification:_identify(Library/Artifacts/c9) by extension 'colcon_meta'
[8.985s] Level 1:colcon.colcon_core.package_identification:_identify(Library/Artifacts/c9) by extensions ['ros']
[8.986s] Level 1:colcon.colcon_core.package_identification:_identify(Library/Artifacts/c9) by extension 'ros'
[8.993s] Level 1:colcon.colcon_core.package_identification:_identify(Library/Artifacts/c9) by extensions ['cmake', 'python']
[8.994s] Level 1:colcon.colcon_core.package_identification:_identify(Library/Artifacts/c9) by extension 'cmake'
[8.997s] Level 1:colcon.colcon_core.package_identification:_identify(Library/Artifacts/c9) by extension 'python'
[8.999s] Level 1:colcon.colcon_core.package_identification:_identify(Library/Artifacts/c9) by extensions ['python_setup_py']
[9.000s] Level 1:colcon.colcon_core.package_identification:_identify(Library/Artifacts/c9) by extension 'python_setup_py'
[9.008s] Level 1:colcon.colcon_core.package_identification:_identify(Library/Artifacts/ca) by extensions ['ignore', 'ignore_ament_install']
[9.009s] Level 1:colcon.colcon_core.package_identification:_identify(Library/Artifacts/ca) by extension 'ignore'
[9.011s] Level 1:colcon.colcon_core.package_identification:_identify(Library/Artifacts/ca) by extension 'ignore_ament_install'
[9.015s] Level 1:colcon.colcon_core.package_identification:_identify(Library/Artifacts/ca) by extensions ['colcon_pkg']
[9.016s] Level 1:colcon.colcon_core.package_identification:_identify(Library/Artifacts/ca) by extension 'colcon_pkg'
[9.019s] Level 1:colcon.colcon_core.package_identification:_identify(Library/Artifacts/ca) by extensions ['colcon_meta']
[9.019s] Level 1:colcon.colcon_core.package_identification:_identify(Library/Artifacts/ca) by extension 'colcon_meta'
[9.023s] Level 1:colcon.colcon_core.package_identification:_identify(Library/Artifacts/ca) by extensions ['ros']
[9.023s] Level 1:colcon.colcon_core.package_identification:_identify(Library/Artifacts/ca) by extension 'ros'
[9.032s] Level 1:colcon.colcon_core.package_identification:_identify(Library/Artifacts/ca) by extensions ['cmake', 'python']
[9.032s] Level 1:colcon.colcon_core.package_identification:_identify(Library/Artifacts/ca) by extension 'cmake'
[9.034s] Level 1:colcon.colcon_core.package_identification:_identify(Library/Artifacts/ca) by extension 'python'
[9.037s] Level 1:colcon.colcon_core.package_identification:_identify(Library/Artifacts/ca) by extensions ['python_setup_py']
[9.037s] Level 1:colcon.colcon_core.package_identification:_identify(Library/Artifacts/ca) by extension 'python_setup_py'
[9.047s] Level 1:colcon.colcon_core.package_identification:_identify(Library/Artifacts/cb) by extensions ['ignore', 'ignore_ament_install']
[9.048s] Level 1:colcon.colcon_core.package_identification:_identify(Library/Artifacts/cb) by extension 'ignore'
[9.050s] Level 1:colcon.colcon_core.package_identification:_identify(Library/Artifacts/cb) by extension 'ignore_ament_install'
[9.054s] Level 1:colcon.colcon_core.package_identification:_identify(Library/Artifacts/cb) by extensions ['colcon_pkg']
[9.055s] Level 1:colcon.colcon_core.package_identification:_identify(Library/Artifacts/cb) by extension 'colcon_pkg'
[9.057s] Level 1:colcon.colcon_core.package_identification:_identify(Library/Artifacts/cb) by extensions ['colcon_meta']
[9.058s] Level 1:colcon.colcon_core.package_identification:_identify(Library/Artifacts/cb) by extension 'colcon_meta'
[9.065s] Level 1:colcon.colcon_core.package_identification:_identify(Library/Artifacts/cb) by extensions ['ros']
[9.065s] Level 1:colcon.colcon_core.package_identification:_identify(Library/Artifacts/cb) by extension 'ros'
[9.074s] Level 1:colcon.colcon_core.package_identification:_identify(Library/Artifacts/cb) by extensions ['cmake', 'python']
[9.076s] Level 1:colcon.colcon_core.package_identification:_identify(Library/Artifacts/cb) by extension 'cmake'
[9.078s] Level 1:colcon.colcon_core.package_identification:_identify(Library/Artifacts/cb) by extension 'python'
[9.081s] Level 1:colcon.colcon_core.package_identification:_identify(Library/Artifacts/cb) by extensions ['python_setup_py']
[9.081s] Level 1:colcon.colcon_core.package_identification:_identify(Library/Artifacts/cb) by extension 'python_setup_py'
[9.091s] Level 1:colcon.colcon_core.package_identification:_identify(Library/Artifacts/cc) by extensions ['ignore', 'ignore_ament_install']
[9.092s] Level 1:colcon.colcon_core.package_identification:_identify(Library/Artifacts/cc) by extension 'ignore'
[9.095s] Level 1:colcon.colcon_core.package_identification:_identify(Library/Artifacts/cc) by extension 'ignore_ament_install'
[9.099s] Level 1:colcon.colcon_core.package_identification:_identify(Library/Artifacts/cc) by extensions ['colcon_pkg']
[9.100s] Level 1:colcon.colcon_core.package_identification:_identify(Library/Artifacts/cc) by extension 'colcon_pkg'
[9.102s] Level 1:colcon.colcon_core.package_identification:_identify(Library/Artifacts/cc) by extensions ['colcon_meta']
[9.103s] Level 1:colcon.colcon_core.package_identification:_identify(Library/Artifacts/cc) by extension 'colcon_meta'
[9.107s] Level 1:colcon.colcon_core.package_identification:_identify(Library/Artifacts/cc) by extensions ['ros']
[9.108s] Level 1:colcon.colcon_core.package_identification:_identify(Library/Artifacts/cc) by extension 'ros'
[9.115s] Level 1:colcon.colcon_core.package_identification:_identify(Library/Artifacts/cc) by extensions ['cmake', 'python']
[9.116s] Level 1:colcon.colcon_core.package_identification:_identify(Library/Artifacts/cc) by extension 'cmake'
[9.119s] Level 1:colcon.colcon_core.package_identification:_identify(Library/Artifacts/cc) by extension 'python'
[9.121s] Level 1:colcon.colcon_core.package_identification:_identify(Library/Artifacts/cc) by extensions ['python_setup_py']
[9.122s] Level 1:colcon.colcon_core.package_identification:_identify(Library/Artifacts/cc) by extension 'python_setup_py'
[9.130s] Level 1:colcon.colcon_core.package_identification:_identify(Library/Artifacts/cd) by extensions ['ignore', 'ignore_ament_install']
[9.131s] Level 1:colcon.colcon_core.package_identification:_identify(Library/Artifacts/cd) by extension 'ignore'
[9.133s] Level 1:colcon.colcon_core.package_identification:_identify(Library/Artifacts/cd) by extension 'ignore_ament_install'
[9.137s] Level 1:colcon.colcon_core.package_identification:_identify(Library/Artifacts/cd) by extensions ['colcon_pkg']
[9.138s] Level 1:colcon.colcon_core.package_identification:_identify(Library/Artifacts/cd) by extension 'colcon_pkg'
[9.139s] Level 1:colcon.colcon_core.package_identification:_identify(Library/Artifacts/cd) by extensions ['colcon_meta']
[9.140s] Level 1:colcon.colcon_core.package_identification:_identify(Library/Artifacts/cd) by extension 'colcon_meta'
[9.144s] Level 1:colcon.colcon_core.package_identification:_identify(Library/Artifacts/cd) by extensions ['ros']
[9.145s] Level 1:colcon.colcon_core.package_identification:_identify(Library/Artifacts/cd) by extension 'ros'
[9.154s] Level 1:colcon.colcon_core.package_identification:_identify(Library/Artifacts/cd) by extensions ['cmake', 'python']
[9.154s] Level 1:colcon.colcon_core.package_identification:_identify(Library/Artifacts/cd) by extension 'cmake'
[9.157s] Level 1:colcon.colcon_core.package_identification:_identify(Library/Artifacts/cd) by extension 'python'
[9.159s] Level 1:colcon.colcon_core.package_identification:_identify(Library/Artifacts/cd) by extensions ['python_setup_py']
[9.159s] Level 1:colcon.colcon_core.package_identification:_identify(Library/Artifacts/cd) by extension 'python_setup_py'
[9.168s] Level 1:colcon.colcon_core.package_identification:_identify(Library/Artifacts/ce) by extensions ['ignore', 'ignore_ament_install']
[9.169s] Level 1:colcon.colcon_core.package_identification:_identify(Library/Artifacts/ce) by extension 'ignore'
[9.171s] Level 1:colcon.colcon_core.package_identification:_identify(Library/Artifacts/ce) by extension 'ignore_ament_install'
[9.175s] Level 1:colcon.colcon_core.package_identification:_identify(Library/Artifacts/ce) by extensions ['colcon_pkg']
[9.176s] Level 1:colcon.colcon_core.package_identification:_identify(Library/Artifacts/ce) by extension 'colcon_pkg'
[9.178s] Level 1:colcon.colcon_core.package_identification:_identify(Library/Artifacts/ce) by extensions ['colcon_meta']
[9.178s] Level 1:colcon.colcon_core.package_identification:_identify(Library/Artifacts/ce) by extension 'colcon_meta'
[9.182s] Level 1:colcon.colcon_core.package_identification:_identify(Library/Artifacts/ce) by extensions ['ros']
[9.183s] Level 1:colcon.colcon_core.package_identification:_identify(Library/Artifacts/ce) by extension 'ros'
[9.191s] Level 1:colcon.colcon_core.package_identification:_identify(Library/Artifacts/ce) by extensions ['cmake', 'python']
[9.191s] Level 1:colcon.colcon_core.package_identification:_identify(Library/Artifacts/ce) by extension 'cmake'
[9.194s] Level 1:colcon.colcon_core.package_identification:_identify(Library/Artifacts/ce) by extension 'python'
[9.195s] Level 1:colcon.colcon_core.package_identification:_identify(Library/Artifacts/ce) by extensions ['python_setup_py']
[9.196s] Level 1:colcon.colcon_core.package_identification:_identify(Library/Artifacts/ce) by extension 'python_setup_py'
[9.203s] Level 1:colcon.colcon_core.package_identification:_identify(Library/Artifacts/cf) by extensions ['ignore', 'ignore_ament_install']
[9.204s] Level 1:colcon.colcon_core.package_identification:_identify(Library/Artifacts/cf) by extension 'ignore'
[9.206s] Level 1:colcon.colcon_core.package_identification:_identify(Library/Artifacts/cf) by extension 'ignore_ament_install'
[9.210s] Level 1:colcon.colcon_core.package_identification:_identify(Library/Artifacts/cf) by extensions ['colcon_pkg']
[9.210s] Level 1:colcon.colcon_core.package_identification:_identify(Library/Artifacts/cf) by extension 'colcon_pkg'
[9.211s] Level 1:colcon.colcon_core.package_identification:_identify(Library/Artifacts/cf) by extensions ['colcon_meta']
[9.212s] Level 1:colcon.colcon_core.package_identification:_identify(Library/Artifacts/cf) by extension 'colcon_meta'
[9.216s] Level 1:colcon.colcon_core.package_identification:_identify(Library/Artifacts/cf) by extensions ['ros']
[9.217s] Level 1:colcon.colcon_core.package_identification:_identify(Library/Artifacts/cf) by extension 'ros'
[9.224s] Level 1:colcon.colcon_core.package_identification:_identify(Library/Artifacts/cf) by extensions ['cmake', 'python']
[9.225s] Level 1:colcon.colcon_core.package_identification:_identify(Library/Artifacts/cf) by extension 'cmake'
[9.228s] Level 1:colcon.colcon_core.package_identification:_identify(Library/Artifacts/cf) by extension 'python'
[9.230s] Level 1:colcon.colcon_core.package_identification:_identify(Library/Artifacts/cf) by extensions ['python_setup_py']
[9.231s] Level 1:colcon.colcon_core.package_identification:_identify(Library/Artifacts/cf) by extension 'python_setup_py'
[9.239s] Level 1:colcon.colcon_core.package_identification:_identify(Library/Artifacts/d0) by extensions ['ignore', 'ignore_ament_install']
[9.240s] Level 1:colcon.colcon_core.package_identification:_identify(Library/Artifacts/d0) by extension 'ignore'
[9.243s] Level 1:colcon.colcon_core.package_identification:_identify(Library/Artifacts/d0) by extension 'ignore_ament_install'
[9.247s] Level 1:colcon.colcon_core.package_identification:_identify(Library/Artifacts/d0) by extensions ['colcon_pkg']
[9.248s] Level 1:colcon.colcon_core.package_identification:_identify(Library/Artifacts/d0) by extension 'colcon_pkg'
[9.250s] Level 1:colcon.colcon_core.package_identification:_identify(Library/Artifacts/d0) by extensions ['colcon_meta']
[9.250s] Level 1:colcon.colcon_core.package_identification:_identify(Library/Artifacts/d0) by extension 'colcon_meta'
[9.256s] Level 1:colcon.colcon_core.package_identification:_identify(Library/Artifacts/d0) by extensions ['ros']
[9.256s] Level 1:colcon.colcon_core.package_identification:_identify(Library/Artifacts/d0) by extension 'ros'
[9.265s] Level 1:colcon.colcon_core.package_identification:_identify(Library/Artifacts/d0) by extensions ['cmake', 'python']
[9.266s] Level 1:colcon.colcon_core.package_identification:_identify(Library/Artifacts/d0) by extension 'cmake'
[9.268s] Level 1:colcon.colcon_core.package_identification:_identify(Library/Artifacts/d0) by extension 'python'
[9.271s] Level 1:colcon.colcon_core.package_identification:_identify(Library/Artifacts/d0) by extensions ['python_setup_py']
[9.272s] Level 1:colcon.colcon_core.package_identification:_identify(Library/Artifacts/d0) by extension 'python_setup_py'
[9.281s] Level 1:colcon.colcon_core.package_identification:_identify(Library/Artifacts/d1) by extensions ['ignore', 'ignore_ament_install']
[9.282s] Level 1:colcon.colcon_core.package_identification:_identify(Library/Artifacts/d1) by extension 'ignore'
[9.285s] Level 1:colcon.colcon_core.package_identification:_identify(Library/Artifacts/d1) by extension 'ignore_ament_install'
[9.289s] Level 1:colcon.colcon_core.package_identification:_identify(Library/Artifacts/d1) by extensions ['colcon_pkg']
[9.289s] Level 1:colcon.colcon_core.package_identification:_identify(Library/Artifacts/d1) by extension 'colcon_pkg'
[9.292s] Level 1:colcon.colcon_core.package_identification:_identify(Library/Artifacts/d1) by extensions ['colcon_meta']
[9.292s] Level 1:colcon.colcon_core.package_identification:_identify(Library/Artifacts/d1) by extension 'colcon_meta'
[9.297s] Level 1:colcon.colcon_core.package_identification:_identify(Library/Artifacts/d1) by extensions ['ros']
[9.298s] Level 1:colcon.colcon_core.package_identification:_identify(Library/Artifacts/d1) by extension 'ros'
[9.307s] Level 1:colcon.colcon_core.package_identification:_identify(Library/Artifacts/d1) by extensions ['cmake', 'python']
[9.308s] Level 1:colcon.colcon_core.package_identification:_identify(Library/Artifacts/d1) by extension 'cmake'
[9.311s] Level 1:colcon.colcon_core.package_identification:_identify(Library/Artifacts/d1) by extension 'python'
[9.313s] Level 1:colcon.colcon_core.package_identification:_identify(Library/Artifacts/d1) by extensions ['python_setup_py']
[9.314s] Level 1:colcon.colcon_core.package_identification:_identify(Library/Artifacts/d1) by extension 'python_setup_py'
[9.322s] Level 1:colcon.colcon_core.package_identification:_identify(Library/Artifacts/d2) by extensions ['ignore', 'ignore_ament_install']
[9.323s] Level 1:colcon.colcon_core.package_identification:_identify(Library/Artifacts/d2) by extension 'ignore'
[9.326s] Level 1:colcon.colcon_core.package_identification:_identify(Library/Artifacts/d2) by extension 'ignore_ament_install'
[9.330s] Level 1:colcon.colcon_core.package_identification:_identify(Library/Artifacts/d2) by extensions ['colcon_pkg']
[9.331s] Level 1:colcon.colcon_core.package_identification:_identify(Library/Artifacts/d2) by extension 'colcon_pkg'
[9.334s] Level 1:colcon.colcon_core.package_identification:_identify(Library/Artifacts/d2) by extensions ['colcon_meta']
[9.334s] Level 1:colcon.colcon_core.package_identification:_identify(Library/Artifacts/d2) by extension 'colcon_meta'
[9.338s] Level 1:colcon.colcon_core.package_identification:_identify(Library/Artifacts/d2) by extensions ['ros']
[9.339s] Level 1:colcon.colcon_core.package_identification:_identify(Library/Artifacts/d2) by extension 'ros'
[9.349s] Level 1:colcon.colcon_core.package_identification:_identify(Library/Artifacts/d2) by extensions ['cmake', 'python']
[9.350s] Level 1:colcon.colcon_core.package_identification:_identify(Library/Artifacts/d2) by extension 'cmake'
[9.352s] Level 1:colcon.colcon_core.package_identification:_identify(Library/Artifacts/d2) by extension 'python'
[9.355s] Level 1:colcon.colcon_core.package_identification:_identify(Library/Artifacts/d2) by extensions ['python_setup_py']
[9.355s] Level 1:colcon.colcon_core.package_identification:_identify(Library/Artifacts/d2) by extension 'python_setup_py'
[9.363s] Level 1:colcon.colcon_core.package_identification:_identify(Library/Artifacts/d3) by extensions ['ignore', 'ignore_ament_install']
[9.364s] Level 1:colcon.colcon_core.package_identification:_identify(Library/Artifacts/d3) by extension 'ignore'
[9.366s] Level 1:colcon.colcon_core.package_identification:_identify(Library/Artifacts/d3) by extension 'ignore_ament_install'
[9.370s] Level 1:colcon.colcon_core.package_identification:_identify(Library/Artifacts/d3) by extensions ['colcon_pkg']
[9.370s] Level 1:colcon.colcon_core.package_identification:_identify(Library/Artifacts/d3) by extension 'colcon_pkg'
[9.373s] Level 1:colcon.colcon_core.package_identification:_identify(Library/Artifacts/d3) by extensions ['colcon_meta']
[9.374s] Level 1:colcon.colcon_core.package_identification:_identify(Library/Artifacts/d3) by extension 'colcon_meta'
[9.377s] Level 1:colcon.colcon_core.package_identification:_identify(Library/Artifacts/d3) by extensions ['ros']
[9.378s] Level 1:colcon.colcon_core.package_identification:_identify(Library/Artifacts/d3) by extension 'ros'
[9.387s] Level 1:colcon.colcon_core.package_identification:_identify(Library/Artifacts/d3) by extensions ['cmake', 'python']
[9.387s] Level 1:colcon.colcon_core.package_identification:_identify(Library/Artifacts/d3) by extension 'cmake'
[9.390s] Level 1:colcon.colcon_core.package_identification:_identify(Library/Artifacts/d3) by extension 'python'
[9.391s] Level 1:colcon.colcon_core.package_identification:_identify(Library/Artifacts/d3) by extensions ['python_setup_py']
[9.392s] Level 1:colcon.colcon_core.package_identification:_identify(Library/Artifacts/d3) by extension 'python_setup_py'
[9.401s] Level 1:colcon.colcon_core.package_identification:_identify(Library/Artifacts/d4) by extensions ['ignore', 'ignore_ament_install']
[9.402s] Level 1:colcon.colcon_core.package_identification:_identify(Library/Artifacts/d4) by extension 'ignore'
[9.405s] Level 1:colcon.colcon_core.package_identification:_identify(Library/Artifacts/d4) by extension 'ignore_ament_install'
[9.408s] Level 1:colcon.colcon_core.package_identification:_identify(Library/Artifacts/d4) by extensions ['colcon_pkg']
[9.408s] Level 1:colcon.colcon_core.package_identification:_identify(Library/Artifacts/d4) by extension 'colcon_pkg'
[9.410s] Level 1:colcon.colcon_core.package_identification:_identify(Library/Artifacts/d4) by extensions ['colcon_meta']
[9.411s] Level 1:colcon.colcon_core.package_identification:_identify(Library/Artifacts/d4) by extension 'colcon_meta'
[9.415s] Level 1:colcon.colcon_core.package_identification:_identify(Library/Artifacts/d4) by extensions ['ros']
[9.416s] Level 1:colcon.colcon_core.package_identification:_identify(Library/Artifacts/d4) by extension 'ros'
[9.425s] Level 1:colcon.colcon_core.package_identification:_identify(Library/Artifacts/d4) by extensions ['cmake', 'python']
[9.426s] Level 1:colcon.colcon_core.package_identification:_identify(Library/Artifacts/d4) by extension 'cmake'
[9.427s] Level 1:colcon.colcon_core.package_identification:_identify(Library/Artifacts/d4) by extension 'python'
[9.429s] Level 1:colcon.colcon_core.package_identification:_identify(Library/Artifacts/d4) by extensions ['python_setup_py']
[9.430s] Level 1:colcon.colcon_core.package_identification:_identify(Library/Artifacts/d4) by extension 'python_setup_py'
[9.439s] Level 1:colcon.colcon_core.package_identification:_identify(Library/Artifacts/d5) by extensions ['ignore', 'ignore_ament_install']
[9.440s] Level 1:colcon.colcon_core.package_identification:_identify(Library/Artifacts/d5) by extension 'ignore'
[9.442s] Level 1:colcon.colcon_core.package_identification:_identify(Library/Artifacts/d5) by extension 'ignore_ament_install'
[9.446s] Level 1:colcon.colcon_core.package_identification:_identify(Library/Artifacts/d5) by extensions ['colcon_pkg']
[9.446s] Level 1:colcon.colcon_core.package_identification:_identify(Library/Artifacts/d5) by extension 'colcon_pkg'
[9.448s] Level 1:colcon.colcon_core.package_identification:_identify(Library/Artifacts/d5) by extensions ['colcon_meta']
[9.449s] Level 1:colcon.colcon_core.package_identification:_identify(Library/Artifacts/d5) by extension 'colcon_meta'
[9.453s] Level 1:colcon.colcon_core.package_identification:_identify(Library/Artifacts/d5) by extensions ['ros']
[9.453s] Level 1:colcon.colcon_core.package_identification:_identify(Library/Artifacts/d5) by extension 'ros'
[9.462s] Level 1:colcon.colcon_core.package_identification:_identify(Library/Artifacts/d5) by extensions ['cmake', 'python']
[9.463s] Level 1:colcon.colcon_core.package_identification:_identify(Library/Artifacts/d5) by extension 'cmake'
[9.465s] Level 1:colcon.colcon_core.package_identification:_identify(Library/Artifacts/d5) by extension 'python'
[9.467s] Level 1:colcon.colcon_core.package_identification:_identify(Library/Artifacts/d5) by extensions ['python_setup_py']
[9.468s] Level 1:colcon.colcon_core.package_identification:_identify(Library/Artifacts/d5) by extension 'python_setup_py'
[9.477s] Level 1:colcon.colcon_core.package_identification:_identify(Library/Artifacts/d6) by extensions ['ignore', 'ignore_ament_install']
[9.477s] Level 1:colcon.colcon_core.package_identification:_identify(Library/Artifacts/d6) by extension 'ignore'
[9.479s] Level 1:colcon.colcon_core.package_identification:_identify(Library/Artifacts/d6) by extension 'ignore_ament_install'
[9.482s] Level 1:colcon.colcon_core.package_identification:_identify(Library/Artifacts/d6) by extensions ['colcon_pkg']
[9.483s] Level 1:colcon.colcon_core.package_identification:_identify(Library/Artifacts/d6) by extension 'colcon_pkg'
[9.485s] Level 1:colcon.colcon_core.package_identification:_identify(Library/Artifacts/d6) by extensions ['colcon_meta']
[9.486s] Level 1:colcon.colcon_core.package_identification:_identify(Library/Artifacts/d6) by extension 'colcon_meta'
[9.491s] Level 1:colcon.colcon_core.package_identification:_identify(Library/Artifacts/d6) by extensions ['ros']
[9.492s] Level 1:colcon.colcon_core.package_identification:_identify(Library/Artifacts/d6) by extension 'ros'
[9.501s] Level 1:colcon.colcon_core.package_identification:_identify(Library/Artifacts/d6) by extensions ['cmake', 'python']
[9.505s] Level 1:colcon.colcon_core.package_identification:_identify(Library/Artifacts/d6) by extension 'cmake'
[9.507s] Level 1:colcon.colcon_core.package_identification:_identify(Library/Artifacts/d6) by extension 'python'
[9.510s] Level 1:colcon.colcon_core.package_identification:_identify(Library/Artifacts/d6) by extensions ['python_setup_py']
[9.511s] Level 1:colcon.colcon_core.package_identification:_identify(Library/Artifacts/d6) by extension 'python_setup_py'
[9.519s] Level 1:colcon.colcon_core.package_identification:_identify(Library/Artifacts/d7) by extensions ['ignore', 'ignore_ament_install']
[9.520s] Level 1:colcon.colcon_core.package_identification:_identify(Library/Artifacts/d7) by extension 'ignore'
[9.523s] Level 1:colcon.colcon_core.package_identification:_identify(Library/Artifacts/d7) by extension 'ignore_ament_install'
[9.527s] Level 1:colcon.colcon_core.package_identification:_identify(Library/Artifacts/d7) by extensions ['colcon_pkg']
[9.528s] Level 1:colcon.colcon_core.package_identification:_identify(Library/Artifacts/d7) by extension 'colcon_pkg'
[9.530s] Level 1:colcon.colcon_core.package_identification:_identify(Library/Artifacts/d7) by extensions ['colcon_meta']
[9.531s] Level 1:colcon.colcon_core.package_identification:_identify(Library/Artifacts/d7) by extension 'colcon_meta'
[9.535s] Level 1:colcon.colcon_core.package_identification:_identify(Library/Artifacts/d7) by extensions ['ros']
[9.536s] Level 1:colcon.colcon_core.package_identification:_identify(Library/Artifacts/d7) by extension 'ros'
[9.545s] Level 1:colcon.colcon_core.package_identification:_identify(Library/Artifacts/d7) by extensions ['cmake', 'python']
[9.546s] Level 1:colcon.colcon_core.package_identification:_identify(Library/Artifacts/d7) by extension 'cmake'
[9.549s] Level 1:colcon.colcon_core.package_identification:_identify(Library/Artifacts/d7) by extension 'python'
[9.551s] Level 1:colcon.colcon_core.package_identification:_identify(Library/Artifacts/d7) by extensions ['python_setup_py']
[9.552s] Level 1:colcon.colcon_core.package_identification:_identify(Library/Artifacts/d7) by extension 'python_setup_py'
[9.562s] Level 1:colcon.colcon_core.package_identification:_identify(Library/Artifacts/d8) by extensions ['ignore', 'ignore_ament_install']
[9.563s] Level 1:colcon.colcon_core.package_identification:_identify(Library/Artifacts/d8) by extension 'ignore'
[9.565s] Level 1:colcon.colcon_core.package_identification:_identify(Library/Artifacts/d8) by extension 'ignore_ament_install'
[9.569s] Level 1:colcon.colcon_core.package_identification:_identify(Library/Artifacts/d8) by extensions ['colcon_pkg']
[9.569s] Level 1:colcon.colcon_core.package_identification:_identify(Library/Artifacts/d8) by extension 'colcon_pkg'
[9.571s] Level 1:colcon.colcon_core.package_identification:_identify(Library/Artifacts/d8) by extensions ['colcon_meta']
[9.572s] Level 1:colcon.colcon_core.package_identification:_identify(Library/Artifacts/d8) by extension 'colcon_meta'
[9.577s] Level 1:colcon.colcon_core.package_identification:_identify(Library/Artifacts/d8) by extensions ['ros']
[9.577s] Level 1:colcon.colcon_core.package_identification:_identify(Library/Artifacts/d8) by extension 'ros'
[9.586s] Level 1:colcon.colcon_core.package_identification:_identify(Library/Artifacts/d8) by extensions ['cmake', 'python']
[9.587s] Level 1:colcon.colcon_core.package_identification:_identify(Library/Artifacts/d8) by extension 'cmake'
[9.589s] Level 1:colcon.colcon_core.package_identification:_identify(Library/Artifacts/d8) by extension 'python'
[9.592s] Level 1:colcon.colcon_core.package_identification:_identify(Library/Artifacts/d8) by extensions ['python_setup_py']
[9.592s] Level 1:colcon.colcon_core.package_identification:_identify(Library/Artifacts/d8) by extension 'python_setup_py'
[9.601s] Level 1:colcon.colcon_core.package_identification:_identify(Library/Artifacts/d9) by extensions ['ignore', 'ignore_ament_install']
[9.602s] Level 1:colcon.colcon_core.package_identification:_identify(Library/Artifacts/d9) by extension 'ignore'
[9.605s] Level 1:colcon.colcon_core.package_identification:_identify(Library/Artifacts/d9) by extension 'ignore_ament_install'
[9.609s] Level 1:colcon.colcon_core.package_identification:_identify(Library/Artifacts/d9) by extensions ['colcon_pkg']
[9.609s] Level 1:colcon.colcon_core.package_identification:_identify(Library/Artifacts/d9) by extension 'colcon_pkg'
[9.612s] Level 1:colcon.colcon_core.package_identification:_identify(Library/Artifacts/d9) by extensions ['colcon_meta']
[9.613s] Level 1:colcon.colcon_core.package_identification:_identify(Library/Artifacts/d9) by extension 'colcon_meta'
[9.616s] Level 1:colcon.colcon_core.package_identification:_identify(Library/Artifacts/d9) by extensions ['ros']
[9.617s] Level 1:colcon.colcon_core.package_identification:_identify(Library/Artifacts/d9) by extension 'ros'
[9.628s] Level 1:colcon.colcon_core.package_identification:_identify(Library/Artifacts/d9) by extensions ['cmake', 'python']
[9.628s] Level 1:colcon.colcon_core.package_identification:_identify(Library/Artifacts/d9) by extension 'cmake'
[9.630s] Level 1:colcon.colcon_core.package_identification:_identify(Library/Artifacts/d9) by extension 'python'
[9.632s] Level 1:colcon.colcon_core.package_identification:_identify(Library/Artifacts/d9) by extensions ['python_setup_py']
[9.632s] Level 1:colcon.colcon_core.package_identification:_identify(Library/Artifacts/d9) by extension 'python_setup_py'
[9.642s] Level 1:colcon.colcon_core.package_identification:_identify(Library/Artifacts/da) by extensions ['ignore', 'ignore_ament_install']
[9.642s] Level 1:colcon.colcon_core.package_identification:_identify(Library/Artifacts/da) by extension 'ignore'
[9.645s] Level 1:colcon.colcon_core.package_identification:_identify(Library/Artifacts/da) by extension 'ignore_ament_install'
[9.649s] Level 1:colcon.colcon_core.package_identification:_identify(Library/Artifacts/da) by extensions ['colcon_pkg']
[9.650s] Level 1:colcon.colcon_core.package_identification:_identify(Library/Artifacts/da) by extension 'colcon_pkg'
[9.652s] Level 1:colcon.colcon_core.package_identification:_identify(Library/Artifacts/da) by extensions ['colcon_meta']
[9.652s] Level 1:colcon.colcon_core.package_identification:_identify(Library/Artifacts/da) by extension 'colcon_meta'
[9.656s] Level 1:colcon.colcon_core.package_identification:_identify(Library/Artifacts/da) by extensions ['ros']
[9.657s] Level 1:colcon.colcon_core.package_identification:_identify(Library/Artifacts/da) by extension 'ros'
[9.665s] Level 1:colcon.colcon_core.package_identification:_identify(Library/Artifacts/da) by extensions ['cmake', 'python']
[9.666s] Level 1:colcon.colcon_core.package_identification:_identify(Library/Artifacts/da) by extension 'cmake'
[9.668s] Level 1:colcon.colcon_core.package_identification:_identify(Library/Artifacts/da) by extension 'python'
[9.670s] Level 1:colcon.colcon_core.package_identification:_identify(Library/Artifacts/da) by extensions ['python_setup_py']
[9.671s] Level 1:colcon.colcon_core.package_identification:_identify(Library/Artifacts/da) by extension 'python_setup_py'
[9.680s] Level 1:colcon.colcon_core.package_identification:_identify(Library/Artifacts/db) by extensions ['ignore', 'ignore_ament_install']
[9.681s] Level 1:colcon.colcon_core.package_identification:_identify(Library/Artifacts/db) by extension 'ignore'
[9.683s] Level 1:colcon.colcon_core.package_identification:_identify(Library/Artifacts/db) by extension 'ignore_ament_install'
[9.687s] Level 1:colcon.colcon_core.package_identification:_identify(Library/Artifacts/db) by extensions ['colcon_pkg']
[9.687s] Level 1:colcon.colcon_core.package_identification:_identify(Library/Artifacts/db) by extension 'colcon_pkg'
[9.689s] Level 1:colcon.colcon_core.package_identification:_identify(Library/Artifacts/db) by extensions ['colcon_meta']
[9.690s] Level 1:colcon.colcon_core.package_identification:_identify(Library/Artifacts/db) by extension 'colcon_meta'
[9.694s] Level 1:colcon.colcon_core.package_identification:_identify(Library/Artifacts/db) by extensions ['ros']
[9.694s] Level 1:colcon.colcon_core.package_identification:_identify(Library/Artifacts/db) by extension 'ros'
[9.703s] Level 1:colcon.colcon_core.package_identification:_identify(Library/Artifacts/db) by extensions ['cmake', 'python']
[9.704s] Level 1:colcon.colcon_core.package_identification:_identify(Library/Artifacts/db) by extension 'cmake'
[9.706s] Level 1:colcon.colcon_core.package_identification:_identify(Library/Artifacts/db) by extension 'python'
[9.708s] Level 1:colcon.colcon_core.package_identification:_identify(Library/Artifacts/db) by extensions ['python_setup_py']
[9.709s] Level 1:colcon.colcon_core.package_identification:_identify(Library/Artifacts/db) by extension 'python_setup_py'
[9.717s] Level 1:colcon.colcon_core.package_identification:_identify(Library/Artifacts/dc) by extensions ['ignore', 'ignore_ament_install']
[9.718s] Level 1:colcon.colcon_core.package_identification:_identify(Library/Artifacts/dc) by extension 'ignore'
[9.720s] Level 1:colcon.colcon_core.package_identification:_identify(Library/Artifacts/dc) by extension 'ignore_ament_install'
[9.724s] Level 1:colcon.colcon_core.package_identification:_identify(Library/Artifacts/dc) by extensions ['colcon_pkg']
[9.725s] Level 1:colcon.colcon_core.package_identification:_identify(Library/Artifacts/dc) by extension 'colcon_pkg'
[9.727s] Level 1:colcon.colcon_core.package_identification:_identify(Library/Artifacts/dc) by extensions ['colcon_meta']
[9.728s] Level 1:colcon.colcon_core.package_identification:_identify(Library/Artifacts/dc) by extension 'colcon_meta'
[9.732s] Level 1:colcon.colcon_core.package_identification:_identify(Library/Artifacts/dc) by extensions ['ros']
[9.733s] Level 1:colcon.colcon_core.package_identification:_identify(Library/Artifacts/dc) by extension 'ros'
[9.742s] Level 1:colcon.colcon_core.package_identification:_identify(Library/Artifacts/dc) by extensions ['cmake', 'python']
[9.743s] Level 1:colcon.colcon_core.package_identification:_identify(Library/Artifacts/dc) by extension 'cmake'
[9.746s] Level 1:colcon.colcon_core.package_identification:_identify(Library/Artifacts/dc) by extension 'python'
[9.749s] Level 1:colcon.colcon_core.package_identification:_identify(Library/Artifacts/dc) by extensions ['python_setup_py']
[9.750s] Level 1:colcon.colcon_core.package_identification:_identify(Library/Artifacts/dc) by extension 'python_setup_py'
[9.759s] Level 1:colcon.colcon_core.package_identification:_identify(Library/Artifacts/dd) by extensions ['ignore', 'ignore_ament_install']
[9.760s] Level 1:colcon.colcon_core.package_identification:_identify(Library/Artifacts/dd) by extension 'ignore'
[9.763s] Level 1:colcon.colcon_core.package_identification:_identify(Library/Artifacts/dd) by extension 'ignore_ament_install'
[9.767s] Level 1:colcon.colcon_core.package_identification:_identify(Library/Artifacts/dd) by extensions ['colcon_pkg']
[9.767s] Level 1:colcon.colcon_core.package_identification:_identify(Library/Artifacts/dd) by extension 'colcon_pkg'
[9.770s] Level 1:colcon.colcon_core.package_identification:_identify(Library/Artifacts/dd) by extensions ['colcon_meta']
[9.771s] Level 1:colcon.colcon_core.package_identification:_identify(Library/Artifacts/dd) by extension 'colcon_meta'
[9.775s] Level 1:colcon.colcon_core.package_identification:_identify(Library/Artifacts/dd) by extensions ['ros']
[9.776s] Level 1:colcon.colcon_core.package_identification:_identify(Library/Artifacts/dd) by extension 'ros'
[9.785s] Level 1:colcon.colcon_core.package_identification:_identify(Library/Artifacts/dd) by extensions ['cmake', 'python']
[9.786s] Level 1:colcon.colcon_core.package_identification:_identify(Library/Artifacts/dd) by extension 'cmake'
[9.789s] Level 1:colcon.colcon_core.package_identification:_identify(Library/Artifacts/dd) by extension 'python'
[9.793s] Level 1:colcon.colcon_core.package_identification:_identify(Library/Artifacts/dd) by extensions ['python_setup_py']
[9.794s] Level 1:colcon.colcon_core.package_identification:_identify(Library/Artifacts/dd) by extension 'python_setup_py'
[9.803s] Level 1:colcon.colcon_core.package_identification:_identify(Library/Artifacts/de) by extensions ['ignore', 'ignore_ament_install']
[9.804s] Level 1:colcon.colcon_core.package_identification:_identify(Library/Artifacts/de) by extension 'ignore'
[9.806s] Level 1:colcon.colcon_core.package_identification:_identify(Library/Artifacts/de) by extension 'ignore_ament_install'
[9.811s] Level 1:colcon.colcon_core.package_identification:_identify(Library/Artifacts/de) by extensions ['colcon_pkg']
[9.811s] Level 1:colcon.colcon_core.package_identification:_identify(Library/Artifacts/de) by extension 'colcon_pkg'
[9.814s] Level 1:colcon.colcon_core.package_identification:_identify(Library/Artifacts/de) by extensions ['colcon_meta']
[9.814s] Level 1:colcon.colcon_core.package_identification:_identify(Library/Artifacts/de) by extension 'colcon_meta'
[9.819s] Level 1:colcon.colcon_core.package_identification:_identify(Library/Artifacts/de) by extensions ['ros']
[9.820s] Level 1:colcon.colcon_core.package_identification:_identify(Library/Artifacts/de) by extension 'ros'
[9.829s] Level 1:colcon.colcon_core.package_identification:_identify(Library/Artifacts/de) by extensions ['cmake', 'python']
[9.829s] Level 1:colcon.colcon_core.package_identification:_identify(Library/Artifacts/de) by extension 'cmake'
[9.832s] Level 1:colcon.colcon_core.package_identification:_identify(Library/Artifacts/de) by extension 'python'
[9.834s] Level 1:colcon.colcon_core.package_identification:_identify(Library/Artifacts/de) by extensions ['python_setup_py']
[9.835s] Level 1:colcon.colcon_core.package_identification:_identify(Library/Artifacts/de) by extension 'python_setup_py'
[9.844s] Level 1:colcon.colcon_core.package_identification:_identify(Library/Artifacts/df) by extensions ['ignore', 'ignore_ament_install']
[9.844s] Level 1:colcon.colcon_core.package_identification:_identify(Library/Artifacts/df) by extension 'ignore'
[9.846s] Level 1:colcon.colcon_core.package_identification:_identify(Library/Artifacts/df) by extension 'ignore_ament_install'
[9.850s] Level 1:colcon.colcon_core.package_identification:_identify(Library/Artifacts/df) by extensions ['colcon_pkg']
[9.851s] Level 1:colcon.colcon_core.package_identification:_identify(Library/Artifacts/df) by extension 'colcon_pkg'
[9.853s] Level 1:colcon.colcon_core.package_identification:_identify(Library/Artifacts/df) by extensions ['colcon_meta']
[9.853s] Level 1:colcon.colcon_core.package_identification:_identify(Library/Artifacts/df) by extension 'colcon_meta'
[9.857s] Level 1:colcon.colcon_core.package_identification:_identify(Library/Artifacts/df) by extensions ['ros']
[9.858s] Level 1:colcon.colcon_core.package_identification:_identify(Library/Artifacts/df) by extension 'ros'
[9.866s] Level 1:colcon.colcon_core.package_identification:_identify(Library/Artifacts/df) by extensions ['cmake', 'python']
[9.867s] Level 1:colcon.colcon_core.package_identification:_identify(Library/Artifacts/df) by extension 'cmake'
[9.870s] Level 1:colcon.colcon_core.package_identification:_identify(Library/Artifacts/df) by extension 'python'
[9.872s] Level 1:colcon.colcon_core.package_identification:_identify(Library/Artifacts/df) by extensions ['python_setup_py']
[9.873s] Level 1:colcon.colcon_core.package_identification:_identify(Library/Artifacts/df) by extension 'python_setup_py'
[9.881s] Level 1:colcon.colcon_core.package_identification:_identify(Library/Artifacts/e0) by extensions ['ignore', 'ignore_ament_install']
[9.882s] Level 1:colcon.colcon_core.package_identification:_identify(Library/Artifacts/e0) by extension 'ignore'
[9.884s] Level 1:colcon.colcon_core.package_identification:_identify(Library/Artifacts/e0) by extension 'ignore_ament_install'
[9.890s] Level 1:colcon.colcon_core.package_identification:_identify(Library/Artifacts/e0) by extensions ['colcon_pkg']
[9.891s] Level 1:colcon.colcon_core.package_identification:_identify(Library/Artifacts/e0) by extension 'colcon_pkg'
[9.893s] Level 1:colcon.colcon_core.package_identification:_identify(Library/Artifacts/e0) by extensions ['colcon_meta']
[9.894s] Level 1:colcon.colcon_core.package_identification:_identify(Library/Artifacts/e0) by extension 'colcon_meta'
[9.897s] Level 1:colcon.colcon_core.package_identification:_identify(Library/Artifacts/e0) by extensions ['ros']
[9.898s] Level 1:colcon.colcon_core.package_identification:_identify(Library/Artifacts/e0) by extension 'ros'
[9.906s] Level 1:colcon.colcon_core.package_identification:_identify(Library/Artifacts/e0) by extensions ['cmake', 'python']
[9.906s] Level 1:colcon.colcon_core.package_identification:_identify(Library/Artifacts/e0) by extension 'cmake'
[9.909s] Level 1:colcon.colcon_core.package_identification:_identify(Library/Artifacts/e0) by extension 'python'
[9.911s] Level 1:colcon.colcon_core.package_identification:_identify(Library/Artifacts/e0) by extensions ['python_setup_py']
[9.911s] Level 1:colcon.colcon_core.package_identification:_identify(Library/Artifacts/e0) by extension 'python_setup_py'
[9.920s] Level 1:colcon.colcon_core.package_identification:_identify(Library/Artifacts/e1) by extensions ['ignore', 'ignore_ament_install']
[9.921s] Level 1:colcon.colcon_core.package_identification:_identify(Library/Artifacts/e1) by extension 'ignore'
[9.922s] Level 1:colcon.colcon_core.package_identification:_identify(Library/Artifacts/e1) by extension 'ignore_ament_install'
[9.925s] Level 1:colcon.colcon_core.package_identification:_identify(Library/Artifacts/e1) by extensions ['colcon_pkg']
[9.925s] Level 1:colcon.colcon_core.package_identification:_identify(Library/Artifacts/e1) by extension 'colcon_pkg'
[9.928s] Level 1:colcon.colcon_core.package_identification:_identify(Library/Artifacts/e1) by extensions ['colcon_meta']
[9.928s] Level 1:colcon.colcon_core.package_identification:_identify(Library/Artifacts/e1) by extension 'colcon_meta'
[9.931s] Level 1:colcon.colcon_core.package_identification:_identify(Library/Artifacts/e1) by extensions ['ros']
[9.932s] Level 1:colcon.colcon_core.package_identification:_identify(Library/Artifacts/e1) by extension 'ros'
[9.938s] Level 1:colcon.colcon_core.package_identification:_identify(Library/Artifacts/e1) by extensions ['cmake', 'python']
[9.939s] Level 1:colcon.colcon_core.package_identification:_identify(Library/Artifacts/e1) by extension 'cmake'
[9.941s] Level 1:colcon.colcon_core.package_identification:_identify(Library/Artifacts/e1) by extension 'python'
[9.943s] Level 1:colcon.colcon_core.package_identification:_identify(Library/Artifacts/e1) by extensions ['python_setup_py']
[9.944s] Level 1:colcon.colcon_core.package_identification:_identify(Library/Artifacts/e1) by extension 'python_setup_py'
[9.950s] Level 1:colcon.colcon_core.package_identification:_identify(Library/Artifacts/e2) by extensions ['ignore', 'ignore_ament_install']
[9.951s] Level 1:colcon.colcon_core.package_identification:_identify(Library/Artifacts/e2) by extension 'ignore'
[9.953s] Level 1:colcon.colcon_core.package_identification:_identify(Library/Artifacts/e2) by extension 'ignore_ament_install'
[9.957s] Level 1:colcon.colcon_core.package_identification:_identify(Library/Artifacts/e2) by extensions ['colcon_pkg']
[9.957s] Level 1:colcon.colcon_core.package_identification:_identify(Library/Artifacts/e2) by extension 'colcon_pkg'
[9.959s] Level 1:colcon.colcon_core.package_identification:_identify(Library/Artifacts/e2) by extensions ['colcon_meta']
[9.959s] Level 1:colcon.colcon_core.package_identification:_identify(Library/Artifacts/e2) by extension 'colcon_meta'
[9.963s] Level 1:colcon.colcon_core.package_identification:_identify(Library/Artifacts/e2) by extensions ['ros']
[9.964s] Level 1:colcon.colcon_core.package_identification:_identify(Library/Artifacts/e2) by extension 'ros'
[9.970s] Level 1:colcon.colcon_core.package_identification:_identify(Library/Artifacts/e2) by extensions ['cmake', 'python']
[9.971s] Level 1:colcon.colcon_core.package_identification:_identify(Library/Artifacts/e2) by extension 'cmake'
[9.972s] Level 1:colcon.colcon_core.package_identification:_identify(Library/Artifacts/e2) by extension 'python'
[9.975s] Level 1:colcon.colcon_core.package_identification:_identify(Library/Artifacts/e2) by extensions ['python_setup_py']
[9.976s] Level 1:colcon.colcon_core.package_identification:_identify(Library/Artifacts/e2) by extension 'python_setup_py'
[9.982s] Level 1:colcon.colcon_core.package_identification:_identify(Library/Artifacts/e3) by extensions ['ignore', 'ignore_ament_install']
[9.983s] Level 1:colcon.colcon_core.package_identification:_identify(Library/Artifacts/e3) by extension 'ignore'
[9.985s] Level 1:colcon.colcon_core.package_identification:_identify(Library/Artifacts/e3) by extension 'ignore_ament_install'
[9.989s] Level 1:colcon.colcon_core.package_identification:_identify(Library/Artifacts/e3) by extensions ['colcon_pkg']
[9.989s] Level 1:colcon.colcon_core.package_identification:_identify(Library/Artifacts/e3) by extension 'colcon_pkg'
[9.991s] Level 1:colcon.colcon_core.package_identification:_identify(Library/Artifacts/e3) by extensions ['colcon_meta']
[9.992s] Level 1:colcon.colcon_core.package_identification:_identify(Library/Artifacts/e3) by extension 'colcon_meta'
[9.996s] Level 1:colcon.colcon_core.package_identification:_identify(Library/Artifacts/e3) by extensions ['ros']
[9.997s] Level 1:colcon.colcon_core.package_identification:_identify(Library/Artifacts/e3) by extension 'ros'
[10.003s] Level 1:colcon.colcon_core.package_identification:_identify(Library/Artifacts/e3) by extensions ['cmake', 'python']
[10.004s] Level 1:colcon.colcon_core.package_identification:_identify(Library/Artifacts/e3) by extension 'cmake'
[10.005s] Level 1:colcon.colcon_core.package_identification:_identify(Library/Artifacts/e3) by extension 'python'
[10.007s] Level 1:colcon.colcon_core.package_identification:_identify(Library/Artifacts/e3) by extensions ['python_setup_py']
[10.007s] Level 1:colcon.colcon_core.package_identification:_identify(Library/Artifacts/e3) by extension 'python_setup_py'
[10.013s] Level 1:colcon.colcon_core.package_identification:_identify(Library/Artifacts/e4) by extensions ['ignore', 'ignore_ament_install']
[10.014s] Level 1:colcon.colcon_core.package_identification:_identify(Library/Artifacts/e4) by extension 'ignore'
[10.016s] Level 1:colcon.colcon_core.package_identification:_identify(Library/Artifacts/e4) by extension 'ignore_ament_install'
[10.020s] Level 1:colcon.colcon_core.package_identification:_identify(Library/Artifacts/e4) by extensions ['colcon_pkg']
[10.021s] Level 1:colcon.colcon_core.package_identification:_identify(Library/Artifacts/e4) by extension 'colcon_pkg'
[10.023s] Level 1:colcon.colcon_core.package_identification:_identify(Library/Artifacts/e4) by extensions ['colcon_meta']
[10.023s] Level 1:colcon.colcon_core.package_identification:_identify(Library/Artifacts/e4) by extension 'colcon_meta'
[10.027s] Level 1:colcon.colcon_core.package_identification:_identify(Library/Artifacts/e4) by extensions ['ros']
[10.027s] Level 1:colcon.colcon_core.package_identification:_identify(Library/Artifacts/e4) by extension 'ros'
[10.034s] Level 1:colcon.colcon_core.package_identification:_identify(Library/Artifacts/e4) by extensions ['cmake', 'python']
[10.034s] Level 1:colcon.colcon_core.package_identification:_identify(Library/Artifacts/e4) by extension 'cmake'
[10.036s] Level 1:colcon.colcon_core.package_identification:_identify(Library/Artifacts/e4) by extension 'python'
[10.038s] Level 1:colcon.colcon_core.package_identification:_identify(Library/Artifacts/e4) by extensions ['python_setup_py']
[10.038s] Level 1:colcon.colcon_core.package_identification:_identify(Library/Artifacts/e4) by extension 'python_setup_py'
[10.047s] Level 1:colcon.colcon_core.package_identification:_identify(Library/Artifacts/e5) by extensions ['ignore', 'ignore_ament_install']
[10.048s] Level 1:colcon.colcon_core.package_identification:_identify(Library/Artifacts/e5) by extension 'ignore'
[10.051s] Level 1:colcon.colcon_core.package_identification:_identify(Library/Artifacts/e5) by extension 'ignore_ament_install'
[10.054s] Level 1:colcon.colcon_core.package_identification:_identify(Library/Artifacts/e5) by extensions ['colcon_pkg']
[10.055s] Level 1:colcon.colcon_core.package_identification:_identify(Library/Artifacts/e5) by extension 'colcon_pkg'
[10.057s] Level 1:colcon.colcon_core.package_identification:_identify(Library/Artifacts/e5) by extensions ['colcon_meta']
[10.058s] Level 1:colcon.colcon_core.package_identification:_identify(Library/Artifacts/e5) by extension 'colcon_meta'
[10.062s] Level 1:colcon.colcon_core.package_identification:_identify(Library/Artifacts/e5) by extensions ['ros']
[10.063s] Level 1:colcon.colcon_core.package_identification:_identify(Library/Artifacts/e5) by extension 'ros'
[10.070s] Level 1:colcon.colcon_core.package_identification:_identify(Library/Artifacts/e5) by extensions ['cmake', 'python']
[10.071s] Level 1:colcon.colcon_core.package_identification:_identify(Library/Artifacts/e5) by extension 'cmake'
[10.073s] Level 1:colcon.colcon_core.package_identification:_identify(Library/Artifacts/e5) by extension 'python'
[10.076s] Level 1:colcon.colcon_core.package_identification:_identify(Library/Artifacts/e5) by extensions ['python_setup_py']
[10.076s] Level 1:colcon.colcon_core.package_identification:_identify(Library/Artifacts/e5) by extension 'python_setup_py'
[10.084s] Level 1:colcon.colcon_core.package_identification:_identify(Library/Artifacts/e6) by extensions ['ignore', 'ignore_ament_install']
[10.085s] Level 1:colcon.colcon_core.package_identification:_identify(Library/Artifacts/e6) by extension 'ignore'
[10.087s] Level 1:colcon.colcon_core.package_identification:_identify(Library/Artifacts/e6) by extension 'ignore_ament_install'
[10.090s] Level 1:colcon.colcon_core.package_identification:_identify(Library/Artifacts/e6) by extensions ['colcon_pkg']
[10.091s] Level 1:colcon.colcon_core.package_identification:_identify(Library/Artifacts/e6) by extension 'colcon_pkg'
[10.093s] Level 1:colcon.colcon_core.package_identification:_identify(Library/Artifacts/e6) by extensions ['colcon_meta']
[10.093s] Level 1:colcon.colcon_core.package_identification:_identify(Library/Artifacts/e6) by extension 'colcon_meta'
[10.097s] Level 1:colcon.colcon_core.package_identification:_identify(Library/Artifacts/e6) by extensions ['ros']
[10.097s] Level 1:colcon.colcon_core.package_identification:_identify(Library/Artifacts/e6) by extension 'ros'
[10.106s] Level 1:colcon.colcon_core.package_identification:_identify(Library/Artifacts/e6) by extensions ['cmake', 'python']
[10.106s] Level 1:colcon.colcon_core.package_identification:_identify(Library/Artifacts/e6) by extension 'cmake'
[10.108s] Level 1:colcon.colcon_core.package_identification:_identify(Library/Artifacts/e6) by extension 'python'
[10.110s] Level 1:colcon.colcon_core.package_identification:_identify(Library/Artifacts/e6) by extensions ['python_setup_py']
[10.111s] Level 1:colcon.colcon_core.package_identification:_identify(Library/Artifacts/e6) by extension 'python_setup_py'
[10.118s] Level 1:colcon.colcon_core.package_identification:_identify(Library/Artifacts/e7) by extensions ['ignore', 'ignore_ament_install']
[10.119s] Level 1:colcon.colcon_core.package_identification:_identify(Library/Artifacts/e7) by extension 'ignore'
[10.122s] Level 1:colcon.colcon_core.package_identification:_identify(Library/Artifacts/e7) by extension 'ignore_ament_install'
[10.126s] Level 1:colcon.colcon_core.package_identification:_identify(Library/Artifacts/e7) by extensions ['colcon_pkg']
[10.126s] Level 1:colcon.colcon_core.package_identification:_identify(Library/Artifacts/e7) by extension 'colcon_pkg'
[10.129s] Level 1:colcon.colcon_core.package_identification:_identify(Library/Artifacts/e7) by extensions ['colcon_meta']
[10.129s] Level 1:colcon.colcon_core.package_identification:_identify(Library/Artifacts/e7) by extension 'colcon_meta'
[10.133s] Level 1:colcon.colcon_core.package_identification:_identify(Library/Artifacts/e7) by extensions ['ros']
[10.133s] Level 1:colcon.colcon_core.package_identification:_identify(Library/Artifacts/e7) by extension 'ros'
[10.142s] Level 1:colcon.colcon_core.package_identification:_identify(Library/Artifacts/e7) by extensions ['cmake', 'python']
[10.143s] Level 1:colcon.colcon_core.package_identification:_identify(Library/Artifacts/e7) by extension 'cmake'
[10.146s] Level 1:colcon.colcon_core.package_identification:_identify(Library/Artifacts/e7) by extension 'python'
[10.148s] Level 1:colcon.colcon_core.package_identification:_identify(Library/Artifacts/e7) by extensions ['python_setup_py']
[10.149s] Level 1:colcon.colcon_core.package_identification:_identify(Library/Artifacts/e7) by extension 'python_setup_py'
[10.159s] Level 1:colcon.colcon_core.package_identification:_identify(Library/Artifacts/e8) by extensions ['ignore', 'ignore_ament_install']
[10.160s] Level 1:colcon.colcon_core.package_identification:_identify(Library/Artifacts/e8) by extension 'ignore'
[10.162s] Level 1:colcon.colcon_core.package_identification:_identify(Library/Artifacts/e8) by extension 'ignore_ament_install'
[10.166s] Level 1:colcon.colcon_core.package_identification:_identify(Library/Artifacts/e8) by extensions ['colcon_pkg']
[10.167s] Level 1:colcon.colcon_core.package_identification:_identify(Library/Artifacts/e8) by extension 'colcon_pkg'
[10.170s] Level 1:colcon.colcon_core.package_identification:_identify(Library/Artifacts/e8) by extensions ['colcon_meta']
[10.171s] Level 1:colcon.colcon_core.package_identification:_identify(Library/Artifacts/e8) by extension 'colcon_meta'
[10.175s] Level 1:colcon.colcon_core.package_identification:_identify(Library/Artifacts/e8) by extensions ['ros']
[10.176s] Level 1:colcon.colcon_core.package_identification:_identify(Library/Artifacts/e8) by extension 'ros'
[10.184s] Level 1:colcon.colcon_core.package_identification:_identify(Library/Artifacts/e8) by extensions ['cmake', 'python']
[10.185s] Level 1:colcon.colcon_core.package_identification:_identify(Library/Artifacts/e8) by extension 'cmake'
[10.188s] Level 1:colcon.colcon_core.package_identification:_identify(Library/Artifacts/e8) by extension 'python'
[10.189s] Level 1:colcon.colcon_core.package_identification:_identify(Library/Artifacts/e8) by extensions ['python_setup_py']
[10.190s] Level 1:colcon.colcon_core.package_identification:_identify(Library/Artifacts/e8) by extension 'python_setup_py'
[10.199s] Level 1:colcon.colcon_core.package_identification:_identify(Library/Artifacts/e9) by extensions ['ignore', 'ignore_ament_install']
[10.200s] Level 1:colcon.colcon_core.package_identification:_identify(Library/Artifacts/e9) by extension 'ignore'
[10.202s] Level 1:colcon.colcon_core.package_identification:_identify(Library/Artifacts/e9) by extension 'ignore_ament_install'
[10.207s] Level 1:colcon.colcon_core.package_identification:_identify(Library/Artifacts/e9) by extensions ['colcon_pkg']
[10.207s] Level 1:colcon.colcon_core.package_identification:_identify(Library/Artifacts/e9) by extension 'colcon_pkg'
[10.209s] Level 1:colcon.colcon_core.package_identification:_identify(Library/Artifacts/e9) by extensions ['colcon_meta']
[10.210s] Level 1:colcon.colcon_core.package_identification:_identify(Library/Artifacts/e9) by extension 'colcon_meta'
[10.214s] Level 1:colcon.colcon_core.package_identification:_identify(Library/Artifacts/e9) by extensions ['ros']
[10.215s] Level 1:colcon.colcon_core.package_identification:_identify(Library/Artifacts/e9) by extension 'ros'
[10.223s] Level 1:colcon.colcon_core.package_identification:_identify(Library/Artifacts/e9) by extensions ['cmake', 'python']
[10.224s] Level 1:colcon.colcon_core.package_identification:_identify(Library/Artifacts/e9) by extension 'cmake'
[10.226s] Level 1:colcon.colcon_core.package_identification:_identify(Library/Artifacts/e9) by extension 'python'
[10.229s] Level 1:colcon.colcon_core.package_identification:_identify(Library/Artifacts/e9) by extensions ['python_setup_py']
[10.230s] Level 1:colcon.colcon_core.package_identification:_identify(Library/Artifacts/e9) by extension 'python_setup_py'
[10.238s] Level 1:colcon.colcon_core.package_identification:_identify(Library/Artifacts/ea) by extensions ['ignore', 'ignore_ament_install']
[10.239s] Level 1:colcon.colcon_core.package_identification:_identify(Library/Artifacts/ea) by extension 'ignore'
[10.241s] Level 1:colcon.colcon_core.package_identification:_identify(Library/Artifacts/ea) by extension 'ignore_ament_install'
[10.245s] Level 1:colcon.colcon_core.package_identification:_identify(Library/Artifacts/ea) by extensions ['colcon_pkg']
[10.246s] Level 1:colcon.colcon_core.package_identification:_identify(Library/Artifacts/ea) by extension 'colcon_pkg'
[10.248s] Level 1:colcon.colcon_core.package_identification:_identify(Library/Artifacts/ea) by extensions ['colcon_meta']
[10.249s] Level 1:colcon.colcon_core.package_identification:_identify(Library/Artifacts/ea) by extension 'colcon_meta'
[10.253s] Level 1:colcon.colcon_core.package_identification:_identify(Library/Artifacts/ea) by extensions ['ros']
[10.253s] Level 1:colcon.colcon_core.package_identification:_identify(Library/Artifacts/ea) by extension 'ros'
[10.264s] Level 1:colcon.colcon_core.package_identification:_identify(Library/Artifacts/ea) by extensions ['cmake', 'python']
[10.265s] Level 1:colcon.colcon_core.package_identification:_identify(Library/Artifacts/ea) by extension 'cmake'
[10.268s] Level 1:colcon.colcon_core.package_identification:_identify(Library/Artifacts/ea) by extension 'python'
[10.269s] Level 1:colcon.colcon_core.package_identification:_identify(Library/Artifacts/ea) by extensions ['python_setup_py']
[10.270s] Level 1:colcon.colcon_core.package_identification:_identify(Library/Artifacts/ea) by extension 'python_setup_py'
[10.279s] Level 1:colcon.colcon_core.package_identification:_identify(Library/Artifacts/eb) by extensions ['ignore', 'ignore_ament_install']
[10.280s] Level 1:colcon.colcon_core.package_identification:_identify(Library/Artifacts/eb) by extension 'ignore'
[10.282s] Level 1:colcon.colcon_core.package_identification:_identify(Library/Artifacts/eb) by extension 'ignore_ament_install'
[10.286s] Level 1:colcon.colcon_core.package_identification:_identify(Library/Artifacts/eb) by extensions ['colcon_pkg']
[10.287s] Level 1:colcon.colcon_core.package_identification:_identify(Library/Artifacts/eb) by extension 'colcon_pkg'
[10.289s] Level 1:colcon.colcon_core.package_identification:_identify(Library/Artifacts/eb) by extensions ['colcon_meta']
[10.290s] Level 1:colcon.colcon_core.package_identification:_identify(Library/Artifacts/eb) by extension 'colcon_meta'
[10.294s] Level 1:colcon.colcon_core.package_identification:_identify(Library/Artifacts/eb) by extensions ['ros']
[10.295s] Level 1:colcon.colcon_core.package_identification:_identify(Library/Artifacts/eb) by extension 'ros'
[10.304s] Level 1:colcon.colcon_core.package_identification:_identify(Library/Artifacts/eb) by extensions ['cmake', 'python']
[10.304s] Level 1:colcon.colcon_core.package_identification:_identify(Library/Artifacts/eb) by extension 'cmake'
[10.307s] Level 1:colcon.colcon_core.package_identification:_identify(Library/Artifacts/eb) by extension 'python'
[10.309s] Level 1:colcon.colcon_core.package_identification:_identify(Library/Artifacts/eb) by extensions ['python_setup_py']
[10.310s] Level 1:colcon.colcon_core.package_identification:_identify(Library/Artifacts/eb) by extension 'python_setup_py'
[10.319s] Level 1:colcon.colcon_core.package_identification:_identify(Library/Artifacts/ec) by extensions ['ignore', 'ignore_ament_install']
[10.320s] Level 1:colcon.colcon_core.package_identification:_identify(Library/Artifacts/ec) by extension 'ignore'
[10.322s] Level 1:colcon.colcon_core.package_identification:_identify(Library/Artifacts/ec) by extension 'ignore_ament_install'
[10.326s] Level 1:colcon.colcon_core.package_identification:_identify(Library/Artifacts/ec) by extensions ['colcon_pkg']
[10.327s] Level 1:colcon.colcon_core.package_identification:_identify(Library/Artifacts/ec) by extension 'colcon_pkg'
[10.330s] Level 1:colcon.colcon_core.package_identification:_identify(Library/Artifacts/ec) by extensions ['colcon_meta']
[10.330s] Level 1:colcon.colcon_core.package_identification:_identify(Library/Artifacts/ec) by extension 'colcon_meta'
[10.334s] Level 1:colcon.colcon_core.package_identification:_identify(Library/Artifacts/ec) by extensions ['ros']
[10.335s] Level 1:colcon.colcon_core.package_identification:_identify(Library/Artifacts/ec) by extension 'ros'
[10.344s] Level 1:colcon.colcon_core.package_identification:_identify(Library/Artifacts/ec) by extensions ['cmake', 'python']
[10.345s] Level 1:colcon.colcon_core.package_identification:_identify(Library/Artifacts/ec) by extension 'cmake'
[10.347s] Level 1:colcon.colcon_core.package_identification:_identify(Library/Artifacts/ec) by extension 'python'
[10.350s] Level 1:colcon.colcon_core.package_identification:_identify(Library/Artifacts/ec) by extensions ['python_setup_py']
[10.351s] Level 1:colcon.colcon_core.package_identification:_identify(Library/Artifacts/ec) by extension 'python_setup_py'
[10.359s] Level 1:colcon.colcon_core.package_identification:_identify(Library/Artifacts/ed) by extensions ['ignore', 'ignore_ament_install']
[10.360s] Level 1:colcon.colcon_core.package_identification:_identify(Library/Artifacts/ed) by extension 'ignore'
[10.363s] Level 1:colcon.colcon_core.package_identification:_identify(Library/Artifacts/ed) by extension 'ignore_ament_install'
[10.367s] Level 1:colcon.colcon_core.package_identification:_identify(Library/Artifacts/ed) by extensions ['colcon_pkg']
[10.367s] Level 1:colcon.colcon_core.package_identification:_identify(Library/Artifacts/ed) by extension 'colcon_pkg'
[10.370s] Level 1:colcon.colcon_core.package_identification:_identify(Library/Artifacts/ed) by extensions ['colcon_meta']
[10.371s] Level 1:colcon.colcon_core.package_identification:_identify(Library/Artifacts/ed) by extension 'colcon_meta'
[10.375s] Level 1:colcon.colcon_core.package_identification:_identify(Library/Artifacts/ed) by extensions ['ros']
[10.375s] Level 1:colcon.colcon_core.package_identification:_identify(Library/Artifacts/ed) by extension 'ros'
[10.383s] Level 1:colcon.colcon_core.package_identification:_identify(Library/Artifacts/ed) by extensions ['cmake', 'python']
[10.384s] Level 1:colcon.colcon_core.package_identification:_identify(Library/Artifacts/ed) by extension 'cmake'
[10.387s] Level 1:colcon.colcon_core.package_identification:_identify(Library/Artifacts/ed) by extension 'python'
[10.389s] Level 1:colcon.colcon_core.package_identification:_identify(Library/Artifacts/ed) by extensions ['python_setup_py']
[10.390s] Level 1:colcon.colcon_core.package_identification:_identify(Library/Artifacts/ed) by extension 'python_setup_py'
[10.399s] Level 1:colcon.colcon_core.package_identification:_identify(Library/Artifacts/ee) by extensions ['ignore', 'ignore_ament_install']
[10.400s] Level 1:colcon.colcon_core.package_identification:_identify(Library/Artifacts/ee) by extension 'ignore'
[10.402s] Level 1:colcon.colcon_core.package_identification:_identify(Library/Artifacts/ee) by extension 'ignore_ament_install'
[10.406s] Level 1:colcon.colcon_core.package_identification:_identify(Library/Artifacts/ee) by extensions ['colcon_pkg']
[10.407s] Level 1:colcon.colcon_core.package_identification:_identify(Library/Artifacts/ee) by extension 'colcon_pkg'
[10.409s] Level 1:colcon.colcon_core.package_identification:_identify(Library/Artifacts/ee) by extensions ['colcon_meta']
[10.410s] Level 1:colcon.colcon_core.package_identification:_identify(Library/Artifacts/ee) by extension 'colcon_meta'
[10.414s] Level 1:colcon.colcon_core.package_identification:_identify(Library/Artifacts/ee) by extensions ['ros']
[10.415s] Level 1:colcon.colcon_core.package_identification:_identify(Library/Artifacts/ee) by extension 'ros'
[10.424s] Level 1:colcon.colcon_core.package_identification:_identify(Library/Artifacts/ee) by extensions ['cmake', 'python']
[10.425s] Level 1:colcon.colcon_core.package_identification:_identify(Library/Artifacts/ee) by extension 'cmake'
[10.427s] Level 1:colcon.colcon_core.package_identification:_identify(Library/Artifacts/ee) by extension 'python'
[10.429s] Level 1:colcon.colcon_core.package_identification:_identify(Library/Artifacts/ee) by extensions ['python_setup_py']
[10.430s] Level 1:colcon.colcon_core.package_identification:_identify(Library/Artifacts/ee) by extension 'python_setup_py'
[10.439s] Level 1:colcon.colcon_core.package_identification:_identify(Library/Artifacts/ef) by extensions ['ignore', 'ignore_ament_install']
[10.440s] Level 1:colcon.colcon_core.package_identification:_identify(Library/Artifacts/ef) by extension 'ignore'
[10.442s] Level 1:colcon.colcon_core.package_identification:_identify(Library/Artifacts/ef) by extension 'ignore_ament_install'
[10.445s] Level 1:colcon.colcon_core.package_identification:_identify(Library/Artifacts/ef) by extensions ['colcon_pkg']
[10.446s] Level 1:colcon.colcon_core.package_identification:_identify(Library/Artifacts/ef) by extension 'colcon_pkg'
[10.448s] Level 1:colcon.colcon_core.package_identification:_identify(Library/Artifacts/ef) by extensions ['colcon_meta']
[10.449s] Level 1:colcon.colcon_core.package_identification:_identify(Library/Artifacts/ef) by extension 'colcon_meta'
[10.452s] Level 1:colcon.colcon_core.package_identification:_identify(Library/Artifacts/ef) by extensions ['ros']
[10.452s] Level 1:colcon.colcon_core.package_identification:_identify(Library/Artifacts/ef) by extension 'ros'
[10.461s] Level 1:colcon.colcon_core.package_identification:_identify(Library/Artifacts/ef) by extensions ['cmake', 'python']
[10.462s] Level 1:colcon.colcon_core.package_identification:_identify(Library/Artifacts/ef) by extension 'cmake'
[10.464s] Level 1:colcon.colcon_core.package_identification:_identify(Library/Artifacts/ef) by extension 'python'
[10.466s] Level 1:colcon.colcon_core.package_identification:_identify(Library/Artifacts/ef) by extensions ['python_setup_py']
[10.467s] Level 1:colcon.colcon_core.package_identification:_identify(Library/Artifacts/ef) by extension 'python_setup_py'
[10.476s] Level 1:colcon.colcon_core.package_identification:_identify(Library/Artifacts/f0) by extensions ['ignore', 'ignore_ament_install']
[10.476s] Level 1:colcon.colcon_core.package_identification:_identify(Library/Artifacts/f0) by extension 'ignore'
[10.479s] Level 1:colcon.colcon_core.package_identification:_identify(Library/Artifacts/f0) by extension 'ignore_ament_install'
[10.484s] Level 1:colcon.colcon_core.package_identification:_identify(Library/Artifacts/f0) by extensions ['colcon_pkg']
[10.485s] Level 1:colcon.colcon_core.package_identification:_identify(Library/Artifacts/f0) by extension 'colcon_pkg'
[10.487s] Level 1:colcon.colcon_core.package_identification:_identify(Library/Artifacts/f0) by extensions ['colcon_meta']
[10.488s] Level 1:colcon.colcon_core.package_identification:_identify(Library/Artifacts/f0) by extension 'colcon_meta'
[10.492s] Level 1:colcon.colcon_core.package_identification:_identify(Library/Artifacts/f0) by extensions ['ros']
[10.493s] Level 1:colcon.colcon_core.package_identification:_identify(Library/Artifacts/f0) by extension 'ros'
[10.503s] Level 1:colcon.colcon_core.package_identification:_identify(Library/Artifacts/f0) by extensions ['cmake', 'python']
[10.504s] Level 1:colcon.colcon_core.package_identification:_identify(Library/Artifacts/f0) by extension 'cmake'
[10.506s] Level 1:colcon.colcon_core.package_identification:_identify(Library/Artifacts/f0) by extension 'python'
[10.509s] Level 1:colcon.colcon_core.package_identification:_identify(Library/Artifacts/f0) by extensions ['python_setup_py']
[10.509s] Level 1:colcon.colcon_core.package_identification:_identify(Library/Artifacts/f0) by extension 'python_setup_py'
[10.518s] Level 1:colcon.colcon_core.package_identification:_identify(Library/Artifacts/f1) by extensions ['ignore', 'ignore_ament_install']
[10.519s] Level 1:colcon.colcon_core.package_identification:_identify(Library/Artifacts/f1) by extension 'ignore'
[10.521s] Level 1:colcon.colcon_core.package_identification:_identify(Library/Artifacts/f1) by extension 'ignore_ament_install'
[10.526s] Level 1:colcon.colcon_core.package_identification:_identify(Library/Artifacts/f1) by extensions ['colcon_pkg']
[10.527s] Level 1:colcon.colcon_core.package_identification:_identify(Library/Artifacts/f1) by extension 'colcon_pkg'
[10.529s] Level 1:colcon.colcon_core.package_identification:_identify(Library/Artifacts/f1) by extensions ['colcon_meta']
[10.530s] Level 1:colcon.colcon_core.package_identification:_identify(Library/Artifacts/f1) by extension 'colcon_meta'
[10.533s] Level 1:colcon.colcon_core.package_identification:_identify(Library/Artifacts/f1) by extensions ['ros']
[10.534s] Level 1:colcon.colcon_core.package_identification:_identify(Library/Artifacts/f1) by extension 'ros'
[10.542s] Level 1:colcon.colcon_core.package_identification:_identify(Library/Artifacts/f1) by extensions ['cmake', 'python']
[10.543s] Level 1:colcon.colcon_core.package_identification:_identify(Library/Artifacts/f1) by extension 'cmake'
[10.545s] Level 1:colcon.colcon_core.package_identification:_identify(Library/Artifacts/f1) by extension 'python'
[10.547s] Level 1:colcon.colcon_core.package_identification:_identify(Library/Artifacts/f1) by extensions ['python_setup_py']
[10.548s] Level 1:colcon.colcon_core.package_identification:_identify(Library/Artifacts/f1) by extension 'python_setup_py'
[10.556s] Level 1:colcon.colcon_core.package_identification:_identify(Library/Artifacts/f2) by extensions ['ignore', 'ignore_ament_install']
[10.558s] Level 1:colcon.colcon_core.package_identification:_identify(Library/Artifacts/f2) by extension 'ignore'
[10.560s] Level 1:colcon.colcon_core.package_identification:_identify(Library/Artifacts/f2) by extension 'ignore_ament_install'
[10.565s] Level 1:colcon.colcon_core.package_identification:_identify(Library/Artifacts/f2) by extensions ['colcon_pkg']
[10.566s] Level 1:colcon.colcon_core.package_identification:_identify(Library/Artifacts/f2) by extension 'colcon_pkg'
[10.568s] Level 1:colcon.colcon_core.package_identification:_identify(Library/Artifacts/f2) by extensions ['colcon_meta']
[10.569s] Level 1:colcon.colcon_core.package_identification:_identify(Library/Artifacts/f2) by extension 'colcon_meta'
[10.571s] Level 1:colcon.colcon_core.package_identification:_identify(Library/Artifacts/f2) by extensions ['ros']
[10.572s] Level 1:colcon.colcon_core.package_identification:_identify(Library/Artifacts/f2) by extension 'ros'
[10.581s] Level 1:colcon.colcon_core.package_identification:_identify(Library/Artifacts/f2) by extensions ['cmake', 'python']
[10.582s] Level 1:colcon.colcon_core.package_identification:_identify(Library/Artifacts/f2) by extension 'cmake'
[10.584s] Level 1:colcon.colcon_core.package_identification:_identify(Library/Artifacts/f2) by extension 'python'
[10.585s] Level 1:colcon.colcon_core.package_identification:_identify(Library/Artifacts/f2) by extensions ['python_setup_py']
[10.586s] Level 1:colcon.colcon_core.package_identification:_identify(Library/Artifacts/f2) by extension 'python_setup_py'
[10.592s] Level 1:colcon.colcon_core.package_identification:_identify(Library/Artifacts/f3) by extensions ['ignore', 'ignore_ament_install']
[10.593s] Level 1:colcon.colcon_core.package_identification:_identify(Library/Artifacts/f3) by extension 'ignore'
[10.595s] Level 1:colcon.colcon_core.package_identification:_identify(Library/Artifacts/f3) by extension 'ignore_ament_install'
[10.601s] Level 1:colcon.colcon_core.package_identification:_identify(Library/Artifacts/f3) by extensions ['colcon_pkg']
[10.602s] Level 1:colcon.colcon_core.package_identification:_identify(Library/Artifacts/f3) by extension 'colcon_pkg'
[10.604s] Level 1:colcon.colcon_core.package_identification:_identify(Library/Artifacts/f3) by extensions ['colcon_meta']
[10.605s] Level 1:colcon.colcon_core.package_identification:_identify(Library/Artifacts/f3) by extension 'colcon_meta'
[10.608s] Level 1:colcon.colcon_core.package_identification:_identify(Library/Artifacts/f3) by extensions ['ros']
[10.609s] Level 1:colcon.colcon_core.package_identification:_identify(Library/Artifacts/f3) by extension 'ros'
[10.618s] Level 1:colcon.colcon_core.package_identification:_identify(Library/Artifacts/f3) by extensions ['cmake', 'python']
[10.619s] Level 1:colcon.colcon_core.package_identification:_identify(Library/Artifacts/f3) by extension 'cmake'
[10.622s] Level 1:colcon.colcon_core.package_identification:_identify(Library/Artifacts/f3) by extension 'python'
[10.624s] Level 1:colcon.colcon_core.package_identification:_identify(Library/Artifacts/f3) by extensions ['python_setup_py']
[10.625s] Level 1:colcon.colcon_core.package_identification:_identify(Library/Artifacts/f3) by extension 'python_setup_py'
[10.633s] Level 1:colcon.colcon_core.package_identification:_identify(Library/Artifacts/f4) by extensions ['ignore', 'ignore_ament_install']
[10.634s] Level 1:colcon.colcon_core.package_identification:_identify(Library/Artifacts/f4) by extension 'ignore'
[10.636s] Level 1:colcon.colcon_core.package_identification:_identify(Library/Artifacts/f4) by extension 'ignore_ament_install'
[10.639s] Level 1:colcon.colcon_core.package_identification:_identify(Library/Artifacts/f4) by extensions ['colcon_pkg']
[10.640s] Level 1:colcon.colcon_core.package_identification:_identify(Library/Artifacts/f4) by extension 'colcon_pkg'
[10.642s] Level 1:colcon.colcon_core.package_identification:_identify(Library/Artifacts/f4) by extensions ['colcon_meta']
[10.643s] Level 1:colcon.colcon_core.package_identification:_identify(Library/Artifacts/f4) by extension 'colcon_meta'
[10.647s] Level 1:colcon.colcon_core.package_identification:_identify(Library/Artifacts/f4) by extensions ['ros']
[10.648s] Level 1:colcon.colcon_core.package_identification:_identify(Library/Artifacts/f4) by extension 'ros'
[10.656s] Level 1:colcon.colcon_core.package_identification:_identify(Library/Artifacts/f4) by extensions ['cmake', 'python']
[10.657s] Level 1:colcon.colcon_core.package_identification:_identify(Library/Artifacts/f4) by extension 'cmake'
[10.659s] Level 1:colcon.colcon_core.package_identification:_identify(Library/Artifacts/f4) by extension 'python'
[10.662s] Level 1:colcon.colcon_core.package_identification:_identify(Library/Artifacts/f4) by extensions ['python_setup_py']
[10.663s] Level 1:colcon.colcon_core.package_identification:_identify(Library/Artifacts/f4) by extension 'python_setup_py'
[10.672s] Level 1:colcon.colcon_core.package_identification:_identify(Library/Artifacts/f5) by extensions ['ignore', 'ignore_ament_install']
[10.672s] Level 1:colcon.colcon_core.package_identification:_identify(Library/Artifacts/f5) by extension 'ignore'
[10.674s] Level 1:colcon.colcon_core.package_identification:_identify(Library/Artifacts/f5) by extension 'ignore_ament_install'
[10.678s] Level 1:colcon.colcon_core.package_identification:_identify(Library/Artifacts/f5) by extensions ['colcon_pkg']
[10.679s] Level 1:colcon.colcon_core.package_identification:_identify(Library/Artifacts/f5) by extension 'colcon_pkg'
[10.681s] Level 1:colcon.colcon_core.package_identification:_identify(Library/Artifacts/f5) by extensions ['colcon_meta']
[10.682s] Level 1:colcon.colcon_core.package_identification:_identify(Library/Artifacts/f5) by extension 'colcon_meta'
[10.686s] Level 1:colcon.colcon_core.package_identification:_identify(Library/Artifacts/f5) by extensions ['ros']
[10.687s] Level 1:colcon.colcon_core.package_identification:_identify(Library/Artifacts/f5) by extension 'ros'
[10.695s] Level 1:colcon.colcon_core.package_identification:_identify(Library/Artifacts/f5) by extensions ['cmake', 'python']
[10.695s] Level 1:colcon.colcon_core.package_identification:_identify(Library/Artifacts/f5) by extension 'cmake'
[10.698s] Level 1:colcon.colcon_core.package_identification:_identify(Library/Artifacts/f5) by extension 'python'
[10.701s] Level 1:colcon.colcon_core.package_identification:_identify(Library/Artifacts/f5) by extensions ['python_setup_py']
[10.702s] Level 1:colcon.colcon_core.package_identification:_identify(Library/Artifacts/f5) by extension 'python_setup_py'
[10.711s] Level 1:colcon.colcon_core.package_identification:_identify(Library/Artifacts/f6) by extensions ['ignore', 'ignore_ament_install']
[10.712s] Level 1:colcon.colcon_core.package_identification:_identify(Library/Artifacts/f6) by extension 'ignore'
[10.715s] Level 1:colcon.colcon_core.package_identification:_identify(Library/Artifacts/f6) by extension 'ignore_ament_install'
[10.719s] Level 1:colcon.colcon_core.package_identification:_identify(Library/Artifacts/f6) by extensions ['colcon_pkg']
[10.719s] Level 1:colcon.colcon_core.package_identification:_identify(Library/Artifacts/f6) by extension 'colcon_pkg'
[10.722s] Level 1:colcon.colcon_core.package_identification:_identify(Library/Artifacts/f6) by extensions ['colcon_meta']
[10.722s] Level 1:colcon.colcon_core.package_identification:_identify(Library/Artifacts/f6) by extension 'colcon_meta'
[10.727s] Level 1:colcon.colcon_core.package_identification:_identify(Library/Artifacts/f6) by extensions ['ros']
[10.728s] Level 1:colcon.colcon_core.package_identification:_identify(Library/Artifacts/f6) by extension 'ros'
[10.737s] Level 1:colcon.colcon_core.package_identification:_identify(Library/Artifacts/f6) by extensions ['cmake', 'python']
[10.738s] Level 1:colcon.colcon_core.package_identification:_identify(Library/Artifacts/f6) by extension 'cmake'
[10.739s] Level 1:colcon.colcon_core.package_identification:_identify(Library/Artifacts/f6) by extension 'python'
[10.742s] Level 1:colcon.colcon_core.package_identification:_identify(Library/Artifacts/f6) by extensions ['python_setup_py']
[10.742s] Level 1:colcon.colcon_core.package_identification:_identify(Library/Artifacts/f6) by extension 'python_setup_py'
[10.755s] Level 1:colcon.colcon_core.package_identification:_identify(Library/Artifacts/f7) by extensions ['ignore', 'ignore_ament_install']
[10.756s] Level 1:colcon.colcon_core.package_identification:_identify(Library/Artifacts/f7) by extension 'ignore'
[10.759s] Level 1:colcon.colcon_core.package_identification:_identify(Library/Artifacts/f7) by extension 'ignore_ament_install'
[10.763s] Level 1:colcon.colcon_core.package_identification:_identify(Library/Artifacts/f7) by extensions ['colcon_pkg']
[10.764s] Level 1:colcon.colcon_core.package_identification:_identify(Library/Artifacts/f7) by extension 'colcon_pkg'
[10.766s] Level 1:colcon.colcon_core.package_identification:_identify(Library/Artifacts/f7) by extensions ['colcon_meta']
[10.767s] Level 1:colcon.colcon_core.package_identification:_identify(Library/Artifacts/f7) by extension 'colcon_meta'
[10.770s] Level 1:colcon.colcon_core.package_identification:_identify(Library/Artifacts/f7) by extensions ['ros']
[10.771s] Level 1:colcon.colcon_core.package_identification:_identify(Library/Artifacts/f7) by extension 'ros'
[10.779s] Level 1:colcon.colcon_core.package_identification:_identify(Library/Artifacts/f7) by extensions ['cmake', 'python']
[10.780s] Level 1:colcon.colcon_core.package_identification:_identify(Library/Artifacts/f7) by extension 'cmake'
[10.783s] Level 1:colcon.colcon_core.package_identification:_identify(Library/Artifacts/f7) by extension 'python'
[10.785s] Level 1:colcon.colcon_core.package_identification:_identify(Library/Artifacts/f7) by extensions ['python_setup_py']
[10.786s] Level 1:colcon.colcon_core.package_identification:_identify(Library/Artifacts/f7) by extension 'python_setup_py'
[10.793s] Level 1:colcon.colcon_core.package_identification:_identify(Library/Artifacts/f8) by extensions ['ignore', 'ignore_ament_install']
[10.794s] Level 1:colcon.colcon_core.package_identification:_identify(Library/Artifacts/f8) by extension 'ignore'
[10.796s] Level 1:colcon.colcon_core.package_identification:_identify(Library/Artifacts/f8) by extension 'ignore_ament_install'
[10.799s] Level 1:colcon.colcon_core.package_identification:_identify(Library/Artifacts/f8) by extensions ['colcon_pkg']
[10.800s] Level 1:colcon.colcon_core.package_identification:_identify(Library/Artifacts/f8) by extension 'colcon_pkg'
[10.802s] Level 1:colcon.colcon_core.package_identification:_identify(Library/Artifacts/f8) by extensions ['colcon_meta']
[10.803s] Level 1:colcon.colcon_core.package_identification:_identify(Library/Artifacts/f8) by extension 'colcon_meta'
[10.807s] Level 1:colcon.colcon_core.package_identification:_identify(Library/Artifacts/f8) by extensions ['ros']
[10.808s] Level 1:colcon.colcon_core.package_identification:_identify(Library/Artifacts/f8) by extension 'ros'
[10.818s] Level 1:colcon.colcon_core.package_identification:_identify(Library/Artifacts/f8) by extensions ['cmake', 'python']
[10.819s] Level 1:colcon.colcon_core.package_identification:_identify(Library/Artifacts/f8) by extension 'cmake'
[10.822s] Level 1:colcon.colcon_core.package_identification:_identify(Library/Artifacts/f8) by extension 'python'
[10.824s] Level 1:colcon.colcon_core.package_identification:_identify(Library/Artifacts/f8) by extensions ['python_setup_py']
[10.825s] Level 1:colcon.colcon_core.package_identification:_identify(Library/Artifacts/f8) by extension 'python_setup_py'
[10.834s] Level 1:colcon.colcon_core.package_identification:_identify(Library/Artifacts/f9) by extensions ['ignore', 'ignore_ament_install']
[10.835s] Level 1:colcon.colcon_core.package_identification:_identify(Library/Artifacts/f9) by extension 'ignore'
[10.837s] Level 1:colcon.colcon_core.package_identification:_identify(Library/Artifacts/f9) by extension 'ignore_ament_install'
[10.842s] Level 1:colcon.colcon_core.package_identification:_identify(Library/Artifacts/f9) by extensions ['colcon_pkg']
[10.842s] Level 1:colcon.colcon_core.package_identification:_identify(Library/Artifacts/f9) by extension 'colcon_pkg'
[10.845s] Level 1:colcon.colcon_core.package_identification:_identify(Library/Artifacts/f9) by extensions ['colcon_meta']
[10.845s] Level 1:colcon.colcon_core.package_identification:_identify(Library/Artifacts/f9) by extension 'colcon_meta'
[10.850s] Level 1:colcon.colcon_core.package_identification:_identify(Library/Artifacts/f9) by extensions ['ros']
[10.850s] Level 1:colcon.colcon_core.package_identification:_identify(Library/Artifacts/f9) by extension 'ros'
[10.859s] Level 1:colcon.colcon_core.package_identification:_identify(Library/Artifacts/f9) by extensions ['cmake', 'python']
[10.860s] Level 1:colcon.colcon_core.package_identification:_identify(Library/Artifacts/f9) by extension 'cmake'
[10.862s] Level 1:colcon.colcon_core.package_identification:_identify(Library/Artifacts/f9) by extension 'python'
[10.866s] Level 1:colcon.colcon_core.package_identification:_identify(Library/Artifacts/f9) by extensions ['python_setup_py']
[10.866s] Level 1:colcon.colcon_core.package_identification:_identify(Library/Artifacts/f9) by extension 'python_setup_py'
[10.875s] Level 1:colcon.colcon_core.package_identification:_identify(Library/Artifacts/fa) by extensions ['ignore', 'ignore_ament_install']
[10.876s] Level 1:colcon.colcon_core.package_identification:_identify(Library/Artifacts/fa) by extension 'ignore'
[10.879s] Level 1:colcon.colcon_core.package_identification:_identify(Library/Artifacts/fa) by extension 'ignore_ament_install'
[10.883s] Level 1:colcon.colcon_core.package_identification:_identify(Library/Artifacts/fa) by extensions ['colcon_pkg']
[10.884s] Level 1:colcon.colcon_core.package_identification:_identify(Library/Artifacts/fa) by extension 'colcon_pkg'
[10.886s] Level 1:colcon.colcon_core.package_identification:_identify(Library/Artifacts/fa) by extensions ['colcon_meta']
[10.887s] Level 1:colcon.colcon_core.package_identification:_identify(Library/Artifacts/fa) by extension 'colcon_meta'
[10.891s] Level 1:colcon.colcon_core.package_identification:_identify(Library/Artifacts/fa) by extensions ['ros']
[10.892s] Level 1:colcon.colcon_core.package_identification:_identify(Library/Artifacts/fa) by extension 'ros'
[10.901s] Level 1:colcon.colcon_core.package_identification:_identify(Library/Artifacts/fa) by extensions ['cmake', 'python']
[10.902s] Level 1:colcon.colcon_core.package_identification:_identify(Library/Artifacts/fa) by extension 'cmake'
[10.903s] Level 1:colcon.colcon_core.package_identification:_identify(Library/Artifacts/fa) by extension 'python'
[10.906s] Level 1:colcon.colcon_core.package_identification:_identify(Library/Artifacts/fa) by extensions ['python_setup_py']
[10.907s] Level 1:colcon.colcon_core.package_identification:_identify(Library/Artifacts/fa) by extension 'python_setup_py'
[10.915s] Level 1:colcon.colcon_core.package_identification:_identify(Library/Artifacts/fb) by extensions ['ignore', 'ignore_ament_install']
[10.916s] Level 1:colcon.colcon_core.package_identification:_identify(Library/Artifacts/fb) by extension 'ignore'
[10.919s] Level 1:colcon.colcon_core.package_identification:_identify(Library/Artifacts/fb) by extension 'ignore_ament_install'
[10.923s] Level 1:colcon.colcon_core.package_identification:_identify(Library/Artifacts/fb) by extensions ['colcon_pkg']
[10.923s] Level 1:colcon.colcon_core.package_identification:_identify(Library/Artifacts/fb) by extension 'colcon_pkg'
[10.926s] Level 1:colcon.colcon_core.package_identification:_identify(Library/Artifacts/fb) by extensions ['colcon_meta']
[10.926s] Level 1:colcon.colcon_core.package_identification:_identify(Library/Artifacts/fb) by extension 'colcon_meta'
[10.930s] Level 1:colcon.colcon_core.package_identification:_identify(Library/Artifacts/fb) by extensions ['ros']
[10.931s] Level 1:colcon.colcon_core.package_identification:_identify(Library/Artifacts/fb) by extension 'ros'
[10.938s] Level 1:colcon.colcon_core.package_identification:_identify(Library/Artifacts/fb) by extensions ['cmake', 'python']
[10.939s] Level 1:colcon.colcon_core.package_identification:_identify(Library/Artifacts/fb) by extension 'cmake'
[10.941s] Level 1:colcon.colcon_core.package_identification:_identify(Library/Artifacts/fb) by extension 'python'
[10.943s] Level 1:colcon.colcon_core.package_identification:_identify(Library/Artifacts/fb) by extensions ['python_setup_py']
[10.943s] Level 1:colcon.colcon_core.package_identification:_identify(Library/Artifacts/fb) by extension 'python_setup_py'
[10.953s] Level 1:colcon.colcon_core.package_identification:_identify(Library/Artifacts/fc) by extensions ['ignore', 'ignore_ament_install']
[10.953s] Level 1:colcon.colcon_core.package_identification:_identify(Library/Artifacts/fc) by extension 'ignore'
[10.955s] Level 1:colcon.colcon_core.package_identification:_identify(Library/Artifacts/fc) by extension 'ignore_ament_install'
[10.960s] Level 1:colcon.colcon_core.package_identification:_identify(Library/Artifacts/fc) by extensions ['colcon_pkg']
[10.960s] Level 1:colcon.colcon_core.package_identification:_identify(Library/Artifacts/fc) by extension 'colcon_pkg'
[10.963s] Level 1:colcon.colcon_core.package_identification:_identify(Library/Artifacts/fc) by extensions ['colcon_meta']
[10.964s] Level 1:colcon.colcon_core.package_identification:_identify(Library/Artifacts/fc) by extension 'colcon_meta'
[10.968s] Level 1:colcon.colcon_core.package_identification:_identify(Library/Artifacts/fc) by extensions ['ros']
[10.968s] Level 1:colcon.colcon_core.package_identification:_identify(Library/Artifacts/fc) by extension 'ros'
[10.976s] Level 1:colcon.colcon_core.package_identification:_identify(Library/Artifacts/fc) by extensions ['cmake', 'python']
[10.977s] Level 1:colcon.colcon_core.package_identification:_identify(Library/Artifacts/fc) by extension 'cmake'
[10.979s] Level 1:colcon.colcon_core.package_identification:_identify(Library/Artifacts/fc) by extension 'python'
[10.982s] Level 1:colcon.colcon_core.package_identification:_identify(Library/Artifacts/fc) by extensions ['python_setup_py']
[10.982s] Level 1:colcon.colcon_core.package_identification:_identify(Library/Artifacts/fc) by extension 'python_setup_py'
[10.991s] Level 1:colcon.colcon_core.package_identification:_identify(Library/Artifacts/fd) by extensions ['ignore', 'ignore_ament_install']
[10.992s] Level 1:colcon.colcon_core.package_identification:_identify(Library/Artifacts/fd) by extension 'ignore'
[10.995s] Level 1:colcon.colcon_core.package_identification:_identify(Library/Artifacts/fd) by extension 'ignore_ament_install'
[11.001s] Level 1:colcon.colcon_core.package_identification:_identify(Library/Artifacts/fd) by extensions ['colcon_pkg']
[11.002s] Level 1:colcon.colcon_core.package_identification:_identify(Library/Artifacts/fd) by extension 'colcon_pkg'
[11.006s] Level 1:colcon.colcon_core.package_identification:_identify(Library/Artifacts/fd) by extensions ['colcon_meta']
[11.006s] Level 1:colcon.colcon_core.package_identification:_identify(Library/Artifacts/fd) by extension 'colcon_meta'
[11.010s] Level 1:colcon.colcon_core.package_identification:_identify(Library/Artifacts/fd) by extensions ['ros']
[11.011s] Level 1:colcon.colcon_core.package_identification:_identify(Library/Artifacts/fd) by extension 'ros'
[11.020s] Level 1:colcon.colcon_core.package_identification:_identify(Library/Artifacts/fd) by extensions ['cmake', 'python']
[11.021s] Level 1:colcon.colcon_core.package_identification:_identify(Library/Artifacts/fd) by extension 'cmake'
[11.023s] Level 1:colcon.colcon_core.package_identification:_identify(Library/Artifacts/fd) by extension 'python'
[11.025s] Level 1:colcon.colcon_core.package_identification:_identify(Library/Artifacts/fd) by extensions ['python_setup_py']
[11.025s] Level 1:colcon.colcon_core.package_identification:_identify(Library/Artifacts/fd) by extension 'python_setup_py'
[11.031s] Level 1:colcon.colcon_core.package_identification:_identify(Library/Artifacts/fe) by extensions ['ignore', 'ignore_ament_install']
[11.032s] Level 1:colcon.colcon_core.package_identification:_identify(Library/Artifacts/fe) by extension 'ignore'
[11.034s] Level 1:colcon.colcon_core.package_identification:_identify(Library/Artifacts/fe) by extension 'ignore_ament_install'
[11.037s] Level 1:colcon.colcon_core.package_identification:_identify(Library/Artifacts/fe) by extensions ['colcon_pkg']
[11.037s] Level 1:colcon.colcon_core.package_identification:_identify(Library/Artifacts/fe) by extension 'colcon_pkg'
[11.040s] Level 1:colcon.colcon_core.package_identification:_identify(Library/Artifacts/fe) by extensions ['colcon_meta']
[11.040s] Level 1:colcon.colcon_core.package_identification:_identify(Library/Artifacts/fe) by extension 'colcon_meta'
[11.045s] Level 1:colcon.colcon_core.package_identification:_identify(Library/Artifacts/fe) by extensions ['ros']
[11.045s] Level 1:colcon.colcon_core.package_identification:_identify(Library/Artifacts/fe) by extension 'ros'
[11.053s] Level 1:colcon.colcon_core.package_identification:_identify(Library/Artifacts/fe) by extensions ['cmake', 'python']
[11.054s] Level 1:colcon.colcon_core.package_identification:_identify(Library/Artifacts/fe) by extension 'cmake'
[11.056s] Level 1:colcon.colcon_core.package_identification:_identify(Library/Artifacts/fe) by extension 'python'
[11.058s] Level 1:colcon.colcon_core.package_identification:_identify(Library/Artifacts/fe) by extensions ['python_setup_py']
[11.059s] Level 1:colcon.colcon_core.package_identification:_identify(Library/Artifacts/fe) by extension 'python_setup_py'
[11.070s] Level 1:colcon.colcon_core.package_identification:_identify(Library/Artifacts/ff) by extensions ['ignore', 'ignore_ament_install']
[11.071s] Level 1:colcon.colcon_core.package_identification:_identify(Library/Artifacts/ff) by extension 'ignore'
[11.074s] Level 1:colcon.colcon_core.package_identification:_identify(Library/Artifacts/ff) by extension 'ignore_ament_install'
[11.078s] Level 1:colcon.colcon_core.package_identification:_identify(Library/Artifacts/ff) by extensions ['colcon_pkg']
[11.079s] Level 1:colcon.colcon_core.package_identification:_identify(Library/Artifacts/ff) by extension 'colcon_pkg'
[11.081s] Level 1:colcon.colcon_core.package_identification:_identify(Library/Artifacts/ff) by extensions ['colcon_meta']
[11.082s] Level 1:colcon.colcon_core.package_identification:_identify(Library/Artifacts/ff) by extension 'colcon_meta'
[11.086s] Level 1:colcon.colcon_core.package_identification:_identify(Library/Artifacts/ff) by extensions ['ros']
[11.087s] Level 1:colcon.colcon_core.package_identification:_identify(Library/Artifacts/ff) by extension 'ros'
[11.096s] Level 1:colcon.colcon_core.package_identification:_identify(Library/Artifacts/ff) by extensions ['cmake', 'python']
[11.097s] Level 1:colcon.colcon_core.package_identification:_identify(Library/Artifacts/ff) by extension 'cmake'
[11.099s] Level 1:colcon.colcon_core.package_identification:_identify(Library/Artifacts/ff) by extension 'python'
[11.102s] Level 1:colcon.colcon_core.package_identification:_identify(Library/Artifacts/ff) by extensions ['python_setup_py']
[11.102s] Level 1:colcon.colcon_core.package_identification:_identify(Library/Artifacts/ff) by extension 'python_setup_py'
[11.110s] Level 1:colcon.colcon_core.package_identification:_identify(Library/Bee) by extensions ['ignore', 'ignore_ament_install']
[11.110s] Level 1:colcon.colcon_core.package_identification:_identify(Library/Bee) by extension 'ignore'
[11.112s] Level 1:colcon.colcon_core.package_identification:_identify(Library/Bee) by extension 'ignore_ament_install'
[11.114s] Level 1:colcon.colcon_core.package_identification:_identify(Library/Bee) by extensions ['colcon_pkg']
[11.115s] Level 1:colcon.colcon_core.package_identification:_identify(Library/Bee) by extension 'colcon_pkg'
[11.117s] Level 1:colcon.colcon_core.package_identification:_identify(Library/Bee) by extensions ['colcon_meta']
[11.118s] Level 1:colcon.colcon_core.package_identification:_identify(Library/Bee) by extension 'colcon_meta'
[11.121s] Level 1:colcon.colcon_core.package_identification:_identify(Library/Bee) by extensions ['ros']
[11.122s] Level 1:colcon.colcon_core.package_identification:_identify(Library/Bee) by extension 'ros'
[11.129s] Level 1:colcon.colcon_core.package_identification:_identify(Library/Bee) by extensions ['cmake', 'python']
[11.130s] Level 1:colcon.colcon_core.package_identification:_identify(Library/Bee) by extension 'cmake'
[11.132s] Level 1:colcon.colcon_core.package_identification:_identify(Library/Bee) by extension 'python'
[11.134s] Level 1:colcon.colcon_core.package_identification:_identify(Library/Bee) by extensions ['python_setup_py']
[11.135s] Level 1:colcon.colcon_core.package_identification:_identify(Library/Bee) by extension 'python_setup_py'
[11.145s] Level 1:colcon.colcon_core.package_identification:_identify(Library/Bee/CachedNodeOutput) by extensions ['ignore', 'ignore_ament_install']
[11.146s] Level 1:colcon.colcon_core.package_identification:_identify(Library/Bee/CachedNodeOutput) by extension 'ignore'
[11.147s] Level 1:colcon.colcon_core.package_identification:_identify(Library/Bee/CachedNodeOutput) by extension 'ignore_ament_install'
[11.151s] Level 1:colcon.colcon_core.package_identification:_identify(Library/Bee/CachedNodeOutput) by extensions ['colcon_pkg']
[11.152s] Level 1:colcon.colcon_core.package_identification:_identify(Library/Bee/CachedNodeOutput) by extension 'colcon_pkg'
[11.155s] Level 1:colcon.colcon_core.package_identification:_identify(Library/Bee/CachedNodeOutput) by extensions ['colcon_meta']
[11.156s] Level 1:colcon.colcon_core.package_identification:_identify(Library/Bee/CachedNodeOutput) by extension 'colcon_meta'
[11.161s] Level 1:colcon.colcon_core.package_identification:_identify(Library/Bee/CachedNodeOutput) by extensions ['ros']
[11.162s] Level 1:colcon.colcon_core.package_identification:_identify(Library/Bee/CachedNodeOutput) by extension 'ros'
[11.172s] Level 1:colcon.colcon_core.package_identification:_identify(Library/Bee/CachedNodeOutput) by extensions ['cmake', 'python']
[11.173s] Level 1:colcon.colcon_core.package_identification:_identify(Library/Bee/CachedNodeOutput) by extension 'cmake'
[11.176s] Level 1:colcon.colcon_core.package_identification:_identify(Library/Bee/CachedNodeOutput) by extension 'python'
[11.179s] Level 1:colcon.colcon_core.package_identification:_identify(Library/Bee/CachedNodeOutput) by extensions ['python_setup_py']
[11.180s] Level 1:colcon.colcon_core.package_identification:_identify(Library/Bee/CachedNodeOutput) by extension 'python_setup_py'
[11.190s] Level 1:colcon.colcon_core.package_identification:_identify(Library/PackageCache) by extensions ['ignore', 'ignore_ament_install']
[11.191s] Level 1:colcon.colcon_core.package_identification:_identify(Library/PackageCache) by extension 'ignore'
[11.194s] Level 1:colcon.colcon_core.package_identification:_identify(Library/PackageCache) by extension 'ignore_ament_install'
[11.199s] Level 1:colcon.colcon_core.package_identification:_identify(Library/PackageCache) by extensions ['colcon_pkg']
[11.200s] Level 1:colcon.colcon_core.package_identification:_identify(Library/PackageCache) by extension 'colcon_pkg'
[11.202s] Level 1:colcon.colcon_core.package_identification:_identify(Library/PackageCache) by extensions ['colcon_meta']
[11.202s] Level 1:colcon.colcon_core.package_identification:_identify(Library/PackageCache) by extension 'colcon_meta'
[11.205s] Level 1:colcon.colcon_core.package_identification:_identify(Library/PackageCache) by extensions ['ros']
[11.206s] Level 1:colcon.colcon_core.package_identification:_identify(Library/PackageCache) by extension 'ros'
[11.212s] Level 1:colcon.colcon_core.package_identification:_identify(Library/PackageCache) by extensions ['cmake', 'python']
[11.213s] Level 1:colcon.colcon_core.package_identification:_identify(Library/PackageCache) by extension 'cmake'
[11.215s] Level 1:colcon.colcon_core.package_identification:_identify(Library/PackageCache) by extension 'python'
[11.217s] Level 1:colcon.colcon_core.package_identification:_identify(Library/PackageCache) by extensions ['python_setup_py']
[11.218s] Level 1:colcon.colcon_core.package_identification:_identify(Library/PackageCache) by extension 'python_setup_py'
[11.226s] Level 1:colcon.colcon_core.package_identification:_identify(Library/PackageCache/com.unity.modules.ai@1.0.0) by extensions ['ignore', 'ignore_ament_install']
[11.227s] Level 1:colcon.colcon_core.package_identification:_identify(Library/PackageCache/com.unity.modules.ai@1.0.0) by extension 'ignore'
[11.230s] Level 1:colcon.colcon_core.package_identification:_identify(Library/PackageCache/com.unity.modules.ai@1.0.0) by extension 'ignore_ament_install'
[11.233s] Level 1:colcon.colcon_core.package_identification:_identify(Library/PackageCache/com.unity.modules.ai@1.0.0) by extensions ['colcon_pkg']
[11.234s] Level 1:colcon.colcon_core.package_identification:_identify(Library/PackageCache/com.unity.modules.ai@1.0.0) by extension 'colcon_pkg'
[11.236s] Level 1:colcon.colcon_core.package_identification:_identify(Library/PackageCache/com.unity.modules.ai@1.0.0) by extensions ['colcon_meta']
[11.237s] Level 1:colcon.colcon_core.package_identification:_identify(Library/PackageCache/com.unity.modules.ai@1.0.0) by extension 'colcon_meta'
[11.241s] Level 1:colcon.colcon_core.package_identification:_identify(Library/PackageCache/com.unity.modules.ai@1.0.0) by extensions ['ros']
[11.242s] Level 1:colcon.colcon_core.package_identification:_identify(Library/PackageCache/com.unity.modules.ai@1.0.0) by extension 'ros'
[11.251s] Level 1:colcon.colcon_core.package_identification:_identify(Library/PackageCache/com.unity.modules.ai@1.0.0) by extensions ['cmake', 'python']
[11.252s] Level 1:colcon.colcon_core.package_identification:_identify(Library/PackageCache/com.unity.modules.ai@1.0.0) by extension 'cmake'
[11.255s] Level 1:colcon.colcon_core.package_identification:_identify(Library/PackageCache/com.unity.modules.ai@1.0.0) by extension 'python'
[11.258s] Level 1:colcon.colcon_core.package_identification:_identify(Library/PackageCache/com.unity.modules.ai@1.0.0) by extensions ['python_setup_py']
[11.259s] Level 1:colcon.colcon_core.package_identification:_identify(Library/PackageCache/com.unity.modules.ai@1.0.0) by extension 'python_setup_py'
[11.270s] Level 1:colcon.colcon_core.package_identification:_identify(Library/PackageCache/com.unity.modules.androidjni@1.0.0) by extensions ['ignore', 'ignore_ament_install']
[11.271s] Level 1:colcon.colcon_core.package_identification:_identify(Library/PackageCache/com.unity.modules.androidjni@1.0.0) by extension 'ignore'
[11.274s] Level 1:colcon.colcon_core.package_identification:_identify(Library/PackageCache/com.unity.modules.androidjni@1.0.0) by extension 'ignore_ament_install'
[11.278s] Level 1:colcon.colcon_core.package_identification:_identify(Library/PackageCache/com.unity.modules.androidjni@1.0.0) by extensions ['colcon_pkg']
[11.279s] Level 1:colcon.colcon_core.package_identification:_identify(Library/PackageCache/com.unity.modules.androidjni@1.0.0) by extension 'colcon_pkg'
[11.282s] Level 1:colcon.colcon_core.package_identification:_identify(Library/PackageCache/com.unity.modules.androidjni@1.0.0) by extensions ['colcon_meta']
[11.282s] Level 1:colcon.colcon_core.package_identification:_identify(Library/PackageCache/com.unity.modules.androidjni@1.0.0) by extension 'colcon_meta'
[11.287s] Level 1:colcon.colcon_core.package_identification:_identify(Library/PackageCache/com.unity.modules.androidjni@1.0.0) by extensions ['ros']
[11.287s] Level 1:colcon.colcon_core.package_identification:_identify(Library/PackageCache/com.unity.modules.androidjni@1.0.0) by extension 'ros'
[11.296s] Level 1:colcon.colcon_core.package_identification:_identify(Library/PackageCache/com.unity.modules.androidjni@1.0.0) by extensions ['cmake', 'python']
[11.297s] Level 1:colcon.colcon_core.package_identification:_identify(Library/PackageCache/com.unity.modules.androidjni@1.0.0) by extension 'cmake'
[11.299s] Level 1:colcon.colcon_core.package_identification:_identify(Library/PackageCache/com.unity.modules.androidjni@1.0.0) by extension 'python'
[11.302s] Level 1:colcon.colcon_core.package_identification:_identify(Library/PackageCache/com.unity.modules.androidjni@1.0.0) by extensions ['python_setup_py']
[11.302s] Level 1:colcon.colcon_core.package_identification:_identify(Library/PackageCache/com.unity.modules.androidjni@1.0.0) by extension 'python_setup_py'
[11.310s] Level 1:colcon.colcon_core.package_identification:_identify(Library/PackageCache/com.unity.modules.animation@1.0.0) by extensions ['ignore', 'ignore_ament_install']
[11.311s] Level 1:colcon.colcon_core.package_identification:_identify(Library/PackageCache/com.unity.modules.animation@1.0.0) by extension 'ignore'
[11.313s] Level 1:colcon.colcon_core.package_identification:_identify(Library/PackageCache/com.unity.modules.animation@1.0.0) by extension 'ignore_ament_install'
[11.316s] Level 1:colcon.colcon_core.package_identification:_identify(Library/PackageCache/com.unity.modules.animation@1.0.0) by extensions ['colcon_pkg']
[11.317s] Level 1:colcon.colcon_core.package_identification:_identify(Library/PackageCache/com.unity.modules.animation@1.0.0) by extension 'colcon_pkg'
[11.318s] Level 1:colcon.colcon_core.package_identification:_identify(Library/PackageCache/com.unity.modules.animation@1.0.0) by extensions ['colcon_meta']
[11.319s] Level 1:colcon.colcon_core.package_identification:_identify(Library/PackageCache/com.unity.modules.animation@1.0.0) by extension 'colcon_meta'
[11.322s] Level 1:colcon.colcon_core.package_identification:_identify(Library/PackageCache/com.unity.modules.animation@1.0.0) by extensions ['ros']
[11.323s] Level 1:colcon.colcon_core.package_identification:_identify(Library/PackageCache/com.unity.modules.animation@1.0.0) by extension 'ros'
[11.332s] Level 1:colcon.colcon_core.package_identification:_identify(Library/PackageCache/com.unity.modules.animation@1.0.0) by extensions ['cmake', 'python']
[11.333s] Level 1:colcon.colcon_core.package_identification:_identify(Library/PackageCache/com.unity.modules.animation@1.0.0) by extension 'cmake'
[11.336s] Level 1:colcon.colcon_core.package_identification:_identify(Library/PackageCache/com.unity.modules.animation@1.0.0) by extension 'python'
[11.338s] Level 1:colcon.colcon_core.package_identification:_identify(Library/PackageCache/com.unity.modules.animation@1.0.0) by extensions ['python_setup_py']
[11.339s] Level 1:colcon.colcon_core.package_identification:_identify(Library/PackageCache/com.unity.modules.animation@1.0.0) by extension 'python_setup_py'
[11.347s] Level 1:colcon.colcon_core.package_identification:_identify(Library/PackageCache/com.unity.modules.assetbundle@1.0.0) by extensions ['ignore', 'ignore_ament_install']
[11.348s] Level 1:colcon.colcon_core.package_identification:_identify(Library/PackageCache/com.unity.modules.assetbundle@1.0.0) by extension 'ignore'
[11.351s] Level 1:colcon.colcon_core.package_identification:_identify(Library/PackageCache/com.unity.modules.assetbundle@1.0.0) by extension 'ignore_ament_install'
[11.355s] Level 1:colcon.colcon_core.package_identification:_identify(Library/PackageCache/com.unity.modules.assetbundle@1.0.0) by extensions ['colcon_pkg']
[11.356s] Level 1:colcon.colcon_core.package_identification:_identify(Library/PackageCache/com.unity.modules.assetbundle@1.0.0) by extension 'colcon_pkg'
[11.360s] Level 1:colcon.colcon_core.package_identification:_identify(Library/PackageCache/com.unity.modules.assetbundle@1.0.0) by extensions ['colcon_meta']
[11.361s] Level 1:colcon.colcon_core.package_identification:_identify(Library/PackageCache/com.unity.modules.assetbundle@1.0.0) by extension 'colcon_meta'
[11.365s] Level 1:colcon.colcon_core.package_identification:_identify(Library/PackageCache/com.unity.modules.assetbundle@1.0.0) by extensions ['ros']
[11.366s] Level 1:colcon.colcon_core.package_identification:_identify(Library/PackageCache/com.unity.modules.assetbundle@1.0.0) by extension 'ros'
[11.374s] Level 1:colcon.colcon_core.package_identification:_identify(Library/PackageCache/com.unity.modules.assetbundle@1.0.0) by extensions ['cmake', 'python']
[11.375s] Level 1:colcon.colcon_core.package_identification:_identify(Library/PackageCache/com.unity.modules.assetbundle@1.0.0) by extension 'cmake'
[11.378s] Level 1:colcon.colcon_core.package_identification:_identify(Library/PackageCache/com.unity.modules.assetbundle@1.0.0) by extension 'python'
[11.382s] Level 1:colcon.colcon_core.package_identification:_identify(Library/PackageCache/com.unity.modules.assetbundle@1.0.0) by extensions ['python_setup_py']
[11.383s] Level 1:colcon.colcon_core.package_identification:_identify(Library/PackageCache/com.unity.modules.assetbundle@1.0.0) by extension 'python_setup_py'
[11.392s] Level 1:colcon.colcon_core.package_identification:_identify(Library/PackageCache/com.unity.modules.audio@1.0.0) by extensions ['ignore', 'ignore_ament_install']
[11.392s] Level 1:colcon.colcon_core.package_identification:_identify(Library/PackageCache/com.unity.modules.audio@1.0.0) by extension 'ignore'
[11.394s] Level 1:colcon.colcon_core.package_identification:_identify(Library/PackageCache/com.unity.modules.audio@1.0.0) by extension 'ignore_ament_install'
[11.399s] Level 1:colcon.colcon_core.package_identification:_identify(Library/PackageCache/com.unity.modules.audio@1.0.0) by extensions ['colcon_pkg']
[11.399s] Level 1:colcon.colcon_core.package_identification:_identify(Library/PackageCache/com.unity.modules.audio@1.0.0) by extension 'colcon_pkg'
[11.402s] Level 1:colcon.colcon_core.package_identification:_identify(Library/PackageCache/com.unity.modules.audio@1.0.0) by extensions ['colcon_meta']
[11.403s] Level 1:colcon.colcon_core.package_identification:_identify(Library/PackageCache/com.unity.modules.audio@1.0.0) by extension 'colcon_meta'
[11.407s] Level 1:colcon.colcon_core.package_identification:_identify(Library/PackageCache/com.unity.modules.audio@1.0.0) by extensions ['ros']
[11.408s] Level 1:colcon.colcon_core.package_identification:_identify(Library/PackageCache/com.unity.modules.audio@1.0.0) by extension 'ros'
[11.417s] Level 1:colcon.colcon_core.package_identification:_identify(Library/PackageCache/com.unity.modules.audio@1.0.0) by extensions ['cmake', 'python']
[11.418s] Level 1:colcon.colcon_core.package_identification:_identify(Library/PackageCache/com.unity.modules.audio@1.0.0) by extension 'cmake'
[11.420s] Level 1:colcon.colcon_core.package_identification:_identify(Library/PackageCache/com.unity.modules.audio@1.0.0) by extension 'python'
[11.422s] Level 1:colcon.colcon_core.package_identification:_identify(Library/PackageCache/com.unity.modules.audio@1.0.0) by extensions ['python_setup_py']
[11.422s] Level 1:colcon.colcon_core.package_identification:_identify(Library/PackageCache/com.unity.modules.audio@1.0.0) by extension 'python_setup_py'
[11.432s] Level 1:colcon.colcon_core.package_identification:_identify(Library/PackageCache/com.unity.modules.cloth@1.0.0) by extensions ['ignore', 'ignore_ament_install']
[11.432s] Level 1:colcon.colcon_core.package_identification:_identify(Library/PackageCache/com.unity.modules.cloth@1.0.0) by extension 'ignore'
[11.435s] Level 1:colcon.colcon_core.package_identification:_identify(Library/PackageCache/com.unity.modules.cloth@1.0.0) by extension 'ignore_ament_install'
[11.438s] Level 1:colcon.colcon_core.package_identification:_identify(Library/PackageCache/com.unity.modules.cloth@1.0.0) by extensions ['colcon_pkg']
[11.439s] Level 1:colcon.colcon_core.package_identification:_identify(Library/PackageCache/com.unity.modules.cloth@1.0.0) by extension 'colcon_pkg'
[11.442s] Level 1:colcon.colcon_core.package_identification:_identify(Library/PackageCache/com.unity.modules.cloth@1.0.0) by extensions ['colcon_meta']
[11.442s] Level 1:colcon.colcon_core.package_identification:_identify(Library/PackageCache/com.unity.modules.cloth@1.0.0) by extension 'colcon_meta'
[11.447s] Level 1:colcon.colcon_core.package_identification:_identify(Library/PackageCache/com.unity.modules.cloth@1.0.0) by extensions ['ros']
[11.447s] Level 1:colcon.colcon_core.package_identification:_identify(Library/PackageCache/com.unity.modules.cloth@1.0.0) by extension 'ros'
[11.457s] Level 1:colcon.colcon_core.package_identification:_identify(Library/PackageCache/com.unity.modules.cloth@1.0.0) by extensions ['cmake', 'python']
[11.458s] Level 1:colcon.colcon_core.package_identification:_identify(Library/PackageCache/com.unity.modules.cloth@1.0.0) by extension 'cmake'
[11.460s] Level 1:colcon.colcon_core.package_identification:_identify(Library/PackageCache/com.unity.modules.cloth@1.0.0) by extension 'python'
[11.462s] Level 1:colcon.colcon_core.package_identification:_identify(Library/PackageCache/com.unity.modules.cloth@1.0.0) by extensions ['python_setup_py']
[11.463s] Level 1:colcon.colcon_core.package_identification:_identify(Library/PackageCache/com.unity.modules.cloth@1.0.0) by extension 'python_setup_py'
[11.471s] Level 1:colcon.colcon_core.package_identification:_identify(Library/PackageCache/com.unity.modules.director@1.0.0) by extensions ['ignore', 'ignore_ament_install']
[11.472s] Level 1:colcon.colcon_core.package_identification:_identify(Library/PackageCache/com.unity.modules.director@1.0.0) by extension 'ignore'
[11.474s] Level 1:colcon.colcon_core.package_identification:_identify(Library/PackageCache/com.unity.modules.director@1.0.0) by extension 'ignore_ament_install'
[11.477s] Level 1:colcon.colcon_core.package_identification:_identify(Library/PackageCache/com.unity.modules.director@1.0.0) by extensions ['colcon_pkg']
[11.478s] Level 1:colcon.colcon_core.package_identification:_identify(Library/PackageCache/com.unity.modules.director@1.0.0) by extension 'colcon_pkg'
[11.480s] Level 1:colcon.colcon_core.package_identification:_identify(Library/PackageCache/com.unity.modules.director@1.0.0) by extensions ['colcon_meta']
[11.481s] Level 1:colcon.colcon_core.package_identification:_identify(Library/PackageCache/com.unity.modules.director@1.0.0) by extension 'colcon_meta'
[11.485s] Level 1:colcon.colcon_core.package_identification:_identify(Library/PackageCache/com.unity.modules.director@1.0.0) by extensions ['ros']
[11.485s] Level 1:colcon.colcon_core.package_identification:_identify(Library/PackageCache/com.unity.modules.director@1.0.0) by extension 'ros'
[11.494s] Level 1:colcon.colcon_core.package_identification:_identify(Library/PackageCache/com.unity.modules.director@1.0.0) by extensions ['cmake', 'python']
[11.494s] Level 1:colcon.colcon_core.package_identification:_identify(Library/PackageCache/com.unity.modules.director@1.0.0) by extension 'cmake'
[11.496s] Level 1:colcon.colcon_core.package_identification:_identify(Library/PackageCache/com.unity.modules.director@1.0.0) by extension 'python'
[11.499s] Level 1:colcon.colcon_core.package_identification:_identify(Library/PackageCache/com.unity.modules.director@1.0.0) by extensions ['python_setup_py']
[11.499s] Level 1:colcon.colcon_core.package_identification:_identify(Library/PackageCache/com.unity.modules.director@1.0.0) by extension 'python_setup_py'
[11.506s] Level 1:colcon.colcon_core.package_identification:_identify(Library/PackageCache/com.unity.modules.imageconversion@1.0.0) by extensions ['ignore', 'ignore_ament_install']
[11.506s] Level 1:colcon.colcon_core.package_identification:_identify(Library/PackageCache/com.unity.modules.imageconversion@1.0.0) by extension 'ignore'
[11.508s] Level 1:colcon.colcon_core.package_identification:_identify(Library/PackageCache/com.unity.modules.imageconversion@1.0.0) by extension 'ignore_ament_install'
[11.512s] Level 1:colcon.colcon_core.package_identification:_identify(Library/PackageCache/com.unity.modules.imageconversion@1.0.0) by extensions ['colcon_pkg']
[11.513s] Level 1:colcon.colcon_core.package_identification:_identify(Library/PackageCache/com.unity.modules.imageconversion@1.0.0) by extension 'colcon_pkg'
[11.515s] Level 1:colcon.colcon_core.package_identification:_identify(Library/PackageCache/com.unity.modules.imageconversion@1.0.0) by extensions ['colcon_meta']
[11.515s] Level 1:colcon.colcon_core.package_identification:_identify(Library/PackageCache/com.unity.modules.imageconversion@1.0.0) by extension 'colcon_meta'
[11.519s] Level 1:colcon.colcon_core.package_identification:_identify(Library/PackageCache/com.unity.modules.imageconversion@1.0.0) by extensions ['ros']
[11.520s] Level 1:colcon.colcon_core.package_identification:_identify(Library/PackageCache/com.unity.modules.imageconversion@1.0.0) by extension 'ros'
[11.527s] Level 1:colcon.colcon_core.package_identification:_identify(Library/PackageCache/com.unity.modules.imageconversion@1.0.0) by extensions ['cmake', 'python']
[11.528s] Level 1:colcon.colcon_core.package_identification:_identify(Library/PackageCache/com.unity.modules.imageconversion@1.0.0) by extension 'cmake'
[11.530s] Level 1:colcon.colcon_core.package_identification:_identify(Library/PackageCache/com.unity.modules.imageconversion@1.0.0) by extension 'python'
[11.532s] Level 1:colcon.colcon_core.package_identification:_identify(Library/PackageCache/com.unity.modules.imageconversion@1.0.0) by extensions ['python_setup_py']
[11.533s] Level 1:colcon.colcon_core.package_identification:_identify(Library/PackageCache/com.unity.modules.imageconversion@1.0.0) by extension 'python_setup_py'
[11.540s] Level 1:colcon.colcon_core.package_identification:_identify(Library/PackageCache/com.unity.modules.imgui@1.0.0) by extensions ['ignore', 'ignore_ament_install']
[11.541s] Level 1:colcon.colcon_core.package_identification:_identify(Library/PackageCache/com.unity.modules.imgui@1.0.0) by extension 'ignore'
[11.543s] Level 1:colcon.colcon_core.package_identification:_identify(Library/PackageCache/com.unity.modules.imgui@1.0.0) by extension 'ignore_ament_install'
[11.547s] Level 1:colcon.colcon_core.package_identification:_identify(Library/PackageCache/com.unity.modules.imgui@1.0.0) by extensions ['colcon_pkg']
[11.547s] Level 1:colcon.colcon_core.package_identification:_identify(Library/PackageCache/com.unity.modules.imgui@1.0.0) by extension 'colcon_pkg'
[11.549s] Level 1:colcon.colcon_core.package_identification:_identify(Library/PackageCache/com.unity.modules.imgui@1.0.0) by extensions ['colcon_meta']
[11.550s] Level 1:colcon.colcon_core.package_identification:_identify(Library/PackageCache/com.unity.modules.imgui@1.0.0) by extension 'colcon_meta'
[11.554s] Level 1:colcon.colcon_core.package_identification:_identify(Library/PackageCache/com.unity.modules.imgui@1.0.0) by extensions ['ros']
[11.554s] Level 1:colcon.colcon_core.package_identification:_identify(Library/PackageCache/com.unity.modules.imgui@1.0.0) by extension 'ros'
[11.563s] Level 1:colcon.colcon_core.package_identification:_identify(Library/PackageCache/com.unity.modules.imgui@1.0.0) by extensions ['cmake', 'python']
[11.563s] Level 1:colcon.colcon_core.package_identification:_identify(Library/PackageCache/com.unity.modules.imgui@1.0.0) by extension 'cmake'
[11.565s] Level 1:colcon.colcon_core.package_identification:_identify(Library/PackageCache/com.unity.modules.imgui@1.0.0) by extension 'python'
[11.567s] Level 1:colcon.colcon_core.package_identification:_identify(Library/PackageCache/com.unity.modules.imgui@1.0.0) by extensions ['python_setup_py']
[11.568s] Level 1:colcon.colcon_core.package_identification:_identify(Library/PackageCache/com.unity.modules.imgui@1.0.0) by extension 'python_setup_py'
[11.576s] Level 1:colcon.colcon_core.package_identification:_identify(Library/PackageCache/com.unity.modules.jsonserialize@1.0.0) by extensions ['ignore', 'ignore_ament_install']
[11.577s] Level 1:colcon.colcon_core.package_identification:_identify(Library/PackageCache/com.unity.modules.jsonserialize@1.0.0) by extension 'ignore'
[11.579s] Level 1:colcon.colcon_core.package_identification:_identify(Library/PackageCache/com.unity.modules.jsonserialize@1.0.0) by extension 'ignore_ament_install'
[11.582s] Level 1:colcon.colcon_core.package_identification:_identify(Library/PackageCache/com.unity.modules.jsonserialize@1.0.0) by extensions ['colcon_pkg']
[11.582s] Level 1:colcon.colcon_core.package_identification:_identify(Library/PackageCache/com.unity.modules.jsonserialize@1.0.0) by extension 'colcon_pkg'
[11.585s] Level 1:colcon.colcon_core.package_identification:_identify(Library/PackageCache/com.unity.modules.jsonserialize@1.0.0) by extensions ['colcon_meta']
[11.585s] Level 1:colcon.colcon_core.package_identification:_identify(Library/PackageCache/com.unity.modules.jsonserialize@1.0.0) by extension 'colcon_meta'
[11.590s] Level 1:colcon.colcon_core.package_identification:_identify(Library/PackageCache/com.unity.modules.jsonserialize@1.0.0) by extensions ['ros']
[11.590s] Level 1:colcon.colcon_core.package_identification:_identify(Library/PackageCache/com.unity.modules.jsonserialize@1.0.0) by extension 'ros'
[11.599s] Level 1:colcon.colcon_core.package_identification:_identify(Library/PackageCache/com.unity.modules.jsonserialize@1.0.0) by extensions ['cmake', 'python']
[11.600s] Level 1:colcon.colcon_core.package_identification:_identify(Library/PackageCache/com.unity.modules.jsonserialize@1.0.0) by extension 'cmake'
[11.602s] Level 1:colcon.colcon_core.package_identification:_identify(Library/PackageCache/com.unity.modules.jsonserialize@1.0.0) by extension 'python'
[11.604s] Level 1:colcon.colcon_core.package_identification:_identify(Library/PackageCache/com.unity.modules.jsonserialize@1.0.0) by extensions ['python_setup_py']
[11.605s] Level 1:colcon.colcon_core.package_identification:_identify(Library/PackageCache/com.unity.modules.jsonserialize@1.0.0) by extension 'python_setup_py'
[11.614s] Level 1:colcon.colcon_core.package_identification:_identify(Library/PackageCache/com.unity.modules.particlesystem@1.0.0) by extensions ['ignore', 'ignore_ament_install']
[11.614s] Level 1:colcon.colcon_core.package_identification:_identify(Library/PackageCache/com.unity.modules.particlesystem@1.0.0) by extension 'ignore'
[11.617s] Level 1:colcon.colcon_core.package_identification:_identify(Library/PackageCache/com.unity.modules.particlesystem@1.0.0) by extension 'ignore_ament_install'
[11.621s] Level 1:colcon.colcon_core.package_identification:_identify(Library/PackageCache/com.unity.modules.particlesystem@1.0.0) by extensions ['colcon_pkg']
[11.621s] Level 1:colcon.colcon_core.package_identification:_identify(Library/PackageCache/com.unity.modules.particlesystem@1.0.0) by extension 'colcon_pkg'
[11.624s] Level 1:colcon.colcon_core.package_identification:_identify(Library/PackageCache/com.unity.modules.particlesystem@1.0.0) by extensions ['colcon_meta']
[11.624s] Level 1:colcon.colcon_core.package_identification:_identify(Library/PackageCache/com.unity.modules.particlesystem@1.0.0) by extension 'colcon_meta'
[11.628s] Level 1:colcon.colcon_core.package_identification:_identify(Library/PackageCache/com.unity.modules.particlesystem@1.0.0) by extensions ['ros']
[11.629s] Level 1:colcon.colcon_core.package_identification:_identify(Library/PackageCache/com.unity.modules.particlesystem@1.0.0) by extension 'ros'
[11.636s] Level 1:colcon.colcon_core.package_identification:_identify(Library/PackageCache/com.unity.modules.particlesystem@1.0.0) by extensions ['cmake', 'python']
[11.637s] Level 1:colcon.colcon_core.package_identification:_identify(Library/PackageCache/com.unity.modules.particlesystem@1.0.0) by extension 'cmake'
[11.639s] Level 1:colcon.colcon_core.package_identification:_identify(Library/PackageCache/com.unity.modules.particlesystem@1.0.0) by extension 'python'
[11.641s] Level 1:colcon.colcon_core.package_identification:_identify(Library/PackageCache/com.unity.modules.particlesystem@1.0.0) by extensions ['python_setup_py']
[11.641s] Level 1:colcon.colcon_core.package_identification:_identify(Library/PackageCache/com.unity.modules.particlesystem@1.0.0) by extension 'python_setup_py'
[11.650s] Level 1:colcon.colcon_core.package_identification:_identify(Library/PackageCache/com.unity.modules.physics2d@1.0.0) by extensions ['ignore', 'ignore_ament_install']
[11.651s] Level 1:colcon.colcon_core.package_identification:_identify(Library/PackageCache/com.unity.modules.physics2d@1.0.0) by extension 'ignore'
[11.653s] Level 1:colcon.colcon_core.package_identification:_identify(Library/PackageCache/com.unity.modules.physics2d@1.0.0) by extension 'ignore_ament_install'
[11.656s] Level 1:colcon.colcon_core.package_identification:_identify(Library/PackageCache/com.unity.modules.physics2d@1.0.0) by extensions ['colcon_pkg']
[11.657s] Level 1:colcon.colcon_core.package_identification:_identify(Library/PackageCache/com.unity.modules.physics2d@1.0.0) by extension 'colcon_pkg'
[11.659s] Level 1:colcon.colcon_core.package_identification:_identify(Library/PackageCache/com.unity.modules.physics2d@1.0.0) by extensions ['colcon_meta']
[11.660s] Level 1:colcon.colcon_core.package_identification:_identify(Library/PackageCache/com.unity.modules.physics2d@1.0.0) by extension 'colcon_meta'
[11.666s] Level 1:colcon.colcon_core.package_identification:_identify(Library/PackageCache/com.unity.modules.physics2d@1.0.0) by extensions ['ros']
[11.667s] Level 1:colcon.colcon_core.package_identification:_identify(Library/PackageCache/com.unity.modules.physics2d@1.0.0) by extension 'ros'
[11.674s] Level 1:colcon.colcon_core.package_identification:_identify(Library/PackageCache/com.unity.modules.physics2d@1.0.0) by extensions ['cmake', 'python']
[11.675s] Level 1:colcon.colcon_core.package_identification:_identify(Library/PackageCache/com.unity.modules.physics2d@1.0.0) by extension 'cmake'
[11.678s] Level 1:colcon.colcon_core.package_identification:_identify(Library/PackageCache/com.unity.modules.physics2d@1.0.0) by extension 'python'
[11.680s] Level 1:colcon.colcon_core.package_identification:_identify(Library/PackageCache/com.unity.modules.physics2d@1.0.0) by extensions ['python_setup_py']
[11.681s] Level 1:colcon.colcon_core.package_identification:_identify(Library/PackageCache/com.unity.modules.physics2d@1.0.0) by extension 'python_setup_py'
[11.690s] Level 1:colcon.colcon_core.package_identification:_identify(Library/PackageCache/com.unity.modules.physics@1.0.0) by extensions ['ignore', 'ignore_ament_install']
[11.691s] Level 1:colcon.colcon_core.package_identification:_identify(Library/PackageCache/com.unity.modules.physics@1.0.0) by extension 'ignore'
[11.694s] Level 1:colcon.colcon_core.package_identification:_identify(Library/PackageCache/com.unity.modules.physics@1.0.0) by extension 'ignore_ament_install'
[11.698s] Level 1:colcon.colcon_core.package_identification:_identify(Library/PackageCache/com.unity.modules.physics@1.0.0) by extensions ['colcon_pkg']
[11.698s] Level 1:colcon.colcon_core.package_identification:_identify(Library/PackageCache/com.unity.modules.physics@1.0.0) by extension 'colcon_pkg'
[11.700s] Level 1:colcon.colcon_core.package_identification:_identify(Library/PackageCache/com.unity.modules.physics@1.0.0) by extensions ['colcon_meta']
[11.701s] Level 1:colcon.colcon_core.package_identification:_identify(Library/PackageCache/com.unity.modules.physics@1.0.0) by extension 'colcon_meta'
[11.705s] Level 1:colcon.colcon_core.package_identification:_identify(Library/PackageCache/com.unity.modules.physics@1.0.0) by extensions ['ros']
[11.706s] Level 1:colcon.colcon_core.package_identification:_identify(Library/PackageCache/com.unity.modules.physics@1.0.0) by extension 'ros'
[11.714s] Level 1:colcon.colcon_core.package_identification:_identify(Library/PackageCache/com.unity.modules.physics@1.0.0) by extensions ['cmake', 'python']
[11.715s] Level 1:colcon.colcon_core.package_identification:_identify(Library/PackageCache/com.unity.modules.physics@1.0.0) by extension 'cmake'
[11.717s] Level 1:colcon.colcon_core.package_identification:_identify(Library/PackageCache/com.unity.modules.physics@1.0.0) by extension 'python'
[11.720s] Level 1:colcon.colcon_core.package_identification:_identify(Library/PackageCache/com.unity.modules.physics@1.0.0) by extensions ['python_setup_py']
[11.720s] Level 1:colcon.colcon_core.package_identification:_identify(Library/PackageCache/com.unity.modules.physics@1.0.0) by extension 'python_setup_py'
[11.729s] Level 1:colcon.colcon_core.package_identification:_identify(Library/PackageCache/com.unity.modules.screencapture@1.0.0) by extensions ['ignore', 'ignore_ament_install']
[11.730s] Level 1:colcon.colcon_core.package_identification:_identify(Library/PackageCache/com.unity.modules.screencapture@1.0.0) by extension 'ignore'
[11.732s] Level 1:colcon.colcon_core.package_identification:_identify(Library/PackageCache/com.unity.modules.screencapture@1.0.0) by extension 'ignore_ament_install'
[11.738s] Level 1:colcon.colcon_core.package_identification:_identify(Library/PackageCache/com.unity.modules.screencapture@1.0.0) by extensions ['colcon_pkg']
[11.738s] Level 1:colcon.colcon_core.package_identification:_identify(Library/PackageCache/com.unity.modules.screencapture@1.0.0) by extension 'colcon_pkg'
[11.741s] Level 1:colcon.colcon_core.package_identification:_identify(Library/PackageCache/com.unity.modules.screencapture@1.0.0) by extensions ['colcon_meta']
[11.741s] Level 1:colcon.colcon_core.package_identification:_identify(Library/PackageCache/com.unity.modules.screencapture@1.0.0) by extension 'colcon_meta'
[11.746s] Level 1:colcon.colcon_core.package_identification:_identify(Library/PackageCache/com.unity.modules.screencapture@1.0.0) by extensions ['ros']
[11.747s] Level 1:colcon.colcon_core.package_identification:_identify(Library/PackageCache/com.unity.modules.screencapture@1.0.0) by extension 'ros'
[11.757s] Level 1:colcon.colcon_core.package_identification:_identify(Library/PackageCache/com.unity.modules.screencapture@1.0.0) by extensions ['cmake', 'python']
[11.757s] Level 1:colcon.colcon_core.package_identification:_identify(Library/PackageCache/com.unity.modules.screencapture@1.0.0) by extension 'cmake'
[11.759s] Level 1:colcon.colcon_core.package_identification:_identify(Library/PackageCache/com.unity.modules.screencapture@1.0.0) by extension 'python'
[11.762s] Level 1:colcon.colcon_core.package_identification:_identify(Library/PackageCache/com.unity.modules.screencapture@1.0.0) by extensions ['python_setup_py']
[11.763s] Level 1:colcon.colcon_core.package_identification:_identify(Library/PackageCache/com.unity.modules.screencapture@1.0.0) by extension 'python_setup_py'
[11.772s] Level 1:colcon.colcon_core.package_identification:_identify(Library/PackageCache/com.unity.modules.subsystems@1.0.0) by extensions ['ignore', 'ignore_ament_install']
[11.773s] Level 1:colcon.colcon_core.package_identification:_identify(Library/PackageCache/com.unity.modules.subsystems@1.0.0) by extension 'ignore'
[11.775s] Level 1:colcon.colcon_core.package_identification:_identify(Library/PackageCache/com.unity.modules.subsystems@1.0.0) by extension 'ignore_ament_install'
[11.779s] Level 1:colcon.colcon_core.package_identification:_identify(Library/PackageCache/com.unity.modules.subsystems@1.0.0) by extensions ['colcon_pkg']
[11.780s] Level 1:colcon.colcon_core.package_identification:_identify(Library/PackageCache/com.unity.modules.subsystems@1.0.0) by extension 'colcon_pkg'
[11.782s] Level 1:colcon.colcon_core.package_identification:_identify(Library/PackageCache/com.unity.modules.subsystems@1.0.0) by extensions ['colcon_meta']
[11.783s] Level 1:colcon.colcon_core.package_identification:_identify(Library/PackageCache/com.unity.modules.subsystems@1.0.0) by extension 'colcon_meta'
[11.787s] Level 1:colcon.colcon_core.package_identification:_identify(Library/PackageCache/com.unity.modules.subsystems@1.0.0) by extensions ['ros']
[11.788s] Level 1:colcon.colcon_core.package_identification:_identify(Library/PackageCache/com.unity.modules.subsystems@1.0.0) by extension 'ros'
[11.798s] Level 1:colcon.colcon_core.package_identification:_identify(Library/PackageCache/com.unity.modules.subsystems@1.0.0) by extensions ['cmake', 'python']
[11.798s] Level 1:colcon.colcon_core.package_identification:_identify(Library/PackageCache/com.unity.modules.subsystems@1.0.0) by extension 'cmake'
[11.801s] Level 1:colcon.colcon_core.package_identification:_identify(Library/PackageCache/com.unity.modules.subsystems@1.0.0) by extension 'python'
[11.803s] Level 1:colcon.colcon_core.package_identification:_identify(Library/PackageCache/com.unity.modules.subsystems@1.0.0) by extensions ['python_setup_py']
[11.804s] Level 1:colcon.colcon_core.package_identification:_identify(Library/PackageCache/com.unity.modules.subsystems@1.0.0) by extension 'python_setup_py'
[11.813s] Level 1:colcon.colcon_core.package_identification:_identify(Library/PackageCache/com.unity.modules.terrain@1.0.0) by extensions ['ignore', 'ignore_ament_install']
[11.813s] Level 1:colcon.colcon_core.package_identification:_identify(Library/PackageCache/com.unity.modules.terrain@1.0.0) by extension 'ignore'
[11.815s] Level 1:colcon.colcon_core.package_identification:_identify(Library/PackageCache/com.unity.modules.terrain@1.0.0) by extension 'ignore_ament_install'
[11.819s] Level 1:colcon.colcon_core.package_identification:_identify(Library/PackageCache/com.unity.modules.terrain@1.0.0) by extensions ['colcon_pkg']
[11.820s] Level 1:colcon.colcon_core.package_identification:_identify(Library/PackageCache/com.unity.modules.terrain@1.0.0) by extension 'colcon_pkg'
[11.822s] Level 1:colcon.colcon_core.package_identification:_identify(Library/PackageCache/com.unity.modules.terrain@1.0.0) by extensions ['colcon_meta']
[11.823s] Level 1:colcon.colcon_core.package_identification:_identify(Library/PackageCache/com.unity.modules.terrain@1.0.0) by extension 'colcon_meta'
[11.827s] Level 1:colcon.colcon_core.package_identification:_identify(Library/PackageCache/com.unity.modules.terrain@1.0.0) by extensions ['ros']
[11.828s] Level 1:colcon.colcon_core.package_identification:_identify(Library/PackageCache/com.unity.modules.terrain@1.0.0) by extension 'ros'
[11.837s] Level 1:colcon.colcon_core.package_identification:_identify(Library/PackageCache/com.unity.modules.terrain@1.0.0) by extensions ['cmake', 'python']
[11.838s] Level 1:colcon.colcon_core.package_identification:_identify(Library/PackageCache/com.unity.modules.terrain@1.0.0) by extension 'cmake'
[11.840s] Level 1:colcon.colcon_core.package_identification:_identify(Library/PackageCache/com.unity.modules.terrain@1.0.0) by extension 'python'
[11.842s] Level 1:colcon.colcon_core.package_identification:_identify(Library/PackageCache/com.unity.modules.terrain@1.0.0) by extensions ['python_setup_py']
[11.843s] Level 1:colcon.colcon_core.package_identification:_identify(Library/PackageCache/com.unity.modules.terrain@1.0.0) by extension 'python_setup_py'
[11.851s] Level 1:colcon.colcon_core.package_identification:_identify(Library/PackageCache/com.unity.modules.terrainphysics@1.0.0) by extensions ['ignore', 'ignore_ament_install']
[11.851s] Level 1:colcon.colcon_core.package_identification:_identify(Library/PackageCache/com.unity.modules.terrainphysics@1.0.0) by extension 'ignore'
[11.854s] Level 1:colcon.colcon_core.package_identification:_identify(Library/PackageCache/com.unity.modules.terrainphysics@1.0.0) by extension 'ignore_ament_install'
[11.857s] Level 1:colcon.colcon_core.package_identification:_identify(Library/PackageCache/com.unity.modules.terrainphysics@1.0.0) by extensions ['colcon_pkg']
[11.858s] Level 1:colcon.colcon_core.package_identification:_identify(Library/PackageCache/com.unity.modules.terrainphysics@1.0.0) by extension 'colcon_pkg'
[11.860s] Level 1:colcon.colcon_core.package_identification:_identify(Library/PackageCache/com.unity.modules.terrainphysics@1.0.0) by extensions ['colcon_meta']
[11.861s] Level 1:colcon.colcon_core.package_identification:_identify(Library/PackageCache/com.unity.modules.terrainphysics@1.0.0) by extension 'colcon_meta'
[11.864s] Level 1:colcon.colcon_core.package_identification:_identify(Library/PackageCache/com.unity.modules.terrainphysics@1.0.0) by extensions ['ros']
[11.865s] Level 1:colcon.colcon_core.package_identification:_identify(Library/PackageCache/com.unity.modules.terrainphysics@1.0.0) by extension 'ros'
[11.873s] Level 1:colcon.colcon_core.package_identification:_identify(Library/PackageCache/com.unity.modules.terrainphysics@1.0.0) by extensions ['cmake', 'python']
[11.874s] Level 1:colcon.colcon_core.package_identification:_identify(Library/PackageCache/com.unity.modules.terrainphysics@1.0.0) by extension 'cmake'
[11.876s] Level 1:colcon.colcon_core.package_identification:_identify(Library/PackageCache/com.unity.modules.terrainphysics@1.0.0) by extension 'python'
[11.878s] Level 1:colcon.colcon_core.package_identification:_identify(Library/PackageCache/com.unity.modules.terrainphysics@1.0.0) by extensions ['python_setup_py']
[11.879s] Level 1:colcon.colcon_core.package_identification:_identify(Library/PackageCache/com.unity.modules.terrainphysics@1.0.0) by extension 'python_setup_py'
[11.886s] Level 1:colcon.colcon_core.package_identification:_identify(Library/PackageCache/com.unity.modules.tilemap@1.0.0) by extensions ['ignore', 'ignore_ament_install']
[11.887s] Level 1:colcon.colcon_core.package_identification:_identify(Library/PackageCache/com.unity.modules.tilemap@1.0.0) by extension 'ignore'
[11.889s] Level 1:colcon.colcon_core.package_identification:_identify(Library/PackageCache/com.unity.modules.tilemap@1.0.0) by extension 'ignore_ament_install'
[11.895s] Level 1:colcon.colcon_core.package_identification:_identify(Library/PackageCache/com.unity.modules.tilemap@1.0.0) by extensions ['colcon_pkg']
[11.896s] Level 1:colcon.colcon_core.package_identification:_identify(Library/PackageCache/com.unity.modules.tilemap@1.0.0) by extension 'colcon_pkg'
[11.898s] Level 1:colcon.colcon_core.package_identification:_identify(Library/PackageCache/com.unity.modules.tilemap@1.0.0) by extensions ['colcon_meta']
[11.899s] Level 1:colcon.colcon_core.package_identification:_identify(Library/PackageCache/com.unity.modules.tilemap@1.0.0) by extension 'colcon_meta'
[11.903s] Level 1:colcon.colcon_core.package_identification:_identify(Library/PackageCache/com.unity.modules.tilemap@1.0.0) by extensions ['ros']
[11.904s] Level 1:colcon.colcon_core.package_identification:_identify(Library/PackageCache/com.unity.modules.tilemap@1.0.0) by extension 'ros'
[11.912s] Level 1:colcon.colcon_core.package_identification:_identify(Library/PackageCache/com.unity.modules.tilemap@1.0.0) by extensions ['cmake', 'python']
[11.913s] Level 1:colcon.colcon_core.package_identification:_identify(Library/PackageCache/com.unity.modules.tilemap@1.0.0) by extension 'cmake'
[11.916s] Level 1:colcon.colcon_core.package_identification:_identify(Library/PackageCache/com.unity.modules.tilemap@1.0.0) by extension 'python'
[11.918s] Level 1:colcon.colcon_core.package_identification:_identify(Library/PackageCache/com.unity.modules.tilemap@1.0.0) by extensions ['python_setup_py']
[11.919s] Level 1:colcon.colcon_core.package_identification:_identify(Library/PackageCache/com.unity.modules.tilemap@1.0.0) by extension 'python_setup_py'
[11.928s] Level 1:colcon.colcon_core.package_identification:_identify(Library/PackageCache/com.unity.modules.ui@1.0.0) by extensions ['ignore', 'ignore_ament_install']
[11.928s] Level 1:colcon.colcon_core.package_identification:_identify(Library/PackageCache/com.unity.modules.ui@1.0.0) by extension 'ignore'
[11.930s] Level 1:colcon.colcon_core.package_identification:_identify(Library/PackageCache/com.unity.modules.ui@1.0.0) by extension 'ignore_ament_install'
[11.935s] Level 1:colcon.colcon_core.package_identification:_identify(Library/PackageCache/com.unity.modules.ui@1.0.0) by extensions ['colcon_pkg']
[11.936s] Level 1:colcon.colcon_core.package_identification:_identify(Library/PackageCache/com.unity.modules.ui@1.0.0) by extension 'colcon_pkg'
[11.938s] Level 1:colcon.colcon_core.package_identification:_identify(Library/PackageCache/com.unity.modules.ui@1.0.0) by extensions ['colcon_meta']
[11.939s] Level 1:colcon.colcon_core.package_identification:_identify(Library/PackageCache/com.unity.modules.ui@1.0.0) by extension 'colcon_meta'
[11.945s] Level 1:colcon.colcon_core.package_identification:_identify(Library/PackageCache/com.unity.modules.ui@1.0.0) by extensions ['ros']
[11.945s] Level 1:colcon.colcon_core.package_identification:_identify(Library/PackageCache/com.unity.modules.ui@1.0.0) by extension 'ros'
[11.952s] Level 1:colcon.colcon_core.package_identification:_identify(Library/PackageCache/com.unity.modules.ui@1.0.0) by extensions ['cmake', 'python']
[11.953s] Level 1:colcon.colcon_core.package_identification:_identify(Library/PackageCache/com.unity.modules.ui@1.0.0) by extension 'cmake'
[11.955s] Level 1:colcon.colcon_core.package_identification:_identify(Library/PackageCache/com.unity.modules.ui@1.0.0) by extension 'python'
[11.958s] Level 1:colcon.colcon_core.package_identification:_identify(Library/PackageCache/com.unity.modules.ui@1.0.0) by extensions ['python_setup_py']
[11.959s] Level 1:colcon.colcon_core.package_identification:_identify(Library/PackageCache/com.unity.modules.ui@1.0.0) by extension 'python_setup_py'
[11.967s] Level 1:colcon.colcon_core.package_identification:_identify(Library/PackageCache/com.unity.modules.uielements@1.0.0) by extensions ['ignore', 'ignore_ament_install']
[11.968s] Level 1:colcon.colcon_core.package_identification:_identify(Library/PackageCache/com.unity.modules.uielements@1.0.0) by extension 'ignore'
[11.970s] Level 1:colcon.colcon_core.package_identification:_identify(Library/PackageCache/com.unity.modules.uielements@1.0.0) by extension 'ignore_ament_install'
[11.974s] Level 1:colcon.colcon_core.package_identification:_identify(Library/PackageCache/com.unity.modules.uielements@1.0.0) by extensions ['colcon_pkg']
[11.975s] Level 1:colcon.colcon_core.package_identification:_identify(Library/PackageCache/com.unity.modules.uielements@1.0.0) by extension 'colcon_pkg'
[11.978s] Level 1:colcon.colcon_core.package_identification:_identify(Library/PackageCache/com.unity.modules.uielements@1.0.0) by extensions ['colcon_meta']
[11.980s] Level 1:colcon.colcon_core.package_identification:_identify(Library/PackageCache/com.unity.modules.uielements@1.0.0) by extension 'colcon_meta'
[11.985s] Level 1:colcon.colcon_core.package_identification:_identify(Library/PackageCache/com.unity.modules.uielements@1.0.0) by extensions ['ros']
[11.986s] Level 1:colcon.colcon_core.package_identification:_identify(Library/PackageCache/com.unity.modules.uielements@1.0.0) by extension 'ros'
[11.994s] Level 1:colcon.colcon_core.package_identification:_identify(Library/PackageCache/com.unity.modules.uielements@1.0.0) by extensions ['cmake', 'python']
[11.995s] Level 1:colcon.colcon_core.package_identification:_identify(Library/PackageCache/com.unity.modules.uielements@1.0.0) by extension 'cmake'
[12.001s] Level 1:colcon.colcon_core.package_identification:_identify(Library/PackageCache/com.unity.modules.uielements@1.0.0) by extension 'python'
[12.003s] Level 1:colcon.colcon_core.package_identification:_identify(Library/PackageCache/com.unity.modules.uielements@1.0.0) by extensions ['python_setup_py']
[12.004s] Level 1:colcon.colcon_core.package_identification:_identify(Library/PackageCache/com.unity.modules.uielements@1.0.0) by extension 'python_setup_py'
[12.013s] Level 1:colcon.colcon_core.package_identification:_identify(Library/PackageCache/com.unity.modules.umbra@1.0.0) by extensions ['ignore', 'ignore_ament_install']
[12.014s] Level 1:colcon.colcon_core.package_identification:_identify(Library/PackageCache/com.unity.modules.umbra@1.0.0) by extension 'ignore'
[12.017s] Level 1:colcon.colcon_core.package_identification:_identify(Library/PackageCache/com.unity.modules.umbra@1.0.0) by extension 'ignore_ament_install'
[12.020s] Level 1:colcon.colcon_core.package_identification:_identify(Library/PackageCache/com.unity.modules.umbra@1.0.0) by extensions ['colcon_pkg']
[12.021s] Level 1:colcon.colcon_core.package_identification:_identify(Library/PackageCache/com.unity.modules.umbra@1.0.0) by extension 'colcon_pkg'
[12.024s] Level 1:colcon.colcon_core.package_identification:_identify(Library/PackageCache/com.unity.modules.umbra@1.0.0) by extensions ['colcon_meta']
[12.025s] Level 1:colcon.colcon_core.package_identification:_identify(Library/PackageCache/com.unity.modules.umbra@1.0.0) by extension 'colcon_meta'
[12.029s] Level 1:colcon.colcon_core.package_identification:_identify(Library/PackageCache/com.unity.modules.umbra@1.0.0) by extensions ['ros']
[12.030s] Level 1:colcon.colcon_core.package_identification:_identify(Library/PackageCache/com.unity.modules.umbra@1.0.0) by extension 'ros'
[12.038s] Level 1:colcon.colcon_core.package_identification:_identify(Library/PackageCache/com.unity.modules.umbra@1.0.0) by extensions ['cmake', 'python']
[12.039s] Level 1:colcon.colcon_core.package_identification:_identify(Library/PackageCache/com.unity.modules.umbra@1.0.0) by extension 'cmake'
[12.042s] Level 1:colcon.colcon_core.package_identification:_identify(Library/PackageCache/com.unity.modules.umbra@1.0.0) by extension 'python'
[12.044s] Level 1:colcon.colcon_core.package_identification:_identify(Library/PackageCache/com.unity.modules.umbra@1.0.0) by extensions ['python_setup_py']
[12.045s] Level 1:colcon.colcon_core.package_identification:_identify(Library/PackageCache/com.unity.modules.umbra@1.0.0) by extension 'python_setup_py'
[12.054s] Level 1:colcon.colcon_core.package_identification:_identify(Library/PackageCache/com.unity.modules.unityanalytics@1.0.0) by extensions ['ignore', 'ignore_ament_install']
[12.055s] Level 1:colcon.colcon_core.package_identification:_identify(Library/PackageCache/com.unity.modules.unityanalytics@1.0.0) by extension 'ignore'
[12.060s] Level 1:colcon.colcon_core.package_identification:_identify(Library/PackageCache/com.unity.modules.unityanalytics@1.0.0) by extension 'ignore_ament_install'
[12.067s] Level 1:colcon.colcon_core.package_identification:_identify(Library/PackageCache/com.unity.modules.unityanalytics@1.0.0) by extensions ['colcon_pkg']
[12.068s] Level 1:colcon.colcon_core.package_identification:_identify(Library/PackageCache/com.unity.modules.unityanalytics@1.0.0) by extension 'colcon_pkg'
[12.071s] Level 1:colcon.colcon_core.package_identification:_identify(Library/PackageCache/com.unity.modules.unityanalytics@1.0.0) by extensions ['colcon_meta']
[12.072s] Level 1:colcon.colcon_core.package_identification:_identify(Library/PackageCache/com.unity.modules.unityanalytics@1.0.0) by extension 'colcon_meta'
[12.075s] Level 1:colcon.colcon_core.package_identification:_identify(Library/PackageCache/com.unity.modules.unityanalytics@1.0.0) by extensions ['ros']
[12.076s] Level 1:colcon.colcon_core.package_identification:_identify(Library/PackageCache/com.unity.modules.unityanalytics@1.0.0) by extension 'ros'
[12.085s] Level 1:colcon.colcon_core.package_identification:_identify(Library/PackageCache/com.unity.modules.unityanalytics@1.0.0) by extensions ['cmake', 'python']
[12.086s] Level 1:colcon.colcon_core.package_identification:_identify(Library/PackageCache/com.unity.modules.unityanalytics@1.0.0) by extension 'cmake'
[12.089s] Level 1:colcon.colcon_core.package_identification:_identify(Library/PackageCache/com.unity.modules.unityanalytics@1.0.0) by extension 'python'
[12.092s] Level 1:colcon.colcon_core.package_identification:_identify(Library/PackageCache/com.unity.modules.unityanalytics@1.0.0) by extensions ['python_setup_py']
[12.093s] Level 1:colcon.colcon_core.package_identification:_identify(Library/PackageCache/com.unity.modules.unityanalytics@1.0.0) by extension 'python_setup_py'
[12.102s] Level 1:colcon.colcon_core.package_identification:_identify(Library/PackageCache/com.unity.modules.unitywebrequest@1.0.0) by extensions ['ignore', 'ignore_ament_install']
[12.103s] Level 1:colcon.colcon_core.package_identification:_identify(Library/PackageCache/com.unity.modules.unitywebrequest@1.0.0) by extension 'ignore'
[12.105s] Level 1:colcon.colcon_core.package_identification:_identify(Library/PackageCache/com.unity.modules.unitywebrequest@1.0.0) by extension 'ignore_ament_install'
[12.110s] Level 1:colcon.colcon_core.package_identification:_identify(Library/PackageCache/com.unity.modules.unitywebrequest@1.0.0) by extensions ['colcon_pkg']
[12.111s] Level 1:colcon.colcon_core.package_identification:_identify(Library/PackageCache/com.unity.modules.unitywebrequest@1.0.0) by extension 'colcon_pkg'
[12.113s] Level 1:colcon.colcon_core.package_identification:_identify(Library/PackageCache/com.unity.modules.unitywebrequest@1.0.0) by extensions ['colcon_meta']
[12.114s] Level 1:colcon.colcon_core.package_identification:_identify(Library/PackageCache/com.unity.modules.unitywebrequest@1.0.0) by extension 'colcon_meta'
[12.118s] Level 1:colcon.colcon_core.package_identification:_identify(Library/PackageCache/com.unity.modules.unitywebrequest@1.0.0) by extensions ['ros']
[12.119s] Level 1:colcon.colcon_core.package_identification:_identify(Library/PackageCache/com.unity.modules.unitywebrequest@1.0.0) by extension 'ros'
[12.127s] Level 1:colcon.colcon_core.package_identification:_identify(Library/PackageCache/com.unity.modules.unitywebrequest@1.0.0) by extensions ['cmake', 'python']
[12.128s] Level 1:colcon.colcon_core.package_identification:_identify(Library/PackageCache/com.unity.modules.unitywebrequest@1.0.0) by extension 'cmake'
[12.131s] Level 1:colcon.colcon_core.package_identification:_identify(Library/PackageCache/com.unity.modules.unitywebrequest@1.0.0) by extension 'python'
[12.135s] Level 1:colcon.colcon_core.package_identification:_identify(Library/PackageCache/com.unity.modules.unitywebrequest@1.0.0) by extensions ['python_setup_py']
[12.136s] Level 1:colcon.colcon_core.package_identification:_identify(Library/PackageCache/com.unity.modules.unitywebrequest@1.0.0) by extension 'python_setup_py'
[12.145s] Level 1:colcon.colcon_core.package_identification:_identify(Library/PackageCache/com.unity.modules.unitywebrequestassetbundle@1.0.0) by extensions ['ignore', 'ignore_ament_install']
[12.146s] Level 1:colcon.colcon_core.package_identification:_identify(Library/PackageCache/com.unity.modules.unitywebrequestassetbundle@1.0.0) by extension 'ignore'
[12.148s] Level 1:colcon.colcon_core.package_identification:_identify(Library/PackageCache/com.unity.modules.unitywebrequestassetbundle@1.0.0) by extension 'ignore_ament_install'
[12.152s] Level 1:colcon.colcon_core.package_identification:_identify(Library/PackageCache/com.unity.modules.unitywebrequestassetbundle@1.0.0) by extensions ['colcon_pkg']
[12.153s] Level 1:colcon.colcon_core.package_identification:_identify(Library/PackageCache/com.unity.modules.unitywebrequestassetbundle@1.0.0) by extension 'colcon_pkg'
[12.155s] Level 1:colcon.colcon_core.package_identification:_identify(Library/PackageCache/com.unity.modules.unitywebrequestassetbundle@1.0.0) by extensions ['colcon_meta']
[12.156s] Level 1:colcon.colcon_core.package_identification:_identify(Library/PackageCache/com.unity.modules.unitywebrequestassetbundle@1.0.0) by extension 'colcon_meta'
[12.160s] Level 1:colcon.colcon_core.package_identification:_identify(Library/PackageCache/com.unity.modules.unitywebrequestassetbundle@1.0.0) by extensions ['ros']
[12.161s] Level 1:colcon.colcon_core.package_identification:_identify(Library/PackageCache/com.unity.modules.unitywebrequestassetbundle@1.0.0) by extension 'ros'
[12.169s] Level 1:colcon.colcon_core.package_identification:_identify(Library/PackageCache/com.unity.modules.unitywebrequestassetbundle@1.0.0) by extensions ['cmake', 'python']
[12.170s] Level 1:colcon.colcon_core.package_identification:_identify(Library/PackageCache/com.unity.modules.unitywebrequestassetbundle@1.0.0) by extension 'cmake'
[12.172s] Level 1:colcon.colcon_core.package_identification:_identify(Library/PackageCache/com.unity.modules.unitywebrequestassetbundle@1.0.0) by extension 'python'
[12.175s] Level 1:colcon.colcon_core.package_identification:_identify(Library/PackageCache/com.unity.modules.unitywebrequestassetbundle@1.0.0) by extensions ['python_setup_py']
[12.175s] Level 1:colcon.colcon_core.package_identification:_identify(Library/PackageCache/com.unity.modules.unitywebrequestassetbundle@1.0.0) by extension 'python_setup_py'
[12.182s] Level 1:colcon.colcon_core.package_identification:_identify(Library/PackageCache/com.unity.modules.unitywebrequestaudio@1.0.0) by extensions ['ignore', 'ignore_ament_install']
[12.183s] Level 1:colcon.colcon_core.package_identification:_identify(Library/PackageCache/com.unity.modules.unitywebrequestaudio@1.0.0) by extension 'ignore'
[12.185s] Level 1:colcon.colcon_core.package_identification:_identify(Library/PackageCache/com.unity.modules.unitywebrequestaudio@1.0.0) by extension 'ignore_ament_install'
[12.188s] Level 1:colcon.colcon_core.package_identification:_identify(Library/PackageCache/com.unity.modules.unitywebrequestaudio@1.0.0) by extensions ['colcon_pkg']
[12.189s] Level 1:colcon.colcon_core.package_identification:_identify(Library/PackageCache/com.unity.modules.unitywebrequestaudio@1.0.0) by extension 'colcon_pkg'
[12.191s] Level 1:colcon.colcon_core.package_identification:_identify(Library/PackageCache/com.unity.modules.unitywebrequestaudio@1.0.0) by extensions ['colcon_meta']
[12.191s] Level 1:colcon.colcon_core.package_identification:_identify(Library/PackageCache/com.unity.modules.unitywebrequestaudio@1.0.0) by extension 'colcon_meta'
[12.195s] Level 1:colcon.colcon_core.package_identification:_identify(Library/PackageCache/com.unity.modules.unitywebrequestaudio@1.0.0) by extensions ['ros']
[12.196s] Level 1:colcon.colcon_core.package_identification:_identify(Library/PackageCache/com.unity.modules.unitywebrequestaudio@1.0.0) by extension 'ros'
[12.204s] Level 1:colcon.colcon_core.package_identification:_identify(Library/PackageCache/com.unity.modules.unitywebrequestaudio@1.0.0) by extensions ['cmake', 'python']
[12.204s] Level 1:colcon.colcon_core.package_identification:_identify(Library/PackageCache/com.unity.modules.unitywebrequestaudio@1.0.0) by extension 'cmake'
[12.206s] Level 1:colcon.colcon_core.package_identification:_identify(Library/PackageCache/com.unity.modules.unitywebrequestaudio@1.0.0) by extension 'python'
[12.209s] Level 1:colcon.colcon_core.package_identification:_identify(Library/PackageCache/com.unity.modules.unitywebrequestaudio@1.0.0) by extensions ['python_setup_py']
[12.209s] Level 1:colcon.colcon_core.package_identification:_identify(Library/PackageCache/com.unity.modules.unitywebrequestaudio@1.0.0) by extension 'python_setup_py'
[12.221s] Level 1:colcon.colcon_core.package_identification:_identify(Library/PackageCache/com.unity.modules.unitywebrequesttexture@1.0.0) by extensions ['ignore', 'ignore_ament_install']
[12.222s] Level 1:colcon.colcon_core.package_identification:_identify(Library/PackageCache/com.unity.modules.unitywebrequesttexture@1.0.0) by extension 'ignore'
[12.224s] Level 1:colcon.colcon_core.package_identification:_identify(Library/PackageCache/com.unity.modules.unitywebrequesttexture@1.0.0) by extension 'ignore_ament_install'
[12.228s] Level 1:colcon.colcon_core.package_identification:_identify(Library/PackageCache/com.unity.modules.unitywebrequesttexture@1.0.0) by extensions ['colcon_pkg']
[12.229s] Level 1:colcon.colcon_core.package_identification:_identify(Library/PackageCache/com.unity.modules.unitywebrequesttexture@1.0.0) by extension 'colcon_pkg'
[12.231s] Level 1:colcon.colcon_core.package_identification:_identify(Library/PackageCache/com.unity.modules.unitywebrequesttexture@1.0.0) by extensions ['colcon_meta']
[12.232s] Level 1:colcon.colcon_core.package_identification:_identify(Library/PackageCache/com.unity.modules.unitywebrequesttexture@1.0.0) by extension 'colcon_meta'
[12.235s] Level 1:colcon.colcon_core.package_identification:_identify(Library/PackageCache/com.unity.modules.unitywebrequesttexture@1.0.0) by extensions ['ros']
[12.236s] Level 1:colcon.colcon_core.package_identification:_identify(Library/PackageCache/com.unity.modules.unitywebrequesttexture@1.0.0) by extension 'ros'
[12.245s] Level 1:colcon.colcon_core.package_identification:_identify(Library/PackageCache/com.unity.modules.unitywebrequesttexture@1.0.0) by extensions ['cmake', 'python']
[12.246s] Level 1:colcon.colcon_core.package_identification:_identify(Library/PackageCache/com.unity.modules.unitywebrequesttexture@1.0.0) by extension 'cmake'
[12.248s] Level 1:colcon.colcon_core.package_identification:_identify(Library/PackageCache/com.unity.modules.unitywebrequesttexture@1.0.0) by extension 'python'
[12.250s] Level 1:colcon.colcon_core.package_identification:_identify(Library/PackageCache/com.unity.modules.unitywebrequesttexture@1.0.0) by extensions ['python_setup_py']
[12.251s] Level 1:colcon.colcon_core.package_identification:_identify(Library/PackageCache/com.unity.modules.unitywebrequesttexture@1.0.0) by extension 'python_setup_py'
[12.260s] Level 1:colcon.colcon_core.package_identification:_identify(Library/PackageCache/com.unity.modules.unitywebrequestwww@1.0.0) by extensions ['ignore', 'ignore_ament_install']
[12.260s] Level 1:colcon.colcon_core.package_identification:_identify(Library/PackageCache/com.unity.modules.unitywebrequestwww@1.0.0) by extension 'ignore'
[12.262s] Level 1:colcon.colcon_core.package_identification:_identify(Library/PackageCache/com.unity.modules.unitywebrequestwww@1.0.0) by extension 'ignore_ament_install'
[12.266s] Level 1:colcon.colcon_core.package_identification:_identify(Library/PackageCache/com.unity.modules.unitywebrequestwww@1.0.0) by extensions ['colcon_pkg']
[12.267s] Level 1:colcon.colcon_core.package_identification:_identify(Library/PackageCache/com.unity.modules.unitywebrequestwww@1.0.0) by extension 'colcon_pkg'
[12.270s] Level 1:colcon.colcon_core.package_identification:_identify(Library/PackageCache/com.unity.modules.unitywebrequestwww@1.0.0) by extensions ['colcon_meta']
[12.271s] Level 1:colcon.colcon_core.package_identification:_identify(Library/PackageCache/com.unity.modules.unitywebrequestwww@1.0.0) by extension 'colcon_meta'
[12.275s] Level 1:colcon.colcon_core.package_identification:_identify(Library/PackageCache/com.unity.modules.unitywebrequestwww@1.0.0) by extensions ['ros']
[12.275s] Level 1:colcon.colcon_core.package_identification:_identify(Library/PackageCache/com.unity.modules.unitywebrequestwww@1.0.0) by extension 'ros'
[12.284s] Level 1:colcon.colcon_core.package_identification:_identify(Library/PackageCache/com.unity.modules.unitywebrequestwww@1.0.0) by extensions ['cmake', 'python']
[12.285s] Level 1:colcon.colcon_core.package_identification:_identify(Library/PackageCache/com.unity.modules.unitywebrequestwww@1.0.0) by extension 'cmake'
[12.287s] Level 1:colcon.colcon_core.package_identification:_identify(Library/PackageCache/com.unity.modules.unitywebrequestwww@1.0.0) by extension 'python'
[12.290s] Level 1:colcon.colcon_core.package_identification:_identify(Library/PackageCache/com.unity.modules.unitywebrequestwww@1.0.0) by extensions ['python_setup_py']
[12.290s] Level 1:colcon.colcon_core.package_identification:_identify(Library/PackageCache/com.unity.modules.unitywebrequestwww@1.0.0) by extension 'python_setup_py'
[12.299s] Level 1:colcon.colcon_core.package_identification:_identify(Library/PackageCache/com.unity.modules.vehicles@1.0.0) by extensions ['ignore', 'ignore_ament_install']
[12.299s] Level 1:colcon.colcon_core.package_identification:_identify(Library/PackageCache/com.unity.modules.vehicles@1.0.0) by extension 'ignore'
[12.302s] Level 1:colcon.colcon_core.package_identification:_identify(Library/PackageCache/com.unity.modules.vehicles@1.0.0) by extension 'ignore_ament_install'
[12.306s] Level 1:colcon.colcon_core.package_identification:_identify(Library/PackageCache/com.unity.modules.vehicles@1.0.0) by extensions ['colcon_pkg']
[12.306s] Level 1:colcon.colcon_core.package_identification:_identify(Library/PackageCache/com.unity.modules.vehicles@1.0.0) by extension 'colcon_pkg'
[12.309s] Level 1:colcon.colcon_core.package_identification:_identify(Library/PackageCache/com.unity.modules.vehicles@1.0.0) by extensions ['colcon_meta']
[12.309s] Level 1:colcon.colcon_core.package_identification:_identify(Library/PackageCache/com.unity.modules.vehicles@1.0.0) by extension 'colcon_meta'
[12.313s] Level 1:colcon.colcon_core.package_identification:_identify(Library/PackageCache/com.unity.modules.vehicles@1.0.0) by extensions ['ros']
[12.315s] Level 1:colcon.colcon_core.package_identification:_identify(Library/PackageCache/com.unity.modules.vehicles@1.0.0) by extension 'ros'
[12.323s] Level 1:colcon.colcon_core.package_identification:_identify(Library/PackageCache/com.unity.modules.vehicles@1.0.0) by extensions ['cmake', 'python']
[12.324s] Level 1:colcon.colcon_core.package_identification:_identify(Library/PackageCache/com.unity.modules.vehicles@1.0.0) by extension 'cmake'
[12.327s] Level 1:colcon.colcon_core.package_identification:_identify(Library/PackageCache/com.unity.modules.vehicles@1.0.0) by extension 'python'
[12.329s] Level 1:colcon.colcon_core.package_identification:_identify(Library/PackageCache/com.unity.modules.vehicles@1.0.0) by extensions ['python_setup_py']
[12.330s] Level 1:colcon.colcon_core.package_identification:_identify(Library/PackageCache/com.unity.modules.vehicles@1.0.0) by extension 'python_setup_py'
[12.339s] Level 1:colcon.colcon_core.package_identification:_identify(Library/PackageCache/com.unity.modules.video@1.0.0) by extensions ['ignore', 'ignore_ament_install']
[12.340s] Level 1:colcon.colcon_core.package_identification:_identify(Library/PackageCache/com.unity.modules.video@1.0.0) by extension 'ignore'
[12.342s] Level 1:colcon.colcon_core.package_identification:_identify(Library/PackageCache/com.unity.modules.video@1.0.0) by extension 'ignore_ament_install'
[12.346s] Level 1:colcon.colcon_core.package_identification:_identify(Library/PackageCache/com.unity.modules.video@1.0.0) by extensions ['colcon_pkg']
[12.346s] Level 1:colcon.colcon_core.package_identification:_identify(Library/PackageCache/com.unity.modules.video@1.0.0) by extension 'colcon_pkg'
[12.349s] Level 1:colcon.colcon_core.package_identification:_identify(Library/PackageCache/com.unity.modules.video@1.0.0) by extensions ['colcon_meta']
[12.349s] Level 1:colcon.colcon_core.package_identification:_identify(Library/PackageCache/com.unity.modules.video@1.0.0) by extension 'colcon_meta'
[12.353s] Level 1:colcon.colcon_core.package_identification:_identify(Library/PackageCache/com.unity.modules.video@1.0.0) by extensions ['ros']
[12.354s] Level 1:colcon.colcon_core.package_identification:_identify(Library/PackageCache/com.unity.modules.video@1.0.0) by extension 'ros'
[12.359s] Level 1:colcon.colcon_core.package_identification:_identify(Library/PackageCache/com.unity.modules.video@1.0.0) by extensions ['cmake', 'python']
[12.360s] Level 1:colcon.colcon_core.package_identification:_identify(Library/PackageCache/com.unity.modules.video@1.0.0) by extension 'cmake'
[12.362s] Level 1:colcon.colcon_core.package_identification:_identify(Library/PackageCache/com.unity.modules.video@1.0.0) by extension 'python'
[12.364s] Level 1:colcon.colcon_core.package_identification:_identify(Library/PackageCache/com.unity.modules.video@1.0.0) by extensions ['python_setup_py']
[12.365s] Level 1:colcon.colcon_core.package_identification:_identify(Library/PackageCache/com.unity.modules.video@1.0.0) by extension 'python_setup_py'
[12.374s] Level 1:colcon.colcon_core.package_identification:_identify(Library/PackageCache/com.unity.modules.vr@1.0.0) by extensions ['ignore', 'ignore_ament_install']
[12.375s] Level 1:colcon.colcon_core.package_identification:_identify(Library/PackageCache/com.unity.modules.vr@1.0.0) by extension 'ignore'
[12.377s] Level 1:colcon.colcon_core.package_identification:_identify(Library/PackageCache/com.unity.modules.vr@1.0.0) by extension 'ignore_ament_install'
[12.381s] Level 1:colcon.colcon_core.package_identification:_identify(Library/PackageCache/com.unity.modules.vr@1.0.0) by extensions ['colcon_pkg']
[12.382s] Level 1:colcon.colcon_core.package_identification:_identify(Library/PackageCache/com.unity.modules.vr@1.0.0) by extension 'colcon_pkg'
[12.384s] Level 1:colcon.colcon_core.package_identification:_identify(Library/PackageCache/com.unity.modules.vr@1.0.0) by extensions ['colcon_meta']
[12.385s] Level 1:colcon.colcon_core.package_identification:_identify(Library/PackageCache/com.unity.modules.vr@1.0.0) by extension 'colcon_meta'
[12.389s] Level 1:colcon.colcon_core.package_identification:_identify(Library/PackageCache/com.unity.modules.vr@1.0.0) by extensions ['ros']
[12.389s] Level 1:colcon.colcon_core.package_identification:_identify(Library/PackageCache/com.unity.modules.vr@1.0.0) by extension 'ros'
[12.400s] Level 1:colcon.colcon_core.package_identification:_identify(Library/PackageCache/com.unity.modules.vr@1.0.0) by extensions ['cmake', 'python']
[12.400s] Level 1:colcon.colcon_core.package_identification:_identify(Library/PackageCache/com.unity.modules.vr@1.0.0) by extension 'cmake'
[12.402s] Level 1:colcon.colcon_core.package_identification:_identify(Library/PackageCache/com.unity.modules.vr@1.0.0) by extension 'python'
[12.404s] Level 1:colcon.colcon_core.package_identification:_identify(Library/PackageCache/com.unity.modules.vr@1.0.0) by extensions ['python_setup_py']
[12.405s] Level 1:colcon.colcon_core.package_identification:_identify(Library/PackageCache/com.unity.modules.vr@1.0.0) by extension 'python_setup_py'
[12.414s] Level 1:colcon.colcon_core.package_identification:_identify(Library/PackageCache/com.unity.modules.wind@1.0.0) by extensions ['ignore', 'ignore_ament_install']
[12.414s] Level 1:colcon.colcon_core.package_identification:_identify(Library/PackageCache/com.unity.modules.wind@1.0.0) by extension 'ignore'
[12.417s] Level 1:colcon.colcon_core.package_identification:_identify(Library/PackageCache/com.unity.modules.wind@1.0.0) by extension 'ignore_ament_install'
[12.421s] Level 1:colcon.colcon_core.package_identification:_identify(Library/PackageCache/com.unity.modules.wind@1.0.0) by extensions ['colcon_pkg']
[12.422s] Level 1:colcon.colcon_core.package_identification:_identify(Library/PackageCache/com.unity.modules.wind@1.0.0) by extension 'colcon_pkg'
[12.425s] Level 1:colcon.colcon_core.package_identification:_identify(Library/PackageCache/com.unity.modules.wind@1.0.0) by extensions ['colcon_meta']
[12.425s] Level 1:colcon.colcon_core.package_identification:_identify(Library/PackageCache/com.unity.modules.wind@1.0.0) by extension 'colcon_meta'
[12.430s] Level 1:colcon.colcon_core.package_identification:_identify(Library/PackageCache/com.unity.modules.wind@1.0.0) by extensions ['ros']
[12.430s] Level 1:colcon.colcon_core.package_identification:_identify(Library/PackageCache/com.unity.modules.wind@1.0.0) by extension 'ros'
[12.439s] Level 1:colcon.colcon_core.package_identification:_identify(Library/PackageCache/com.unity.modules.wind@1.0.0) by extensions ['cmake', 'python']
[12.440s] Level 1:colcon.colcon_core.package_identification:_identify(Library/PackageCache/com.unity.modules.wind@1.0.0) by extension 'cmake'
[12.442s] Level 1:colcon.colcon_core.package_identification:_identify(Library/PackageCache/com.unity.modules.wind@1.0.0) by extension 'python'
[12.444s] Level 1:colcon.colcon_core.package_identification:_identify(Library/PackageCache/com.unity.modules.wind@1.0.0) by extensions ['python_setup_py']
[12.445s] Level 1:colcon.colcon_core.package_identification:_identify(Library/PackageCache/com.unity.modules.wind@1.0.0) by extension 'python_setup_py'
[12.454s] Level 1:colcon.colcon_core.package_identification:_identify(Library/PackageCache/com.unity.modules.xr@1.0.0) by extensions ['ignore', 'ignore_ament_install']
[12.454s] Level 1:colcon.colcon_core.package_identification:_identify(Library/PackageCache/com.unity.modules.xr@1.0.0) by extension 'ignore'
[12.456s] Level 1:colcon.colcon_core.package_identification:_identify(Library/PackageCache/com.unity.modules.xr@1.0.0) by extension 'ignore_ament_install'
[12.460s] Level 1:colcon.colcon_core.package_identification:_identify(Library/PackageCache/com.unity.modules.xr@1.0.0) by extensions ['colcon_pkg']
[12.461s] Level 1:colcon.colcon_core.package_identification:_identify(Library/PackageCache/com.unity.modules.xr@1.0.0) by extension 'colcon_pkg'
[12.463s] Level 1:colcon.colcon_core.package_identification:_identify(Library/PackageCache/com.unity.modules.xr@1.0.0) by extensions ['colcon_meta']
[12.463s] Level 1:colcon.colcon_core.package_identification:_identify(Library/PackageCache/com.unity.modules.xr@1.0.0) by extension 'colcon_meta'
[12.467s] Level 1:colcon.colcon_core.package_identification:_identify(Library/PackageCache/com.unity.modules.xr@1.0.0) by extensions ['ros']
[12.468s] Level 1:colcon.colcon_core.package_identification:_identify(Library/PackageCache/com.unity.modules.xr@1.0.0) by extension 'ros'
[12.477s] Level 1:colcon.colcon_core.package_identification:_identify(Library/PackageCache/com.unity.modules.xr@1.0.0) by extensions ['cmake', 'python']
[12.478s] Level 1:colcon.colcon_core.package_identification:_identify(Library/PackageCache/com.unity.modules.xr@1.0.0) by extension 'cmake'
[12.480s] Level 1:colcon.colcon_core.package_identification:_identify(Library/PackageCache/com.unity.modules.xr@1.0.0) by extension 'python'
[12.482s] Level 1:colcon.colcon_core.package_identification:_identify(Library/PackageCache/com.unity.modules.xr@1.0.0) by extensions ['python_setup_py']
[12.483s] Level 1:colcon.colcon_core.package_identification:_identify(Library/PackageCache/com.unity.modules.xr@1.0.0) by extension 'python_setup_py'
[12.490s] Level 1:colcon.colcon_core.package_identification:_identify(Library/PackageManager) by extensions ['ignore', 'ignore_ament_install']
[12.490s] Level 1:colcon.colcon_core.package_identification:_identify(Library/PackageManager) by extension 'ignore'
[12.491s] Level 1:colcon.colcon_core.package_identification:_identify(Library/PackageManager) by extension 'ignore_ament_install'
[12.494s] Level 1:colcon.colcon_core.package_identification:_identify(Library/PackageManager) by extensions ['colcon_pkg']
[12.495s] Level 1:colcon.colcon_core.package_identification:_identify(Library/PackageManager) by extension 'colcon_pkg'
[12.497s] Level 1:colcon.colcon_core.package_identification:_identify(Library/PackageManager) by extensions ['colcon_meta']
[12.498s] Level 1:colcon.colcon_core.package_identification:_identify(Library/PackageManager) by extension 'colcon_meta'
[12.500s] Level 1:colcon.colcon_core.package_identification:_identify(Library/PackageManager) by extensions ['ros']
[12.501s] Level 1:colcon.colcon_core.package_identification:_identify(Library/PackageManager) by extension 'ros'
[12.507s] Level 1:colcon.colcon_core.package_identification:_identify(Library/PackageManager) by extensions ['cmake', 'python']
[12.508s] Level 1:colcon.colcon_core.package_identification:_identify(Library/PackageManager) by extension 'cmake'
[12.511s] Level 1:colcon.colcon_core.package_identification:_identify(Library/PackageManager) by extension 'python'
[12.512s] Level 1:colcon.colcon_core.package_identification:_identify(Library/PackageManager) by extensions ['python_setup_py']
[12.513s] Level 1:colcon.colcon_core.package_identification:_identify(Library/PackageManager) by extension 'python_setup_py'
[12.518s] Level 1:colcon.colcon_core.package_identification:_identify(Library/ScriptAssemblies) by extensions ['ignore', 'ignore_ament_install']
[12.519s] Level 1:colcon.colcon_core.package_identification:_identify(Library/ScriptAssemblies) by extension 'ignore'
[12.521s] Level 1:colcon.colcon_core.package_identification:_identify(Library/ScriptAssemblies) by extension 'ignore_ament_install'
[12.524s] Level 1:colcon.colcon_core.package_identification:_identify(Library/ScriptAssemblies) by extensions ['colcon_pkg']
[12.524s] Level 1:colcon.colcon_core.package_identification:_identify(Library/ScriptAssemblies) by extension 'colcon_pkg'
[12.526s] Level 1:colcon.colcon_core.package_identification:_identify(Library/ScriptAssemblies) by extensions ['colcon_meta']
[12.527s] Level 1:colcon.colcon_core.package_identification:_identify(Library/ScriptAssemblies) by extension 'colcon_meta'
[12.530s] Level 1:colcon.colcon_core.package_identification:_identify(Library/ScriptAssemblies) by extensions ['ros']
[12.530s] Level 1:colcon.colcon_core.package_identification:_identify(Library/ScriptAssemblies) by extension 'ros'
[12.536s] Level 1:colcon.colcon_core.package_identification:_identify(Library/ScriptAssemblies) by extensions ['cmake', 'python']
[12.537s] Level 1:colcon.colcon_core.package_identification:_identify(Library/ScriptAssemblies) by extension 'cmake'
[12.539s] Level 1:colcon.colcon_core.package_identification:_identify(Library/ScriptAssemblies) by extension 'python'
[12.541s] Level 1:colcon.colcon_core.package_identification:_identify(Library/ScriptAssemblies) by extensions ['python_setup_py']
[12.542s] Level 1:colcon.colcon_core.package_identification:_identify(Library/ScriptAssemblies) by extension 'python_setup_py'
[12.548s] Level 1:colcon.colcon_core.package_identification:_identify(Library/ShaderCache) by extensions ['ignore', 'ignore_ament_install']
[12.548s] Level 1:colcon.colcon_core.package_identification:_identify(Library/ShaderCache) by extension 'ignore'
[12.550s] Level 1:colcon.colcon_core.package_identification:_identify(Library/ShaderCache) by extension 'ignore_ament_install'
[12.554s] Level 1:colcon.colcon_core.package_identification:_identify(Library/ShaderCache) by extensions ['colcon_pkg']
[12.554s] Level 1:colcon.colcon_core.package_identification:_identify(Library/ShaderCache) by extension 'colcon_pkg'
[12.556s] Level 1:colcon.colcon_core.package_identification:_identify(Library/ShaderCache) by extensions ['colcon_meta']
[12.557s] Level 1:colcon.colcon_core.package_identification:_identify(Library/ShaderCache) by extension 'colcon_meta'
[12.560s] Level 1:colcon.colcon_core.package_identification:_identify(Library/ShaderCache) by extensions ['ros']
[12.560s] Level 1:colcon.colcon_core.package_identification:_identify(Library/ShaderCache) by extension 'ros'
[12.567s] Level 1:colcon.colcon_core.package_identification:_identify(Library/ShaderCache) by extensions ['cmake', 'python']
[12.567s] Level 1:colcon.colcon_core.package_identification:_identify(Library/ShaderCache) by extension 'cmake'
[12.569s] Level 1:colcon.colcon_core.package_identification:_identify(Library/ShaderCache) by extension 'python'
[12.571s] Level 1:colcon.colcon_core.package_identification:_identify(Library/ShaderCache) by extensions ['python_setup_py']
[12.572s] Level 1:colcon.colcon_core.package_identification:_identify(Library/ShaderCache) by extension 'python_setup_py'
[12.578s] Level 1:colcon.colcon_core.package_identification:_identify(Library/TempArtifacts) by extensions ['ignore', 'ignore_ament_install']
[12.579s] Level 1:colcon.colcon_core.package_identification:_identify(Library/TempArtifacts) by extension 'ignore'
[12.581s] Level 1:colcon.colcon_core.package_identification:_identify(Library/TempArtifacts) by extension 'ignore_ament_install'
[12.584s] Level 1:colcon.colcon_core.package_identification:_identify(Library/TempArtifacts) by extensions ['colcon_pkg']
[12.585s] Level 1:colcon.colcon_core.package_identification:_identify(Library/TempArtifacts) by extension 'colcon_pkg'
[12.587s] Level 1:colcon.colcon_core.package_identification:_identify(Library/TempArtifacts) by extensions ['colcon_meta']
[12.587s] Level 1:colcon.colcon_core.package_identification:_identify(Library/TempArtifacts) by extension 'colcon_meta'
[12.590s] Level 1:colcon.colcon_core.package_identification:_identify(Library/TempArtifacts) by extensions ['ros']
[12.591s] Level 1:colcon.colcon_core.package_identification:_identify(Library/TempArtifacts) by extension 'ros'
[12.598s] Level 1:colcon.colcon_core.package_identification:_identify(Library/TempArtifacts) by extensions ['cmake', 'python']
[12.598s] Level 1:colcon.colcon_core.package_identification:_identify(Library/TempArtifacts) by extension 'cmake'
[12.600s] Level 1:colcon.colcon_core.package_identification:_identify(Library/TempArtifacts) by extension 'python'
[12.602s] Level 1:colcon.colcon_core.package_identification:_identify(Library/TempArtifacts) by extensions ['python_setup_py']
[12.602s] Level 1:colcon.colcon_core.package_identification:_identify(Library/TempArtifacts) by extension 'python_setup_py'
[12.611s] Level 1:colcon.colcon_core.package_identification:_identify(Library/TempArtifacts/Extra) by extensions ['ignore', 'ignore_ament_install']
[12.612s] Level 1:colcon.colcon_core.package_identification:_identify(Library/TempArtifacts/Extra) by extension 'ignore'
[12.615s] Level 1:colcon.colcon_core.package_identification:_identify(Library/TempArtifacts/Extra) by extension 'ignore_ament_install'
[12.619s] Level 1:colcon.colcon_core.package_identification:_identify(Library/TempArtifacts/Extra) by extensions ['colcon_pkg']
[12.620s] Level 1:colcon.colcon_core.package_identification:_identify(Library/TempArtifacts/Extra) by extension 'colcon_pkg'
[12.622s] Level 1:colcon.colcon_core.package_identification:_identify(Library/TempArtifacts/Extra) by extensions ['colcon_meta']
[12.623s] Level 1:colcon.colcon_core.package_identification:_identify(Library/TempArtifacts/Extra) by extension 'colcon_meta'
[12.627s] Level 1:colcon.colcon_core.package_identification:_identify(Library/TempArtifacts/Extra) by extensions ['ros']
[12.628s] Level 1:colcon.colcon_core.package_identification:_identify(Library/TempArtifacts/Extra) by extension 'ros'
[12.636s] Level 1:colcon.colcon_core.package_identification:_identify(Library/TempArtifacts/Extra) by extensions ['cmake', 'python']
[12.636s] Level 1:colcon.colcon_core.package_identification:_identify(Library/TempArtifacts/Extra) by extension 'cmake'
[12.639s] Level 1:colcon.colcon_core.package_identification:_identify(Library/TempArtifacts/Extra) by extension 'python'
[12.641s] Level 1:colcon.colcon_core.package_identification:_identify(Library/TempArtifacts/Extra) by extensions ['python_setup_py']
[12.642s] Level 1:colcon.colcon_core.package_identification:_identify(Library/TempArtifacts/Extra) by extension 'python_setup_py'
[12.650s] Level 1:colcon.colcon_core.package_identification:_identify(Library/TempArtifacts/Primary) by extensions ['ignore', 'ignore_ament_install']
[12.651s] Level 1:colcon.colcon_core.package_identification:_identify(Library/TempArtifacts/Primary) by extension 'ignore'
[12.653s] Level 1:colcon.colcon_core.package_identification:_identify(Library/TempArtifacts/Primary) by extension 'ignore_ament_install'
[12.657s] Level 1:colcon.colcon_core.package_identification:_identify(Library/TempArtifacts/Primary) by extensions ['colcon_pkg']
[12.658s] Level 1:colcon.colcon_core.package_identification:_identify(Library/TempArtifacts/Primary) by extension 'colcon_pkg'
[12.661s] Level 1:colcon.colcon_core.package_identification:_identify(Library/TempArtifacts/Primary) by extensions ['colcon_meta']
[12.661s] Level 1:colcon.colcon_core.package_identification:_identify(Library/TempArtifacts/Primary) by extension 'colcon_meta'
[12.666s] Level 1:colcon.colcon_core.package_identification:_identify(Library/TempArtifacts/Primary) by extensions ['ros']
[12.666s] Level 1:colcon.colcon_core.package_identification:_identify(Library/TempArtifacts/Primary) by extension 'ros'
[12.673s] Level 1:colcon.colcon_core.package_identification:_identify(Library/TempArtifacts/Primary) by extensions ['cmake', 'python']
[12.674s] Level 1:colcon.colcon_core.package_identification:_identify(Library/TempArtifacts/Primary) by extension 'cmake'
[12.676s] Level 1:colcon.colcon_core.package_identification:_identify(Library/TempArtifacts/Primary) by extension 'python'
[12.679s] Level 1:colcon.colcon_core.package_identification:_identify(Library/TempArtifacts/Primary) by extensions ['python_setup_py']
[12.680s] Level 1:colcon.colcon_core.package_identification:_identify(Library/TempArtifacts/Primary) by extension 'python_setup_py'
[12.685s] Level 1:colcon.colcon_core.package_identification:_identify(Logs) by extensions ['ignore', 'ignore_ament_install']
[12.685s] Level 1:colcon.colcon_core.package_identification:_identify(Logs) by extension 'ignore'
[12.687s] Level 1:colcon.colcon_core.package_identification:_identify(Logs) by extension 'ignore_ament_install'
[12.689s] Level 1:colcon.colcon_core.package_identification:_identify(Logs) by extensions ['colcon_pkg']
[12.689s] Level 1:colcon.colcon_core.package_identification:_identify(Logs) by extension 'colcon_pkg'
[12.690s] Level 1:colcon.colcon_core.package_identification:_identify(Logs) by extensions ['colcon_meta']
[12.691s] Level 1:colcon.colcon_core.package_identification:_identify(Logs) by extension 'colcon_meta'
[12.692s] Level 1:colcon.colcon_core.package_identification:_identify(Logs) by extensions ['ros']
[12.692s] Level 1:colcon.colcon_core.package_identification:_identify(Logs) by extension 'ros'
[12.696s] Level 1:colcon.colcon_core.package_identification:_identify(Logs) by extensions ['cmake', 'python']
[12.696s] Level 1:colcon.colcon_core.package_identification:_identify(Logs) by extension 'cmake'
[12.697s] Level 1:colcon.colcon_core.package_identification:_identify(Logs) by extension 'python'
[12.699s] Level 1:colcon.colcon_core.package_identification:_identify(Logs) by extensions ['python_setup_py']
[12.700s] Level 1:colcon.colcon_core.package_identification:_identify(Logs) by extension 'python_setup_py'
[12.704s] Level 1:colcon.colcon_core.package_identification:_identify(Packages) by extensions ['ignore', 'ignore_ament_install']
[12.704s] Level 1:colcon.colcon_core.package_identification:_identify(Packages) by extension 'ignore'
[12.706s] Level 1:colcon.colcon_core.package_identification:_identify(Packages) by extension 'ignore_ament_install'
[12.708s] Level 1:colcon.colcon_core.package_identification:_identify(Packages) by extensions ['colcon_pkg']
[12.709s] Level 1:colcon.colcon_core.package_identification:_identify(Packages) by extension 'colcon_pkg'
[12.710s] Level 1:colcon.colcon_core.package_identification:_identify(Packages) by extensions ['colcon_meta']
[12.710s] Level 1:colcon.colcon_core.package_identification:_identify(Packages) by extension 'colcon_meta'
[12.712s] Level 1:colcon.colcon_core.package_identification:_identify(Packages) by extensions ['ros']
[12.712s] Level 1:colcon.colcon_core.package_identification:_identify(Packages) by extension 'ros'
[12.715s] Level 1:colcon.colcon_core.package_identification:_identify(Packages) by extensions ['cmake', 'python']
[12.716s] Level 1:colcon.colcon_core.package_identification:_identify(Packages) by extension 'cmake'
[12.717s] Level 1:colcon.colcon_core.package_identification:_identify(Packages) by extension 'python'
[12.718s] Level 1:colcon.colcon_core.package_identification:_identify(Packages) by extensions ['python_setup_py']
[12.718s] Level 1:colcon.colcon_core.package_identification:_identify(Packages) by extension 'python_setup_py'
[12.723s] Level 1:colcon.colcon_core.package_identification:_identify(ProjectSettings) by extensions ['ignore', 'ignore_ament_install']
[12.723s] Level 1:colcon.colcon_core.package_identification:_identify(ProjectSettings) by extension 'ignore'
[12.724s] Level 1:colcon.colcon_core.package_identification:_identify(ProjectSettings) by extension 'ignore_ament_install'
[12.726s] Level 1:colcon.colcon_core.package_identification:_identify(ProjectSettings) by extensions ['colcon_pkg']
[12.727s] Level 1:colcon.colcon_core.package_identification:_identify(ProjectSettings) by extension 'colcon_pkg'
[12.728s] Level 1:colcon.colcon_core.package_identification:_identify(ProjectSettings) by extensions ['colcon_meta']
[12.729s] Level 1:colcon.colcon_core.package_identification:_identify(ProjectSettings) by extension 'colcon_meta'
[12.730s] Level 1:colcon.colcon_core.package_identification:_identify(ProjectSettings) by extensions ['ros']
[12.730s] Level 1:colcon.colcon_core.package_identification:_identify(ProjectSettings) by extension 'ros'
[12.735s] Level 1:colcon.colcon_core.package_identification:_identify(ProjectSettings) by extensions ['cmake', 'python']
[12.735s] Level 1:colcon.colcon_core.package_identification:_identify(ProjectSettings) by extension 'cmake'
[12.736s] Level 1:colcon.colcon_core.package_identification:_identify(ProjectSettings) by extension 'python'
[12.737s] Level 1:colcon.colcon_core.package_identification:_identify(ProjectSettings) by extensions ['python_setup_py']
[12.738s] Level 1:colcon.colcon_core.package_identification:_identify(ProjectSettings) by extension 'python_setup_py'
[12.741s] Level 1:colcon.colcon_core.package_identification:_identify(UserSettings) by extensions ['ignore', 'ignore_ament_install']
[12.742s] Level 1:colcon.colcon_core.package_identification:_identify(UserSettings) by extension 'ignore'
[12.743s] Level 1:colcon.colcon_core.package_identification:_identify(UserSettings) by extension 'ignore_ament_install'
[12.745s] Level 1:colcon.colcon_core.package_identification:_identify(UserSettings) by extensions ['colcon_pkg']
[12.745s] Level 1:colcon.colcon_core.package_identification:_identify(UserSettings) by extension 'colcon_pkg'
[12.747s] Level 1:colcon.colcon_core.package_identification:_identify(UserSettings) by extensions ['colcon_meta']
[12.747s] Level 1:colcon.colcon_core.package_identification:_identify(UserSettings) by extension 'colcon_meta'
[12.749s] Level 1:colcon.colcon_core.package_identification:_identify(UserSettings) by extensions ['ros']
[12.749s] Level 1:colcon.colcon_core.package_identification:_identify(UserSettings) by extension 'ros'
[12.753s] Level 1:colcon.colcon_core.package_identification:_identify(UserSettings) by extensions ['cmake', 'python']
[12.754s] Level 1:colcon.colcon_core.package_identification:_identify(UserSettings) by extension 'cmake'
[12.755s] Level 1:colcon.colcon_core.package_identification:_identify(UserSettings) by extension 'python'
[12.756s] Level 1:colcon.colcon_core.package_identification:_identify(UserSettings) by extensions ['python_setup_py']
[12.756s] Level 1:colcon.colcon_core.package_identification:_identify(UserSettings) by extension 'python_setup_py'
[12.760s] Level 1:colcon.colcon_core.package_identification:_identify(build) by extensions ['ignore', 'ignore_ament_install']
[12.760s] Level 1:colcon.colcon_core.package_identification:_identify(build) by extension 'ignore'
[12.762s] Level 1:colcon.colcon_core.package_identification:_identify(build) ignored
[12.764s] Level 1:colcon.colcon_core.package_identification:_identify(install) by extensions ['ignore', 'ignore_ament_install']
[12.765s] Level 1:colcon.colcon_core.package_identification:_identify(install) by extension 'ignore'
[12.767s] Level 1:colcon.colcon_core.package_identification:_identify(install) ignored
[12.772s] Level 1:colcon.colcon_core.package_identification:_identify(log) by extensions ['ignore', 'ignore_ament_install']
[12.773s] Level 1:colcon.colcon_core.package_identification:_identify(log) by extension 'ignore'
[12.774s] Level 1:colcon.colcon_core.package_identification:_identify(log) ignored
[12.778s] Level 1:colcon.colcon_core.package_identification:_identify(src) by extensions ['ignore', 'ignore_ament_install']
[12.778s] Level 1:colcon.colcon_core.package_identification:_identify(src) by extension 'ignore'
[12.780s] Level 1:colcon.colcon_core.package_identification:_identify(src) by extension 'ignore_ament_install'
[12.782s] Level 1:colcon.colcon_core.package_identification:_identify(src) by extensions ['colcon_pkg']
[12.782s] Level 1:colcon.colcon_core.package_identification:_identify(src) by extension 'colcon_pkg'
[12.784s] Level 1:colcon.colcon_core.package_identification:_identify(src) by extensions ['colcon_meta']
[12.784s] Level 1:colcon.colcon_core.package_identification:_identify(src) by extension 'colcon_meta'
[12.786s] Level 1:colcon.colcon_core.package_identification:_identify(src) by extensions ['ros']
[12.786s] Level 1:colcon.colcon_core.package_identification:_identify(src) by extension 'ros'
[12.790s] Level 1:colcon.colcon_core.package_identification:_identify(src) by extensions ['cmake', 'python']
[12.791s] Level 1:colcon.colcon_core.package_identification:_identify(src) by extension 'cmake'
[12.792s] Level 1:colcon.colcon_core.package_identification:_identify(src) by extension 'python'
[12.793s] Level 1:colcon.colcon_core.package_identification:_identify(src) by extensions ['python_setup_py']
[12.793s] Level 1:colcon.colcon_core.package_identification:_identify(src) by extension 'python_setup_py'
[12.798s] Level 1:colcon.colcon_core.package_identification:_identify(src/ROS-TCP-Endpoint) by extensions ['ignore', 'ignore_ament_install']
[12.799s] Level 1:colcon.colcon_core.package_identification:_identify(src/ROS-TCP-Endpoint) by extension 'ignore'
[12.801s] Level 1:colcon.colcon_core.package_identification:_identify(src/ROS-TCP-Endpoint) by extension 'ignore_ament_install'
[12.804s] Level 1:colcon.colcon_core.package_identification:_identify(src/ROS-TCP-Endpoint) by extensions ['colcon_pkg']
[12.805s] Level 1:colcon.colcon_core.package_identification:_identify(src/ROS-TCP-Endpoint) by extension 'colcon_pkg'
[12.807s] Level 1:colcon.colcon_core.package_identification:_identify(src/ROS-TCP-Endpoint) by extensions ['colcon_meta']
[12.807s] Level 1:colcon.colcon_core.package_identification:_identify(src/ROS-TCP-Endpoint) by extension 'colcon_meta'
[12.810s] Level 1:colcon.colcon_core.package_identification:_identify(src/ROS-TCP-Endpoint) by extensions ['ros']
[12.811s] Level 1:colcon.colcon_core.package_identification:_identify(src/ROS-TCP-Endpoint) by extension 'ros'
[12.830s] DEBUG:colcon.colcon_core.package_identification:Package 'src/ROS-TCP-Endpoint' with type 'ros.ament_python' and name 'ros_tcp_endpoint'
[12.836s] Level 1:colcon.colcon_core.package_identification:_identify(src/Universal_Robots_ROS2_Gazebo_Simulation) by extensions ['ignore', 'ignore_ament_install']
[12.837s] Level 1:colcon.colcon_core.package_identification:_identify(src/Universal_Robots_ROS2_Gazebo_Simulation) by extension 'ignore'
[12.840s] Level 1:colcon.colcon_core.package_identification:_identify(src/Universal_Robots_ROS2_Gazebo_Simulation) by extension 'ignore_ament_install'
[12.843s] Level 1:colcon.colcon_core.package_identification:_identify(src/Universal_Robots_ROS2_Gazebo_Simulation) by extensions ['colcon_pkg']
[12.844s] Level 1:colcon.colcon_core.package_identification:_identify(src/Universal_Robots_ROS2_Gazebo_Simulation) by extension 'colcon_pkg'
[12.845s] Level 1:colcon.colcon_core.package_identification:_identify(src/Universal_Robots_ROS2_Gazebo_Simulation) by extensions ['colcon_meta']
[12.846s] Level 1:colcon.colcon_core.package_identification:_identify(src/Universal_Robots_ROS2_Gazebo_Simulation) by extension 'colcon_meta'
[12.848s] Level 1:colcon.colcon_core.package_identification:_identify(src/Universal_Robots_ROS2_Gazebo_Simulation) by extensions ['ros']
[12.849s] Level 1:colcon.colcon_core.package_identification:_identify(src/Universal_Robots_ROS2_Gazebo_Simulation) by extension 'ros'
[12.856s] Level 1:colcon.colcon_core.package_identification:_identify(src/Universal_Robots_ROS2_Gazebo_Simulation) by extensions ['cmake', 'python']
[12.857s] Level 1:colcon.colcon_core.package_identification:_identify(src/Universal_Robots_ROS2_Gazebo_Simulation) by extension 'cmake'
[12.859s] Level 1:colcon.colcon_core.package_identification:_identify(src/Universal_Robots_ROS2_Gazebo_Simulation) by extension 'python'
[12.861s] Level 1:colcon.colcon_core.package_identification:_identify(src/Universal_Robots_ROS2_Gazebo_Simulation) by extensions ['python_setup_py']
[12.861s] Level 1:colcon.colcon_core.package_identification:_identify(src/Universal_Robots_ROS2_Gazebo_Simulation) by extension 'python_setup_py'
[12.869s] Level 1:colcon.colcon_core.package_identification:_identify(src/Universal_Robots_ROS2_Gazebo_Simulation/ur_simulation_gazebo) by extensions ['ignore', 'ignore_ament_install']
[12.870s] Level 1:colcon.colcon_core.package_identification:_identify(src/Universal_Robots_ROS2_Gazebo_Simulation/ur_simulation_gazebo) by extension 'ignore'
[12.872s] Level 1:colcon.colcon_core.package_identification:_identify(src/Universal_Robots_ROS2_Gazebo_Simulation/ur_simulation_gazebo) by extension 'ignore_ament_install'
[12.876s] Level 1:colcon.colcon_core.package_identification:_identify(src/Universal_Robots_ROS2_Gazebo_Simulation/ur_simulation_gazebo) by extensions ['colcon_pkg']
[12.877s] Level 1:colcon.colcon_core.package_identification:_identify(src/Universal_Robots_ROS2_Gazebo_Simulation/ur_simulation_gazebo) by extension 'colcon_pkg'
[12.879s] Level 1:colcon.colcon_core.package_identification:_identify(src/Universal_Robots_ROS2_Gazebo_Simulation/ur_simulation_gazebo) by extensions ['colcon_meta']
[12.880s] Level 1:colcon.colcon_core.package_identification:_identify(src/Universal_Robots_ROS2_Gazebo_Simulation/ur_simulation_gazebo) by extension 'colcon_meta'
[12.884s] Level 1:colcon.colcon_core.package_identification:_identify(src/Universal_Robots_ROS2_Gazebo_Simulation/ur_simulation_gazebo) by extensions ['ros']
[12.885s] Level 1:colcon.colcon_core.package_identification:_identify(src/Universal_Robots_ROS2_Gazebo_Simulation/ur_simulation_gazebo) by extension 'ros'
[12.903s] DEBUG:colcon.colcon_core.package_identification:Package 'src/Universal_Robots_ROS2_Gazebo_Simulation/ur_simulation_gazebo' with type 'ros.ament_cmake' and name 'ur_simulation_gazebo'
[12.910s] Level 1:colcon.colcon_core.package_identification:_identify(src/ur_lab) by extensions ['ignore', 'ignore_ament_install']
[12.911s] Level 1:colcon.colcon_core.package_identification:_identify(src/ur_lab) by extension 'ignore'
[12.913s] Level 1:colcon.colcon_core.package_identification:_identify(src/ur_lab) by extension 'ignore_ament_install'
[12.915s] Level 1:colcon.colcon_core.package_identification:_identify(src/ur_lab) by extensions ['colcon_pkg']
[12.916s] Level 1:colcon.colcon_core.package_identification:_identify(src/ur_lab) by extension 'colcon_pkg'
[12.918s] Level 1:colcon.colcon_core.package_identification:_identify(src/ur_lab) by extensions ['colcon_meta']
[12.919s] Level 1:colcon.colcon_core.package_identification:_identify(src/ur_lab) by extension 'colcon_meta'
[12.922s] Level 1:colcon.colcon_core.package_identification:_identify(src/ur_lab) by extensions ['ros']
[12.923s] Level 1:colcon.colcon_core.package_identification:_identify(src/ur_lab) by extension 'ros'
[12.942s] DEBUG:colcon.colcon_core.package_identification:Package 'src/ur_lab' with type 'ros.ament_python' and name 'ur_lab'
[12.948s] Level 1:colcon.colcon_core.package_identification:_identify(src/ur_lab_gazebo) by extensions ['ignore', 'ignore_ament_install']
[12.949s] Level 1:colcon.colcon_core.package_identification:_identify(src/ur_lab_gazebo) by extension 'ignore'
[12.952s] Level 1:colcon.colcon_core.package_identification:_identify(src/ur_lab_gazebo) by extension 'ignore_ament_install'
[12.956s] Level 1:colcon.colcon_core.package_identification:_identify(src/ur_lab_gazebo) by extensions ['colcon_pkg']
[12.957s] Level 1:colcon.colcon_core.package_identification:_identify(src/ur_lab_gazebo) by extension 'colcon_pkg'
[12.959s] Level 1:colcon.colcon_core.package_identification:_identify(src/ur_lab_gazebo) by extensions ['colcon_meta']
[12.960s] Level 1:colcon.colcon_core.package_identification:_identify(src/ur_lab_gazebo) by extension 'colcon_meta'
[12.962s] Level 1:colcon.colcon_core.package_identification:_identify(src/ur_lab_gazebo) by extensions ['ros']
[12.963s] Level 1:colcon.colcon_core.package_identification:_identify(src/ur_lab_gazebo) by extension 'ros'
[12.978s] DEBUG:colcon.colcon_core.package_identification:Package 'src/ur_lab_gazebo' with type 'ros.ament_cmake' and name 'ur_lab_gazebo'
[12.984s] Level 1:colcon.colcon_core.package_identification:_identify(src/ur_lab_unity_bridge) by extensions ['ignore', 'ignore_ament_install']
[12.985s] Level 1:colcon.colcon_core.package_identification:_identify(src/ur_lab_unity_bridge) by extension 'ignore'
[12.987s] Level 1:colcon.colcon_core.package_identification:_identify(src/ur_lab_unity_bridge) by extension 'ignore_ament_install'
[12.990s] Level 1:colcon.colcon_core.package_identification:_identify(src/ur_lab_unity_bridge) by extensions ['colcon_pkg']
[12.990s] Level 1:colcon.colcon_core.package_identification:_identify(src/ur_lab_unity_bridge) by extension 'colcon_pkg'
[12.992s] Level 1:colcon.colcon_core.package_identification:_identify(src/ur_lab_unity_bridge) by extensions ['colcon_meta']
[12.993s] Level 1:colcon.colcon_core.package_identification:_identify(src/ur_lab_unity_bridge) by extension 'colcon_meta'
[12.996s] Level 1:colcon.colcon_core.package_identification:_identify(src/ur_lab_unity_bridge) by extensions ['ros']
[12.996s] Level 1:colcon.colcon_core.package_identification:_identify(src/ur_lab_unity_bridge) by extension 'ros'
[13.011s] DEBUG:colcon.colcon_core.package_identification:Package 'src/ur_lab_unity_bridge' with type 'ros.ament_python' and name 'ur_lab_unity_bridge'
[13.012s] Level 1:colcon.colcon_core.package_discovery:discover_packages(recursive) using defaults
[13.013s] Level 1:colcon.colcon_core.package_discovery:discover_packages(ignore) discover
[13.013s] Level 1:colcon.colcon_core.package_discovery:discover_packages(ignore) using defaults
[13.014s] Level 1:colcon.colcon_core.package_discovery:discover_packages(path) discover
[13.015s] Level 1:colcon.colcon_core.package_discovery:discover_packages(path) using defaults
[13.180s] INFO:colcon.colcon_core.package_selection:Skipping not selected package 'ros_tcp_endpoint' in 'src/ROS-TCP-Endpoint'
[13.181s] INFO:colcon.colcon_core.package_selection:Skipping not selected package 'ur_lab' in 'src/ur_lab'
[13.182s] INFO:colcon.colcon_core.package_selection:Skipping not selected package 'ur_lab_gazebo' in 'src/ur_lab_gazebo'
[13.182s] INFO:colcon.colcon_core.package_selection:Skipping not selected package 'ur_simulation_gazebo' in 'src/Universal_Robots_ROS2_Gazebo_Simulation/ur_simulation_gazebo'
[13.184s] Level 1:colcon.colcon_core.package_discovery:discover_packages(prefix_path) check parameters
[13.185s] Level 1:colcon.colcon_core.package_discovery:discover_packages(prefix_path) discover
[13.271s] DEBUG:colcon.colcon_installed_package_information.package_discovery:Found 4 installed packages in /mnt/c/Users/Amir/Downloads/ros2_ws/install
[13.273s] DEBUG:colcon.colcon_installed_package_information.package_discovery:Found 343 installed packages in /opt/ros/humble
[13.275s] Level 1:colcon.colcon_core.package_discovery:discover_packages(prefix_path) using defaults
[13.363s] Level 5:colcon.colcon_core.verb:set package 'ur_lab_unity_bridge' build argument 'cmake_args' from command line to 'None'
[13.365s] Level 5:colcon.colcon_core.verb:set package 'ur_lab_unity_bridge' build argument 'cmake_target' from command line to 'None'
[13.366s] Level 5:colcon.colcon_core.verb:set package 'ur_lab_unity_bridge' build argument 'cmake_target_skip_unavailable' from command line to 'False'
[13.367s] Level 5:colcon.colcon_core.verb:set package 'ur_lab_unity_bridge' build argument 'cmake_clean_cache' from command line to 'False'
[13.368s] Level 5:colcon.colcon_core.verb:set package 'ur_lab_unity_bridge' build argument 'cmake_clean_first' from command line to 'False'
[13.369s] Level 5:colcon.colcon_core.verb:set package 'ur_lab_unity_bridge' build argument 'cmake_force_configure' from command line to 'False'
[13.370s] Level 5:colcon.colcon_core.verb:set package 'ur_lab_unity_bridge' build argument 'ament_cmake_args' from command line to 'None'
[13.370s] Level 5:colcon.colcon_core.verb:set package 'ur_lab_unity_bridge' build argument 'catkin_cmake_args' from command line to 'None'
[13.371s] Level 5:colcon.colcon_core.verb:set package 'ur_lab_unity_bridge' build argument 'catkin_skip_building_tests' from command line to 'False'
[13.371s] DEBUG:colcon.colcon_core.verb:Building package 'ur_lab_unity_bridge' with the following arguments: {'ament_cmake_args': None, 'build_base': '/mnt/c/Users/Amir/Downloads/ros2_ws/build/ur_lab_unity_bridge', 'catkin_cmake_args': None, 'catkin_skip_building_tests': False, 'cmake_args': None, 'cmake_clean_cache': False, 'cmake_clean_first': False, 'cmake_force_configure': False, 'cmake_target': None, 'cmake_target_skip_unavailable': False, 'install_base': '/mnt/c/Users/Amir/Downloads/ros2_ws/install/ur_lab_unity_bridge', 'merge_install': False, 'path': '/mnt/c/Users/Amir/Downloads/ros2_ws/src/ur_lab_unity_bridge', 'symlink_install': True, 'test_result_base': None}
[13.372s] INFO:colcon.colcon_core.executor:Executing jobs using 'parallel' executor
[13.374s] DEBUG:colcon.colcon_parallel_executor.executor.parallel:run_until_complete
[13.375s] INFO:colcon.colcon_ros.task.ament_python.build:Building ROS package in '/mnt/c/Users/Amir/Downloads/ros2_ws/src/ur_lab_unity_bridge' with build type 'ament_python'
[13.376s] Level 1:colcon.colcon_core.shell:create_environment_hook('ur_lab_unity_bridge', 'ament_prefix_path')
[13.396s] INFO:colcon.colcon_core.plugin_system:Skipping extension 'colcon_core.shell.bat': Not used on non-Windows systems
[13.397s] INFO:colcon.colcon_core.shell:Creating environment hook '/mnt/c/Users/Amir/Downloads/ros2_ws/install/ur_lab_unity_bridge/share/ur_lab_unity_bridge/hook/ament_prefix_path.ps1'
[13.419s] INFO:colcon.colcon_core.shell:Creating environment descriptor '/mnt/c/Users/Amir/Downloads/ros2_ws/install/ur_lab_unity_bridge/share/ur_lab_unity_bridge/hook/ament_prefix_path.dsv'
[13.436s] INFO:colcon.colcon_core.shell:Creating environment hook '/mnt/c/Users/Amir/Downloads/ros2_ws/install/ur_lab_unity_bridge/share/ur_lab_unity_bridge/hook/ament_prefix_path.sh'
[13.455s] INFO:colcon.colcon_core.shell:Skip shell extension 'powershell' for command environment: Not usable outside of PowerShell
[13.456s] DEBUG:colcon.colcon_core.shell:Skip shell extension 'dsv' for command environment
[15.017s] INFO:colcon.colcon_core.task.python.build:Building Python package in '/mnt/c/Users/Amir/Downloads/ros2_ws/src/ur_lab_unity_bridge'
[15.018s] INFO:colcon.colcon_core.shell:Skip shell extension 'powershell' for command environment: Not usable outside of PowerShell
[15.019s] DEBUG:colcon.colcon_core.shell:Skip shell extension 'dsv' for command environment
[17.905s] DEBUG:colcon.colcon_core.task.python.build:Available setuptools commands: clean, register, test, bdist_egg, install_egg_info, develop, egg_info, upload_docs, dist_info, install_headers, setopt, bdist_dumb, easy_install, rotate, saveopts, build_scripts, alias, install, bdist_rpm, build, install_data, init_catalog, sdist, bdist_wheel, build_ext, install_scripts, compile_catalog, check, symlink_data, bdist, extract_messages, update_catalog, build_py, install_lib, upload, build_clib
[19.862s] DEBUG:colcon.colcon_core.task.python.build:Available setuptools 'develop' options: --always-copy, --verbose, --no-deps, --local-snapshots-ok, --exclude-scripts, --site-dirs, --install-layout, --record, --force-installation-into-system-dir, --help, --upgrade, --zip-ok, --index-url, --no-find-links, --version, --dry-run, --optimize, --egg-path, --find-links, --no-user-cfg, --uninstall, --multi-version, --user, --build-directory, --allow-hosts, --always-unzip, --install-dir, --script-dir, --editable, --quiet, --prefix
[19.949s] DEBUG:colcon.colcon_core.event_handler.log_command:Invoking command in '/mnt/c/Users/Amir/Downloads/ros2_ws/build/ur_lab_unity_bridge': AMENT_PREFIX_PATH=/mnt/c/Users/Amir/Downloads/ros2_ws/install/ur_lab:/mnt/c/Users/Amir/Downloads/ros2_ws/install/ros_tcp_endpoint:/mnt/c/Users/Amir/Downloads/ros2_ws/install/ur_simulation_gazebo:/mnt/c/Users/Amir/Downloads/ros2_ws/install/ur_lab_gazebo:/opt/ros/humble PYTHONPATH=/mnt/c/Users/Amir/Downloads/ros2_ws/build/ur_lab_unity_bridge/prefix_override:/usr/lib/python3/dist-packages/colcon_core/task/python/colcon_distutils_commands:/mnt/c/Users/Amir/Downloads/ros2_ws/install/ur_lab_unity_bridge/lib/python3.10/site-packages:${PYTHONPATH} /usr/bin/python3 -W ignore:setup.py install is deprecated -W ignore:easy_install command is deprecated setup.py develop --editable --build-directory /mnt/c/Users/Amir/Downloads/ros2_ws/build/ur_lab_unity_bridge/build --no-deps symlink_data
[22.410s] Level 1:colcon.colcon_core.shell:create_environment_hook('ur_lab_unity_bridge', 'pythonpath_develop')
[22.412s] INFO:colcon.colcon_core.shell:Creating environment hook '/mnt/c/Users/Amir/Downloads/ros2_ws/build/ur_lab_unity_bridge/share/ur_lab_unity_bridge/hook/pythonpath_develop.ps1'
[22.415s] DEBUG:colcon.colcon_core.event_handler.log_command:Invoked command in '/mnt/c/Users/Amir/Downloads/ros2_ws/build/ur_lab_unity_bridge' returned '0': AMENT_PREFIX_PATH=/mnt/c/Users/Amir/Downloads/ros2_ws/install/ur_lab:/mnt/c/Users/Amir/Downloads/ros2_ws/install/ros_tcp_endpoint:/mnt/c/Users/Amir/Downloads/ros2_ws/install/ur_simulation_gazebo:/mnt/c/Users/Amir/Downloads/ros2_ws/install/ur_lab_gazebo:/opt/ros/humble PYTHONPATH=/mnt/c/Users/Amir/Downloads/ros2_ws/build/ur_lab_unity_bridge/prefix_override:/usr/lib/python3/dist-packages/colcon_core/task/python/colcon_distutils_commands:/mnt/c/Users/Amir/Downloads/ros2_ws/install/ur_lab_unity_bridge/lib/python3.10/site-packages:${PYTHONPATH} /usr/bin/python3 -W ignore:setup.py install is deprecated -W ignore:easy_install command is deprecated setup.py develop --editable --build-directory /mnt/c/Users/Amir/Downloads/ros2_ws/build/ur_lab_unity_bridge/build --no-deps symlink_data
[22.435s] INFO:colcon.colcon_core.shell:Creating environment descriptor '/mnt/c/Users/Amir/Downloads/ros2_ws/build/ur_lab_unity_bridge/share/ur_lab_unity_bridge/hook/pythonpath_develop.dsv'
[22.451s] INFO:colcon.colcon_core.shell:Creating environment hook '/mnt/c/Users/Amir/Downloads/ros2_ws/build/ur_lab_unity_bridge/share/ur_lab_unity_bridge/hook/pythonpath_develop.sh'
[22.493s] Level 1:colcon.colcon_core.environment:checking '/mnt/c/Users/Amir/Downloads/ros2_ws/install/ur_lab_unity_bridge' for CMake module files
[22.544s] Level 1:colcon.colcon_core.environment:checking '/mnt/c/Users/Amir/Downloads/ros2_ws/install/ur_lab_unity_bridge' for CMake config files
[22.649s] Level 1:colcon.colcon_core.environment:checking '/mnt/c/Users/Amir/Downloads/ros2_ws/install/ur_lab_unity_bridge/lib'
[22.656s] Level 1:colcon.colcon_core.environment:checking '/mnt/c/Users/Amir/Downloads/ros2_ws/install/ur_lab_unity_bridge/bin'
[22.664s] Level 1:colcon.colcon_core.shell:create_environment_hook('ur_lab_unity_bridge', 'path')
[22.665s] INFO:colcon.colcon_core.shell:Creating environment hook '/mnt/c/Users/Amir/Downloads/ros2_ws/install/ur_lab_unity_bridge/share/ur_lab_unity_bridge/hook/path.ps1'
[22.687s] INFO:colcon.colcon_core.shell:Creating environment descriptor '/mnt/c/Users/Amir/Downloads/ros2_ws/install/ur_lab_unity_bridge/share/ur_lab_unity_bridge/hook/path.dsv'
[22.707s] INFO:colcon.colcon_core.shell:Creating environment hook '/mnt/c/Users/Amir/Downloads/ros2_ws/install/ur_lab_unity_bridge/share/ur_lab_unity_bridge/hook/path.sh'
[22.725s] Level 1:colcon.colcon_core.environment:checking '/mnt/c/Users/Amir/Downloads/ros2_ws/install/ur_lab_unity_bridge/lib/pkgconfig/ur_lab_unity_bridge.pc'
[22.728s] Level 1:colcon.colcon_core.environment:checking '/mnt/c/Users/Amir/Downloads/ros2_ws/install/ur_lab_unity_bridge/lib/python3.10/site-packages'
[22.732s] Level 1:colcon.colcon_core.shell:create_environment_hook('ur_lab_unity_bridge', 'pythonpath')
[22.733s] INFO:colcon.colcon_core.shell:Creating environment hook '/mnt/c/Users/Amir/Downloads/ros2_ws/install/ur_lab_unity_bridge/share/ur_lab_unity_bridge/hook/pythonpath.ps1'
[22.752s] INFO:colcon.colcon_core.shell:Creating environment descriptor '/mnt/c/Users/Amir/Downloads/ros2_ws/install/ur_lab_unity_bridge/share/ur_lab_unity_bridge/hook/pythonpath.dsv'
[22.771s] INFO:colcon.colcon_core.shell:Creating environment hook '/mnt/c/Users/Amir/Downloads/ros2_ws/install/ur_lab_unity_bridge/share/ur_lab_unity_bridge/hook/pythonpath.sh'
[22.789s] Level 1:colcon.colcon_core.environment:checking '/mnt/c/Users/Amir/Downloads/ros2_ws/install/ur_lab_unity_bridge/bin'
[22.798s] Level 1:colcon.colcon_core.shell:create_environment_hook('ur_lab_unity_bridge', 'pythonscriptspath')
[22.799s] INFO:colcon.colcon_core.shell:Creating environment hook '/mnt/c/Users/Amir/Downloads/ros2_ws/install/ur_lab_unity_bridge/share/ur_lab_unity_bridge/hook/pythonscriptspath.ps1'
[22.818s] INFO:colcon.colcon_core.shell:Creating environment descriptor '/mnt/c/Users/Amir/Downloads/ros2_ws/install/ur_lab_unity_bridge/share/ur_lab_unity_bridge/hook/pythonscriptspath.dsv'
[22.836s] INFO:colcon.colcon_core.shell:Creating environment hook '/mnt/c/Users/Amir/Downloads/ros2_ws/install/ur_lab_unity_bridge/share/ur_lab_unity_bridge/hook/pythonscriptspath.sh'
[22.856s] Level 1:colcon.colcon_core.environment:create_environment_scripts_only(ur_lab_unity_bridge)
[22.858s] INFO:colcon.colcon_core.shell:Creating package script '/mnt/c/Users/Amir/Downloads/ros2_ws/install/ur_lab_unity_bridge/share/ur_lab_unity_bridge/package.ps1'
[22.874s] INFO:colcon.colcon_core.shell:Creating package descriptor '/mnt/c/Users/Amir/Downloads/ros2_ws/install/ur_lab_unity_bridge/share/ur_lab_unity_bridge/package.dsv'
[22.890s] INFO:colcon.colcon_core.shell:Creating package script '/mnt/c/Users/Amir/Downloads/ros2_ws/install/ur_lab_unity_bridge/share/ur_lab_unity_bridge/package.sh'
[22.905s] INFO:colcon.colcon_core.shell:Creating package script '/mnt/c/Users/Amir/Downloads/ros2_ws/install/ur_lab_unity_bridge/share/ur_lab_unity_bridge/package.bash'
[22.922s] INFO:colcon.colcon_core.shell:Creating package script '/mnt/c/Users/Amir/Downloads/ros2_ws/install/ur_lab_unity_bridge/share/ur_lab_unity_bridge/package.zsh'
[22.939s] Level 1:colcon.colcon_core.environment:create_file_with_runtime_dependencies(/mnt/c/Users/Amir/Downloads/ros2_ws/install/ur_lab_unity_bridge/share/colcon-core/packages/ur_lab_unity_bridge)
[22.961s] DEBUG:colcon.colcon_parallel_executor.executor.parallel:closing loop
[22.962s] DEBUG:colcon.colcon_parallel_executor.executor.parallel:loop closed
[22.963s] DEBUG:colcon.colcon_parallel_executor.executor.parallel:run_until_complete finished with '0'
[22.964s] DEBUG:colcon.colcon_core.event_reactor:joining thread
[23.033s] INFO:colcon.colcon_core.plugin_system:Skipping extension 'colcon_notification.desktop_notification.terminal_notifier': Not used on non-Darwin systems
[23.034s] INFO:colcon.colcon_core.plugin_system:Skipping extension 'colcon_notification.desktop_notification.win32': Not used on non-Windows systems
[23.035s] INFO:colcon.colcon_notification.desktop_notification:Sending desktop notification using 'notify2'
[23.038s] DEBUG:colcon.colcon_notification.desktop_notification.notify2:Failed to initialize notify2: org.freedesktop.DBus.Error.ServiceUnknown: The name org.freedesktop.Notifications was not provided by any .service files
[23.039s] DEBUG:colcon.colcon_core.event_reactor:joined thread
[23.040s] INFO:colcon.colcon_core.shell:Creating prefix script '/mnt/c/Users/Amir/Downloads/ros2_ws/install/local_setup.ps1'
[23.048s] INFO:colcon.colcon_core.shell:Creating prefix util module '/mnt/c/Users/Amir/Downloads/ros2_ws/install/_local_setup_util_ps1.py'
[23.057s] INFO:colcon.colcon_core.shell:Creating prefix chain script '/mnt/c/Users/Amir/Downloads/ros2_ws/install/setup.ps1'
[23.108s] INFO:colcon.colcon_core.shell:Creating prefix script '/mnt/c/Users/Amir/Downloads/ros2_ws/install/local_setup.sh'
[23.116s] INFO:colcon.colcon_core.shell:Creating prefix util module '/mnt/c/Users/Amir/Downloads/ros2_ws/install/_local_setup_util_sh.py'
[23.126s] INFO:colcon.colcon_core.shell:Creating prefix chain script '/mnt/c/Users/Amir/Downloads/ros2_ws/install/setup.sh'
[23.175s] INFO:colcon.colcon_core.shell:Creating prefix script '/mnt/c/Users/Amir/Downloads/ros2_ws/install/local_setup.bash'
[23.184s] INFO:colcon.colcon_core.shell:Creating prefix chain script '/mnt/c/Users/Amir/Downloads/ros2_ws/install/setup.bash'
[23.229s] INFO:colcon.colcon_core.shell:Creating prefix script '/mnt/c/Users/Amir/Downloads/ros2_ws/install/local_setup.zsh'
[23.236s] INFO:colcon.colcon_core.shell:Creating prefix chain script '/mnt/c/Users/Amir/Downloads/ros2_ws/install/setup.zsh'
