[0.675s] DEBUG:colcon:Command line arguments: ['/usr/bin/colcon', 'build', '--symlink-install', '--packages-select', 'ur_lab_unity_bridge']
[0.676s] DEBUG:colcon:Parsed command line arguments: Namespace(log_base=None, log_level=None, verb_name='build', build_base='build', install_base='install', merge_install=False, symlink_install=True, test_result_base=None, continue_on_error=False, executor='parallel', parallel_workers=16, event_handlers=None, ignore_user_meta=False, metas=['./colcon.meta'], base_paths=['.'], packages_ignore=None, packages_ignore_regex=None, paths=None, packages_up_to=None, packages_up_to_regex=None, packages_above=None, packages_above_and_dependencies=None, packages_above_depth=None, packages_select_by_dep=None, packages_skip_by_dep=None, packages_skip_up_to=None, packages_select_build_failed=False, packages_skip_build_finished=False, packages_select_test_failures=False, packages_skip_test_passed=False, packages_select=['ur_lab_unity_bridge'], packages_skip=None, packages_select_regex=None, packages_skip_regex=None, packages_start=None, packages_end=None, allow_overriding=[], cmake_args=None, cmake_target=None, cmake_target_skip_unavailable=False, cmake_clean_cache=False, cmake_clean_first=False, cmake_force_configure=False, ament_cmake_args=None, catkin_cmake_args=None, catkin_skip_building_tests=False, mixin_files=None, mixin=None, verb_parser=<colcon_mixin.mixin.mixin_argument.MixinArgumentDecorator object at 0x758264acb370>, verb_extension=<colcon_core.verb.build.BuildVerb object at 0x758264c8c430>, main=<bound method BuildVerb.main of <colcon_core.verb.build.BuildVerb object at 0x758264c8c430>>, mixin_verb=('build',))
[1.059s] Level 1:colcon.colcon_core.package_discovery:discover_packages(colcon_meta) check parameters
[1.061s] Level 1:colcon.colcon_core.package_discovery:discover_packages(recursive) check parameters
[1.062s] Level 1:colcon.colcon_core.package_discovery:discover_packages(ignore) check parameters
[1.063s] Level 1:colcon.colcon_core.package_discovery:discover_packages(path) check parameters
[1.063s] Level 1:colcon.colcon_core.package_discovery:discover_packages(colcon_meta) discover
[1.064s] Level 1:colcon.colcon_core.package_discovery:discover_packages(recursive) discover
[1.065s] INFO:colcon.colcon_core.package_discovery:Crawling recursively for packages in '/mnt/c/Users/Amir/Downloads/ros2_ws'
[1.067s] Level 1:colcon.colcon_core.package_identification:_identify(.) by extensions ['ignore', 'ignore_ament_install']
[1.068s] Level 1:colcon.colcon_core.package_identification:_identify(.) by extension 'ignore'
[1.069s] Level 1:colcon.colcon_core.package_identification:_identify(.) by extension 'ignore_ament_install'
[1.071s] Level 1:colcon.colcon_core.package_identification:_identify(.) by extensions ['colcon_pkg']
[1.071s] Level 1:colcon.colcon_core.package_identification:_identify(.) by extension 'colcon_pkg'
[1.072s] Level 1:colcon.colcon_core.package_identification:_identify(.) by extensions ['colcon_meta']
[1.073s] Level 1:colcon.colcon_core.package_identification:_identify(.) by extension 'colcon_meta'
[1.073s] Level 1:colcon.colcon_core.package_identification:_identify(.) by extensions ['ros']
[1.074s] Level 1:colcon.colcon_core.package_identification:_identify(.) by extension 'ros'
[1.091s] Level 1:colcon.colcon_core.package_identification:_identify(.) by extensions ['cmake', 'python']
[1.091s] Level 1:colcon.colcon_core.package_identification:_identify(.) by extension 'cmake'
[1.092s] Level 1:colcon.colcon_core.package_identification:_identify(.) by extension 'python'
[1.093s] Level 1:colcon.colcon_core.package_identification:_identify(.) by extensions ['python_setup_py']
[1.094s] Level 1:colcon.colcon_core.package_identification:_identify(.) by extension 'python_setup_py'
[1.098s] Level 1:colcon.colcon_core.package_identification:_identify(Assets) by extensions ['ignore', 'ignore_ament_install']
[1.099s] Level 1:colcon.colcon_core.package_identification:_identify(Assets) by extension 'ignore'
[1.100s] Level 1:colcon.colcon_core.package_identification:_identify(Assets) by extension 'ignore_ament_install'
[1.102s] Level 1:colcon.colcon_core.package_identification:_identify(Assets) by extensions ['colcon_pkg']
[1.103s] Level 1:colcon.colcon_core.package_identification:_identify(Assets) by extension 'colcon_pkg'
[1.104s] Level 1:colcon.colcon_core.package_identification:_identify(Assets) by extensions ['colcon_meta']
[1.105s] Level 1:colcon.colcon_core.package_identification:_identify(Assets) by extension 'colcon_meta'
[1.106s] Level 1:colcon.colcon_core.package_identification:_identify(Assets) by extensions ['ros']
[1.107s] Level 1:colcon.colcon_core.package_identification:_identify(Assets) by extension 'ros'
[1.111s] Level 1:colcon.colcon_core.package_identification:_identify(Assets) by extensions ['cmake', 'python']
[1.112s] Level 1:colcon.colcon_core.package_identification:_identify(Assets) by extension 'cmake'
[1.113s] Level 1:colcon.colcon_core.package_identification:_identify(Assets) by extension 'python'
[1.114s] Level 1:colcon.colcon_core.package_identification:_identify(Assets) by extensions ['python_setup_py']
[1.115s] Level 1:colcon.colcon_core.package_identification:_identify(Assets) by extension 'python_setup_py'
[1.119s] Level 1:colcon.colcon_core.package_identification:_identify(Library) by extensions ['ignore', 'ignore_ament_install']
[1.120s] Level 1:colcon.colcon_core.package_identification:_identify(Library) by extension 'ignore'
[1.121s] Level 1:colcon.colcon_core.package_identification:_identify(Library) by extension 'ignore_ament_install'
[1.124s] Level 1:colcon.colcon_core.package_identification:_identify(Library) by extensions ['colcon_pkg']
[1.125s] Level 1:colcon.colcon_core.package_identification:_identify(Library) by extension 'colcon_pkg'
[1.126s] Level 1:colcon.colcon_core.package_identification:_identify(Library) by extensions ['colcon_meta']
[1.127s] Level 1:colcon.colcon_core.package_identification:_identify(Library) by extension 'colcon_meta'
[1.128s] Level 1:colcon.colcon_core.package_identification:_identify(Library) by extensions ['ros']
[1.129s] Level 1:colcon.colcon_core.package_identification:_identify(Library) by extension 'ros'
[1.133s] Level 1:colcon.colcon_core.package_identification:_identify(Library) by extensions ['cmake', 'python']
[1.134s] Level 1:colcon.colcon_core.package_identification:_identify(Library) by extension 'cmake'
[1.135s] Level 1:colcon.colcon_core.package_identification:_identify(Library) by extension 'python'
[1.137s] Level 1:colcon.colcon_core.package_identification:_identify(Library) by extensions ['python_setup_py']
[1.137s] Level 1:colcon.colcon_core.package_identification:_identify(Library) by extension 'python_setup_py'
[1.144s] Level 1:colcon.colcon_core.package_identification:_identify(Library/Artifacts) by extensions ['ignore', 'ignore_ament_install']
[1.145s] Level 1:colcon.colcon_core.package_identification:_identify(Library/Artifacts) by extension 'ignore'
[1.147s] Level 1:colcon.colcon_core.package_identification:_identify(Library/Artifacts) by extension 'ignore_ament_install'
[1.150s] Level 1:colcon.colcon_core.package_identification:_identify(Library/Artifacts) by extensions ['colcon_pkg']
[1.150s] Level 1:colcon.colcon_core.package_identification:_identify(Library/Artifacts) by extension 'colcon_pkg'
[1.152s] Level 1:colcon.colcon_core.package_identification:_identify(Library/Artifacts) by extensions ['colcon_meta']
[1.153s] Level 1:colcon.colcon_core.package_identification:_identify(Library/Artifacts) by extension 'colcon_meta'
[1.155s] Level 1:colcon.colcon_core.package_identification:_identify(Library/Artifacts) by extensions ['ros']
[1.156s] Level 1:colcon.colcon_core.package_identification:_identify(Library/Artifacts) by extension 'ros'
[1.162s] Level 1:colcon.colcon_core.package_identification:_identify(Library/Artifacts) by extensions ['cmake', 'python']
[1.163s] Level 1:colcon.colcon_core.package_identification:_identify(Library/Artifacts) by extension 'cmake'
[1.165s] Level 1:colcon.colcon_core.package_identification:_identify(Library/Artifacts) by extension 'python'
[1.167s] Level 1:colcon.colcon_core.package_identification:_identify(Library/Artifacts) by extensions ['python_setup_py']
[1.168s] Level 1:colcon.colcon_core.package_identification:_identify(Library/Artifacts) by extension 'python_setup_py'
[1.176s] Level 1:colcon.colcon_core.package_identification:_identify(Library/Artifacts/00) by extensions ['ignore', 'ignore_ament_install']
[1.177s] Level 1:colcon.colcon_core.package_identification:_identify(Library/Artifacts/00) by extension 'ignore'
[1.179s] Level 1:colcon.colcon_core.package_identification:_identify(Library/Artifacts/00) by extension 'ignore_ament_install'
[1.183s] Level 1:colcon.colcon_core.package_identification:_identify(Library/Artifacts/00) by extensions ['colcon_pkg']
[1.183s] Level 1:colcon.colcon_core.package_identification:_identify(Library/Artifacts/00) by extension 'colcon_pkg'
[1.186s] Level 1:colcon.colcon_core.package_identification:_identify(Library/Artifacts/00) by extensions ['colcon_meta']
[1.186s] Level 1:colcon.colcon_core.package_identification:_identify(Library/Artifacts/00) by extension 'colcon_meta'
[1.191s] Level 1:colcon.colcon_core.package_identification:_identify(Library/Artifacts/00) by extensions ['ros']
[1.191s] Level 1:colcon.colcon_core.package_identification:_identify(Library/Artifacts/00) by extension 'ros'
[1.200s] Level 1:colcon.colcon_core.package_identification:_identify(Library/Artifacts/00) by extensions ['cmake', 'python']
[1.200s] Level 1:colcon.colcon_core.package_identification:_identify(Library/Artifacts/00) by extension 'cmake'
[1.203s] Level 1:colcon.colcon_core.package_identification:_identify(Library/Artifacts/00) by extension 'python'
[1.205s] Level 1:colcon.colcon_core.package_identification:_identify(Library/Artifacts/00) by extensions ['python_setup_py']
[1.206s] Level 1:colcon.colcon_core.package_identification:_identify(Library/Artifacts/00) by extension 'python_setup_py'
[1.214s] Level 1:colcon.colcon_core.package_identification:_identify(Library/Artifacts/01) by extensions ['ignore', 'ignore_ament_install']
[1.214s] Level 1:colcon.colcon_core.package_identification:_identify(Library/Artifacts/01) by extension 'ignore'
[1.216s] Level 1:colcon.colcon_core.package_identification:_identify(Library/Artifacts/01) by extension 'ignore_ament_install'
[1.220s] Level 1:colcon.colcon_core.package_identification:_identify(Library/Artifacts/01) by extensions ['colcon_pkg']
[1.221s] Level 1:colcon.colcon_core.package_identification:_identify(Library/Artifacts/01) by extension 'colcon_pkg'
[1.223s] Level 1:colcon.colcon_core.package_identification:_identify(Library/Artifacts/01) by extensions ['colcon_meta']
[1.223s] Level 1:colcon.colcon_core.package_identification:_identify(Library/Artifacts/01) by extension 'colcon_meta'
[1.227s] Level 1:colcon.colcon_core.package_identification:_identify(Library/Artifacts/01) by extensions ['ros']
[1.228s] Level 1:colcon.colcon_core.package_identification:_identify(Library/Artifacts/01) by extension 'ros'
[1.236s] Level 1:colcon.colcon_core.package_identification:_identify(Library/Artifacts/01) by extensions ['cmake', 'python']
[1.236s] Level 1:colcon.colcon_core.package_identification:_identify(Library/Artifacts/01) by extension 'cmake'
[1.239s] Level 1:colcon.colcon_core.package_identification:_identify(Library/Artifacts/01) by extension 'python'
[1.241s] Level 1:colcon.colcon_core.package_identification:_identify(Library/Artifacts/01) by extensions ['python_setup_py']
[1.242s] Level 1:colcon.colcon_core.package_identification:_identify(Library/Artifacts/01) by extension 'python_setup_py'
[1.250s] Level 1:colcon.colcon_core.package_identification:_identify(Library/Artifacts/02) by extensions ['ignore', 'ignore_ament_install']
[1.251s] Level 1:colcon.colcon_core.package_identification:_identify(Library/Artifacts/02) by extension 'ignore'
[1.253s] Level 1:colcon.colcon_core.package_identification:_identify(Library/Artifacts/02) by extension 'ignore_ament_install'
[1.257s] Level 1:colcon.colcon_core.package_identification:_identify(Library/Artifacts/02) by extensions ['colcon_pkg']
[1.258s] Level 1:colcon.colcon_core.package_identification:_identify(Library/Artifacts/02) by extension 'colcon_pkg'
[1.260s] Level 1:colcon.colcon_core.package_identification:_identify(Library/Artifacts/02) by extensions ['colcon_meta']
[1.260s] Level 1:colcon.colcon_core.package_identification:_identify(Library/Artifacts/02) by extension 'colcon_meta'
[1.264s] Level 1:colcon.colcon_core.package_identification:_identify(Library/Artifacts/02) by extensions ['ros']
[1.265s] Level 1:colcon.colcon_core.package_identification:_identify(Library/Artifacts/02) by extension 'ros'
[1.274s] Level 1:colcon.colcon_core.package_identification:_identify(Library/Artifacts/02) by extensions ['cmake', 'python']
[1.275s] Level 1:colcon.colcon_core.package_identification:_identify(Library/Artifacts/02) by extension 'cmake'
[1.277s] Level 1:colcon.colcon_core.package_identification:_identify(Library/Artifacts/02) by extension 'python'
[1.280s] Level 1:colcon.colcon_core.package_identification:_identify(Library/Artifacts/02) by extensions ['python_setup_py']
[1.281s] Level 1:colcon.colcon_core.package_identification:_identify(Library/Artifacts/02) by extension 'python_setup_py'
[1.290s] Level 1:colcon.colcon_core.package_identification:_identify(Library/Artifacts/03) by extensions ['ignore', 'ignore_ament_install']
[1.291s] Level 1:colcon.colcon_core.package_identification:_identify(Library/Artifacts/03) by extension 'ignore'
[1.293s] Level 1:colcon.colcon_core.package_identification:_identify(Library/Artifacts/03) by extension 'ignore_ament_install'
[1.298s] Level 1:colcon.colcon_core.package_identification:_identify(Library/Artifacts/03) by extensions ['colcon_pkg']
[1.299s] Level 1:colcon.colcon_core.package_identification:_identify(Library/Artifacts/03) by extension 'colcon_pkg'
[1.301s] Level 1:colcon.colcon_core.package_identification:_identify(Library/Artifacts/03) by extensions ['colcon_meta']
[1.302s] Level 1:colcon.colcon_core.package_identification:_identify(Library/Artifacts/03) by extension 'colcon_meta'
[1.306s] Level 1:colcon.colcon_core.package_identification:_identify(Library/Artifacts/03) by extensions ['ros']
[1.307s] Level 1:colcon.colcon_core.package_identification:_identify(Library/Artifacts/03) by extension 'ros'
[1.318s] Level 1:colcon.colcon_core.package_identification:_identify(Library/Artifacts/03) by extensions ['cmake', 'python']
[1.318s] Level 1:colcon.colcon_core.package_identification:_identify(Library/Artifacts/03) by extension 'cmake'
[1.321s] Level 1:colcon.colcon_core.package_identification:_identify(Library/Artifacts/03) by extension 'python'
[1.323s] Level 1:colcon.colcon_core.package_identification:_identify(Library/Artifacts/03) by extensions ['python_setup_py']
[1.324s] Level 1:colcon.colcon_core.package_identification:_identify(Library/Artifacts/03) by extension 'python_setup_py'
[1.335s] Level 1:colcon.colcon_core.package_identification:_identify(Library/Artifacts/04) by extensions ['ignore', 'ignore_ament_install']
[1.336s] Level 1:colcon.colcon_core.package_identification:_identify(Library/Artifacts/04) by extension 'ignore'
[1.339s] Level 1:colcon.colcon_core.package_identification:_identify(Library/Artifacts/04) by extension 'ignore_ament_install'
[1.343s] Level 1:colcon.colcon_core.package_identification:_identify(Library/Artifacts/04) by extensions ['colcon_pkg']
[1.344s] Level 1:colcon.colcon_core.package_identification:_identify(Library/Artifacts/04) by extension 'colcon_pkg'
[1.347s] Level 1:colcon.colcon_core.package_identification:_identify(Library/Artifacts/04) by extensions ['colcon_meta']
[1.348s] Level 1:colcon.colcon_core.package_identification:_identify(Library/Artifacts/04) by extension 'colcon_meta'
[1.353s] Level 1:colcon.colcon_core.package_identification:_identify(Library/Artifacts/04) by extensions ['ros']
[1.354s] Level 1:colcon.colcon_core.package_identification:_identify(Library/Artifacts/04) by extension 'ros'
[1.363s] Level 1:colcon.colcon_core.package_identification:_identify(Library/Artifacts/04) by extensions ['cmake', 'python']
[1.364s] Level 1:colcon.colcon_core.package_identification:_identify(Library/Artifacts/04) by extension 'cmake'
[1.365s] Level 1:colcon.colcon_core.package_identification:_identify(Library/Artifacts/04) by extension 'python'
[1.368s] Level 1:colcon.colcon_core.package_identification:_identify(Library/Artifacts/04) by extensions ['python_setup_py']
[1.369s] Level 1:colcon.colcon_core.package_identification:_identify(Library/Artifacts/04) by extension 'python_setup_py'
[1.381s] Level 1:colcon.colcon_core.package_identification:_identify(Library/Artifacts/05) by extensions ['ignore', 'ignore_ament_install']
[1.382s] Level 1:colcon.colcon_core.package_identification:_identify(Library/Artifacts/05) by extension 'ignore'
[1.384s] Level 1:colcon.colcon_core.package_identification:_identify(Library/Artifacts/05) by extension 'ignore_ament_install'
[1.388s] Level 1:colcon.colcon_core.package_identification:_identify(Library/Artifacts/05) by extensions ['colcon_pkg']
[1.389s] Level 1:colcon.colcon_core.package_identification:_identify(Library/Artifacts/05) by extension 'colcon_pkg'
[1.391s] Level 1:colcon.colcon_core.package_identification:_identify(Library/Artifacts/05) by extensions ['colcon_meta']
[1.391s] Level 1:colcon.colcon_core.package_identification:_identify(Library/Artifacts/05) by extension 'colcon_meta'
[1.395s] Level 1:colcon.colcon_core.package_identification:_identify(Library/Artifacts/05) by extensions ['ros']
[1.396s] Level 1:colcon.colcon_core.package_identification:_identify(Library/Artifacts/05) by extension 'ros'
[1.405s] Level 1:colcon.colcon_core.package_identification:_identify(Library/Artifacts/05) by extensions ['cmake', 'python']
[1.405s] Level 1:colcon.colcon_core.package_identification:_identify(Library/Artifacts/05) by extension 'cmake'
[1.407s] Level 1:colcon.colcon_core.package_identification:_identify(Library/Artifacts/05) by extension 'python'
[1.409s] Level 1:colcon.colcon_core.package_identification:_identify(Library/Artifacts/05) by extensions ['python_setup_py']
[1.410s] Level 1:colcon.colcon_core.package_identification:_identify(Library/Artifacts/05) by extension 'python_setup_py'
[1.416s] Level 1:colcon.colcon_core.package_identification:_identify(Library/Artifacts/06) by extensions ['ignore', 'ignore_ament_install']
[1.417s] Level 1:colcon.colcon_core.package_identification:_identify(Library/Artifacts/06) by extension 'ignore'
[1.420s] Level 1:colcon.colcon_core.package_identification:_identify(Library/Artifacts/06) by extension 'ignore_ament_install'
[1.424s] Level 1:colcon.colcon_core.package_identification:_identify(Library/Artifacts/06) by extensions ['colcon_pkg']
[1.424s] Level 1:colcon.colcon_core.package_identification:_identify(Library/Artifacts/06) by extension 'colcon_pkg'
[1.427s] Level 1:colcon.colcon_core.package_identification:_identify(Library/Artifacts/06) by extensions ['colcon_meta']
[1.427s] Level 1:colcon.colcon_core.package_identification:_identify(Library/Artifacts/06) by extension 'colcon_meta'
[1.430s] Level 1:colcon.colcon_core.package_identification:_identify(Library/Artifacts/06) by extensions ['ros']
[1.431s] Level 1:colcon.colcon_core.package_identification:_identify(Library/Artifacts/06) by extension 'ros'
[1.440s] Level 1:colcon.colcon_core.package_identification:_identify(Library/Artifacts/06) by extensions ['cmake', 'python']
[1.440s] Level 1:colcon.colcon_core.package_identification:_identify(Library/Artifacts/06) by extension 'cmake'
[1.443s] Level 1:colcon.colcon_core.package_identification:_identify(Library/Artifacts/06) by extension 'python'
[1.445s] Level 1:colcon.colcon_core.package_identification:_identify(Library/Artifacts/06) by extensions ['python_setup_py']
[1.446s] Level 1:colcon.colcon_core.package_identification:_identify(Library/Artifacts/06) by extension 'python_setup_py'
[1.454s] Level 1:colcon.colcon_core.package_identification:_identify(Library/Artifacts/07) by extensions ['ignore', 'ignore_ament_install']
[1.455s] Level 1:colcon.colcon_core.package_identification:_identify(Library/Artifacts/07) by extension 'ignore'
[1.457s] Level 1:colcon.colcon_core.package_identification:_identify(Library/Artifacts/07) by extension 'ignore_ament_install'
[1.461s] Level 1:colcon.colcon_core.package_identification:_identify(Library/Artifacts/07) by extensions ['colcon_pkg']
[1.462s] Level 1:colcon.colcon_core.package_identification:_identify(Library/Artifacts/07) by extension 'colcon_pkg'
[1.464s] Level 1:colcon.colcon_core.package_identification:_identify(Library/Artifacts/07) by extensions ['colcon_meta']
[1.465s] Level 1:colcon.colcon_core.package_identification:_identify(Library/Artifacts/07) by extension 'colcon_meta'
[1.468s] Level 1:colcon.colcon_core.package_identification:_identify(Library/Artifacts/07) by extensions ['ros']
[1.469s] Level 1:colcon.colcon_core.package_identification:_identify(Library/Artifacts/07) by extension 'ros'
[1.477s] Level 1:colcon.colcon_core.package_identification:_identify(Library/Artifacts/07) by extensions ['cmake', 'python']
[1.478s] Level 1:colcon.colcon_core.package_identification:_identify(Library/Artifacts/07) by extension 'cmake'
[1.480s] Level 1:colcon.colcon_core.package_identification:_identify(Library/Artifacts/07) by extension 'python'
[1.482s] Level 1:colcon.colcon_core.package_identification:_identify(Library/Artifacts/07) by extensions ['python_setup_py']
[1.483s] Level 1:colcon.colcon_core.package_identification:_identify(Library/Artifacts/07) by extension 'python_setup_py'
[1.490s] Level 1:colcon.colcon_core.package_identification:_identify(Library/Artifacts/08) by extensions ['ignore', 'ignore_ament_install']
[1.491s] Level 1:colcon.colcon_core.package_identification:_identify(Library/Artifacts/08) by extension 'ignore'
[1.493s] Level 1:colcon.colcon_core.package_identification:_identify(Library/Artifacts/08) by extension 'ignore_ament_install'
[1.496s] Level 1:colcon.colcon_core.package_identification:_identify(Library/Artifacts/08) by extensions ['colcon_pkg']
[1.497s] Level 1:colcon.colcon_core.package_identification:_identify(Library/Artifacts/08) by extension 'colcon_pkg'
[1.500s] Level 1:colcon.colcon_core.package_identification:_identify(Library/Artifacts/08) by extensions ['colcon_meta']
[1.500s] Level 1:colcon.colcon_core.package_identification:_identify(Library/Artifacts/08) by extension 'colcon_meta'
[1.505s] Level 1:colcon.colcon_core.package_identification:_identify(Library/Artifacts/08) by extensions ['ros']
[1.506s] Level 1:colcon.colcon_core.package_identification:_identify(Library/Artifacts/08) by extension 'ros'
[1.514s] Level 1:colcon.colcon_core.package_identification:_identify(Library/Artifacts/08) by extensions ['cmake', 'python']
[1.515s] Level 1:colcon.colcon_core.package_identification:_identify(Library/Artifacts/08) by extension 'cmake'
[1.517s] Level 1:colcon.colcon_core.package_identification:_identify(Library/Artifacts/08) by extension 'python'
[1.519s] Level 1:colcon.colcon_core.package_identification:_identify(Library/Artifacts/08) by extensions ['python_setup_py']
[1.520s] Level 1:colcon.colcon_core.package_identification:_identify(Library/Artifacts/08) by extension 'python_setup_py'
[1.529s] Level 1:colcon.colcon_core.package_identification:_identify(Library/Artifacts/09) by extensions ['ignore', 'ignore_ament_install']
[1.530s] Level 1:colcon.colcon_core.package_identification:_identify(Library/Artifacts/09) by extension 'ignore'
[1.532s] Level 1:colcon.colcon_core.package_identification:_identify(Library/Artifacts/09) by extension 'ignore_ament_install'
[1.536s] Level 1:colcon.colcon_core.package_identification:_identify(Library/Artifacts/09) by extensions ['colcon_pkg']
[1.537s] Level 1:colcon.colcon_core.package_identification:_identify(Library/Artifacts/09) by extension 'colcon_pkg'
[1.540s] Level 1:colcon.colcon_core.package_identification:_identify(Library/Artifacts/09) by extensions ['colcon_meta']
[1.540s] Level 1:colcon.colcon_core.package_identification:_identify(Library/Artifacts/09) by extension 'colcon_meta'
[1.545s] Level 1:colcon.colcon_core.package_identification:_identify(Library/Artifacts/09) by extensions ['ros']
[1.546s] Level 1:colcon.colcon_core.package_identification:_identify(Library/Artifacts/09) by extension 'ros'
[1.554s] Level 1:colcon.colcon_core.package_identification:_identify(Library/Artifacts/09) by extensions ['cmake', 'python']
[1.554s] Level 1:colcon.colcon_core.package_identification:_identify(Library/Artifacts/09) by extension 'cmake'
[1.557s] Level 1:colcon.colcon_core.package_identification:_identify(Library/Artifacts/09) by extension 'python'
[1.559s] Level 1:colcon.colcon_core.package_identification:_identify(Library/Artifacts/09) by extensions ['python_setup_py']
[1.560s] Level 1:colcon.colcon_core.package_identification:_identify(Library/Artifacts/09) by extension 'python_setup_py'
[1.570s] Level 1:colcon.colcon_core.package_identification:_identify(Library/Artifacts/0a) by extensions ['ignore', 'ignore_ament_install']
[1.571s] Level 1:colcon.colcon_core.package_identification:_identify(Library/Artifacts/0a) by extension 'ignore'
[1.573s] Level 1:colcon.colcon_core.package_identification:_identify(Library/Artifacts/0a) by extension 'ignore_ament_install'
[1.577s] Level 1:colcon.colcon_core.package_identification:_identify(Library/Artifacts/0a) by extensions ['colcon_pkg']
[1.577s] Level 1:colcon.colcon_core.package_identification:_identify(Library/Artifacts/0a) by extension 'colcon_pkg'
[1.579s] Level 1:colcon.colcon_core.package_identification:_identify(Library/Artifacts/0a) by extensions ['colcon_meta']
[1.580s] Level 1:colcon.colcon_core.package_identification:_identify(Library/Artifacts/0a) by extension 'colcon_meta'
[1.584s] Level 1:colcon.colcon_core.package_identification:_identify(Library/Artifacts/0a) by extensions ['ros']
[1.585s] Level 1:colcon.colcon_core.package_identification:_identify(Library/Artifacts/0a) by extension 'ros'
[1.593s] Level 1:colcon.colcon_core.package_identification:_identify(Library/Artifacts/0a) by extensions ['cmake', 'python']
[1.594s] Level 1:colcon.colcon_core.package_identification:_identify(Library/Artifacts/0a) by extension 'cmake'
[1.596s] Level 1:colcon.colcon_core.package_identification:_identify(Library/Artifacts/0a) by extension 'python'
[1.598s] Level 1:colcon.colcon_core.package_identification:_identify(Library/Artifacts/0a) by extensions ['python_setup_py']
[1.599s] Level 1:colcon.colcon_core.package_identification:_identify(Library/Artifacts/0a) by extension 'python_setup_py'
[1.608s] Level 1:colcon.colcon_core.package_identification:_identify(Library/Artifacts/0b) by extensions ['ignore', 'ignore_ament_install']
[1.609s] Level 1:colcon.colcon_core.package_identification:_identify(Library/Artifacts/0b) by extension 'ignore'
[1.612s] Level 1:colcon.colcon_core.package_identification:_identify(Library/Artifacts/0b) by extension 'ignore_ament_install'
[1.616s] Level 1:colcon.colcon_core.package_identification:_identify(Library/Artifacts/0b) by extensions ['colcon_pkg']
[1.617s] Level 1:colcon.colcon_core.package_identification:_identify(Library/Artifacts/0b) by extension 'colcon_pkg'
[1.618s] Level 1:colcon.colcon_core.package_identification:_identify(Library/Artifacts/0b) by extensions ['colcon_meta']
[1.619s] Level 1:colcon.colcon_core.package_identification:_identify(Library/Artifacts/0b) by extension 'colcon_meta'
[1.623s] Level 1:colcon.colcon_core.package_identification:_identify(Library/Artifacts/0b) by extensions ['ros']
[1.625s] Level 1:colcon.colcon_core.package_identification:_identify(Library/Artifacts/0b) by extension 'ros'
[1.634s] Level 1:colcon.colcon_core.package_identification:_identify(Library/Artifacts/0b) by extensions ['cmake', 'python']
[1.635s] Level 1:colcon.colcon_core.package_identification:_identify(Library/Artifacts/0b) by extension 'cmake'
[1.637s] Level 1:colcon.colcon_core.package_identification:_identify(Library/Artifacts/0b) by extension 'python'
[1.639s] Level 1:colcon.colcon_core.package_identification:_identify(Library/Artifacts/0b) by extensions ['python_setup_py']
[1.640s] Level 1:colcon.colcon_core.package_identification:_identify(Library/Artifacts/0b) by extension 'python_setup_py'
[1.648s] Level 1:colcon.colcon_core.package_identification:_identify(Library/Artifacts/0c) by extensions ['ignore', 'ignore_ament_install']
[1.649s] Level 1:colcon.colcon_core.package_identification:_identify(Library/Artifacts/0c) by extension 'ignore'
[1.652s] Level 1:colcon.colcon_core.package_identification:_identify(Library/Artifacts/0c) by extension 'ignore_ament_install'
[1.656s] Level 1:colcon.colcon_core.package_identification:_identify(Library/Artifacts/0c) by extensions ['colcon_pkg']
[1.657s] Level 1:colcon.colcon_core.package_identification:_identify(Library/Artifacts/0c) by extension 'colcon_pkg'
[1.660s] Level 1:colcon.colcon_core.package_identification:_identify(Library/Artifacts/0c) by extensions ['colcon_meta']
[1.661s] Level 1:colcon.colcon_core.package_identification:_identify(Library/Artifacts/0c) by extension 'colcon_meta'
[1.665s] Level 1:colcon.colcon_core.package_identification:_identify(Library/Artifacts/0c) by extensions ['ros']
[1.665s] Level 1:colcon.colcon_core.package_identification:_identify(Library/Artifacts/0c) by extension 'ros'
[1.675s] Level 1:colcon.colcon_core.package_identification:_identify(Library/Artifacts/0c) by extensions ['cmake', 'python']
[1.676s] Level 1:colcon.colcon_core.package_identification:_identify(Library/Artifacts/0c) by extension 'cmake'
[1.678s] Level 1:colcon.colcon_core.package_identification:_identify(Library/Artifacts/0c) by extension 'python'
[1.681s] Level 1:colcon.colcon_core.package_identification:_identify(Library/Artifacts/0c) by extensions ['python_setup_py']
[1.681s] Level 1:colcon.colcon_core.package_identification:_identify(Library/Artifacts/0c) by extension 'python_setup_py'
[1.692s] Level 1:colcon.colcon_core.package_identification:_identify(Library/Artifacts/0d) by extensions ['ignore', 'ignore_ament_install']
[1.693s] Level 1:colcon.colcon_core.package_identification:_identify(Library/Artifacts/0d) by extension 'ignore'
[1.695s] Level 1:colcon.colcon_core.package_identification:_identify(Library/Artifacts/0d) by extension 'ignore_ament_install'
[1.700s] Level 1:colcon.colcon_core.package_identification:_identify(Library/Artifacts/0d) by extensions ['colcon_pkg']
[1.700s] Level 1:colcon.colcon_core.package_identification:_identify(Library/Artifacts/0d) by extension 'colcon_pkg'
[1.703s] Level 1:colcon.colcon_core.package_identification:_identify(Library/Artifacts/0d) by extensions ['colcon_meta']
[1.703s] Level 1:colcon.colcon_core.package_identification:_identify(Library/Artifacts/0d) by extension 'colcon_meta'
[1.708s] Level 1:colcon.colcon_core.package_identification:_identify(Library/Artifacts/0d) by extensions ['ros']
[1.709s] Level 1:colcon.colcon_core.package_identification:_identify(Library/Artifacts/0d) by extension 'ros'
[1.717s] Level 1:colcon.colcon_core.package_identification:_identify(Library/Artifacts/0d) by extensions ['cmake', 'python']
[1.718s] Level 1:colcon.colcon_core.package_identification:_identify(Library/Artifacts/0d) by extension 'cmake'
[1.720s] Level 1:colcon.colcon_core.package_identification:_identify(Library/Artifacts/0d) by extension 'python'
[1.722s] Level 1:colcon.colcon_core.package_identification:_identify(Library/Artifacts/0d) by extensions ['python_setup_py']
[1.722s] Level 1:colcon.colcon_core.package_identification:_identify(Library/Artifacts/0d) by extension 'python_setup_py'
[1.731s] Level 1:colcon.colcon_core.package_identification:_identify(Library/Artifacts/0e) by extensions ['ignore', 'ignore_ament_install']
[1.732s] Level 1:colcon.colcon_core.package_identification:_identify(Library/Artifacts/0e) by extension 'ignore'
[1.734s] Level 1:colcon.colcon_core.package_identification:_identify(Library/Artifacts/0e) by extension 'ignore_ament_install'
[1.738s] Level 1:colcon.colcon_core.package_identification:_identify(Library/Artifacts/0e) by extensions ['colcon_pkg']
[1.739s] Level 1:colcon.colcon_core.package_identification:_identify(Library/Artifacts/0e) by extension 'colcon_pkg'
[1.741s] Level 1:colcon.colcon_core.package_identification:_identify(Library/Artifacts/0e) by extensions ['colcon_meta']
[1.741s] Level 1:colcon.colcon_core.package_identification:_identify(Library/Artifacts/0e) by extension 'colcon_meta'
[1.746s] Level 1:colcon.colcon_core.package_identification:_identify(Library/Artifacts/0e) by extensions ['ros']
[1.746s] Level 1:colcon.colcon_core.package_identification:_identify(Library/Artifacts/0e) by extension 'ros'
[1.755s] Level 1:colcon.colcon_core.package_identification:_identify(Library/Artifacts/0e) by extensions ['cmake', 'python']
[1.755s] Level 1:colcon.colcon_core.package_identification:_identify(Library/Artifacts/0e) by extension 'cmake'
[1.758s] Level 1:colcon.colcon_core.package_identification:_identify(Library/Artifacts/0e) by extension 'python'
[1.760s] Level 1:colcon.colcon_core.package_identification:_identify(Library/Artifacts/0e) by extensions ['python_setup_py']
[1.761s] Level 1:colcon.colcon_core.package_identification:_identify(Library/Artifacts/0e) by extension 'python_setup_py'
[1.770s] Level 1:colcon.colcon_core.package_identification:_identify(Library/Artifacts/0f) by extensions ['ignore', 'ignore_ament_install']
[1.770s] Level 1:colcon.colcon_core.package_identification:_identify(Library/Artifacts/0f) by extension 'ignore'
[1.773s] Level 1:colcon.colcon_core.package_identification:_identify(Library/Artifacts/0f) by extension 'ignore_ament_install'
[1.777s] Level 1:colcon.colcon_core.package_identification:_identify(Library/Artifacts/0f) by extensions ['colcon_pkg']
[1.777s] Level 1:colcon.colcon_core.package_identification:_identify(Library/Artifacts/0f) by extension 'colcon_pkg'
[1.780s] Level 1:colcon.colcon_core.package_identification:_identify(Library/Artifacts/0f) by extensions ['colcon_meta']
[1.781s] Level 1:colcon.colcon_core.package_identification:_identify(Library/Artifacts/0f) by extension 'colcon_meta'
[1.785s] Level 1:colcon.colcon_core.package_identification:_identify(Library/Artifacts/0f) by extensions ['ros']
[1.786s] Level 1:colcon.colcon_core.package_identification:_identify(Library/Artifacts/0f) by extension 'ros'
[1.795s] Level 1:colcon.colcon_core.package_identification:_identify(Library/Artifacts/0f) by extensions ['cmake', 'python']
[1.795s] Level 1:colcon.colcon_core.package_identification:_identify(Library/Artifacts/0f) by extension 'cmake'
[1.798s] Level 1:colcon.colcon_core.package_identification:_identify(Library/Artifacts/0f) by extension 'python'
[1.800s] Level 1:colcon.colcon_core.package_identification:_identify(Library/Artifacts/0f) by extensions ['python_setup_py']
[1.800s] Level 1:colcon.colcon_core.package_identification:_identify(Library/Artifacts/0f) by extension 'python_setup_py'
[1.809s] Level 1:colcon.colcon_core.package_identification:_identify(Library/Artifacts/10) by extensions ['ignore', 'ignore_ament_install']
[1.810s] Level 1:colcon.colcon_core.package_identification:_identify(Library/Artifacts/10) by extension 'ignore'
[1.812s] Level 1:colcon.colcon_core.package_identification:_identify(Library/Artifacts/10) by extension 'ignore_ament_install'
[1.815s] Level 1:colcon.colcon_core.package_identification:_identify(Library/Artifacts/10) by extensions ['colcon_pkg']
[1.816s] Level 1:colcon.colcon_core.package_identification:_identify(Library/Artifacts/10) by extension 'colcon_pkg'
[1.818s] Level 1:colcon.colcon_core.package_identification:_identify(Library/Artifacts/10) by extensions ['colcon_meta']
[1.819s] Level 1:colcon.colcon_core.package_identification:_identify(Library/Artifacts/10) by extension 'colcon_meta'
[1.822s] Level 1:colcon.colcon_core.package_identification:_identify(Library/Artifacts/10) by extensions ['ros']
[1.823s] Level 1:colcon.colcon_core.package_identification:_identify(Library/Artifacts/10) by extension 'ros'
[1.833s] Level 1:colcon.colcon_core.package_identification:_identify(Library/Artifacts/10) by extensions ['cmake', 'python']
[1.833s] Level 1:colcon.colcon_core.package_identification:_identify(Library/Artifacts/10) by extension 'cmake'
[1.836s] Level 1:colcon.colcon_core.package_identification:_identify(Library/Artifacts/10) by extension 'python'
[1.838s] Level 1:colcon.colcon_core.package_identification:_identify(Library/Artifacts/10) by extensions ['python_setup_py']
[1.839s] Level 1:colcon.colcon_core.package_identification:_identify(Library/Artifacts/10) by extension 'python_setup_py'
[1.848s] Level 1:colcon.colcon_core.package_identification:_identify(Library/Artifacts/11) by extensions ['ignore', 'ignore_ament_install']
[1.848s] Level 1:colcon.colcon_core.package_identification:_identify(Library/Artifacts/11) by extension 'ignore'
[1.851s] Level 1:colcon.colcon_core.package_identification:_identify(Library/Artifacts/11) by extension 'ignore_ament_install'
[1.854s] Level 1:colcon.colcon_core.package_identification:_identify(Library/Artifacts/11) by extensions ['colcon_pkg']
[1.855s] Level 1:colcon.colcon_core.package_identification:_identify(Library/Artifacts/11) by extension 'colcon_pkg'
[1.857s] Level 1:colcon.colcon_core.package_identification:_identify(Library/Artifacts/11) by extensions ['colcon_meta']
[1.857s] Level 1:colcon.colcon_core.package_identification:_identify(Library/Artifacts/11) by extension 'colcon_meta'
[1.862s] Level 1:colcon.colcon_core.package_identification:_identify(Library/Artifacts/11) by extensions ['ros']
[1.862s] Level 1:colcon.colcon_core.package_identification:_identify(Library/Artifacts/11) by extension 'ros'
[1.871s] Level 1:colcon.colcon_core.package_identification:_identify(Library/Artifacts/11) by extensions ['cmake', 'python']
[1.872s] Level 1:colcon.colcon_core.package_identification:_identify(Library/Artifacts/11) by extension 'cmake'
[1.874s] Level 1:colcon.colcon_core.package_identification:_identify(Library/Artifacts/11) by extension 'python'
[1.876s] Level 1:colcon.colcon_core.package_identification:_identify(Library/Artifacts/11) by extensions ['python_setup_py']
[1.877s] Level 1:colcon.colcon_core.package_identification:_identify(Library/Artifacts/11) by extension 'python_setup_py'
[1.886s] Level 1:colcon.colcon_core.package_identification:_identify(Library/Artifacts/12) by extensions ['ignore', 'ignore_ament_install']
[1.887s] Level 1:colcon.colcon_core.package_identification:_identify(Library/Artifacts/12) by extension 'ignore'
[1.888s] Level 1:colcon.colcon_core.package_identification:_identify(Library/Artifacts/12) by extension 'ignore_ament_install'
[1.892s] Level 1:colcon.colcon_core.package_identification:_identify(Library/Artifacts/12) by extensions ['colcon_pkg']
[1.893s] Level 1:colcon.colcon_core.package_identification:_identify(Library/Artifacts/12) by extension 'colcon_pkg'
[1.896s] Level 1:colcon.colcon_core.package_identification:_identify(Library/Artifacts/12) by extensions ['colcon_meta']
[1.897s] Level 1:colcon.colcon_core.package_identification:_identify(Library/Artifacts/12) by extension 'colcon_meta'
[1.901s] Level 1:colcon.colcon_core.package_identification:_identify(Library/Artifacts/12) by extensions ['ros']
[1.901s] Level 1:colcon.colcon_core.package_identification:_identify(Library/Artifacts/12) by extension 'ros'
[1.910s] Level 1:colcon.colcon_core.package_identification:_identify(Library/Artifacts/12) by extensions ['cmake', 'python']
[1.911s] Level 1:colcon.colcon_core.package_identification:_identify(Library/Artifacts/12) by extension 'cmake'
[1.915s] Level 1:colcon.colcon_core.package_identification:_identify(Library/Artifacts/12) by extension 'python'
[1.917s] Level 1:colcon.colcon_core.package_identification:_identify(Library/Artifacts/12) by extensions ['python_setup_py']
[1.918s] Level 1:colcon.colcon_core.package_identification:_identify(Library/Artifacts/12) by extension 'python_setup_py'
[1.926s] Level 1:colcon.colcon_core.package_identification:_identify(Library/Artifacts/13) by extensions ['ignore', 'ignore_ament_install']
[1.927s] Level 1:colcon.colcon_core.package_identification:_identify(Library/Artifacts/13) by extension 'ignore'
[1.929s] Level 1:colcon.colcon_core.package_identification:_identify(Library/Artifacts/13) by extension 'ignore_ament_install'
[1.934s] Level 1:colcon.colcon_core.package_identification:_identify(Library/Artifacts/13) by extensions ['colcon_pkg']
[1.935s] Level 1:colcon.colcon_core.package_identification:_identify(Library/Artifacts/13) by extension 'colcon_pkg'
[1.937s] Level 1:colcon.colcon_core.package_identification:_identify(Library/Artifacts/13) by extensions ['colcon_meta']
[1.938s] Level 1:colcon.colcon_core.package_identification:_identify(Library/Artifacts/13) by extension 'colcon_meta'
[1.941s] Level 1:colcon.colcon_core.package_identification:_identify(Library/Artifacts/13) by extensions ['ros']
[1.942s] Level 1:colcon.colcon_core.package_identification:_identify(Library/Artifacts/13) by extension 'ros'
[1.950s] Level 1:colcon.colcon_core.package_identification:_identify(Library/Artifacts/13) by extensions ['cmake', 'python']
[1.951s] Level 1:colcon.colcon_core.package_identification:_identify(Library/Artifacts/13) by extension 'cmake'
[1.953s] Level 1:colcon.colcon_core.package_identification:_identify(Library/Artifacts/13) by extension 'python'
[1.956s] Level 1:colcon.colcon_core.package_identification:_identify(Library/Artifacts/13) by extensions ['python_setup_py']
[1.956s] Level 1:colcon.colcon_core.package_identification:_identify(Library/Artifacts/13) by extension 'python_setup_py'
[1.966s] Level 1:colcon.colcon_core.package_identification:_identify(Library/Artifacts/14) by extensions ['ignore', 'ignore_ament_install']
[1.967s] Level 1:colcon.colcon_core.package_identification:_identify(Library/Artifacts/14) by extension 'ignore'
[1.969s] Level 1:colcon.colcon_core.package_identification:_identify(Library/Artifacts/14) by extension 'ignore_ament_install'
[1.974s] Level 1:colcon.colcon_core.package_identification:_identify(Library/Artifacts/14) by extensions ['colcon_pkg']
[1.975s] Level 1:colcon.colcon_core.package_identification:_identify(Library/Artifacts/14) by extension 'colcon_pkg'
[1.977s] Level 1:colcon.colcon_core.package_identification:_identify(Library/Artifacts/14) by extensions ['colcon_meta']
[1.978s] Level 1:colcon.colcon_core.package_identification:_identify(Library/Artifacts/14) by extension 'colcon_meta'
[1.982s] Level 1:colcon.colcon_core.package_identification:_identify(Library/Artifacts/14) by extensions ['ros']
[1.983s] Level 1:colcon.colcon_core.package_identification:_identify(Library/Artifacts/14) by extension 'ros'
[1.992s] Level 1:colcon.colcon_core.package_identification:_identify(Library/Artifacts/14) by extensions ['cmake', 'python']
[1.993s] Level 1:colcon.colcon_core.package_identification:_identify(Library/Artifacts/14) by extension 'cmake'
[1.996s] Level 1:colcon.colcon_core.package_identification:_identify(Library/Artifacts/14) by extension 'python'
[1.998s] Level 1:colcon.colcon_core.package_identification:_identify(Library/Artifacts/14) by extensions ['python_setup_py']
[1.999s] Level 1:colcon.colcon_core.package_identification:_identify(Library/Artifacts/14) by extension 'python_setup_py'
[2.008s] Level 1:colcon.colcon_core.package_identification:_identify(Library/Artifacts/15) by extensions ['ignore', 'ignore_ament_install']
[2.009s] Level 1:colcon.colcon_core.package_identification:_identify(Library/Artifacts/15) by extension 'ignore'
[2.011s] Level 1:colcon.colcon_core.package_identification:_identify(Library/Artifacts/15) by extension 'ignore_ament_install'
[2.015s] Level 1:colcon.colcon_core.package_identification:_identify(Library/Artifacts/15) by extensions ['colcon_pkg']
[2.016s] Level 1:colcon.colcon_core.package_identification:_identify(Library/Artifacts/15) by extension 'colcon_pkg'
[2.018s] Level 1:colcon.colcon_core.package_identification:_identify(Library/Artifacts/15) by extensions ['colcon_meta']
[2.019s] Level 1:colcon.colcon_core.package_identification:_identify(Library/Artifacts/15) by extension 'colcon_meta'
[2.023s] Level 1:colcon.colcon_core.package_identification:_identify(Library/Artifacts/15) by extensions ['ros']
[2.024s] Level 1:colcon.colcon_core.package_identification:_identify(Library/Artifacts/15) by extension 'ros'
[2.033s] Level 1:colcon.colcon_core.package_identification:_identify(Library/Artifacts/15) by extensions ['cmake', 'python']
[2.033s] Level 1:colcon.colcon_core.package_identification:_identify(Library/Artifacts/15) by extension 'cmake'
[2.036s] Level 1:colcon.colcon_core.package_identification:_identify(Library/Artifacts/15) by extension 'python'
[2.038s] Level 1:colcon.colcon_core.package_identification:_identify(Library/Artifacts/15) by extensions ['python_setup_py']
[2.039s] Level 1:colcon.colcon_core.package_identification:_identify(Library/Artifacts/15) by extension 'python_setup_py'
[2.048s] Level 1:colcon.colcon_core.package_identification:_identify(Library/Artifacts/16) by extensions ['ignore', 'ignore_ament_install']
[2.049s] Level 1:colcon.colcon_core.package_identification:_identify(Library/Artifacts/16) by extension 'ignore'
[2.051s] Level 1:colcon.colcon_core.package_identification:_identify(Library/Artifacts/16) by extension 'ignore_ament_install'
[2.055s] Level 1:colcon.colcon_core.package_identification:_identify(Library/Artifacts/16) by extensions ['colcon_pkg']
[2.056s] Level 1:colcon.colcon_core.package_identification:_identify(Library/Artifacts/16) by extension 'colcon_pkg'
[2.059s] Level 1:colcon.colcon_core.package_identification:_identify(Library/Artifacts/16) by extensions ['colcon_meta']
[2.059s] Level 1:colcon.colcon_core.package_identification:_identify(Library/Artifacts/16) by extension 'colcon_meta'
[2.063s] Level 1:colcon.colcon_core.package_identification:_identify(Library/Artifacts/16) by extensions ['ros']
[2.064s] Level 1:colcon.colcon_core.package_identification:_identify(Library/Artifacts/16) by extension 'ros'
[2.073s] Level 1:colcon.colcon_core.package_identification:_identify(Library/Artifacts/16) by extensions ['cmake', 'python']
[2.074s] Level 1:colcon.colcon_core.package_identification:_identify(Library/Artifacts/16) by extension 'cmake'
[2.076s] Level 1:colcon.colcon_core.package_identification:_identify(Library/Artifacts/16) by extension 'python'
[2.079s] Level 1:colcon.colcon_core.package_identification:_identify(Library/Artifacts/16) by extensions ['python_setup_py']
[2.079s] Level 1:colcon.colcon_core.package_identification:_identify(Library/Artifacts/16) by extension 'python_setup_py'
[2.088s] Level 1:colcon.colcon_core.package_identification:_identify(Library/Artifacts/17) by extensions ['ignore', 'ignore_ament_install']
[2.089s] Level 1:colcon.colcon_core.package_identification:_identify(Library/Artifacts/17) by extension 'ignore'
[2.092s] Level 1:colcon.colcon_core.package_identification:_identify(Library/Artifacts/17) by extension 'ignore_ament_install'
[2.096s] Level 1:colcon.colcon_core.package_identification:_identify(Library/Artifacts/17) by extensions ['colcon_pkg']
[2.097s] Level 1:colcon.colcon_core.package_identification:_identify(Library/Artifacts/17) by extension 'colcon_pkg'
[2.099s] Level 1:colcon.colcon_core.package_identification:_identify(Library/Artifacts/17) by extensions ['colcon_meta']
[2.099s] Level 1:colcon.colcon_core.package_identification:_identify(Library/Artifacts/17) by extension 'colcon_meta'
[2.104s] Level 1:colcon.colcon_core.package_identification:_identify(Library/Artifacts/17) by extensions ['ros']
[2.105s] Level 1:colcon.colcon_core.package_identification:_identify(Library/Artifacts/17) by extension 'ros'
[2.114s] Level 1:colcon.colcon_core.package_identification:_identify(Library/Artifacts/17) by extensions ['cmake', 'python']
[2.115s] Level 1:colcon.colcon_core.package_identification:_identify(Library/Artifacts/17) by extension 'cmake'
[2.117s] Level 1:colcon.colcon_core.package_identification:_identify(Library/Artifacts/17) by extension 'python'
[2.120s] Level 1:colcon.colcon_core.package_identification:_identify(Library/Artifacts/17) by extensions ['python_setup_py']
[2.120s] Level 1:colcon.colcon_core.package_identification:_identify(Library/Artifacts/17) by extension 'python_setup_py'
[2.128s] Level 1:colcon.colcon_core.package_identification:_identify(Library/Artifacts/18) by extensions ['ignore', 'ignore_ament_install']
[2.129s] Level 1:colcon.colcon_core.package_identification:_identify(Library/Artifacts/18) by extension 'ignore'
[2.131s] Level 1:colcon.colcon_core.package_identification:_identify(Library/Artifacts/18) by extension 'ignore_ament_install'
[2.135s] Level 1:colcon.colcon_core.package_identification:_identify(Library/Artifacts/18) by extensions ['colcon_pkg']
[2.136s] Level 1:colcon.colcon_core.package_identification:_identify(Library/Artifacts/18) by extension 'colcon_pkg'
[2.138s] Level 1:colcon.colcon_core.package_identification:_identify(Library/Artifacts/18) by extensions ['colcon_meta']
[2.139s] Level 1:colcon.colcon_core.package_identification:_identify(Library/Artifacts/18) by extension 'colcon_meta'
[2.144s] Level 1:colcon.colcon_core.package_identification:_identify(Library/Artifacts/18) by extensions ['ros']
[2.144s] Level 1:colcon.colcon_core.package_identification:_identify(Library/Artifacts/18) by extension 'ros'
[2.153s] Level 1:colcon.colcon_core.package_identification:_identify(Library/Artifacts/18) by extensions ['cmake', 'python']
[2.154s] Level 1:colcon.colcon_core.package_identification:_identify(Library/Artifacts/18) by extension 'cmake'
[2.156s] Level 1:colcon.colcon_core.package_identification:_identify(Library/Artifacts/18) by extension 'python'
[2.158s] Level 1:colcon.colcon_core.package_identification:_identify(Library/Artifacts/18) by extensions ['python_setup_py']
[2.159s] Level 1:colcon.colcon_core.package_identification:_identify(Library/Artifacts/18) by extension 'python_setup_py'
[2.168s] Level 1:colcon.colcon_core.package_identification:_identify(Library/Artifacts/19) by extensions ['ignore', 'ignore_ament_install']
[2.169s] Level 1:colcon.colcon_core.package_identification:_identify(Library/Artifacts/19) by extension 'ignore'
[2.171s] Level 1:colcon.colcon_core.package_identification:_identify(Library/Artifacts/19) by extension 'ignore_ament_install'
[2.175s] Level 1:colcon.colcon_core.package_identification:_identify(Library/Artifacts/19) by extensions ['colcon_pkg']
[2.176s] Level 1:colcon.colcon_core.package_identification:_identify(Library/Artifacts/19) by extension 'colcon_pkg'
[2.178s] Level 1:colcon.colcon_core.package_identification:_identify(Library/Artifacts/19) by extensions ['colcon_meta']
[2.178s] Level 1:colcon.colcon_core.package_identification:_identify(Library/Artifacts/19) by extension 'colcon_meta'
[2.182s] Level 1:colcon.colcon_core.package_identification:_identify(Library/Artifacts/19) by extensions ['ros']
[2.183s] Level 1:colcon.colcon_core.package_identification:_identify(Library/Artifacts/19) by extension 'ros'
[2.193s] Level 1:colcon.colcon_core.package_identification:_identify(Library/Artifacts/19) by extensions ['cmake', 'python']
[2.194s] Level 1:colcon.colcon_core.package_identification:_identify(Library/Artifacts/19) by extension 'cmake'
[2.196s] Level 1:colcon.colcon_core.package_identification:_identify(Library/Artifacts/19) by extension 'python'
[2.199s] Level 1:colcon.colcon_core.package_identification:_identify(Library/Artifacts/19) by extensions ['python_setup_py']
[2.199s] Level 1:colcon.colcon_core.package_identification:_identify(Library/Artifacts/19) by extension 'python_setup_py'
[2.210s] Level 1:colcon.colcon_core.package_identification:_identify(Library/Artifacts/1a) by extensions ['ignore', 'ignore_ament_install']
[2.211s] Level 1:colcon.colcon_core.package_identification:_identify(Library/Artifacts/1a) by extension 'ignore'
[2.213s] Level 1:colcon.colcon_core.package_identification:_identify(Library/Artifacts/1a) by extension 'ignore_ament_install'
[2.217s] Level 1:colcon.colcon_core.package_identification:_identify(Library/Artifacts/1a) by extensions ['colcon_pkg']
[2.217s] Level 1:colcon.colcon_core.package_identification:_identify(Library/Artifacts/1a) by extension 'colcon_pkg'
[2.220s] Level 1:colcon.colcon_core.package_identification:_identify(Library/Artifacts/1a) by extensions ['colcon_meta']
[2.221s] Level 1:colcon.colcon_core.package_identification:_identify(Library/Artifacts/1a) by extension 'colcon_meta'
[2.225s] Level 1:colcon.colcon_core.package_identification:_identify(Library/Artifacts/1a) by extensions ['ros']
[2.225s] Level 1:colcon.colcon_core.package_identification:_identify(Library/Artifacts/1a) by extension 'ros'
[2.234s] Level 1:colcon.colcon_core.package_identification:_identify(Library/Artifacts/1a) by extensions ['cmake', 'python']
[2.235s] Level 1:colcon.colcon_core.package_identification:_identify(Library/Artifacts/1a) by extension 'cmake'
[2.237s] Level 1:colcon.colcon_core.package_identification:_identify(Library/Artifacts/1a) by extension 'python'
[2.239s] Level 1:colcon.colcon_core.package_identification:_identify(Library/Artifacts/1a) by extensions ['python_setup_py']
[2.240s] Level 1:colcon.colcon_core.package_identification:_identify(Library/Artifacts/1a) by extension 'python_setup_py'
[2.249s] Level 1:colcon.colcon_core.package_identification:_identify(Library/Artifacts/1b) by extensions ['ignore', 'ignore_ament_install']
[2.250s] Level 1:colcon.colcon_core.package_identification:_identify(Library/Artifacts/1b) by extension 'ignore'
[2.252s] Level 1:colcon.colcon_core.package_identification:_identify(Library/Artifacts/1b) by extension 'ignore_ament_install'
[2.256s] Level 1:colcon.colcon_core.package_identification:_identify(Library/Artifacts/1b) by extensions ['colcon_pkg']
[2.256s] Level 1:colcon.colcon_core.package_identification:_identify(Library/Artifacts/1b) by extension 'colcon_pkg'
[2.259s] Level 1:colcon.colcon_core.package_identification:_identify(Library/Artifacts/1b) by extensions ['colcon_meta']
[2.259s] Level 1:colcon.colcon_core.package_identification:_identify(Library/Artifacts/1b) by extension 'colcon_meta'
[2.264s] Level 1:colcon.colcon_core.package_identification:_identify(Library/Artifacts/1b) by extensions ['ros']
[2.264s] Level 1:colcon.colcon_core.package_identification:_identify(Library/Artifacts/1b) by extension 'ros'
[2.274s] Level 1:colcon.colcon_core.package_identification:_identify(Library/Artifacts/1b) by extensions ['cmake', 'python']
[2.275s] Level 1:colcon.colcon_core.package_identification:_identify(Library/Artifacts/1b) by extension 'cmake'
[2.278s] Level 1:colcon.colcon_core.package_identification:_identify(Library/Artifacts/1b) by extension 'python'
[2.281s] Level 1:colcon.colcon_core.package_identification:_identify(Library/Artifacts/1b) by extensions ['python_setup_py']
[2.282s] Level 1:colcon.colcon_core.package_identification:_identify(Library/Artifacts/1b) by extension 'python_setup_py'
[2.290s] Level 1:colcon.colcon_core.package_identification:_identify(Library/Artifacts/1c) by extensions ['ignore', 'ignore_ament_install']
[2.291s] Level 1:colcon.colcon_core.package_identification:_identify(Library/Artifacts/1c) by extension 'ignore'
[2.294s] Level 1:colcon.colcon_core.package_identification:_identify(Library/Artifacts/1c) by extension 'ignore_ament_install'
[2.297s] Level 1:colcon.colcon_core.package_identification:_identify(Library/Artifacts/1c) by extensions ['colcon_pkg']
[2.298s] Level 1:colcon.colcon_core.package_identification:_identify(Library/Artifacts/1c) by extension 'colcon_pkg'
[2.300s] Level 1:colcon.colcon_core.package_identification:_identify(Library/Artifacts/1c) by extensions ['colcon_meta']
[2.301s] Level 1:colcon.colcon_core.package_identification:_identify(Library/Artifacts/1c) by extension 'colcon_meta'
[2.305s] Level 1:colcon.colcon_core.package_identification:_identify(Library/Artifacts/1c) by extensions ['ros']
[2.305s] Level 1:colcon.colcon_core.package_identification:_identify(Library/Artifacts/1c) by extension 'ros'
[2.314s] Level 1:colcon.colcon_core.package_identification:_identify(Library/Artifacts/1c) by extensions ['cmake', 'python']
[2.314s] Level 1:colcon.colcon_core.package_identification:_identify(Library/Artifacts/1c) by extension 'cmake'
[2.316s] Level 1:colcon.colcon_core.package_identification:_identify(Library/Artifacts/1c) by extension 'python'
[2.318s] Level 1:colcon.colcon_core.package_identification:_identify(Library/Artifacts/1c) by extensions ['python_setup_py']
[2.319s] Level 1:colcon.colcon_core.package_identification:_identify(Library/Artifacts/1c) by extension 'python_setup_py'
[2.327s] Level 1:colcon.colcon_core.package_identification:_identify(Library/Artifacts/1d) by extensions ['ignore', 'ignore_ament_install']
[2.328s] Level 1:colcon.colcon_core.package_identification:_identify(Library/Artifacts/1d) by extension 'ignore'
[2.330s] Level 1:colcon.colcon_core.package_identification:_identify(Library/Artifacts/1d) by extension 'ignore_ament_install'
[2.334s] Level 1:colcon.colcon_core.package_identification:_identify(Library/Artifacts/1d) by extensions ['colcon_pkg']
[2.334s] Level 1:colcon.colcon_core.package_identification:_identify(Library/Artifacts/1d) by extension 'colcon_pkg'
[2.337s] Level 1:colcon.colcon_core.package_identification:_identify(Library/Artifacts/1d) by extensions ['colcon_meta']
[2.337s] Level 1:colcon.colcon_core.package_identification:_identify(Library/Artifacts/1d) by extension 'colcon_meta'
[2.342s] Level 1:colcon.colcon_core.package_identification:_identify(Library/Artifacts/1d) by extensions ['ros']
[2.342s] Level 1:colcon.colcon_core.package_identification:_identify(Library/Artifacts/1d) by extension 'ros'
[2.351s] Level 1:colcon.colcon_core.package_identification:_identify(Library/Artifacts/1d) by extensions ['cmake', 'python']
[2.352s] Level 1:colcon.colcon_core.package_identification:_identify(Library/Artifacts/1d) by extension 'cmake'
[2.354s] Level 1:colcon.colcon_core.package_identification:_identify(Library/Artifacts/1d) by extension 'python'
[2.356s] Level 1:colcon.colcon_core.package_identification:_identify(Library/Artifacts/1d) by extensions ['python_setup_py']
[2.357s] Level 1:colcon.colcon_core.package_identification:_identify(Library/Artifacts/1d) by extension 'python_setup_py'
[2.365s] Level 1:colcon.colcon_core.package_identification:_identify(Library/Artifacts/1e) by extensions ['ignore', 'ignore_ament_install']
[2.366s] Level 1:colcon.colcon_core.package_identification:_identify(Library/Artifacts/1e) by extension 'ignore'
[2.368s] Level 1:colcon.colcon_core.package_identification:_identify(Library/Artifacts/1e) by extension 'ignore_ament_install'
[2.372s] Level 1:colcon.colcon_core.package_identification:_identify(Library/Artifacts/1e) by extensions ['colcon_pkg']
[2.373s] Level 1:colcon.colcon_core.package_identification:_identify(Library/Artifacts/1e) by extension 'colcon_pkg'
[2.375s] Level 1:colcon.colcon_core.package_identification:_identify(Library/Artifacts/1e) by extensions ['colcon_meta']
[2.375s] Level 1:colcon.colcon_core.package_identification:_identify(Library/Artifacts/1e) by extension 'colcon_meta'
[2.379s] Level 1:colcon.colcon_core.package_identification:_identify(Library/Artifacts/1e) by extensions ['ros']
[2.379s] Level 1:colcon.colcon_core.package_identification:_identify(Library/Artifacts/1e) by extension 'ros'
[2.388s] Level 1:colcon.colcon_core.package_identification:_identify(Library/Artifacts/1e) by extensions ['cmake', 'python']
[2.388s] Level 1:colcon.colcon_core.package_identification:_identify(Library/Artifacts/1e) by extension 'cmake'
[2.390s] Level 1:colcon.colcon_core.package_identification:_identify(Library/Artifacts/1e) by extension 'python'
[2.393s] Level 1:colcon.colcon_core.package_identification:_identify(Library/Artifacts/1e) by extensions ['python_setup_py']
[2.394s] Level 1:colcon.colcon_core.package_identification:_identify(Library/Artifacts/1e) by extension 'python_setup_py'
[2.403s] Level 1:colcon.colcon_core.package_identification:_identify(Library/Artifacts/1f) by extensions ['ignore', 'ignore_ament_install']
[2.404s] Level 1:colcon.colcon_core.package_identification:_identify(Library/Artifacts/1f) by extension 'ignore'
[2.406s] Level 1:colcon.colcon_core.package_identification:_identify(Library/Artifacts/1f) by extension 'ignore_ament_install'
[2.410s] Level 1:colcon.colcon_core.package_identification:_identify(Library/Artifacts/1f) by extensions ['colcon_pkg']
[2.411s] Level 1:colcon.colcon_core.package_identification:_identify(Library/Artifacts/1f) by extension 'colcon_pkg'
[2.413s] Level 1:colcon.colcon_core.package_identification:_identify(Library/Artifacts/1f) by extensions ['colcon_meta']
[2.413s] Level 1:colcon.colcon_core.package_identification:_identify(Library/Artifacts/1f) by extension 'colcon_meta'
[2.417s] Level 1:colcon.colcon_core.package_identification:_identify(Library/Artifacts/1f) by extensions ['ros']
[2.418s] Level 1:colcon.colcon_core.package_identification:_identify(Library/Artifacts/1f) by extension 'ros'
[2.426s] Level 1:colcon.colcon_core.package_identification:_identify(Library/Artifacts/1f) by extensions ['cmake', 'python']
[2.427s] Level 1:colcon.colcon_core.package_identification:_identify(Library/Artifacts/1f) by extension 'cmake'
[2.429s] Level 1:colcon.colcon_core.package_identification:_identify(Library/Artifacts/1f) by extension 'python'
[2.431s] Level 1:colcon.colcon_core.package_identification:_identify(Library/Artifacts/1f) by extensions ['python_setup_py']
[2.432s] Level 1:colcon.colcon_core.package_identification:_identify(Library/Artifacts/1f) by extension 'python_setup_py'
[2.441s] Level 1:colcon.colcon_core.package_identification:_identify(Library/Artifacts/20) by extensions ['ignore', 'ignore_ament_install']
[2.442s] Level 1:colcon.colcon_core.package_identification:_identify(Library/Artifacts/20) by extension 'ignore'
[2.444s] Level 1:colcon.colcon_core.package_identification:_identify(Library/Artifacts/20) by extension 'ignore_ament_install'
[2.448s] Level 1:colcon.colcon_core.package_identification:_identify(Library/Artifacts/20) by extensions ['colcon_pkg']
[2.449s] Level 1:colcon.colcon_core.package_identification:_identify(Library/Artifacts/20) by extension 'colcon_pkg'
[2.451s] Level 1:colcon.colcon_core.package_identification:_identify(Library/Artifacts/20) by extensions ['colcon_meta']
[2.452s] Level 1:colcon.colcon_core.package_identification:_identify(Library/Artifacts/20) by extension 'colcon_meta'
[2.455s] Level 1:colcon.colcon_core.package_identification:_identify(Library/Artifacts/20) by extensions ['ros']
[2.456s] Level 1:colcon.colcon_core.package_identification:_identify(Library/Artifacts/20) by extension 'ros'
[2.465s] Level 1:colcon.colcon_core.package_identification:_identify(Library/Artifacts/20) by extensions ['cmake', 'python']
[2.466s] Level 1:colcon.colcon_core.package_identification:_identify(Library/Artifacts/20) by extension 'cmake'
[2.468s] Level 1:colcon.colcon_core.package_identification:_identify(Library/Artifacts/20) by extension 'python'
[2.470s] Level 1:colcon.colcon_core.package_identification:_identify(Library/Artifacts/20) by extensions ['python_setup_py']
[2.471s] Level 1:colcon.colcon_core.package_identification:_identify(Library/Artifacts/20) by extension 'python_setup_py'
[2.479s] Level 1:colcon.colcon_core.package_identification:_identify(Library/Artifacts/21) by extensions ['ignore', 'ignore_ament_install']
[2.479s] Level 1:colcon.colcon_core.package_identification:_identify(Library/Artifacts/21) by extension 'ignore'
[2.482s] Level 1:colcon.colcon_core.package_identification:_identify(Library/Artifacts/21) by extension 'ignore_ament_install'
[2.486s] Level 1:colcon.colcon_core.package_identification:_identify(Library/Artifacts/21) by extensions ['colcon_pkg']
[2.487s] Level 1:colcon.colcon_core.package_identification:_identify(Library/Artifacts/21) by extension 'colcon_pkg'
[2.489s] Level 1:colcon.colcon_core.package_identification:_identify(Library/Artifacts/21) by extensions ['colcon_meta']
[2.490s] Level 1:colcon.colcon_core.package_identification:_identify(Library/Artifacts/21) by extension 'colcon_meta'
[2.494s] Level 1:colcon.colcon_core.package_identification:_identify(Library/Artifacts/21) by extensions ['ros']
[2.495s] Level 1:colcon.colcon_core.package_identification:_identify(Library/Artifacts/21) by extension 'ros'
[2.505s] Level 1:colcon.colcon_core.package_identification:_identify(Library/Artifacts/21) by extensions ['cmake', 'python']
[2.505s] Level 1:colcon.colcon_core.package_identification:_identify(Library/Artifacts/21) by extension 'cmake'
[2.509s] Level 1:colcon.colcon_core.package_identification:_identify(Library/Artifacts/21) by extension 'python'
[2.511s] Level 1:colcon.colcon_core.package_identification:_identify(Library/Artifacts/21) by extensions ['python_setup_py']
[2.512s] Level 1:colcon.colcon_core.package_identification:_identify(Library/Artifacts/21) by extension 'python_setup_py'
[2.521s] Level 1:colcon.colcon_core.package_identification:_identify(Library/Artifacts/22) by extensions ['ignore', 'ignore_ament_install']
[2.522s] Level 1:colcon.colcon_core.package_identification:_identify(Library/Artifacts/22) by extension 'ignore'
[2.525s] Level 1:colcon.colcon_core.package_identification:_identify(Library/Artifacts/22) by extension 'ignore_ament_install'
[2.529s] Level 1:colcon.colcon_core.package_identification:_identify(Library/Artifacts/22) by extensions ['colcon_pkg']
[2.530s] Level 1:colcon.colcon_core.package_identification:_identify(Library/Artifacts/22) by extension 'colcon_pkg'
[2.533s] Level 1:colcon.colcon_core.package_identification:_identify(Library/Artifacts/22) by extensions ['colcon_meta']
[2.533s] Level 1:colcon.colcon_core.package_identification:_identify(Library/Artifacts/22) by extension 'colcon_meta'
[2.539s] Level 1:colcon.colcon_core.package_identification:_identify(Library/Artifacts/22) by extensions ['ros']
[2.539s] Level 1:colcon.colcon_core.package_identification:_identify(Library/Artifacts/22) by extension 'ros'
[2.549s] Level 1:colcon.colcon_core.package_identification:_identify(Library/Artifacts/22) by extensions ['cmake', 'python']
[2.550s] Level 1:colcon.colcon_core.package_identification:_identify(Library/Artifacts/22) by extension 'cmake'
[2.552s] Level 1:colcon.colcon_core.package_identification:_identify(Library/Artifacts/22) by extension 'python'
[2.555s] Level 1:colcon.colcon_core.package_identification:_identify(Library/Artifacts/22) by extensions ['python_setup_py']
[2.555s] Level 1:colcon.colcon_core.package_identification:_identify(Library/Artifacts/22) by extension 'python_setup_py'
[2.565s] Level 1:colcon.colcon_core.package_identification:_identify(Library/Artifacts/23) by extensions ['ignore', 'ignore_ament_install']
[2.566s] Level 1:colcon.colcon_core.package_identification:_identify(Library/Artifacts/23) by extension 'ignore'
[2.568s] Level 1:colcon.colcon_core.package_identification:_identify(Library/Artifacts/23) by extension 'ignore_ament_install'
[2.572s] Level 1:colcon.colcon_core.package_identification:_identify(Library/Artifacts/23) by extensions ['colcon_pkg']
[2.573s] Level 1:colcon.colcon_core.package_identification:_identify(Library/Artifacts/23) by extension 'colcon_pkg'
[2.575s] Level 1:colcon.colcon_core.package_identification:_identify(Library/Artifacts/23) by extensions ['colcon_meta']
[2.575s] Level 1:colcon.colcon_core.package_identification:_identify(Library/Artifacts/23) by extension 'colcon_meta'
[2.580s] Level 1:colcon.colcon_core.package_identification:_identify(Library/Artifacts/23) by extensions ['ros']
[2.580s] Level 1:colcon.colcon_core.package_identification:_identify(Library/Artifacts/23) by extension 'ros'
[2.589s] Level 1:colcon.colcon_core.package_identification:_identify(Library/Artifacts/23) by extensions ['cmake', 'python']
[2.589s] Level 1:colcon.colcon_core.package_identification:_identify(Library/Artifacts/23) by extension 'cmake'
[2.592s] Level 1:colcon.colcon_core.package_identification:_identify(Library/Artifacts/23) by extension 'python'
[2.594s] Level 1:colcon.colcon_core.package_identification:_identify(Library/Artifacts/23) by extensions ['python_setup_py']
[2.595s] Level 1:colcon.colcon_core.package_identification:_identify(Library/Artifacts/23) by extension 'python_setup_py'
[2.605s] Level 1:colcon.colcon_core.package_identification:_identify(Library/Artifacts/24) by extensions ['ignore', 'ignore_ament_install']
[2.606s] Level 1:colcon.colcon_core.package_identification:_identify(Library/Artifacts/24) by extension 'ignore'
[2.608s] Level 1:colcon.colcon_core.package_identification:_identify(Library/Artifacts/24) by extension 'ignore_ament_install'
[2.612s] Level 1:colcon.colcon_core.package_identification:_identify(Library/Artifacts/24) by extensions ['colcon_pkg']
[2.613s] Level 1:colcon.colcon_core.package_identification:_identify(Library/Artifacts/24) by extension 'colcon_pkg'
[2.616s] Level 1:colcon.colcon_core.package_identification:_identify(Library/Artifacts/24) by extensions ['colcon_meta']
[2.616s] Level 1:colcon.colcon_core.package_identification:_identify(Library/Artifacts/24) by extension 'colcon_meta'
[2.621s] Level 1:colcon.colcon_core.package_identification:_identify(Library/Artifacts/24) by extensions ['ros']
[2.622s] Level 1:colcon.colcon_core.package_identification:_identify(Library/Artifacts/24) by extension 'ros'
[2.632s] Level 1:colcon.colcon_core.package_identification:_identify(Library/Artifacts/24) by extensions ['cmake', 'python']
[2.633s] Level 1:colcon.colcon_core.package_identification:_identify(Library/Artifacts/24) by extension 'cmake'
[2.635s] Level 1:colcon.colcon_core.package_identification:_identify(Library/Artifacts/24) by extension 'python'
[2.637s] Level 1:colcon.colcon_core.package_identification:_identify(Library/Artifacts/24) by extensions ['python_setup_py']
[2.638s] Level 1:colcon.colcon_core.package_identification:_identify(Library/Artifacts/24) by extension 'python_setup_py'
[2.647s] Level 1:colcon.colcon_core.package_identification:_identify(Library/Artifacts/25) by extensions ['ignore', 'ignore_ament_install']
[2.648s] Level 1:colcon.colcon_core.package_identification:_identify(Library/Artifacts/25) by extension 'ignore'
[2.650s] Level 1:colcon.colcon_core.package_identification:_identify(Library/Artifacts/25) by extension 'ignore_ament_install'
[2.654s] Level 1:colcon.colcon_core.package_identification:_identify(Library/Artifacts/25) by extensions ['colcon_pkg']
[2.655s] Level 1:colcon.colcon_core.package_identification:_identify(Library/Artifacts/25) by extension 'colcon_pkg'
[2.657s] Level 1:colcon.colcon_core.package_identification:_identify(Library/Artifacts/25) by extensions ['colcon_meta']
[2.658s] Level 1:colcon.colcon_core.package_identification:_identify(Library/Artifacts/25) by extension 'colcon_meta'
[2.662s] Level 1:colcon.colcon_core.package_identification:_identify(Library/Artifacts/25) by extensions ['ros']
[2.663s] Level 1:colcon.colcon_core.package_identification:_identify(Library/Artifacts/25) by extension 'ros'
[2.672s] Level 1:colcon.colcon_core.package_identification:_identify(Library/Artifacts/25) by extensions ['cmake', 'python']
[2.673s] Level 1:colcon.colcon_core.package_identification:_identify(Library/Artifacts/25) by extension 'cmake'
[2.676s] Level 1:colcon.colcon_core.package_identification:_identify(Library/Artifacts/25) by extension 'python'
[2.678s] Level 1:colcon.colcon_core.package_identification:_identify(Library/Artifacts/25) by extensions ['python_setup_py']
[2.679s] Level 1:colcon.colcon_core.package_identification:_identify(Library/Artifacts/25) by extension 'python_setup_py'
[2.686s] Level 1:colcon.colcon_core.package_identification:_identify(Library/Artifacts/26) by extensions ['ignore', 'ignore_ament_install']
[2.687s] Level 1:colcon.colcon_core.package_identification:_identify(Library/Artifacts/26) by extension 'ignore'
[2.689s] Level 1:colcon.colcon_core.package_identification:_identify(Library/Artifacts/26) by extension 'ignore_ament_install'
[2.693s] Level 1:colcon.colcon_core.package_identification:_identify(Library/Artifacts/26) by extensions ['colcon_pkg']
[2.694s] Level 1:colcon.colcon_core.package_identification:_identify(Library/Artifacts/26) by extension 'colcon_pkg'
[2.697s] Level 1:colcon.colcon_core.package_identification:_identify(Library/Artifacts/26) by extensions ['colcon_meta']
[2.697s] Level 1:colcon.colcon_core.package_identification:_identify(Library/Artifacts/26) by extension 'colcon_meta'
[2.702s] Level 1:colcon.colcon_core.package_identification:_identify(Library/Artifacts/26) by extensions ['ros']
[2.702s] Level 1:colcon.colcon_core.package_identification:_identify(Library/Artifacts/26) by extension 'ros'
[2.711s] Level 1:colcon.colcon_core.package_identification:_identify(Library/Artifacts/26) by extensions ['cmake', 'python']
[2.712s] Level 1:colcon.colcon_core.package_identification:_identify(Library/Artifacts/26) by extension 'cmake'
[2.715s] Level 1:colcon.colcon_core.package_identification:_identify(Library/Artifacts/26) by extension 'python'
[2.717s] Level 1:colcon.colcon_core.package_identification:_identify(Library/Artifacts/26) by extensions ['python_setup_py']
[2.717s] Level 1:colcon.colcon_core.package_identification:_identify(Library/Artifacts/26) by extension 'python_setup_py'
[2.726s] Level 1:colcon.colcon_core.package_identification:_identify(Library/Artifacts/27) by extensions ['ignore', 'ignore_ament_install']
[2.727s] Level 1:colcon.colcon_core.package_identification:_identify(Library/Artifacts/27) by extension 'ignore'
[2.729s] Level 1:colcon.colcon_core.package_identification:_identify(Library/Artifacts/27) by extension 'ignore_ament_install'
[2.733s] Level 1:colcon.colcon_core.package_identification:_identify(Library/Artifacts/27) by extensions ['colcon_pkg']
[2.734s] Level 1:colcon.colcon_core.package_identification:_identify(Library/Artifacts/27) by extension 'colcon_pkg'
[2.736s] Level 1:colcon.colcon_core.package_identification:_identify(Library/Artifacts/27) by extensions ['colcon_meta']
[2.737s] Level 1:colcon.colcon_core.package_identification:_identify(Library/Artifacts/27) by extension 'colcon_meta'
[2.741s] Level 1:colcon.colcon_core.package_identification:_identify(Library/Artifacts/27) by extensions ['ros']
[2.742s] Level 1:colcon.colcon_core.package_identification:_identify(Library/Artifacts/27) by extension 'ros'
[2.750s] Level 1:colcon.colcon_core.package_identification:_identify(Library/Artifacts/27) by extensions ['cmake', 'python']
[2.751s] Level 1:colcon.colcon_core.package_identification:_identify(Library/Artifacts/27) by extension 'cmake'
[2.753s] Level 1:colcon.colcon_core.package_identification:_identify(Library/Artifacts/27) by extension 'python'
[2.756s] Level 1:colcon.colcon_core.package_identification:_identify(Library/Artifacts/27) by extensions ['python_setup_py']
[2.756s] Level 1:colcon.colcon_core.package_identification:_identify(Library/Artifacts/27) by extension 'python_setup_py'
[2.765s] Level 1:colcon.colcon_core.package_identification:_identify(Library/Artifacts/28) by extensions ['ignore', 'ignore_ament_install']
[2.765s] Level 1:colcon.colcon_core.package_identification:_identify(Library/Artifacts/28) by extension 'ignore'
[2.768s] Level 1:colcon.colcon_core.package_identification:_identify(Library/Artifacts/28) by extension 'ignore_ament_install'
[2.772s] Level 1:colcon.colcon_core.package_identification:_identify(Library/Artifacts/28) by extensions ['colcon_pkg']
[2.773s] Level 1:colcon.colcon_core.package_identification:_identify(Library/Artifacts/28) by extension 'colcon_pkg'
[2.775s] Level 1:colcon.colcon_core.package_identification:_identify(Library/Artifacts/28) by extensions ['colcon_meta']
[2.776s] Level 1:colcon.colcon_core.package_identification:_identify(Library/Artifacts/28) by extension 'colcon_meta'
[2.780s] Level 1:colcon.colcon_core.package_identification:_identify(Library/Artifacts/28) by extensions ['ros']
[2.780s] Level 1:colcon.colcon_core.package_identification:_identify(Library/Artifacts/28) by extension 'ros'
[2.789s] Level 1:colcon.colcon_core.package_identification:_identify(Library/Artifacts/28) by extensions ['cmake', 'python']
[2.790s] Level 1:colcon.colcon_core.package_identification:_identify(Library/Artifacts/28) by extension 'cmake'
[2.792s] Level 1:colcon.colcon_core.package_identification:_identify(Library/Artifacts/28) by extension 'python'
[2.794s] Level 1:colcon.colcon_core.package_identification:_identify(Library/Artifacts/28) by extensions ['python_setup_py']
[2.795s] Level 1:colcon.colcon_core.package_identification:_identify(Library/Artifacts/28) by extension 'python_setup_py'
[2.802s] Level 1:colcon.colcon_core.package_identification:_identify(Library/Artifacts/29) by extensions ['ignore', 'ignore_ament_install']
[2.803s] Level 1:colcon.colcon_core.package_identification:_identify(Library/Artifacts/29) by extension 'ignore'
[2.805s] Level 1:colcon.colcon_core.package_identification:_identify(Library/Artifacts/29) by extension 'ignore_ament_install'
[2.811s] Level 1:colcon.colcon_core.package_identification:_identify(Library/Artifacts/29) by extensions ['colcon_pkg']
[2.812s] Level 1:colcon.colcon_core.package_identification:_identify(Library/Artifacts/29) by extension 'colcon_pkg'
[2.814s] Level 1:colcon.colcon_core.package_identification:_identify(Library/Artifacts/29) by extensions ['colcon_meta']
[2.815s] Level 1:colcon.colcon_core.package_identification:_identify(Library/Artifacts/29) by extension 'colcon_meta'
[2.818s] Level 1:colcon.colcon_core.package_identification:_identify(Library/Artifacts/29) by extensions ['ros']
[2.819s] Level 1:colcon.colcon_core.package_identification:_identify(Library/Artifacts/29) by extension 'ros'
[2.830s] Level 1:colcon.colcon_core.package_identification:_identify(Library/Artifacts/29) by extensions ['cmake', 'python']
[2.831s] Level 1:colcon.colcon_core.package_identification:_identify(Library/Artifacts/29) by extension 'cmake'
[2.833s] Level 1:colcon.colcon_core.package_identification:_identify(Library/Artifacts/29) by extension 'python'
[2.835s] Level 1:colcon.colcon_core.package_identification:_identify(Library/Artifacts/29) by extensions ['python_setup_py']
[2.836s] Level 1:colcon.colcon_core.package_identification:_identify(Library/Artifacts/29) by extension 'python_setup_py'
[2.845s] Level 1:colcon.colcon_core.package_identification:_identify(Library/Artifacts/2a) by extensions ['ignore', 'ignore_ament_install']
[2.846s] Level 1:colcon.colcon_core.package_identification:_identify(Library/Artifacts/2a) by extension 'ignore'
[2.848s] Level 1:colcon.colcon_core.package_identification:_identify(Library/Artifacts/2a) by extension 'ignore_ament_install'
[2.852s] Level 1:colcon.colcon_core.package_identification:_identify(Library/Artifacts/2a) by extensions ['colcon_pkg']
[2.855s] Level 1:colcon.colcon_core.package_identification:_identify(Library/Artifacts/2a) by extension 'colcon_pkg'
[2.858s] Level 1:colcon.colcon_core.package_identification:_identify(Library/Artifacts/2a) by extensions ['colcon_meta']
[2.859s] Level 1:colcon.colcon_core.package_identification:_identify(Library/Artifacts/2a) by extension 'colcon_meta'
[2.863s] Level 1:colcon.colcon_core.package_identification:_identify(Library/Artifacts/2a) by extensions ['ros']
[2.864s] Level 1:colcon.colcon_core.package_identification:_identify(Library/Artifacts/2a) by extension 'ros'
[2.873s] Level 1:colcon.colcon_core.package_identification:_identify(Library/Artifacts/2a) by extensions ['cmake', 'python']
[2.874s] Level 1:colcon.colcon_core.package_identification:_identify(Library/Artifacts/2a) by extension 'cmake'
[2.876s] Level 1:colcon.colcon_core.package_identification:_identify(Library/Artifacts/2a) by extension 'python'
[2.878s] Level 1:colcon.colcon_core.package_identification:_identify(Library/Artifacts/2a) by extensions ['python_setup_py']
[2.879s] Level 1:colcon.colcon_core.package_identification:_identify(Library/Artifacts/2a) by extension 'python_setup_py'
[2.887s] Level 1:colcon.colcon_core.package_identification:_identify(Library/Artifacts/2b) by extensions ['ignore', 'ignore_ament_install']
[2.888s] Level 1:colcon.colcon_core.package_identification:_identify(Library/Artifacts/2b) by extension 'ignore'
[2.890s] Level 1:colcon.colcon_core.package_identification:_identify(Library/Artifacts/2b) by extension 'ignore_ament_install'
[2.893s] Level 1:colcon.colcon_core.package_identification:_identify(Library/Artifacts/2b) by extensions ['colcon_pkg']
[2.894s] Level 1:colcon.colcon_core.package_identification:_identify(Library/Artifacts/2b) by extension 'colcon_pkg'
[2.896s] Level 1:colcon.colcon_core.package_identification:_identify(Library/Artifacts/2b) by extensions ['colcon_meta']
[2.897s] Level 1:colcon.colcon_core.package_identification:_identify(Library/Artifacts/2b) by extension 'colcon_meta'
[2.901s] Level 1:colcon.colcon_core.package_identification:_identify(Library/Artifacts/2b) by extensions ['ros']
[2.902s] Level 1:colcon.colcon_core.package_identification:_identify(Library/Artifacts/2b) by extension 'ros'
[2.910s] Level 1:colcon.colcon_core.package_identification:_identify(Library/Artifacts/2b) by extensions ['cmake', 'python']
[2.911s] Level 1:colcon.colcon_core.package_identification:_identify(Library/Artifacts/2b) by extension 'cmake'
[2.913s] Level 1:colcon.colcon_core.package_identification:_identify(Library/Artifacts/2b) by extension 'python'
[2.915s] Level 1:colcon.colcon_core.package_identification:_identify(Library/Artifacts/2b) by extensions ['python_setup_py']
[2.915s] Level 1:colcon.colcon_core.package_identification:_identify(Library/Artifacts/2b) by extension 'python_setup_py'
[2.924s] Level 1:colcon.colcon_core.package_identification:_identify(Library/Artifacts/2c) by extensions ['ignore', 'ignore_ament_install']
[2.925s] Level 1:colcon.colcon_core.package_identification:_identify(Library/Artifacts/2c) by extension 'ignore'
[2.927s] Level 1:colcon.colcon_core.package_identification:_identify(Library/Artifacts/2c) by extension 'ignore_ament_install'
[2.932s] Level 1:colcon.colcon_core.package_identification:_identify(Library/Artifacts/2c) by extensions ['colcon_pkg']
[2.932s] Level 1:colcon.colcon_core.package_identification:_identify(Library/Artifacts/2c) by extension 'colcon_pkg'
[2.935s] Level 1:colcon.colcon_core.package_identification:_identify(Library/Artifacts/2c) by extensions ['colcon_meta']
[2.936s] Level 1:colcon.colcon_core.package_identification:_identify(Library/Artifacts/2c) by extension 'colcon_meta'
[2.939s] Level 1:colcon.colcon_core.package_identification:_identify(Library/Artifacts/2c) by extensions ['ros']
[2.940s] Level 1:colcon.colcon_core.package_identification:_identify(Library/Artifacts/2c) by extension 'ros'
[2.951s] Level 1:colcon.colcon_core.package_identification:_identify(Library/Artifacts/2c) by extensions ['cmake', 'python']
[2.952s] Level 1:colcon.colcon_core.package_identification:_identify(Library/Artifacts/2c) by extension 'cmake'
[2.954s] Level 1:colcon.colcon_core.package_identification:_identify(Library/Artifacts/2c) by extension 'python'
[2.957s] Level 1:colcon.colcon_core.package_identification:_identify(Library/Artifacts/2c) by extensions ['python_setup_py']
[2.958s] Level 1:colcon.colcon_core.package_identification:_identify(Library/Artifacts/2c) by extension 'python_setup_py'
[2.967s] Level 1:colcon.colcon_core.package_identification:_identify(Library/Artifacts/2d) by extensions ['ignore', 'ignore_ament_install']
[2.967s] Level 1:colcon.colcon_core.package_identification:_identify(Library/Artifacts/2d) by extension 'ignore'
[2.970s] Level 1:colcon.colcon_core.package_identification:_identify(Library/Artifacts/2d) by extension 'ignore_ament_install'
[2.974s] Level 1:colcon.colcon_core.package_identification:_identify(Library/Artifacts/2d) by extensions ['colcon_pkg']
[2.975s] Level 1:colcon.colcon_core.package_identification:_identify(Library/Artifacts/2d) by extension 'colcon_pkg'
[2.978s] Level 1:colcon.colcon_core.package_identification:_identify(Library/Artifacts/2d) by extensions ['colcon_meta']
[2.978s] Level 1:colcon.colcon_core.package_identification:_identify(Library/Artifacts/2d) by extension 'colcon_meta'
[2.982s] Level 1:colcon.colcon_core.package_identification:_identify(Library/Artifacts/2d) by extensions ['ros']
[2.983s] Level 1:colcon.colcon_core.package_identification:_identify(Library/Artifacts/2d) by extension 'ros'
[2.992s] Level 1:colcon.colcon_core.package_identification:_identify(Library/Artifacts/2d) by extensions ['cmake', 'python']
[2.993s] Level 1:colcon.colcon_core.package_identification:_identify(Library/Artifacts/2d) by extension 'cmake'
[2.995s] Level 1:colcon.colcon_core.package_identification:_identify(Library/Artifacts/2d) by extension 'python'
[2.998s] Level 1:colcon.colcon_core.package_identification:_identify(Library/Artifacts/2d) by extensions ['python_setup_py']
[2.999s] Level 1:colcon.colcon_core.package_identification:_identify(Library/Artifacts/2d) by extension 'python_setup_py'
[3.007s] Level 1:colcon.colcon_core.package_identification:_identify(Library/Artifacts/2e) by extensions ['ignore', 'ignore_ament_install']
[3.008s] Level 1:colcon.colcon_core.package_identification:_identify(Library/Artifacts/2e) by extension 'ignore'
[3.010s] Level 1:colcon.colcon_core.package_identification:_identify(Library/Artifacts/2e) by extension 'ignore_ament_install'
[3.014s] Level 1:colcon.colcon_core.package_identification:_identify(Library/Artifacts/2e) by extensions ['colcon_pkg']
[3.015s] Level 1:colcon.colcon_core.package_identification:_identify(Library/Artifacts/2e) by extension 'colcon_pkg'
[3.017s] Level 1:colcon.colcon_core.package_identification:_identify(Library/Artifacts/2e) by extensions ['colcon_meta']
[3.018s] Level 1:colcon.colcon_core.package_identification:_identify(Library/Artifacts/2e) by extension 'colcon_meta'
[3.021s] Level 1:colcon.colcon_core.package_identification:_identify(Library/Artifacts/2e) by extensions ['ros']
[3.022s] Level 1:colcon.colcon_core.package_identification:_identify(Library/Artifacts/2e) by extension 'ros'
[3.031s] Level 1:colcon.colcon_core.package_identification:_identify(Library/Artifacts/2e) by extensions ['cmake', 'python']
[3.032s] Level 1:colcon.colcon_core.package_identification:_identify(Library/Artifacts/2e) by extension 'cmake'
[3.035s] Level 1:colcon.colcon_core.package_identification:_identify(Library/Artifacts/2e) by extension 'python'
[3.037s] Level 1:colcon.colcon_core.package_identification:_identify(Library/Artifacts/2e) by extensions ['python_setup_py']
[3.038s] Level 1:colcon.colcon_core.package_identification:_identify(Library/Artifacts/2e) by extension 'python_setup_py'
[3.047s] Level 1:colcon.colcon_core.package_identification:_identify(Library/Artifacts/2f) by extensions ['ignore', 'ignore_ament_install']
[3.049s] Level 1:colcon.colcon_core.package_identification:_identify(Library/Artifacts/2f) by extension 'ignore'
[3.051s] Level 1:colcon.colcon_core.package_identification:_identify(Library/Artifacts/2f) by extension 'ignore_ament_install'
[3.055s] Level 1:colcon.colcon_core.package_identification:_identify(Library/Artifacts/2f) by extensions ['colcon_pkg']
[3.055s] Level 1:colcon.colcon_core.package_identification:_identify(Library/Artifacts/2f) by extension 'colcon_pkg'
[3.058s] Level 1:colcon.colcon_core.package_identification:_identify(Library/Artifacts/2f) by extensions ['colcon_meta']
[3.059s] Level 1:colcon.colcon_core.package_identification:_identify(Library/Artifacts/2f) by extension 'colcon_meta'
[3.063s] Level 1:colcon.colcon_core.package_identification:_identify(Library/Artifacts/2f) by extensions ['ros']
[3.064s] Level 1:colcon.colcon_core.package_identification:_identify(Library/Artifacts/2f) by extension 'ros'
[3.073s] Level 1:colcon.colcon_core.package_identification:_identify(Library/Artifacts/2f) by extensions ['cmake', 'python']
[3.074s] Level 1:colcon.colcon_core.package_identification:_identify(Library/Artifacts/2f) by extension 'cmake'
[3.076s] Level 1:colcon.colcon_core.package_identification:_identify(Library/Artifacts/2f) by extension 'python'
[3.079s] Level 1:colcon.colcon_core.package_identification:_identify(Library/Artifacts/2f) by extensions ['python_setup_py']
[3.079s] Level 1:colcon.colcon_core.package_identification:_identify(Library/Artifacts/2f) by extension 'python_setup_py'
[3.088s] Level 1:colcon.colcon_core.package_identification:_identify(Library/Artifacts/30) by extensions ['ignore', 'ignore_ament_install']
[3.089s] Level 1:colcon.colcon_core.package_identification:_identify(Library/Artifacts/30) by extension 'ignore'
[3.092s] Level 1:colcon.colcon_core.package_identification:_identify(Library/Artifacts/30) by extension 'ignore_ament_install'
[3.096s] Level 1:colcon.colcon_core.package_identification:_identify(Library/Artifacts/30) by extensions ['colcon_pkg']
[3.097s] Level 1:colcon.colcon_core.package_identification:_identify(Library/Artifacts/30) by extension 'colcon_pkg'
[3.100s] Level 1:colcon.colcon_core.package_identification:_identify(Library/Artifacts/30) by extensions ['colcon_meta']
[3.100s] Level 1:colcon.colcon_core.package_identification:_identify(Library/Artifacts/30) by extension 'colcon_meta'
[3.105s] Level 1:colcon.colcon_core.package_identification:_identify(Library/Artifacts/30) by extensions ['ros']
[3.105s] Level 1:colcon.colcon_core.package_identification:_identify(Library/Artifacts/30) by extension 'ros'
[3.114s] Level 1:colcon.colcon_core.package_identification:_identify(Library/Artifacts/30) by extensions ['cmake', 'python']
[3.114s] Level 1:colcon.colcon_core.package_identification:_identify(Library/Artifacts/30) by extension 'cmake'
[3.117s] Level 1:colcon.colcon_core.package_identification:_identify(Library/Artifacts/30) by extension 'python'
[3.120s] Level 1:colcon.colcon_core.package_identification:_identify(Library/Artifacts/30) by extensions ['python_setup_py']
[3.120s] Level 1:colcon.colcon_core.package_identification:_identify(Library/Artifacts/30) by extension 'python_setup_py'
[3.130s] Level 1:colcon.colcon_core.package_identification:_identify(Library/Artifacts/31) by extensions ['ignore', 'ignore_ament_install']
[3.131s] Level 1:colcon.colcon_core.package_identification:_identify(Library/Artifacts/31) by extension 'ignore'
[3.133s] Level 1:colcon.colcon_core.package_identification:_identify(Library/Artifacts/31) by extension 'ignore_ament_install'
[3.138s] Level 1:colcon.colcon_core.package_identification:_identify(Library/Artifacts/31) by extensions ['colcon_pkg']
[3.139s] Level 1:colcon.colcon_core.package_identification:_identify(Library/Artifacts/31) by extension 'colcon_pkg'
[3.141s] Level 1:colcon.colcon_core.package_identification:_identify(Library/Artifacts/31) by extensions ['colcon_meta']
[3.141s] Level 1:colcon.colcon_core.package_identification:_identify(Library/Artifacts/31) by extension 'colcon_meta'
[3.146s] Level 1:colcon.colcon_core.package_identification:_identify(Library/Artifacts/31) by extensions ['ros']
[3.147s] Level 1:colcon.colcon_core.package_identification:_identify(Library/Artifacts/31) by extension 'ros'
[3.156s] Level 1:colcon.colcon_core.package_identification:_identify(Library/Artifacts/31) by extensions ['cmake', 'python']
[3.156s] Level 1:colcon.colcon_core.package_identification:_identify(Library/Artifacts/31) by extension 'cmake'
[3.159s] Level 1:colcon.colcon_core.package_identification:_identify(Library/Artifacts/31) by extension 'python'
[3.162s] Level 1:colcon.colcon_core.package_identification:_identify(Library/Artifacts/31) by extensions ['python_setup_py']
[3.162s] Level 1:colcon.colcon_core.package_identification:_identify(Library/Artifacts/31) by extension 'python_setup_py'
[3.171s] Level 1:colcon.colcon_core.package_identification:_identify(Library/Artifacts/32) by extensions ['ignore', 'ignore_ament_install']
[3.173s] Level 1:colcon.colcon_core.package_identification:_identify(Library/Artifacts/32) by extension 'ignore'
[3.175s] Level 1:colcon.colcon_core.package_identification:_identify(Library/Artifacts/32) by extension 'ignore_ament_install'
[3.180s] Level 1:colcon.colcon_core.package_identification:_identify(Library/Artifacts/32) by extensions ['colcon_pkg']
[3.181s] Level 1:colcon.colcon_core.package_identification:_identify(Library/Artifacts/32) by extension 'colcon_pkg'
[3.184s] Level 1:colcon.colcon_core.package_identification:_identify(Library/Artifacts/32) by extensions ['colcon_meta']
[3.185s] Level 1:colcon.colcon_core.package_identification:_identify(Library/Artifacts/32) by extension 'colcon_meta'
[3.189s] Level 1:colcon.colcon_core.package_identification:_identify(Library/Artifacts/32) by extensions ['ros']
[3.189s] Level 1:colcon.colcon_core.package_identification:_identify(Library/Artifacts/32) by extension 'ros'
[3.198s] Level 1:colcon.colcon_core.package_identification:_identify(Library/Artifacts/32) by extensions ['cmake', 'python']
[3.199s] Level 1:colcon.colcon_core.package_identification:_identify(Library/Artifacts/32) by extension 'cmake'
[3.201s] Level 1:colcon.colcon_core.package_identification:_identify(Library/Artifacts/32) by extension 'python'
[3.204s] Level 1:colcon.colcon_core.package_identification:_identify(Library/Artifacts/32) by extensions ['python_setup_py']
[3.204s] Level 1:colcon.colcon_core.package_identification:_identify(Library/Artifacts/32) by extension 'python_setup_py'
[3.213s] Level 1:colcon.colcon_core.package_identification:_identify(Library/Artifacts/33) by extensions ['ignore', 'ignore_ament_install']
[3.214s] Level 1:colcon.colcon_core.package_identification:_identify(Library/Artifacts/33) by extension 'ignore'
[3.216s] Level 1:colcon.colcon_core.package_identification:_identify(Library/Artifacts/33) by extension 'ignore_ament_install'
[3.220s] Level 1:colcon.colcon_core.package_identification:_identify(Library/Artifacts/33) by extensions ['colcon_pkg']
[3.221s] Level 1:colcon.colcon_core.package_identification:_identify(Library/Artifacts/33) by extension 'colcon_pkg'
[3.223s] Level 1:colcon.colcon_core.package_identification:_identify(Library/Artifacts/33) by extensions ['colcon_meta']
[3.224s] Level 1:colcon.colcon_core.package_identification:_identify(Library/Artifacts/33) by extension 'colcon_meta'
[3.227s] Level 1:colcon.colcon_core.package_identification:_identify(Library/Artifacts/33) by extensions ['ros']
[3.228s] Level 1:colcon.colcon_core.package_identification:_identify(Library/Artifacts/33) by extension 'ros'
[3.237s] Level 1:colcon.colcon_core.package_identification:_identify(Library/Artifacts/33) by extensions ['cmake', 'python']
[3.238s] Level 1:colcon.colcon_core.package_identification:_identify(Library/Artifacts/33) by extension 'cmake'
[3.240s] Level 1:colcon.colcon_core.package_identification:_identify(Library/Artifacts/33) by extension 'python'
[3.243s] Level 1:colcon.colcon_core.package_identification:_identify(Library/Artifacts/33) by extensions ['python_setup_py']
[3.243s] Level 1:colcon.colcon_core.package_identification:_identify(Library/Artifacts/33) by extension 'python_setup_py'
[3.252s] Level 1:colcon.colcon_core.package_identification:_identify(Library/Artifacts/34) by extensions ['ignore', 'ignore_ament_install']
[3.253s] Level 1:colcon.colcon_core.package_identification:_identify(Library/Artifacts/34) by extension 'ignore'
[3.256s] Level 1:colcon.colcon_core.package_identification:_identify(Library/Artifacts/34) by extension 'ignore_ament_install'
[3.260s] Level 1:colcon.colcon_core.package_identification:_identify(Library/Artifacts/34) by extensions ['colcon_pkg']
[3.261s] Level 1:colcon.colcon_core.package_identification:_identify(Library/Artifacts/34) by extension 'colcon_pkg'
[3.264s] Level 1:colcon.colcon_core.package_identification:_identify(Library/Artifacts/34) by extensions ['colcon_meta']
[3.265s] Level 1:colcon.colcon_core.package_identification:_identify(Library/Artifacts/34) by extension 'colcon_meta'
[3.270s] Level 1:colcon.colcon_core.package_identification:_identify(Library/Artifacts/34) by extensions ['ros']
[3.271s] Level 1:colcon.colcon_core.package_identification:_identify(Library/Artifacts/34) by extension 'ros'
[3.279s] Level 1:colcon.colcon_core.package_identification:_identify(Library/Artifacts/34) by extensions ['cmake', 'python']
[3.280s] Level 1:colcon.colcon_core.package_identification:_identify(Library/Artifacts/34) by extension 'cmake'
[3.283s] Level 1:colcon.colcon_core.package_identification:_identify(Library/Artifacts/34) by extension 'python'
[3.285s] Level 1:colcon.colcon_core.package_identification:_identify(Library/Artifacts/34) by extensions ['python_setup_py']
[3.286s] Level 1:colcon.colcon_core.package_identification:_identify(Library/Artifacts/34) by extension 'python_setup_py'
[3.295s] Level 1:colcon.colcon_core.package_identification:_identify(Library/Artifacts/35) by extensions ['ignore', 'ignore_ament_install']
[3.296s] Level 1:colcon.colcon_core.package_identification:_identify(Library/Artifacts/35) by extension 'ignore'
[3.298s] Level 1:colcon.colcon_core.package_identification:_identify(Library/Artifacts/35) by extension 'ignore_ament_install'
[3.303s] Level 1:colcon.colcon_core.package_identification:_identify(Library/Artifacts/35) by extensions ['colcon_pkg']
[3.304s] Level 1:colcon.colcon_core.package_identification:_identify(Library/Artifacts/35) by extension 'colcon_pkg'
[3.306s] Level 1:colcon.colcon_core.package_identification:_identify(Library/Artifacts/35) by extensions ['colcon_meta']
[3.307s] Level 1:colcon.colcon_core.package_identification:_identify(Library/Artifacts/35) by extension 'colcon_meta'
[3.311s] Level 1:colcon.colcon_core.package_identification:_identify(Library/Artifacts/35) by extensions ['ros']
[3.312s] Level 1:colcon.colcon_core.package_identification:_identify(Library/Artifacts/35) by extension 'ros'
[3.320s] Level 1:colcon.colcon_core.package_identification:_identify(Library/Artifacts/35) by extensions ['cmake', 'python']
[3.321s] Level 1:colcon.colcon_core.package_identification:_identify(Library/Artifacts/35) by extension 'cmake'
[3.324s] Level 1:colcon.colcon_core.package_identification:_identify(Library/Artifacts/35) by extension 'python'
[3.326s] Level 1:colcon.colcon_core.package_identification:_identify(Library/Artifacts/35) by extensions ['python_setup_py']
[3.327s] Level 1:colcon.colcon_core.package_identification:_identify(Library/Artifacts/35) by extension 'python_setup_py'
[3.337s] Level 1:colcon.colcon_core.package_identification:_identify(Library/Artifacts/36) by extensions ['ignore', 'ignore_ament_install']
[3.338s] Level 1:colcon.colcon_core.package_identification:_identify(Library/Artifacts/36) by extension 'ignore'
[3.341s] Level 1:colcon.colcon_core.package_identification:_identify(Library/Artifacts/36) by extension 'ignore_ament_install'
[3.345s] Level 1:colcon.colcon_core.package_identification:_identify(Library/Artifacts/36) by extensions ['colcon_pkg']
[3.346s] Level 1:colcon.colcon_core.package_identification:_identify(Library/Artifacts/36) by extension 'colcon_pkg'
[3.348s] Level 1:colcon.colcon_core.package_identification:_identify(Library/Artifacts/36) by extensions ['colcon_meta']
[3.349s] Level 1:colcon.colcon_core.package_identification:_identify(Library/Artifacts/36) by extension 'colcon_meta'
[3.353s] Level 1:colcon.colcon_core.package_identification:_identify(Library/Artifacts/36) by extensions ['ros']
[3.354s] Level 1:colcon.colcon_core.package_identification:_identify(Library/Artifacts/36) by extension 'ros'
[3.363s] Level 1:colcon.colcon_core.package_identification:_identify(Library/Artifacts/36) by extensions ['cmake', 'python']
[3.363s] Level 1:colcon.colcon_core.package_identification:_identify(Library/Artifacts/36) by extension 'cmake'
[3.366s] Level 1:colcon.colcon_core.package_identification:_identify(Library/Artifacts/36) by extension 'python'
[3.368s] Level 1:colcon.colcon_core.package_identification:_identify(Library/Artifacts/36) by extensions ['python_setup_py']
[3.369s] Level 1:colcon.colcon_core.package_identification:_identify(Library/Artifacts/36) by extension 'python_setup_py'
[3.379s] Level 1:colcon.colcon_core.package_identification:_identify(Library/Artifacts/37) by extensions ['ignore', 'ignore_ament_install']
[3.380s] Level 1:colcon.colcon_core.package_identification:_identify(Library/Artifacts/37) by extension 'ignore'
[3.382s] Level 1:colcon.colcon_core.package_identification:_identify(Library/Artifacts/37) by extension 'ignore_ament_install'
[3.387s] Level 1:colcon.colcon_core.package_identification:_identify(Library/Artifacts/37) by extensions ['colcon_pkg']
[3.387s] Level 1:colcon.colcon_core.package_identification:_identify(Library/Artifacts/37) by extension 'colcon_pkg'
[3.390s] Level 1:colcon.colcon_core.package_identification:_identify(Library/Artifacts/37) by extensions ['colcon_meta']
[3.390s] Level 1:colcon.colcon_core.package_identification:_identify(Library/Artifacts/37) by extension 'colcon_meta'
[3.395s] Level 1:colcon.colcon_core.package_identification:_identify(Library/Artifacts/37) by extensions ['ros']
[3.396s] Level 1:colcon.colcon_core.package_identification:_identify(Library/Artifacts/37) by extension 'ros'
[3.405s] Level 1:colcon.colcon_core.package_identification:_identify(Library/Artifacts/37) by extensions ['cmake', 'python']
[3.405s] Level 1:colcon.colcon_core.package_identification:_identify(Library/Artifacts/37) by extension 'cmake'
[3.408s] Level 1:colcon.colcon_core.package_identification:_identify(Library/Artifacts/37) by extension 'python'
[3.411s] Level 1:colcon.colcon_core.package_identification:_identify(Library/Artifacts/37) by extensions ['python_setup_py']
[3.412s] Level 1:colcon.colcon_core.package_identification:_identify(Library/Artifacts/37) by extension 'python_setup_py'
[3.422s] Level 1:colcon.colcon_core.package_identification:_identify(Library/Artifacts/38) by extensions ['ignore', 'ignore_ament_install']
[3.423s] Level 1:colcon.colcon_core.package_identification:_identify(Library/Artifacts/38) by extension 'ignore'
[3.425s] Level 1:colcon.colcon_core.package_identification:_identify(Library/Artifacts/38) by extension 'ignore_ament_install'
[3.429s] Level 1:colcon.colcon_core.package_identification:_identify(Library/Artifacts/38) by extensions ['colcon_pkg']
[3.429s] Level 1:colcon.colcon_core.package_identification:_identify(Library/Artifacts/38) by extension 'colcon_pkg'
[3.432s] Level 1:colcon.colcon_core.package_identification:_identify(Library/Artifacts/38) by extensions ['colcon_meta']
[3.432s] Level 1:colcon.colcon_core.package_identification:_identify(Library/Artifacts/38) by extension 'colcon_meta'
[3.437s] Level 1:colcon.colcon_core.package_identification:_identify(Library/Artifacts/38) by extensions ['ros']
[3.437s] Level 1:colcon.colcon_core.package_identification:_identify(Library/Artifacts/38) by extension 'ros'
[3.447s] Level 1:colcon.colcon_core.package_identification:_identify(Library/Artifacts/38) by extensions ['cmake', 'python']
[3.448s] Level 1:colcon.colcon_core.package_identification:_identify(Library/Artifacts/38) by extension 'cmake'
[3.449s] Level 1:colcon.colcon_core.package_identification:_identify(Library/Artifacts/38) by extension 'python'
[3.452s] Level 1:colcon.colcon_core.package_identification:_identify(Library/Artifacts/38) by extensions ['python_setup_py']
[3.453s] Level 1:colcon.colcon_core.package_identification:_identify(Library/Artifacts/38) by extension 'python_setup_py'
[3.462s] Level 1:colcon.colcon_core.package_identification:_identify(Library/Artifacts/39) by extensions ['ignore', 'ignore_ament_install']
[3.463s] Level 1:colcon.colcon_core.package_identification:_identify(Library/Artifacts/39) by extension 'ignore'
[3.465s] Level 1:colcon.colcon_core.package_identification:_identify(Library/Artifacts/39) by extension 'ignore_ament_install'
[3.471s] Level 1:colcon.colcon_core.package_identification:_identify(Library/Artifacts/39) by extensions ['colcon_pkg']
[3.472s] Level 1:colcon.colcon_core.package_identification:_identify(Library/Artifacts/39) by extension 'colcon_pkg'
[3.476s] Level 1:colcon.colcon_core.package_identification:_identify(Library/Artifacts/39) by extensions ['colcon_meta']
[3.477s] Level 1:colcon.colcon_core.package_identification:_identify(Library/Artifacts/39) by extension 'colcon_meta'
[3.482s] Level 1:colcon.colcon_core.package_identification:_identify(Library/Artifacts/39) by extensions ['ros']
[3.484s] Level 1:colcon.colcon_core.package_identification:_identify(Library/Artifacts/39) by extension 'ros'
[3.495s] Level 1:colcon.colcon_core.package_identification:_identify(Library/Artifacts/39) by extensions ['cmake', 'python']
[3.496s] Level 1:colcon.colcon_core.package_identification:_identify(Library/Artifacts/39) by extension 'cmake'
[3.499s] Level 1:colcon.colcon_core.package_identification:_identify(Library/Artifacts/39) by extension 'python'
[3.503s] Level 1:colcon.colcon_core.package_identification:_identify(Library/Artifacts/39) by extensions ['python_setup_py']
[3.504s] Level 1:colcon.colcon_core.package_identification:_identify(Library/Artifacts/39) by extension 'python_setup_py'
[3.516s] Level 1:colcon.colcon_core.package_identification:_identify(Library/Artifacts/3a) by extensions ['ignore', 'ignore_ament_install']
[3.517s] Level 1:colcon.colcon_core.package_identification:_identify(Library/Artifacts/3a) by extension 'ignore'
[3.519s] Level 1:colcon.colcon_core.package_identification:_identify(Library/Artifacts/3a) by extension 'ignore_ament_install'
[3.525s] Level 1:colcon.colcon_core.package_identification:_identify(Library/Artifacts/3a) by extensions ['colcon_pkg']
[3.526s] Level 1:colcon.colcon_core.package_identification:_identify(Library/Artifacts/3a) by extension 'colcon_pkg'
[3.529s] Level 1:colcon.colcon_core.package_identification:_identify(Library/Artifacts/3a) by extensions ['colcon_meta']
[3.529s] Level 1:colcon.colcon_core.package_identification:_identify(Library/Artifacts/3a) by extension 'colcon_meta'
[3.534s] Level 1:colcon.colcon_core.package_identification:_identify(Library/Artifacts/3a) by extensions ['ros']
[3.535s] Level 1:colcon.colcon_core.package_identification:_identify(Library/Artifacts/3a) by extension 'ros'
[3.546s] Level 1:colcon.colcon_core.package_identification:_identify(Library/Artifacts/3a) by extensions ['cmake', 'python']
[3.547s] Level 1:colcon.colcon_core.package_identification:_identify(Library/Artifacts/3a) by extension 'cmake'
[3.550s] Level 1:colcon.colcon_core.package_identification:_identify(Library/Artifacts/3a) by extension 'python'
[3.554s] Level 1:colcon.colcon_core.package_identification:_identify(Library/Artifacts/3a) by extensions ['python_setup_py']
[3.555s] Level 1:colcon.colcon_core.package_identification:_identify(Library/Artifacts/3a) by extension 'python_setup_py'
[3.568s] Level 1:colcon.colcon_core.package_identification:_identify(Library/Artifacts/3b) by extensions ['ignore', 'ignore_ament_install']
[3.569s] Level 1:colcon.colcon_core.package_identification:_identify(Library/Artifacts/3b) by extension 'ignore'
[3.571s] Level 1:colcon.colcon_core.package_identification:_identify(Library/Artifacts/3b) by extension 'ignore_ament_install'
[3.576s] Level 1:colcon.colcon_core.package_identification:_identify(Library/Artifacts/3b) by extensions ['colcon_pkg']
[3.576s] Level 1:colcon.colcon_core.package_identification:_identify(Library/Artifacts/3b) by extension 'colcon_pkg'
[3.579s] Level 1:colcon.colcon_core.package_identification:_identify(Library/Artifacts/3b) by extensions ['colcon_meta']
[3.579s] Level 1:colcon.colcon_core.package_identification:_identify(Library/Artifacts/3b) by extension 'colcon_meta'
[3.584s] Level 1:colcon.colcon_core.package_identification:_identify(Library/Artifacts/3b) by extensions ['ros']
[3.584s] Level 1:colcon.colcon_core.package_identification:_identify(Library/Artifacts/3b) by extension 'ros'
[3.593s] Level 1:colcon.colcon_core.package_identification:_identify(Library/Artifacts/3b) by extensions ['cmake', 'python']
[3.594s] Level 1:colcon.colcon_core.package_identification:_identify(Library/Artifacts/3b) by extension 'cmake'
[3.596s] Level 1:colcon.colcon_core.package_identification:_identify(Library/Artifacts/3b) by extension 'python'
[3.599s] Level 1:colcon.colcon_core.package_identification:_identify(Library/Artifacts/3b) by extensions ['python_setup_py']
[3.599s] Level 1:colcon.colcon_core.package_identification:_identify(Library/Artifacts/3b) by extension 'python_setup_py'
[3.609s] Level 1:colcon.colcon_core.package_identification:_identify(Library/Artifacts/3c) by extensions ['ignore', 'ignore_ament_install']
[3.610s] Level 1:colcon.colcon_core.package_identification:_identify(Library/Artifacts/3c) by extension 'ignore'
[3.612s] Level 1:colcon.colcon_core.package_identification:_identify(Library/Artifacts/3c) by extension 'ignore_ament_install'
[3.616s] Level 1:colcon.colcon_core.package_identification:_identify(Library/Artifacts/3c) by extensions ['colcon_pkg']
[3.617s] Level 1:colcon.colcon_core.package_identification:_identify(Library/Artifacts/3c) by extension 'colcon_pkg'
[3.619s] Level 1:colcon.colcon_core.package_identification:_identify(Library/Artifacts/3c) by extensions ['colcon_meta']
[3.620s] Level 1:colcon.colcon_core.package_identification:_identify(Library/Artifacts/3c) by extension 'colcon_meta'
[3.624s] Level 1:colcon.colcon_core.package_identification:_identify(Library/Artifacts/3c) by extensions ['ros']
[3.625s] Level 1:colcon.colcon_core.package_identification:_identify(Library/Artifacts/3c) by extension 'ros'
[3.633s] Level 1:colcon.colcon_core.package_identification:_identify(Library/Artifacts/3c) by extensions ['cmake', 'python']
[3.634s] Level 1:colcon.colcon_core.package_identification:_identify(Library/Artifacts/3c) by extension 'cmake'
[3.636s] Level 1:colcon.colcon_core.package_identification:_identify(Library/Artifacts/3c) by extension 'python'
[3.639s] Level 1:colcon.colcon_core.package_identification:_identify(Library/Artifacts/3c) by extensions ['python_setup_py']
[3.639s] Level 1:colcon.colcon_core.package_identification:_identify(Library/Artifacts/3c) by extension 'python_setup_py'
[3.650s] Level 1:colcon.colcon_core.package_identification:_identify(Library/Artifacts/3d) by extensions ['ignore', 'ignore_ament_install']
[3.651s] Level 1:colcon.colcon_core.package_identification:_identify(Library/Artifacts/3d) by extension 'ignore'
[3.655s] Level 1:colcon.colcon_core.package_identification:_identify(Library/Artifacts/3d) by extension 'ignore_ament_install'
[3.661s] Level 1:colcon.colcon_core.package_identification:_identify(Library/Artifacts/3d) by extensions ['colcon_pkg']
[3.662s] Level 1:colcon.colcon_core.package_identification:_identify(Library/Artifacts/3d) by extension 'colcon_pkg'
[3.665s] Level 1:colcon.colcon_core.package_identification:_identify(Library/Artifacts/3d) by extensions ['colcon_meta']
[3.666s] Level 1:colcon.colcon_core.package_identification:_identify(Library/Artifacts/3d) by extension 'colcon_meta'
[3.672s] Level 1:colcon.colcon_core.package_identification:_identify(Library/Artifacts/3d) by extensions ['ros']
[3.673s] Level 1:colcon.colcon_core.package_identification:_identify(Library/Artifacts/3d) by extension 'ros'
[3.685s] Level 1:colcon.colcon_core.package_identification:_identify(Library/Artifacts/3d) by extensions ['cmake', 'python']
[3.686s] Level 1:colcon.colcon_core.package_identification:_identify(Library/Artifacts/3d) by extension 'cmake'
[3.689s] Level 1:colcon.colcon_core.package_identification:_identify(Library/Artifacts/3d) by extension 'python'
[3.692s] Level 1:colcon.colcon_core.package_identification:_identify(Library/Artifacts/3d) by extensions ['python_setup_py']
[3.693s] Level 1:colcon.colcon_core.package_identification:_identify(Library/Artifacts/3d) by extension 'python_setup_py'
[3.701s] Level 1:colcon.colcon_core.package_identification:_identify(Library/Artifacts/3e) by extensions ['ignore', 'ignore_ament_install']
[3.702s] Level 1:colcon.colcon_core.package_identification:_identify(Library/Artifacts/3e) by extension 'ignore'
[3.704s] Level 1:colcon.colcon_core.package_identification:_identify(Library/Artifacts/3e) by extension 'ignore_ament_install'
[3.708s] Level 1:colcon.colcon_core.package_identification:_identify(Library/Artifacts/3e) by extensions ['colcon_pkg']
[3.709s] Level 1:colcon.colcon_core.package_identification:_identify(Library/Artifacts/3e) by extension 'colcon_pkg'
[3.710s] Level 1:colcon.colcon_core.package_identification:_identify(Library/Artifacts/3e) by extensions ['colcon_meta']
[3.711s] Level 1:colcon.colcon_core.package_identification:_identify(Library/Artifacts/3e) by extension 'colcon_meta'
[3.714s] Level 1:colcon.colcon_core.package_identification:_identify(Library/Artifacts/3e) by extensions ['ros']
[3.715s] Level 1:colcon.colcon_core.package_identification:_identify(Library/Artifacts/3e) by extension 'ros'
[3.724s] Level 1:colcon.colcon_core.package_identification:_identify(Library/Artifacts/3e) by extensions ['cmake', 'python']
[3.725s] Level 1:colcon.colcon_core.package_identification:_identify(Library/Artifacts/3e) by extension 'cmake'
[3.727s] Level 1:colcon.colcon_core.package_identification:_identify(Library/Artifacts/3e) by extension 'python'
[3.729s] Level 1:colcon.colcon_core.package_identification:_identify(Library/Artifacts/3e) by extensions ['python_setup_py']
[3.729s] Level 1:colcon.colcon_core.package_identification:_identify(Library/Artifacts/3e) by extension 'python_setup_py'
[3.738s] Level 1:colcon.colcon_core.package_identification:_identify(Library/Artifacts/3f) by extensions ['ignore', 'ignore_ament_install']
[3.739s] Level 1:colcon.colcon_core.package_identification:_identify(Library/Artifacts/3f) by extension 'ignore'
[3.740s] Level 1:colcon.colcon_core.package_identification:_identify(Library/Artifacts/3f) by extension 'ignore_ament_install'
[3.745s] Level 1:colcon.colcon_core.package_identification:_identify(Library/Artifacts/3f) by extensions ['colcon_pkg']
[3.745s] Level 1:colcon.colcon_core.package_identification:_identify(Library/Artifacts/3f) by extension 'colcon_pkg'
[3.748s] Level 1:colcon.colcon_core.package_identification:_identify(Library/Artifacts/3f) by extensions ['colcon_meta']
[3.749s] Level 1:colcon.colcon_core.package_identification:_identify(Library/Artifacts/3f) by extension 'colcon_meta'
[3.753s] Level 1:colcon.colcon_core.package_identification:_identify(Library/Artifacts/3f) by extensions ['ros']
[3.753s] Level 1:colcon.colcon_core.package_identification:_identify(Library/Artifacts/3f) by extension 'ros'
[3.762s] Level 1:colcon.colcon_core.package_identification:_identify(Library/Artifacts/3f) by extensions ['cmake', 'python']
[3.763s] Level 1:colcon.colcon_core.package_identification:_identify(Library/Artifacts/3f) by extension 'cmake'
[3.765s] Level 1:colcon.colcon_core.package_identification:_identify(Library/Artifacts/3f) by extension 'python'
[3.768s] Level 1:colcon.colcon_core.package_identification:_identify(Library/Artifacts/3f) by extensions ['python_setup_py']
[3.768s] Level 1:colcon.colcon_core.package_identification:_identify(Library/Artifacts/3f) by extension 'python_setup_py'
[3.777s] Level 1:colcon.colcon_core.package_identification:_identify(Library/Artifacts/40) by extensions ['ignore', 'ignore_ament_install']
[3.778s] Level 1:colcon.colcon_core.package_identification:_identify(Library/Artifacts/40) by extension 'ignore'
[3.780s] Level 1:colcon.colcon_core.package_identification:_identify(Library/Artifacts/40) by extension 'ignore_ament_install'
[3.785s] Level 1:colcon.colcon_core.package_identification:_identify(Library/Artifacts/40) by extensions ['colcon_pkg']
[3.786s] Level 1:colcon.colcon_core.package_identification:_identify(Library/Artifacts/40) by extension 'colcon_pkg'
[3.787s] Level 1:colcon.colcon_core.package_identification:_identify(Library/Artifacts/40) by extensions ['colcon_meta']
[3.788s] Level 1:colcon.colcon_core.package_identification:_identify(Library/Artifacts/40) by extension 'colcon_meta'
[3.792s] Level 1:colcon.colcon_core.package_identification:_identify(Library/Artifacts/40) by extensions ['ros']
[3.792s] Level 1:colcon.colcon_core.package_identification:_identify(Library/Artifacts/40) by extension 'ros'
[3.800s] Level 1:colcon.colcon_core.package_identification:_identify(Library/Artifacts/40) by extensions ['cmake', 'python']
[3.801s] Level 1:colcon.colcon_core.package_identification:_identify(Library/Artifacts/40) by extension 'cmake'
[3.803s] Level 1:colcon.colcon_core.package_identification:_identify(Library/Artifacts/40) by extension 'python'
[3.805s] Level 1:colcon.colcon_core.package_identification:_identify(Library/Artifacts/40) by extensions ['python_setup_py']
[3.806s] Level 1:colcon.colcon_core.package_identification:_identify(Library/Artifacts/40) by extension 'python_setup_py'
[3.815s] Level 1:colcon.colcon_core.package_identification:_identify(Library/Artifacts/41) by extensions ['ignore', 'ignore_ament_install']
[3.816s] Level 1:colcon.colcon_core.package_identification:_identify(Library/Artifacts/41) by extension 'ignore'
[3.819s] Level 1:colcon.colcon_core.package_identification:_identify(Library/Artifacts/41) by extension 'ignore_ament_install'
[3.823s] Level 1:colcon.colcon_core.package_identification:_identify(Library/Artifacts/41) by extensions ['colcon_pkg']
[3.824s] Level 1:colcon.colcon_core.package_identification:_identify(Library/Artifacts/41) by extension 'colcon_pkg'
[3.826s] Level 1:colcon.colcon_core.package_identification:_identify(Library/Artifacts/41) by extensions ['colcon_meta']
[3.827s] Level 1:colcon.colcon_core.package_identification:_identify(Library/Artifacts/41) by extension 'colcon_meta'
[3.831s] Level 1:colcon.colcon_core.package_identification:_identify(Library/Artifacts/41) by extensions ['ros']
[3.831s] Level 1:colcon.colcon_core.package_identification:_identify(Library/Artifacts/41) by extension 'ros'
[3.840s] Level 1:colcon.colcon_core.package_identification:_identify(Library/Artifacts/41) by extensions ['cmake', 'python']
[3.841s] Level 1:colcon.colcon_core.package_identification:_identify(Library/Artifacts/41) by extension 'cmake'
[3.843s] Level 1:colcon.colcon_core.package_identification:_identify(Library/Artifacts/41) by extension 'python'
[3.845s] Level 1:colcon.colcon_core.package_identification:_identify(Library/Artifacts/41) by extensions ['python_setup_py']
[3.846s] Level 1:colcon.colcon_core.package_identification:_identify(Library/Artifacts/41) by extension 'python_setup_py'
[3.856s] Level 1:colcon.colcon_core.package_identification:_identify(Library/Artifacts/42) by extensions ['ignore', 'ignore_ament_install']
[3.857s] Level 1:colcon.colcon_core.package_identification:_identify(Library/Artifacts/42) by extension 'ignore'
[3.859s] Level 1:colcon.colcon_core.package_identification:_identify(Library/Artifacts/42) by extension 'ignore_ament_install'
[3.863s] Level 1:colcon.colcon_core.package_identification:_identify(Library/Artifacts/42) by extensions ['colcon_pkg']
[3.864s] Level 1:colcon.colcon_core.package_identification:_identify(Library/Artifacts/42) by extension 'colcon_pkg'
[3.867s] Level 1:colcon.colcon_core.package_identification:_identify(Library/Artifacts/42) by extensions ['colcon_meta']
[3.868s] Level 1:colcon.colcon_core.package_identification:_identify(Library/Artifacts/42) by extension 'colcon_meta'
[3.872s] Level 1:colcon.colcon_core.package_identification:_identify(Library/Artifacts/42) by extensions ['ros']
[3.873s] Level 1:colcon.colcon_core.package_identification:_identify(Library/Artifacts/42) by extension 'ros'
[3.881s] Level 1:colcon.colcon_core.package_identification:_identify(Library/Artifacts/42) by extensions ['cmake', 'python']
[3.882s] Level 1:colcon.colcon_core.package_identification:_identify(Library/Artifacts/42) by extension 'cmake'
[3.884s] Level 1:colcon.colcon_core.package_identification:_identify(Library/Artifacts/42) by extension 'python'
[3.887s] Level 1:colcon.colcon_core.package_identification:_identify(Library/Artifacts/42) by extensions ['python_setup_py']
[3.888s] Level 1:colcon.colcon_core.package_identification:_identify(Library/Artifacts/42) by extension 'python_setup_py'
[3.898s] Level 1:colcon.colcon_core.package_identification:_identify(Library/Artifacts/43) by extensions ['ignore', 'ignore_ament_install']
[3.899s] Level 1:colcon.colcon_core.package_identification:_identify(Library/Artifacts/43) by extension 'ignore'
[3.903s] Level 1:colcon.colcon_core.package_identification:_identify(Library/Artifacts/43) by extension 'ignore_ament_install'
[3.906s] Level 1:colcon.colcon_core.package_identification:_identify(Library/Artifacts/43) by extensions ['colcon_pkg']
[3.907s] Level 1:colcon.colcon_core.package_identification:_identify(Library/Artifacts/43) by extension 'colcon_pkg'
[3.909s] Level 1:colcon.colcon_core.package_identification:_identify(Library/Artifacts/43) by extensions ['colcon_meta']
[3.910s] Level 1:colcon.colcon_core.package_identification:_identify(Library/Artifacts/43) by extension 'colcon_meta'
[3.914s] Level 1:colcon.colcon_core.package_identification:_identify(Library/Artifacts/43) by extensions ['ros']
[3.914s] Level 1:colcon.colcon_core.package_identification:_identify(Library/Artifacts/43) by extension 'ros'
[3.923s] Level 1:colcon.colcon_core.package_identification:_identify(Library/Artifacts/43) by extensions ['cmake', 'python']
[3.924s] Level 1:colcon.colcon_core.package_identification:_identify(Library/Artifacts/43) by extension 'cmake'
[3.926s] Level 1:colcon.colcon_core.package_identification:_identify(Library/Artifacts/43) by extension 'python'
[3.929s] Level 1:colcon.colcon_core.package_identification:_identify(Library/Artifacts/43) by extensions ['python_setup_py']
[3.929s] Level 1:colcon.colcon_core.package_identification:_identify(Library/Artifacts/43) by extension 'python_setup_py'
[3.938s] Level 1:colcon.colcon_core.package_identification:_identify(Library/Artifacts/44) by extensions ['ignore', 'ignore_ament_install']
[3.939s] Level 1:colcon.colcon_core.package_identification:_identify(Library/Artifacts/44) by extension 'ignore'
[3.941s] Level 1:colcon.colcon_core.package_identification:_identify(Library/Artifacts/44) by extension 'ignore_ament_install'
[3.946s] Level 1:colcon.colcon_core.package_identification:_identify(Library/Artifacts/44) by extensions ['colcon_pkg']
[3.947s] Level 1:colcon.colcon_core.package_identification:_identify(Library/Artifacts/44) by extension 'colcon_pkg'
[3.949s] Level 1:colcon.colcon_core.package_identification:_identify(Library/Artifacts/44) by extensions ['colcon_meta']
[3.950s] Level 1:colcon.colcon_core.package_identification:_identify(Library/Artifacts/44) by extension 'colcon_meta'
[3.955s] Level 1:colcon.colcon_core.package_identification:_identify(Library/Artifacts/44) by extensions ['ros']
[3.955s] Level 1:colcon.colcon_core.package_identification:_identify(Library/Artifacts/44) by extension 'ros'
[3.964s] Level 1:colcon.colcon_core.package_identification:_identify(Library/Artifacts/44) by extensions ['cmake', 'python']
[3.965s] Level 1:colcon.colcon_core.package_identification:_identify(Library/Artifacts/44) by extension 'cmake'
[3.968s] Level 1:colcon.colcon_core.package_identification:_identify(Library/Artifacts/44) by extension 'python'
[3.970s] Level 1:colcon.colcon_core.package_identification:_identify(Library/Artifacts/44) by extensions ['python_setup_py']
[3.971s] Level 1:colcon.colcon_core.package_identification:_identify(Library/Artifacts/44) by extension 'python_setup_py'
[3.979s] Level 1:colcon.colcon_core.package_identification:_identify(Library/Artifacts/45) by extensions ['ignore', 'ignore_ament_install']
[3.980s] Level 1:colcon.colcon_core.package_identification:_identify(Library/Artifacts/45) by extension 'ignore'
[3.982s] Level 1:colcon.colcon_core.package_identification:_identify(Library/Artifacts/45) by extension 'ignore_ament_install'
[3.986s] Level 1:colcon.colcon_core.package_identification:_identify(Library/Artifacts/45) by extensions ['colcon_pkg']
[3.987s] Level 1:colcon.colcon_core.package_identification:_identify(Library/Artifacts/45) by extension 'colcon_pkg'
[3.989s] Level 1:colcon.colcon_core.package_identification:_identify(Library/Artifacts/45) by extensions ['colcon_meta']
[3.990s] Level 1:colcon.colcon_core.package_identification:_identify(Library/Artifacts/45) by extension 'colcon_meta'
[3.994s] Level 1:colcon.colcon_core.package_identification:_identify(Library/Artifacts/45) by extensions ['ros']
[3.995s] Level 1:colcon.colcon_core.package_identification:_identify(Library/Artifacts/45) by extension 'ros'
[4.004s] Level 1:colcon.colcon_core.package_identification:_identify(Library/Artifacts/45) by extensions ['cmake', 'python']
[4.005s] Level 1:colcon.colcon_core.package_identification:_identify(Library/Artifacts/45) by extension 'cmake'
[4.007s] Level 1:colcon.colcon_core.package_identification:_identify(Library/Artifacts/45) by extension 'python'
[4.010s] Level 1:colcon.colcon_core.package_identification:_identify(Library/Artifacts/45) by extensions ['python_setup_py']
[4.011s] Level 1:colcon.colcon_core.package_identification:_identify(Library/Artifacts/45) by extension 'python_setup_py'
[4.020s] Level 1:colcon.colcon_core.package_identification:_identify(Library/Artifacts/46) by extensions ['ignore', 'ignore_ament_install']
[4.021s] Level 1:colcon.colcon_core.package_identification:_identify(Library/Artifacts/46) by extension 'ignore'
[4.024s] Level 1:colcon.colcon_core.package_identification:_identify(Library/Artifacts/46) by extension 'ignore_ament_install'
[4.028s] Level 1:colcon.colcon_core.package_identification:_identify(Library/Artifacts/46) by extensions ['colcon_pkg']
[4.029s] Level 1:colcon.colcon_core.package_identification:_identify(Library/Artifacts/46) by extension 'colcon_pkg'
[4.031s] Level 1:colcon.colcon_core.package_identification:_identify(Library/Artifacts/46) by extensions ['colcon_meta']
[4.032s] Level 1:colcon.colcon_core.package_identification:_identify(Library/Artifacts/46) by extension 'colcon_meta'
[4.037s] Level 1:colcon.colcon_core.package_identification:_identify(Library/Artifacts/46) by extensions ['ros']
[4.037s] Level 1:colcon.colcon_core.package_identification:_identify(Library/Artifacts/46) by extension 'ros'
[4.047s] Level 1:colcon.colcon_core.package_identification:_identify(Library/Artifacts/46) by extensions ['cmake', 'python']
[4.047s] Level 1:colcon.colcon_core.package_identification:_identify(Library/Artifacts/46) by extension 'cmake'
[4.050s] Level 1:colcon.colcon_core.package_identification:_identify(Library/Artifacts/46) by extension 'python'
[4.053s] Level 1:colcon.colcon_core.package_identification:_identify(Library/Artifacts/46) by extensions ['python_setup_py']
[4.053s] Level 1:colcon.colcon_core.package_identification:_identify(Library/Artifacts/46) by extension 'python_setup_py'
[4.063s] Level 1:colcon.colcon_core.package_identification:_identify(Library/Artifacts/47) by extensions ['ignore', 'ignore_ament_install']
[4.064s] Level 1:colcon.colcon_core.package_identification:_identify(Library/Artifacts/47) by extension 'ignore'
[4.067s] Level 1:colcon.colcon_core.package_identification:_identify(Library/Artifacts/47) by extension 'ignore_ament_install'
[4.071s] Level 1:colcon.colcon_core.package_identification:_identify(Library/Artifacts/47) by extensions ['colcon_pkg']
[4.071s] Level 1:colcon.colcon_core.package_identification:_identify(Library/Artifacts/47) by extension 'colcon_pkg'
[4.074s] Level 1:colcon.colcon_core.package_identification:_identify(Library/Artifacts/47) by extensions ['colcon_meta']
[4.075s] Level 1:colcon.colcon_core.package_identification:_identify(Library/Artifacts/47) by extension 'colcon_meta'
[4.079s] Level 1:colcon.colcon_core.package_identification:_identify(Library/Artifacts/47) by extensions ['ros']
[4.080s] Level 1:colcon.colcon_core.package_identification:_identify(Library/Artifacts/47) by extension 'ros'
[4.087s] Level 1:colcon.colcon_core.package_identification:_identify(Library/Artifacts/47) by extensions ['cmake', 'python']
[4.088s] Level 1:colcon.colcon_core.package_identification:_identify(Library/Artifacts/47) by extension 'cmake'
[4.090s] Level 1:colcon.colcon_core.package_identification:_identify(Library/Artifacts/47) by extension 'python'
[4.092s] Level 1:colcon.colcon_core.package_identification:_identify(Library/Artifacts/47) by extensions ['python_setup_py']
[4.094s] Level 1:colcon.colcon_core.package_identification:_identify(Library/Artifacts/47) by extension 'python_setup_py'
[4.104s] Level 1:colcon.colcon_core.package_identification:_identify(Library/Artifacts/48) by extensions ['ignore', 'ignore_ament_install']
[4.105s] Level 1:colcon.colcon_core.package_identification:_identify(Library/Artifacts/48) by extension 'ignore'
[4.108s] Level 1:colcon.colcon_core.package_identification:_identify(Library/Artifacts/48) by extension 'ignore_ament_install'
[4.112s] Level 1:colcon.colcon_core.package_identification:_identify(Library/Artifacts/48) by extensions ['colcon_pkg']
[4.112s] Level 1:colcon.colcon_core.package_identification:_identify(Library/Artifacts/48) by extension 'colcon_pkg'
[4.115s] Level 1:colcon.colcon_core.package_identification:_identify(Library/Artifacts/48) by extensions ['colcon_meta']
[4.116s] Level 1:colcon.colcon_core.package_identification:_identify(Library/Artifacts/48) by extension 'colcon_meta'
[4.120s] Level 1:colcon.colcon_core.package_identification:_identify(Library/Artifacts/48) by extensions ['ros']
[4.121s] Level 1:colcon.colcon_core.package_identification:_identify(Library/Artifacts/48) by extension 'ros'
[4.130s] Level 1:colcon.colcon_core.package_identification:_identify(Library/Artifacts/48) by extensions ['cmake', 'python']
[4.131s] Level 1:colcon.colcon_core.package_identification:_identify(Library/Artifacts/48) by extension 'cmake'
[4.133s] Level 1:colcon.colcon_core.package_identification:_identify(Library/Artifacts/48) by extension 'python'
[4.135s] Level 1:colcon.colcon_core.package_identification:_identify(Library/Artifacts/48) by extensions ['python_setup_py']
[4.136s] Level 1:colcon.colcon_core.package_identification:_identify(Library/Artifacts/48) by extension 'python_setup_py'
[4.145s] Level 1:colcon.colcon_core.package_identification:_identify(Library/Artifacts/49) by extensions ['ignore', 'ignore_ament_install']
[4.146s] Level 1:colcon.colcon_core.package_identification:_identify(Library/Artifacts/49) by extension 'ignore'
[4.149s] Level 1:colcon.colcon_core.package_identification:_identify(Library/Artifacts/49) by extension 'ignore_ament_install'
[4.152s] Level 1:colcon.colcon_core.package_identification:_identify(Library/Artifacts/49) by extensions ['colcon_pkg']
[4.153s] Level 1:colcon.colcon_core.package_identification:_identify(Library/Artifacts/49) by extension 'colcon_pkg'
[4.155s] Level 1:colcon.colcon_core.package_identification:_identify(Library/Artifacts/49) by extensions ['colcon_meta']
[4.156s] Level 1:colcon.colcon_core.package_identification:_identify(Library/Artifacts/49) by extension 'colcon_meta'
[4.160s] Level 1:colcon.colcon_core.package_identification:_identify(Library/Artifacts/49) by extensions ['ros']
[4.161s] Level 1:colcon.colcon_core.package_identification:_identify(Library/Artifacts/49) by extension 'ros'
[4.170s] Level 1:colcon.colcon_core.package_identification:_identify(Library/Artifacts/49) by extensions ['cmake', 'python']
[4.171s] Level 1:colcon.colcon_core.package_identification:_identify(Library/Artifacts/49) by extension 'cmake'
[4.173s] Level 1:colcon.colcon_core.package_identification:_identify(Library/Artifacts/49) by extension 'python'
[4.175s] Level 1:colcon.colcon_core.package_identification:_identify(Library/Artifacts/49) by extensions ['python_setup_py']
[4.176s] Level 1:colcon.colcon_core.package_identification:_identify(Library/Artifacts/49) by extension 'python_setup_py'
[4.186s] Level 1:colcon.colcon_core.package_identification:_identify(Library/Artifacts/4a) by extensions ['ignore', 'ignore_ament_install']
[4.187s] Level 1:colcon.colcon_core.package_identification:_identify(Library/Artifacts/4a) by extension 'ignore'
[4.189s] Level 1:colcon.colcon_core.package_identification:_identify(Library/Artifacts/4a) by extension 'ignore_ament_install'
[4.193s] Level 1:colcon.colcon_core.package_identification:_identify(Library/Artifacts/4a) by extensions ['colcon_pkg']
[4.194s] Level 1:colcon.colcon_core.package_identification:_identify(Library/Artifacts/4a) by extension 'colcon_pkg'
[4.196s] Level 1:colcon.colcon_core.package_identification:_identify(Library/Artifacts/4a) by extensions ['colcon_meta']
[4.197s] Level 1:colcon.colcon_core.package_identification:_identify(Library/Artifacts/4a) by extension 'colcon_meta'
[4.201s] Level 1:colcon.colcon_core.package_identification:_identify(Library/Artifacts/4a) by extensions ['ros']
[4.201s] Level 1:colcon.colcon_core.package_identification:_identify(Library/Artifacts/4a) by extension 'ros'
[4.210s] Level 1:colcon.colcon_core.package_identification:_identify(Library/Artifacts/4a) by extensions ['cmake', 'python']
[4.211s] Level 1:colcon.colcon_core.package_identification:_identify(Library/Artifacts/4a) by extension 'cmake'
[4.213s] Level 1:colcon.colcon_core.package_identification:_identify(Library/Artifacts/4a) by extension 'python'
[4.216s] Level 1:colcon.colcon_core.package_identification:_identify(Library/Artifacts/4a) by extensions ['python_setup_py']
[4.217s] Level 1:colcon.colcon_core.package_identification:_identify(Library/Artifacts/4a) by extension 'python_setup_py'
[4.225s] Level 1:colcon.colcon_core.package_identification:_identify(Library/Artifacts/4b) by extensions ['ignore', 'ignore_ament_install']
[4.226s] Level 1:colcon.colcon_core.package_identification:_identify(Library/Artifacts/4b) by extension 'ignore'
[4.228s] Level 1:colcon.colcon_core.package_identification:_identify(Library/Artifacts/4b) by extension 'ignore_ament_install'
[4.232s] Level 1:colcon.colcon_core.package_identification:_identify(Library/Artifacts/4b) by extensions ['colcon_pkg']
[4.233s] Level 1:colcon.colcon_core.package_identification:_identify(Library/Artifacts/4b) by extension 'colcon_pkg'
[4.235s] Level 1:colcon.colcon_core.package_identification:_identify(Library/Artifacts/4b) by extensions ['colcon_meta']
[4.236s] Level 1:colcon.colcon_core.package_identification:_identify(Library/Artifacts/4b) by extension 'colcon_meta'
[4.240s] Level 1:colcon.colcon_core.package_identification:_identify(Library/Artifacts/4b) by extensions ['ros']
[4.240s] Level 1:colcon.colcon_core.package_identification:_identify(Library/Artifacts/4b) by extension 'ros'
[4.249s] Level 1:colcon.colcon_core.package_identification:_identify(Library/Artifacts/4b) by extensions ['cmake', 'python']
[4.250s] Level 1:colcon.colcon_core.package_identification:_identify(Library/Artifacts/4b) by extension 'cmake'
[4.253s] Level 1:colcon.colcon_core.package_identification:_identify(Library/Artifacts/4b) by extension 'python'
[4.256s] Level 1:colcon.colcon_core.package_identification:_identify(Library/Artifacts/4b) by extensions ['python_setup_py']
[4.257s] Level 1:colcon.colcon_core.package_identification:_identify(Library/Artifacts/4b) by extension 'python_setup_py'
[4.267s] Level 1:colcon.colcon_core.package_identification:_identify(Library/Artifacts/4c) by extensions ['ignore', 'ignore_ament_install']
[4.267s] Level 1:colcon.colcon_core.package_identification:_identify(Library/Artifacts/4c) by extension 'ignore'
[4.270s] Level 1:colcon.colcon_core.package_identification:_identify(Library/Artifacts/4c) by extension 'ignore_ament_install'
[4.275s] Level 1:colcon.colcon_core.package_identification:_identify(Library/Artifacts/4c) by extensions ['colcon_pkg']
[4.275s] Level 1:colcon.colcon_core.package_identification:_identify(Library/Artifacts/4c) by extension 'colcon_pkg'
[4.278s] Level 1:colcon.colcon_core.package_identification:_identify(Library/Artifacts/4c) by extensions ['colcon_meta']
[4.279s] Level 1:colcon.colcon_core.package_identification:_identify(Library/Artifacts/4c) by extension 'colcon_meta'
[4.283s] Level 1:colcon.colcon_core.package_identification:_identify(Library/Artifacts/4c) by extensions ['ros']
[4.284s] Level 1:colcon.colcon_core.package_identification:_identify(Library/Artifacts/4c) by extension 'ros'
[4.292s] Level 1:colcon.colcon_core.package_identification:_identify(Library/Artifacts/4c) by extensions ['cmake', 'python']
[4.293s] Level 1:colcon.colcon_core.package_identification:_identify(Library/Artifacts/4c) by extension 'cmake'
[4.295s] Level 1:colcon.colcon_core.package_identification:_identify(Library/Artifacts/4c) by extension 'python'
[4.297s] Level 1:colcon.colcon_core.package_identification:_identify(Library/Artifacts/4c) by extensions ['python_setup_py']
[4.298s] Level 1:colcon.colcon_core.package_identification:_identify(Library/Artifacts/4c) by extension 'python_setup_py'
[4.308s] Level 1:colcon.colcon_core.package_identification:_identify(Library/Artifacts/4d) by extensions ['ignore', 'ignore_ament_install']
[4.309s] Level 1:colcon.colcon_core.package_identification:_identify(Library/Artifacts/4d) by extension 'ignore'
[4.311s] Level 1:colcon.colcon_core.package_identification:_identify(Library/Artifacts/4d) by extension 'ignore_ament_install'
[4.315s] Level 1:colcon.colcon_core.package_identification:_identify(Library/Artifacts/4d) by extensions ['colcon_pkg']
[4.316s] Level 1:colcon.colcon_core.package_identification:_identify(Library/Artifacts/4d) by extension 'colcon_pkg'
[4.319s] Level 1:colcon.colcon_core.package_identification:_identify(Library/Artifacts/4d) by extensions ['colcon_meta']
[4.319s] Level 1:colcon.colcon_core.package_identification:_identify(Library/Artifacts/4d) by extension 'colcon_meta'
[4.325s] Level 1:colcon.colcon_core.package_identification:_identify(Library/Artifacts/4d) by extensions ['ros']
[4.326s] Level 1:colcon.colcon_core.package_identification:_identify(Library/Artifacts/4d) by extension 'ros'
[4.335s] Level 1:colcon.colcon_core.package_identification:_identify(Library/Artifacts/4d) by extensions ['cmake', 'python']
[4.336s] Level 1:colcon.colcon_core.package_identification:_identify(Library/Artifacts/4d) by extension 'cmake'
[4.338s] Level 1:colcon.colcon_core.package_identification:_identify(Library/Artifacts/4d) by extension 'python'
[4.341s] Level 1:colcon.colcon_core.package_identification:_identify(Library/Artifacts/4d) by extensions ['python_setup_py']
[4.342s] Level 1:colcon.colcon_core.package_identification:_identify(Library/Artifacts/4d) by extension 'python_setup_py'
[4.352s] Level 1:colcon.colcon_core.package_identification:_identify(Library/Artifacts/4e) by extensions ['ignore', 'ignore_ament_install']
[4.353s] Level 1:colcon.colcon_core.package_identification:_identify(Library/Artifacts/4e) by extension 'ignore'
[4.355s] Level 1:colcon.colcon_core.package_identification:_identify(Library/Artifacts/4e) by extension 'ignore_ament_install'
[4.360s] Level 1:colcon.colcon_core.package_identification:_identify(Library/Artifacts/4e) by extensions ['colcon_pkg']
[4.360s] Level 1:colcon.colcon_core.package_identification:_identify(Library/Artifacts/4e) by extension 'colcon_pkg'
[4.363s] Level 1:colcon.colcon_core.package_identification:_identify(Library/Artifacts/4e) by extensions ['colcon_meta']
[4.363s] Level 1:colcon.colcon_core.package_identification:_identify(Library/Artifacts/4e) by extension 'colcon_meta'
[4.367s] Level 1:colcon.colcon_core.package_identification:_identify(Library/Artifacts/4e) by extensions ['ros']
[4.368s] Level 1:colcon.colcon_core.package_identification:_identify(Library/Artifacts/4e) by extension 'ros'
[4.377s] Level 1:colcon.colcon_core.package_identification:_identify(Library/Artifacts/4e) by extensions ['cmake', 'python']
[4.378s] Level 1:colcon.colcon_core.package_identification:_identify(Library/Artifacts/4e) by extension 'cmake'
[4.381s] Level 1:colcon.colcon_core.package_identification:_identify(Library/Artifacts/4e) by extension 'python'
[4.384s] Level 1:colcon.colcon_core.package_identification:_identify(Library/Artifacts/4e) by extensions ['python_setup_py']
[4.385s] Level 1:colcon.colcon_core.package_identification:_identify(Library/Artifacts/4e) by extension 'python_setup_py'
[4.393s] Level 1:colcon.colcon_core.package_identification:_identify(Library/Artifacts/4f) by extensions ['ignore', 'ignore_ament_install']
[4.394s] Level 1:colcon.colcon_core.package_identification:_identify(Library/Artifacts/4f) by extension 'ignore'
[4.396s] Level 1:colcon.colcon_core.package_identification:_identify(Library/Artifacts/4f) by extension 'ignore_ament_install'
[4.402s] Level 1:colcon.colcon_core.package_identification:_identify(Library/Artifacts/4f) by extensions ['colcon_pkg']
[4.403s] Level 1:colcon.colcon_core.package_identification:_identify(Library/Artifacts/4f) by extension 'colcon_pkg'
[4.405s] Level 1:colcon.colcon_core.package_identification:_identify(Library/Artifacts/4f) by extensions ['colcon_meta']
[4.406s] Level 1:colcon.colcon_core.package_identification:_identify(Library/Artifacts/4f) by extension 'colcon_meta'
[4.411s] Level 1:colcon.colcon_core.package_identification:_identify(Library/Artifacts/4f) by extensions ['ros']
[4.412s] Level 1:colcon.colcon_core.package_identification:_identify(Library/Artifacts/4f) by extension 'ros'
[4.421s] Level 1:colcon.colcon_core.package_identification:_identify(Library/Artifacts/4f) by extensions ['cmake', 'python']
[4.422s] Level 1:colcon.colcon_core.package_identification:_identify(Library/Artifacts/4f) by extension 'cmake'
[4.425s] Level 1:colcon.colcon_core.package_identification:_identify(Library/Artifacts/4f) by extension 'python'
[4.427s] Level 1:colcon.colcon_core.package_identification:_identify(Library/Artifacts/4f) by extensions ['python_setup_py']
[4.428s] Level 1:colcon.colcon_core.package_identification:_identify(Library/Artifacts/4f) by extension 'python_setup_py'
[4.437s] Level 1:colcon.colcon_core.package_identification:_identify(Library/Artifacts/50) by extensions ['ignore', 'ignore_ament_install']
[4.438s] Level 1:colcon.colcon_core.package_identification:_identify(Library/Artifacts/50) by extension 'ignore'
[4.440s] Level 1:colcon.colcon_core.package_identification:_identify(Library/Artifacts/50) by extension 'ignore_ament_install'
[4.445s] Level 1:colcon.colcon_core.package_identification:_identify(Library/Artifacts/50) by extensions ['colcon_pkg']
[4.445s] Level 1:colcon.colcon_core.package_identification:_identify(Library/Artifacts/50) by extension 'colcon_pkg'
[4.448s] Level 1:colcon.colcon_core.package_identification:_identify(Library/Artifacts/50) by extensions ['colcon_meta']
[4.448s] Level 1:colcon.colcon_core.package_identification:_identify(Library/Artifacts/50) by extension 'colcon_meta'
[4.452s] Level 1:colcon.colcon_core.package_identification:_identify(Library/Artifacts/50) by extensions ['ros']
[4.453s] Level 1:colcon.colcon_core.package_identification:_identify(Library/Artifacts/50) by extension 'ros'
[4.461s] Level 1:colcon.colcon_core.package_identification:_identify(Library/Artifacts/50) by extensions ['cmake', 'python']
[4.462s] Level 1:colcon.colcon_core.package_identification:_identify(Library/Artifacts/50) by extension 'cmake'
[4.465s] Level 1:colcon.colcon_core.package_identification:_identify(Library/Artifacts/50) by extension 'python'
[4.469s] Level 1:colcon.colcon_core.package_identification:_identify(Library/Artifacts/50) by extensions ['python_setup_py']
[4.470s] Level 1:colcon.colcon_core.package_identification:_identify(Library/Artifacts/50) by extension 'python_setup_py'
[4.480s] Level 1:colcon.colcon_core.package_identification:_identify(Library/Artifacts/51) by extensions ['ignore', 'ignore_ament_install']
[4.481s] Level 1:colcon.colcon_core.package_identification:_identify(Library/Artifacts/51) by extension 'ignore'
[4.484s] Level 1:colcon.colcon_core.package_identification:_identify(Library/Artifacts/51) by extension 'ignore_ament_install'
[4.489s] Level 1:colcon.colcon_core.package_identification:_identify(Library/Artifacts/51) by extensions ['colcon_pkg']
[4.490s] Level 1:colcon.colcon_core.package_identification:_identify(Library/Artifacts/51) by extension 'colcon_pkg'
[4.493s] Level 1:colcon.colcon_core.package_identification:_identify(Library/Artifacts/51) by extensions ['colcon_meta']
[4.493s] Level 1:colcon.colcon_core.package_identification:_identify(Library/Artifacts/51) by extension 'colcon_meta'
[4.498s] Level 1:colcon.colcon_core.package_identification:_identify(Library/Artifacts/51) by extensions ['ros']
[4.499s] Level 1:colcon.colcon_core.package_identification:_identify(Library/Artifacts/51) by extension 'ros'
[4.508s] Level 1:colcon.colcon_core.package_identification:_identify(Library/Artifacts/51) by extensions ['cmake', 'python']
[4.509s] Level 1:colcon.colcon_core.package_identification:_identify(Library/Artifacts/51) by extension 'cmake'
[4.511s] Level 1:colcon.colcon_core.package_identification:_identify(Library/Artifacts/51) by extension 'python'
[4.514s] Level 1:colcon.colcon_core.package_identification:_identify(Library/Artifacts/51) by extensions ['python_setup_py']
[4.515s] Level 1:colcon.colcon_core.package_identification:_identify(Library/Artifacts/51) by extension 'python_setup_py'
[4.524s] Level 1:colcon.colcon_core.package_identification:_identify(Library/Artifacts/52) by extensions ['ignore', 'ignore_ament_install']
[4.525s] Level 1:colcon.colcon_core.package_identification:_identify(Library/Artifacts/52) by extension 'ignore'
[4.528s] Level 1:colcon.colcon_core.package_identification:_identify(Library/Artifacts/52) by extension 'ignore_ament_install'
[4.531s] Level 1:colcon.colcon_core.package_identification:_identify(Library/Artifacts/52) by extensions ['colcon_pkg']
[4.532s] Level 1:colcon.colcon_core.package_identification:_identify(Library/Artifacts/52) by extension 'colcon_pkg'
[4.534s] Level 1:colcon.colcon_core.package_identification:_identify(Library/Artifacts/52) by extensions ['colcon_meta']
[4.535s] Level 1:colcon.colcon_core.package_identification:_identify(Library/Artifacts/52) by extension 'colcon_meta'
[4.538s] Level 1:colcon.colcon_core.package_identification:_identify(Library/Artifacts/52) by extensions ['ros']
[4.539s] Level 1:colcon.colcon_core.package_identification:_identify(Library/Artifacts/52) by extension 'ros'
[4.546s] Level 1:colcon.colcon_core.package_identification:_identify(Library/Artifacts/52) by extensions ['cmake', 'python']
[4.547s] Level 1:colcon.colcon_core.package_identification:_identify(Library/Artifacts/52) by extension 'cmake'
[4.550s] Level 1:colcon.colcon_core.package_identification:_identify(Library/Artifacts/52) by extension 'python'
[4.552s] Level 1:colcon.colcon_core.package_identification:_identify(Library/Artifacts/52) by extensions ['python_setup_py']
[4.553s] Level 1:colcon.colcon_core.package_identification:_identify(Library/Artifacts/52) by extension 'python_setup_py'
[4.562s] Level 1:colcon.colcon_core.package_identification:_identify(Library/Artifacts/53) by extensions ['ignore', 'ignore_ament_install']
[4.563s] Level 1:colcon.colcon_core.package_identification:_identify(Library/Artifacts/53) by extension 'ignore'
[4.566s] Level 1:colcon.colcon_core.package_identification:_identify(Library/Artifacts/53) by extension 'ignore_ament_install'
[4.570s] Level 1:colcon.colcon_core.package_identification:_identify(Library/Artifacts/53) by extensions ['colcon_pkg']
[4.571s] Level 1:colcon.colcon_core.package_identification:_identify(Library/Artifacts/53) by extension 'colcon_pkg'
[4.573s] Level 1:colcon.colcon_core.package_identification:_identify(Library/Artifacts/53) by extensions ['colcon_meta']
[4.574s] Level 1:colcon.colcon_core.package_identification:_identify(Library/Artifacts/53) by extension 'colcon_meta'
[4.579s] Level 1:colcon.colcon_core.package_identification:_identify(Library/Artifacts/53) by extensions ['ros']
[4.580s] Level 1:colcon.colcon_core.package_identification:_identify(Library/Artifacts/53) by extension 'ros'
[4.589s] Level 1:colcon.colcon_core.package_identification:_identify(Library/Artifacts/53) by extensions ['cmake', 'python']
[4.589s] Level 1:colcon.colcon_core.package_identification:_identify(Library/Artifacts/53) by extension 'cmake'
[4.592s] Level 1:colcon.colcon_core.package_identification:_identify(Library/Artifacts/53) by extension 'python'
[4.594s] Level 1:colcon.colcon_core.package_identification:_identify(Library/Artifacts/53) by extensions ['python_setup_py']
[4.595s] Level 1:colcon.colcon_core.package_identification:_identify(Library/Artifacts/53) by extension 'python_setup_py'
[4.606s] Level 1:colcon.colcon_core.package_identification:_identify(Library/Artifacts/54) by extensions ['ignore', 'ignore_ament_install']
[4.607s] Level 1:colcon.colcon_core.package_identification:_identify(Library/Artifacts/54) by extension 'ignore'
[4.609s] Level 1:colcon.colcon_core.package_identification:_identify(Library/Artifacts/54) by extension 'ignore_ament_install'
[4.615s] Level 1:colcon.colcon_core.package_identification:_identify(Library/Artifacts/54) by extensions ['colcon_pkg']
[4.616s] Level 1:colcon.colcon_core.package_identification:_identify(Library/Artifacts/54) by extension 'colcon_pkg'
[4.619s] Level 1:colcon.colcon_core.package_identification:_identify(Library/Artifacts/54) by extensions ['colcon_meta']
[4.619s] Level 1:colcon.colcon_core.package_identification:_identify(Library/Artifacts/54) by extension 'colcon_meta'
[4.624s] Level 1:colcon.colcon_core.package_identification:_identify(Library/Artifacts/54) by extensions ['ros']
[4.625s] Level 1:colcon.colcon_core.package_identification:_identify(Library/Artifacts/54) by extension 'ros'
[4.635s] Level 1:colcon.colcon_core.package_identification:_identify(Library/Artifacts/54) by extensions ['cmake', 'python']
[4.636s] Level 1:colcon.colcon_core.package_identification:_identify(Library/Artifacts/54) by extension 'cmake'
[4.638s] Level 1:colcon.colcon_core.package_identification:_identify(Library/Artifacts/54) by extension 'python'
[4.641s] Level 1:colcon.colcon_core.package_identification:_identify(Library/Artifacts/54) by extensions ['python_setup_py']
[4.642s] Level 1:colcon.colcon_core.package_identification:_identify(Library/Artifacts/54) by extension 'python_setup_py'
[4.651s] Level 1:colcon.colcon_core.package_identification:_identify(Library/Artifacts/55) by extensions ['ignore', 'ignore_ament_install']
[4.652s] Level 1:colcon.colcon_core.package_identification:_identify(Library/Artifacts/55) by extension 'ignore'
[4.655s] Level 1:colcon.colcon_core.package_identification:_identify(Library/Artifacts/55) by extension 'ignore_ament_install'
[4.659s] Level 1:colcon.colcon_core.package_identification:_identify(Library/Artifacts/55) by extensions ['colcon_pkg']
[4.659s] Level 1:colcon.colcon_core.package_identification:_identify(Library/Artifacts/55) by extension 'colcon_pkg'
[4.662s] Level 1:colcon.colcon_core.package_identification:_identify(Library/Artifacts/55) by extensions ['colcon_meta']
[4.662s] Level 1:colcon.colcon_core.package_identification:_identify(Library/Artifacts/55) by extension 'colcon_meta'
[4.666s] Level 1:colcon.colcon_core.package_identification:_identify(Library/Artifacts/55) by extensions ['ros']
[4.667s] Level 1:colcon.colcon_core.package_identification:_identify(Library/Artifacts/55) by extension 'ros'
[4.675s] Level 1:colcon.colcon_core.package_identification:_identify(Library/Artifacts/55) by extensions ['cmake', 'python']
[4.676s] Level 1:colcon.colcon_core.package_identification:_identify(Library/Artifacts/55) by extension 'cmake'
[4.679s] Level 1:colcon.colcon_core.package_identification:_identify(Library/Artifacts/55) by extension 'python'
[4.681s] Level 1:colcon.colcon_core.package_identification:_identify(Library/Artifacts/55) by extensions ['python_setup_py']
[4.682s] Level 1:colcon.colcon_core.package_identification:_identify(Library/Artifacts/55) by extension 'python_setup_py'
[4.688s] Level 1:colcon.colcon_core.package_identification:_identify(Library/Artifacts/56) by extensions ['ignore', 'ignore_ament_install']
[4.689s] Level 1:colcon.colcon_core.package_identification:_identify(Library/Artifacts/56) by extension 'ignore'
[4.691s] Level 1:colcon.colcon_core.package_identification:_identify(Library/Artifacts/56) by extension 'ignore_ament_install'
[4.695s] Level 1:colcon.colcon_core.package_identification:_identify(Library/Artifacts/56) by extensions ['colcon_pkg']
[4.696s] Level 1:colcon.colcon_core.package_identification:_identify(Library/Artifacts/56) by extension 'colcon_pkg'
[4.698s] Level 1:colcon.colcon_core.package_identification:_identify(Library/Artifacts/56) by extensions ['colcon_meta']
[4.698s] Level 1:colcon.colcon_core.package_identification:_identify(Library/Artifacts/56) by extension 'colcon_meta'
[4.702s] Level 1:colcon.colcon_core.package_identification:_identify(Library/Artifacts/56) by extensions ['ros']
[4.703s] Level 1:colcon.colcon_core.package_identification:_identify(Library/Artifacts/56) by extension 'ros'
[4.714s] Level 1:colcon.colcon_core.package_identification:_identify(Library/Artifacts/56) by extensions ['cmake', 'python']
[4.715s] Level 1:colcon.colcon_core.package_identification:_identify(Library/Artifacts/56) by extension 'cmake'
[4.718s] Level 1:colcon.colcon_core.package_identification:_identify(Library/Artifacts/56) by extension 'python'
[4.721s] Level 1:colcon.colcon_core.package_identification:_identify(Library/Artifacts/56) by extensions ['python_setup_py']
[4.721s] Level 1:colcon.colcon_core.package_identification:_identify(Library/Artifacts/56) by extension 'python_setup_py'
[4.732s] Level 1:colcon.colcon_core.package_identification:_identify(Library/Artifacts/57) by extensions ['ignore', 'ignore_ament_install']
[4.733s] Level 1:colcon.colcon_core.package_identification:_identify(Library/Artifacts/57) by extension 'ignore'
[4.736s] Level 1:colcon.colcon_core.package_identification:_identify(Library/Artifacts/57) by extension 'ignore_ament_install'
[4.739s] Level 1:colcon.colcon_core.package_identification:_identify(Library/Artifacts/57) by extensions ['colcon_pkg']
[4.740s] Level 1:colcon.colcon_core.package_identification:_identify(Library/Artifacts/57) by extension 'colcon_pkg'
[4.743s] Level 1:colcon.colcon_core.package_identification:_identify(Library/Artifacts/57) by extensions ['colcon_meta']
[4.743s] Level 1:colcon.colcon_core.package_identification:_identify(Library/Artifacts/57) by extension 'colcon_meta'
[4.748s] Level 1:colcon.colcon_core.package_identification:_identify(Library/Artifacts/57) by extensions ['ros']
[4.748s] Level 1:colcon.colcon_core.package_identification:_identify(Library/Artifacts/57) by extension 'ros'
[4.757s] Level 1:colcon.colcon_core.package_identification:_identify(Library/Artifacts/57) by extensions ['cmake', 'python']
[4.758s] Level 1:colcon.colcon_core.package_identification:_identify(Library/Artifacts/57) by extension 'cmake'
[4.761s] Level 1:colcon.colcon_core.package_identification:_identify(Library/Artifacts/57) by extension 'python'
[4.764s] Level 1:colcon.colcon_core.package_identification:_identify(Library/Artifacts/57) by extensions ['python_setup_py']
[4.764s] Level 1:colcon.colcon_core.package_identification:_identify(Library/Artifacts/57) by extension 'python_setup_py'
[4.774s] Level 1:colcon.colcon_core.package_identification:_identify(Library/Artifacts/58) by extensions ['ignore', 'ignore_ament_install']
[4.775s] Level 1:colcon.colcon_core.package_identification:_identify(Library/Artifacts/58) by extension 'ignore'
[4.777s] Level 1:colcon.colcon_core.package_identification:_identify(Library/Artifacts/58) by extension 'ignore_ament_install'
[4.782s] Level 1:colcon.colcon_core.package_identification:_identify(Library/Artifacts/58) by extensions ['colcon_pkg']
[4.782s] Level 1:colcon.colcon_core.package_identification:_identify(Library/Artifacts/58) by extension 'colcon_pkg'
[4.785s] Level 1:colcon.colcon_core.package_identification:_identify(Library/Artifacts/58) by extensions ['colcon_meta']
[4.786s] Level 1:colcon.colcon_core.package_identification:_identify(Library/Artifacts/58) by extension 'colcon_meta'
[4.789s] Level 1:colcon.colcon_core.package_identification:_identify(Library/Artifacts/58) by extensions ['ros']
[4.790s] Level 1:colcon.colcon_core.package_identification:_identify(Library/Artifacts/58) by extension 'ros'
[4.800s] Level 1:colcon.colcon_core.package_identification:_identify(Library/Artifacts/58) by extensions ['cmake', 'python']
[4.801s] Level 1:colcon.colcon_core.package_identification:_identify(Library/Artifacts/58) by extension 'cmake'
[4.803s] Level 1:colcon.colcon_core.package_identification:_identify(Library/Artifacts/58) by extension 'python'
[4.806s] Level 1:colcon.colcon_core.package_identification:_identify(Library/Artifacts/58) by extensions ['python_setup_py']
[4.807s] Level 1:colcon.colcon_core.package_identification:_identify(Library/Artifacts/58) by extension 'python_setup_py'
[4.816s] Level 1:colcon.colcon_core.package_identification:_identify(Library/Artifacts/59) by extensions ['ignore', 'ignore_ament_install']
[4.816s] Level 1:colcon.colcon_core.package_identification:_identify(Library/Artifacts/59) by extension 'ignore'
[4.819s] Level 1:colcon.colcon_core.package_identification:_identify(Library/Artifacts/59) by extension 'ignore_ament_install'
[4.823s] Level 1:colcon.colcon_core.package_identification:_identify(Library/Artifacts/59) by extensions ['colcon_pkg']
[4.824s] Level 1:colcon.colcon_core.package_identification:_identify(Library/Artifacts/59) by extension 'colcon_pkg'
[4.826s] Level 1:colcon.colcon_core.package_identification:_identify(Library/Artifacts/59) by extensions ['colcon_meta']
[4.827s] Level 1:colcon.colcon_core.package_identification:_identify(Library/Artifacts/59) by extension 'colcon_meta'
[4.830s] Level 1:colcon.colcon_core.package_identification:_identify(Library/Artifacts/59) by extensions ['ros']
[4.831s] Level 1:colcon.colcon_core.package_identification:_identify(Library/Artifacts/59) by extension 'ros'
[4.838s] Level 1:colcon.colcon_core.package_identification:_identify(Library/Artifacts/59) by extensions ['cmake', 'python']
[4.839s] Level 1:colcon.colcon_core.package_identification:_identify(Library/Artifacts/59) by extension 'cmake'
[4.841s] Level 1:colcon.colcon_core.package_identification:_identify(Library/Artifacts/59) by extension 'python'
[4.843s] Level 1:colcon.colcon_core.package_identification:_identify(Library/Artifacts/59) by extensions ['python_setup_py']
[4.844s] Level 1:colcon.colcon_core.package_identification:_identify(Library/Artifacts/59) by extension 'python_setup_py'
[4.854s] Level 1:colcon.colcon_core.package_identification:_identify(Library/Artifacts/5a) by extensions ['ignore', 'ignore_ament_install']
[4.855s] Level 1:colcon.colcon_core.package_identification:_identify(Library/Artifacts/5a) by extension 'ignore'
[4.857s] Level 1:colcon.colcon_core.package_identification:_identify(Library/Artifacts/5a) by extension 'ignore_ament_install'
[4.863s] Level 1:colcon.colcon_core.package_identification:_identify(Library/Artifacts/5a) by extensions ['colcon_pkg']
[4.864s] Level 1:colcon.colcon_core.package_identification:_identify(Library/Artifacts/5a) by extension 'colcon_pkg'
[4.866s] Level 1:colcon.colcon_core.package_identification:_identify(Library/Artifacts/5a) by extensions ['colcon_meta']
[4.867s] Level 1:colcon.colcon_core.package_identification:_identify(Library/Artifacts/5a) by extension 'colcon_meta'
[4.872s] Level 1:colcon.colcon_core.package_identification:_identify(Library/Artifacts/5a) by extensions ['ros']
[4.872s] Level 1:colcon.colcon_core.package_identification:_identify(Library/Artifacts/5a) by extension 'ros'
[4.881s] Level 1:colcon.colcon_core.package_identification:_identify(Library/Artifacts/5a) by extensions ['cmake', 'python']
[4.882s] Level 1:colcon.colcon_core.package_identification:_identify(Library/Artifacts/5a) by extension 'cmake'
[4.885s] Level 1:colcon.colcon_core.package_identification:_identify(Library/Artifacts/5a) by extension 'python'
[4.887s] Level 1:colcon.colcon_core.package_identification:_identify(Library/Artifacts/5a) by extensions ['python_setup_py']
[4.888s] Level 1:colcon.colcon_core.package_identification:_identify(Library/Artifacts/5a) by extension 'python_setup_py'
[4.897s] Level 1:colcon.colcon_core.package_identification:_identify(Library/Artifacts/5b) by extensions ['ignore', 'ignore_ament_install']
[4.898s] Level 1:colcon.colcon_core.package_identification:_identify(Library/Artifacts/5b) by extension 'ignore'
[4.900s] Level 1:colcon.colcon_core.package_identification:_identify(Library/Artifacts/5b) by extension 'ignore_ament_install'
[4.905s] Level 1:colcon.colcon_core.package_identification:_identify(Library/Artifacts/5b) by extensions ['colcon_pkg']
[4.906s] Level 1:colcon.colcon_core.package_identification:_identify(Library/Artifacts/5b) by extension 'colcon_pkg'
[4.908s] Level 1:colcon.colcon_core.package_identification:_identify(Library/Artifacts/5b) by extensions ['colcon_meta']
[4.909s] Level 1:colcon.colcon_core.package_identification:_identify(Library/Artifacts/5b) by extension 'colcon_meta'
[4.913s] Level 1:colcon.colcon_core.package_identification:_identify(Library/Artifacts/5b) by extensions ['ros']
[4.914s] Level 1:colcon.colcon_core.package_identification:_identify(Library/Artifacts/5b) by extension 'ros'
[4.923s] Level 1:colcon.colcon_core.package_identification:_identify(Library/Artifacts/5b) by extensions ['cmake', 'python']
[4.923s] Level 1:colcon.colcon_core.package_identification:_identify(Library/Artifacts/5b) by extension 'cmake'
[4.926s] Level 1:colcon.colcon_core.package_identification:_identify(Library/Artifacts/5b) by extension 'python'
[4.929s] Level 1:colcon.colcon_core.package_identification:_identify(Library/Artifacts/5b) by extensions ['python_setup_py']
[4.930s] Level 1:colcon.colcon_core.package_identification:_identify(Library/Artifacts/5b) by extension 'python_setup_py'
[4.938s] Level 1:colcon.colcon_core.package_identification:_identify(Library/Artifacts/5c) by extensions ['ignore', 'ignore_ament_install']
[4.938s] Level 1:colcon.colcon_core.package_identification:_identify(Library/Artifacts/5c) by extension 'ignore'
[4.941s] Level 1:colcon.colcon_core.package_identification:_identify(Library/Artifacts/5c) by extension 'ignore_ament_install'
[4.945s] Level 1:colcon.colcon_core.package_identification:_identify(Library/Artifacts/5c) by extensions ['colcon_pkg']
[4.945s] Level 1:colcon.colcon_core.package_identification:_identify(Library/Artifacts/5c) by extension 'colcon_pkg'
[4.948s] Level 1:colcon.colcon_core.package_identification:_identify(Library/Artifacts/5c) by extensions ['colcon_meta']
[4.948s] Level 1:colcon.colcon_core.package_identification:_identify(Library/Artifacts/5c) by extension 'colcon_meta'
[4.950s] Level 1:colcon.colcon_core.package_identification:_identify(Library/Artifacts/5c) by extensions ['ros']
[4.951s] Level 1:colcon.colcon_core.package_identification:_identify(Library/Artifacts/5c) by extension 'ros'
[4.959s] Level 1:colcon.colcon_core.package_identification:_identify(Library/Artifacts/5c) by extensions ['cmake', 'python']
[4.960s] Level 1:colcon.colcon_core.package_identification:_identify(Library/Artifacts/5c) by extension 'cmake'
[4.962s] Level 1:colcon.colcon_core.package_identification:_identify(Library/Artifacts/5c) by extension 'python'
[4.964s] Level 1:colcon.colcon_core.package_identification:_identify(Library/Artifacts/5c) by extensions ['python_setup_py']
[4.965s] Level 1:colcon.colcon_core.package_identification:_identify(Library/Artifacts/5c) by extension 'python_setup_py'
[4.973s] Level 1:colcon.colcon_core.package_identification:_identify(Library/Artifacts/5d) by extensions ['ignore', 'ignore_ament_install']
[4.974s] Level 1:colcon.colcon_core.package_identification:_identify(Library/Artifacts/5d) by extension 'ignore'
[4.976s] Level 1:colcon.colcon_core.package_identification:_identify(Library/Artifacts/5d) by extension 'ignore_ament_install'
[4.980s] Level 1:colcon.colcon_core.package_identification:_identify(Library/Artifacts/5d) by extensions ['colcon_pkg']
[4.981s] Level 1:colcon.colcon_core.package_identification:_identify(Library/Artifacts/5d) by extension 'colcon_pkg'
[4.983s] Level 1:colcon.colcon_core.package_identification:_identify(Library/Artifacts/5d) by extensions ['colcon_meta']
[4.983s] Level 1:colcon.colcon_core.package_identification:_identify(Library/Artifacts/5d) by extension 'colcon_meta'
[4.987s] Level 1:colcon.colcon_core.package_identification:_identify(Library/Artifacts/5d) by extensions ['ros']
[4.987s] Level 1:colcon.colcon_core.package_identification:_identify(Library/Artifacts/5d) by extension 'ros'
[4.994s] Level 1:colcon.colcon_core.package_identification:_identify(Library/Artifacts/5d) by extensions ['cmake', 'python']
[4.995s] Level 1:colcon.colcon_core.package_identification:_identify(Library/Artifacts/5d) by extension 'cmake'
[4.998s] Level 1:colcon.colcon_core.package_identification:_identify(Library/Artifacts/5d) by extension 'python'
[5.000s] Level 1:colcon.colcon_core.package_identification:_identify(Library/Artifacts/5d) by extensions ['python_setup_py']
[5.000s] Level 1:colcon.colcon_core.package_identification:_identify(Library/Artifacts/5d) by extension 'python_setup_py'
[5.007s] Level 1:colcon.colcon_core.package_identification:_identify(Library/Artifacts/5e) by extensions ['ignore', 'ignore_ament_install']
[5.008s] Level 1:colcon.colcon_core.package_identification:_identify(Library/Artifacts/5e) by extension 'ignore'
[5.011s] Level 1:colcon.colcon_core.package_identification:_identify(Library/Artifacts/5e) by extension 'ignore_ament_install'
[5.014s] Level 1:colcon.colcon_core.package_identification:_identify(Library/Artifacts/5e) by extensions ['colcon_pkg']
[5.015s] Level 1:colcon.colcon_core.package_identification:_identify(Library/Artifacts/5e) by extension 'colcon_pkg'
[5.017s] Level 1:colcon.colcon_core.package_identification:_identify(Library/Artifacts/5e) by extensions ['colcon_meta']
[5.017s] Level 1:colcon.colcon_core.package_identification:_identify(Library/Artifacts/5e) by extension 'colcon_meta'
[5.022s] Level 1:colcon.colcon_core.package_identification:_identify(Library/Artifacts/5e) by extensions ['ros']
[5.023s] Level 1:colcon.colcon_core.package_identification:_identify(Library/Artifacts/5e) by extension 'ros'
[5.033s] Level 1:colcon.colcon_core.package_identification:_identify(Library/Artifacts/5e) by extensions ['cmake', 'python']
[5.034s] Level 1:colcon.colcon_core.package_identification:_identify(Library/Artifacts/5e) by extension 'cmake'
[5.036s] Level 1:colcon.colcon_core.package_identification:_identify(Library/Artifacts/5e) by extension 'python'
[5.039s] Level 1:colcon.colcon_core.package_identification:_identify(Library/Artifacts/5e) by extensions ['python_setup_py']
[5.040s] Level 1:colcon.colcon_core.package_identification:_identify(Library/Artifacts/5e) by extension 'python_setup_py'
[5.049s] Level 1:colcon.colcon_core.package_identification:_identify(Library/Artifacts/5f) by extensions ['ignore', 'ignore_ament_install']
[5.050s] Level 1:colcon.colcon_core.package_identification:_identify(Library/Artifacts/5f) by extension 'ignore'
[5.052s] Level 1:colcon.colcon_core.package_identification:_identify(Library/Artifacts/5f) by extension 'ignore_ament_install'
[5.056s] Level 1:colcon.colcon_core.package_identification:_identify(Library/Artifacts/5f) by extensions ['colcon_pkg']
[5.057s] Level 1:colcon.colcon_core.package_identification:_identify(Library/Artifacts/5f) by extension 'colcon_pkg'
[5.060s] Level 1:colcon.colcon_core.package_identification:_identify(Library/Artifacts/5f) by extensions ['colcon_meta']
[5.061s] Level 1:colcon.colcon_core.package_identification:_identify(Library/Artifacts/5f) by extension 'colcon_meta'
[5.065s] Level 1:colcon.colcon_core.package_identification:_identify(Library/Artifacts/5f) by extensions ['ros']
[5.066s] Level 1:colcon.colcon_core.package_identification:_identify(Library/Artifacts/5f) by extension 'ros'
[5.074s] Level 1:colcon.colcon_core.package_identification:_identify(Library/Artifacts/5f) by extensions ['cmake', 'python']
[5.075s] Level 1:colcon.colcon_core.package_identification:_identify(Library/Artifacts/5f) by extension 'cmake'
[5.077s] Level 1:colcon.colcon_core.package_identification:_identify(Library/Artifacts/5f) by extension 'python'
[5.080s] Level 1:colcon.colcon_core.package_identification:_identify(Library/Artifacts/5f) by extensions ['python_setup_py']
[5.081s] Level 1:colcon.colcon_core.package_identification:_identify(Library/Artifacts/5f) by extension 'python_setup_py'
[5.091s] Level 1:colcon.colcon_core.package_identification:_identify(Library/Artifacts/60) by extensions ['ignore', 'ignore_ament_install']
[5.092s] Level 1:colcon.colcon_core.package_identification:_identify(Library/Artifacts/60) by extension 'ignore'
[5.095s] Level 1:colcon.colcon_core.package_identification:_identify(Library/Artifacts/60) by extension 'ignore_ament_install'
[5.100s] Level 1:colcon.colcon_core.package_identification:_identify(Library/Artifacts/60) by extensions ['colcon_pkg']
[5.101s] Level 1:colcon.colcon_core.package_identification:_identify(Library/Artifacts/60) by extension 'colcon_pkg'
[5.104s] Level 1:colcon.colcon_core.package_identification:_identify(Library/Artifacts/60) by extensions ['colcon_meta']
[5.104s] Level 1:colcon.colcon_core.package_identification:_identify(Library/Artifacts/60) by extension 'colcon_meta'
[5.108s] Level 1:colcon.colcon_core.package_identification:_identify(Library/Artifacts/60) by extensions ['ros']
[5.110s] Level 1:colcon.colcon_core.package_identification:_identify(Library/Artifacts/60) by extension 'ros'
[5.119s] Level 1:colcon.colcon_core.package_identification:_identify(Library/Artifacts/60) by extensions ['cmake', 'python']
[5.120s] Level 1:colcon.colcon_core.package_identification:_identify(Library/Artifacts/60) by extension 'cmake'
[5.122s] Level 1:colcon.colcon_core.package_identification:_identify(Library/Artifacts/60) by extension 'python'
[5.125s] Level 1:colcon.colcon_core.package_identification:_identify(Library/Artifacts/60) by extensions ['python_setup_py']
[5.125s] Level 1:colcon.colcon_core.package_identification:_identify(Library/Artifacts/60) by extension 'python_setup_py'
[5.135s] Level 1:colcon.colcon_core.package_identification:_identify(Library/Artifacts/61) by extensions ['ignore', 'ignore_ament_install']
[5.135s] Level 1:colcon.colcon_core.package_identification:_identify(Library/Artifacts/61) by extension 'ignore'
[5.138s] Level 1:colcon.colcon_core.package_identification:_identify(Library/Artifacts/61) by extension 'ignore_ament_install'
[5.142s] Level 1:colcon.colcon_core.package_identification:_identify(Library/Artifacts/61) by extensions ['colcon_pkg']
[5.142s] Level 1:colcon.colcon_core.package_identification:_identify(Library/Artifacts/61) by extension 'colcon_pkg'
[5.144s] Level 1:colcon.colcon_core.package_identification:_identify(Library/Artifacts/61) by extensions ['colcon_meta']
[5.145s] Level 1:colcon.colcon_core.package_identification:_identify(Library/Artifacts/61) by extension 'colcon_meta'
[5.149s] Level 1:colcon.colcon_core.package_identification:_identify(Library/Artifacts/61) by extensions ['ros']
[5.149s] Level 1:colcon.colcon_core.package_identification:_identify(Library/Artifacts/61) by extension 'ros'
[5.158s] Level 1:colcon.colcon_core.package_identification:_identify(Library/Artifacts/61) by extensions ['cmake', 'python']
[5.159s] Level 1:colcon.colcon_core.package_identification:_identify(Library/Artifacts/61) by extension 'cmake'
[5.160s] Level 1:colcon.colcon_core.package_identification:_identify(Library/Artifacts/61) by extension 'python'
[5.163s] Level 1:colcon.colcon_core.package_identification:_identify(Library/Artifacts/61) by extensions ['python_setup_py']
[5.163s] Level 1:colcon.colcon_core.package_identification:_identify(Library/Artifacts/61) by extension 'python_setup_py'
[5.172s] Level 1:colcon.colcon_core.package_identification:_identify(Library/Artifacts/62) by extensions ['ignore', 'ignore_ament_install']
[5.173s] Level 1:colcon.colcon_core.package_identification:_identify(Library/Artifacts/62) by extension 'ignore'
[5.175s] Level 1:colcon.colcon_core.package_identification:_identify(Library/Artifacts/62) by extension 'ignore_ament_install'
[5.179s] Level 1:colcon.colcon_core.package_identification:_identify(Library/Artifacts/62) by extensions ['colcon_pkg']
[5.180s] Level 1:colcon.colcon_core.package_identification:_identify(Library/Artifacts/62) by extension 'colcon_pkg'
[5.182s] Level 1:colcon.colcon_core.package_identification:_identify(Library/Artifacts/62) by extensions ['colcon_meta']
[5.183s] Level 1:colcon.colcon_core.package_identification:_identify(Library/Artifacts/62) by extension 'colcon_meta'
[5.187s] Level 1:colcon.colcon_core.package_identification:_identify(Library/Artifacts/62) by extensions ['ros']
[5.187s] Level 1:colcon.colcon_core.package_identification:_identify(Library/Artifacts/62) by extension 'ros'
[5.196s] Level 1:colcon.colcon_core.package_identification:_identify(Library/Artifacts/62) by extensions ['cmake', 'python']
[5.197s] Level 1:colcon.colcon_core.package_identification:_identify(Library/Artifacts/62) by extension 'cmake'
[5.199s] Level 1:colcon.colcon_core.package_identification:_identify(Library/Artifacts/62) by extension 'python'
[5.201s] Level 1:colcon.colcon_core.package_identification:_identify(Library/Artifacts/62) by extensions ['python_setup_py']
[5.202s] Level 1:colcon.colcon_core.package_identification:_identify(Library/Artifacts/62) by extension 'python_setup_py'
[5.212s] Level 1:colcon.colcon_core.package_identification:_identify(Library/Artifacts/63) by extensions ['ignore', 'ignore_ament_install']
[5.213s] Level 1:colcon.colcon_core.package_identification:_identify(Library/Artifacts/63) by extension 'ignore'
[5.215s] Level 1:colcon.colcon_core.package_identification:_identify(Library/Artifacts/63) by extension 'ignore_ament_install'
[5.221s] Level 1:colcon.colcon_core.package_identification:_identify(Library/Artifacts/63) by extensions ['colcon_pkg']
[5.222s] Level 1:colcon.colcon_core.package_identification:_identify(Library/Artifacts/63) by extension 'colcon_pkg'
[5.223s] Level 1:colcon.colcon_core.package_identification:_identify(Library/Artifacts/63) by extensions ['colcon_meta']
[5.224s] Level 1:colcon.colcon_core.package_identification:_identify(Library/Artifacts/63) by extension 'colcon_meta'
[5.227s] Level 1:colcon.colcon_core.package_identification:_identify(Library/Artifacts/63) by extensions ['ros']
[5.228s] Level 1:colcon.colcon_core.package_identification:_identify(Library/Artifacts/63) by extension 'ros'
[5.236s] Level 1:colcon.colcon_core.package_identification:_identify(Library/Artifacts/63) by extensions ['cmake', 'python']
[5.237s] Level 1:colcon.colcon_core.package_identification:_identify(Library/Artifacts/63) by extension 'cmake'
[5.240s] Level 1:colcon.colcon_core.package_identification:_identify(Library/Artifacts/63) by extension 'python'
[5.242s] Level 1:colcon.colcon_core.package_identification:_identify(Library/Artifacts/63) by extensions ['python_setup_py']
[5.242s] Level 1:colcon.colcon_core.package_identification:_identify(Library/Artifacts/63) by extension 'python_setup_py'
[5.252s] Level 1:colcon.colcon_core.package_identification:_identify(Library/Artifacts/64) by extensions ['ignore', 'ignore_ament_install']
[5.253s] Level 1:colcon.colcon_core.package_identification:_identify(Library/Artifacts/64) by extension 'ignore'
[5.255s] Level 1:colcon.colcon_core.package_identification:_identify(Library/Artifacts/64) by extension 'ignore_ament_install'
[5.259s] Level 1:colcon.colcon_core.package_identification:_identify(Library/Artifacts/64) by extensions ['colcon_pkg']
[5.260s] Level 1:colcon.colcon_core.package_identification:_identify(Library/Artifacts/64) by extension 'colcon_pkg'
[5.262s] Level 1:colcon.colcon_core.package_identification:_identify(Library/Artifacts/64) by extensions ['colcon_meta']
[5.263s] Level 1:colcon.colcon_core.package_identification:_identify(Library/Artifacts/64) by extension 'colcon_meta'
[5.267s] Level 1:colcon.colcon_core.package_identification:_identify(Library/Artifacts/64) by extensions ['ros']
[5.267s] Level 1:colcon.colcon_core.package_identification:_identify(Library/Artifacts/64) by extension 'ros'
[5.277s] Level 1:colcon.colcon_core.package_identification:_identify(Library/Artifacts/64) by extensions ['cmake', 'python']
[5.277s] Level 1:colcon.colcon_core.package_identification:_identify(Library/Artifacts/64) by extension 'cmake'
[5.280s] Level 1:colcon.colcon_core.package_identification:_identify(Library/Artifacts/64) by extension 'python'
[5.283s] Level 1:colcon.colcon_core.package_identification:_identify(Library/Artifacts/64) by extensions ['python_setup_py']
[5.284s] Level 1:colcon.colcon_core.package_identification:_identify(Library/Artifacts/64) by extension 'python_setup_py'
[5.293s] Level 1:colcon.colcon_core.package_identification:_identify(Library/Artifacts/65) by extensions ['ignore', 'ignore_ament_install']
[5.294s] Level 1:colcon.colcon_core.package_identification:_identify(Library/Artifacts/65) by extension 'ignore'
[5.296s] Level 1:colcon.colcon_core.package_identification:_identify(Library/Artifacts/65) by extension 'ignore_ament_install'
[5.300s] Level 1:colcon.colcon_core.package_identification:_identify(Library/Artifacts/65) by extensions ['colcon_pkg']
[5.301s] Level 1:colcon.colcon_core.package_identification:_identify(Library/Artifacts/65) by extension 'colcon_pkg'
[5.303s] Level 1:colcon.colcon_core.package_identification:_identify(Library/Artifacts/65) by extensions ['colcon_meta']
[5.304s] Level 1:colcon.colcon_core.package_identification:_identify(Library/Artifacts/65) by extension 'colcon_meta'
[5.307s] Level 1:colcon.colcon_core.package_identification:_identify(Library/Artifacts/65) by extensions ['ros']
[5.308s] Level 1:colcon.colcon_core.package_identification:_identify(Library/Artifacts/65) by extension 'ros'
[5.317s] Level 1:colcon.colcon_core.package_identification:_identify(Library/Artifacts/65) by extensions ['cmake', 'python']
[5.317s] Level 1:colcon.colcon_core.package_identification:_identify(Library/Artifacts/65) by extension 'cmake'
[5.320s] Level 1:colcon.colcon_core.package_identification:_identify(Library/Artifacts/65) by extension 'python'
[5.322s] Level 1:colcon.colcon_core.package_identification:_identify(Library/Artifacts/65) by extensions ['python_setup_py']
[5.323s] Level 1:colcon.colcon_core.package_identification:_identify(Library/Artifacts/65) by extension 'python_setup_py'
[5.331s] Level 1:colcon.colcon_core.package_identification:_identify(Library/Artifacts/66) by extensions ['ignore', 'ignore_ament_install']
[5.332s] Level 1:colcon.colcon_core.package_identification:_identify(Library/Artifacts/66) by extension 'ignore'
[5.335s] Level 1:colcon.colcon_core.package_identification:_identify(Library/Artifacts/66) by extension 'ignore_ament_install'
[5.339s] Level 1:colcon.colcon_core.package_identification:_identify(Library/Artifacts/66) by extensions ['colcon_pkg']
[5.339s] Level 1:colcon.colcon_core.package_identification:_identify(Library/Artifacts/66) by extension 'colcon_pkg'
[5.345s] Level 1:colcon.colcon_core.package_identification:_identify(Library/Artifacts/66) by extensions ['colcon_meta']
[5.346s] Level 1:colcon.colcon_core.package_identification:_identify(Library/Artifacts/66) by extension 'colcon_meta'
[5.351s] Level 1:colcon.colcon_core.package_identification:_identify(Library/Artifacts/66) by extensions ['ros']
[5.351s] Level 1:colcon.colcon_core.package_identification:_identify(Library/Artifacts/66) by extension 'ros'
[5.361s] Level 1:colcon.colcon_core.package_identification:_identify(Library/Artifacts/66) by extensions ['cmake', 'python']
[5.361s] Level 1:colcon.colcon_core.package_identification:_identify(Library/Artifacts/66) by extension 'cmake'
[5.364s] Level 1:colcon.colcon_core.package_identification:_identify(Library/Artifacts/66) by extension 'python'
[5.366s] Level 1:colcon.colcon_core.package_identification:_identify(Library/Artifacts/66) by extensions ['python_setup_py']
[5.367s] Level 1:colcon.colcon_core.package_identification:_identify(Library/Artifacts/66) by extension 'python_setup_py'
[5.374s] Level 1:colcon.colcon_core.package_identification:_identify(Library/Artifacts/67) by extensions ['ignore', 'ignore_ament_install']
[5.375s] Level 1:colcon.colcon_core.package_identification:_identify(Library/Artifacts/67) by extension 'ignore'
[5.377s] Level 1:colcon.colcon_core.package_identification:_identify(Library/Artifacts/67) by extension 'ignore_ament_install'
[5.382s] Level 1:colcon.colcon_core.package_identification:_identify(Library/Artifacts/67) by extensions ['colcon_pkg']
[5.382s] Level 1:colcon.colcon_core.package_identification:_identify(Library/Artifacts/67) by extension 'colcon_pkg'
[5.385s] Level 1:colcon.colcon_core.package_identification:_identify(Library/Artifacts/67) by extensions ['colcon_meta']
[5.385s] Level 1:colcon.colcon_core.package_identification:_identify(Library/Artifacts/67) by extension 'colcon_meta'
[5.389s] Level 1:colcon.colcon_core.package_identification:_identify(Library/Artifacts/67) by extensions ['ros']
[5.390s] Level 1:colcon.colcon_core.package_identification:_identify(Library/Artifacts/67) by extension 'ros'
[5.401s] Level 1:colcon.colcon_core.package_identification:_identify(Library/Artifacts/67) by extensions ['cmake', 'python']
[5.402s] Level 1:colcon.colcon_core.package_identification:_identify(Library/Artifacts/67) by extension 'cmake'
[5.404s] Level 1:colcon.colcon_core.package_identification:_identify(Library/Artifacts/67) by extension 'python'
[5.406s] Level 1:colcon.colcon_core.package_identification:_identify(Library/Artifacts/67) by extensions ['python_setup_py']
[5.407s] Level 1:colcon.colcon_core.package_identification:_identify(Library/Artifacts/67) by extension 'python_setup_py'
[5.416s] Level 1:colcon.colcon_core.package_identification:_identify(Library/Artifacts/68) by extensions ['ignore', 'ignore_ament_install']
[5.416s] Level 1:colcon.colcon_core.package_identification:_identify(Library/Artifacts/68) by extension 'ignore'
[5.418s] Level 1:colcon.colcon_core.package_identification:_identify(Library/Artifacts/68) by extension 'ignore_ament_install'
[5.422s] Level 1:colcon.colcon_core.package_identification:_identify(Library/Artifacts/68) by extensions ['colcon_pkg']
[5.423s] Level 1:colcon.colcon_core.package_identification:_identify(Library/Artifacts/68) by extension 'colcon_pkg'
[5.425s] Level 1:colcon.colcon_core.package_identification:_identify(Library/Artifacts/68) by extensions ['colcon_meta']
[5.426s] Level 1:colcon.colcon_core.package_identification:_identify(Library/Artifacts/68) by extension 'colcon_meta'
[5.430s] Level 1:colcon.colcon_core.package_identification:_identify(Library/Artifacts/68) by extensions ['ros']
[5.431s] Level 1:colcon.colcon_core.package_identification:_identify(Library/Artifacts/68) by extension 'ros'
[5.441s] Level 1:colcon.colcon_core.package_identification:_identify(Library/Artifacts/68) by extensions ['cmake', 'python']
[5.441s] Level 1:colcon.colcon_core.package_identification:_identify(Library/Artifacts/68) by extension 'cmake'
[5.444s] Level 1:colcon.colcon_core.package_identification:_identify(Library/Artifacts/68) by extension 'python'
[5.446s] Level 1:colcon.colcon_core.package_identification:_identify(Library/Artifacts/68) by extensions ['python_setup_py']
[5.447s] Level 1:colcon.colcon_core.package_identification:_identify(Library/Artifacts/68) by extension 'python_setup_py'
[5.460s] Level 1:colcon.colcon_core.package_identification:_identify(Library/Artifacts/69) by extensions ['ignore', 'ignore_ament_install']
[5.460s] Level 1:colcon.colcon_core.package_identification:_identify(Library/Artifacts/69) by extension 'ignore'
[5.462s] Level 1:colcon.colcon_core.package_identification:_identify(Library/Artifacts/69) by extension 'ignore_ament_install'
[5.467s] Level 1:colcon.colcon_core.package_identification:_identify(Library/Artifacts/69) by extensions ['colcon_pkg']
[5.467s] Level 1:colcon.colcon_core.package_identification:_identify(Library/Artifacts/69) by extension 'colcon_pkg'
[5.470s] Level 1:colcon.colcon_core.package_identification:_identify(Library/Artifacts/69) by extensions ['colcon_meta']
[5.470s] Level 1:colcon.colcon_core.package_identification:_identify(Library/Artifacts/69) by extension 'colcon_meta'
[5.475s] Level 1:colcon.colcon_core.package_identification:_identify(Library/Artifacts/69) by extensions ['ros']
[5.476s] Level 1:colcon.colcon_core.package_identification:_identify(Library/Artifacts/69) by extension 'ros'
[5.485s] Level 1:colcon.colcon_core.package_identification:_identify(Library/Artifacts/69) by extensions ['cmake', 'python']
[5.486s] Level 1:colcon.colcon_core.package_identification:_identify(Library/Artifacts/69) by extension 'cmake'
[5.489s] Level 1:colcon.colcon_core.package_identification:_identify(Library/Artifacts/69) by extension 'python'
[5.491s] Level 1:colcon.colcon_core.package_identification:_identify(Library/Artifacts/69) by extensions ['python_setup_py']
[5.492s] Level 1:colcon.colcon_core.package_identification:_identify(Library/Artifacts/69) by extension 'python_setup_py'
[5.501s] Level 1:colcon.colcon_core.package_identification:_identify(Library/Artifacts/6a) by extensions ['ignore', 'ignore_ament_install']
[5.502s] Level 1:colcon.colcon_core.package_identification:_identify(Library/Artifacts/6a) by extension 'ignore'
[5.505s] Level 1:colcon.colcon_core.package_identification:_identify(Library/Artifacts/6a) by extension 'ignore_ament_install'
[5.507s] Level 1:colcon.colcon_core.package_identification:_identify(Library/Artifacts/6a) by extensions ['colcon_pkg']
[5.508s] Level 1:colcon.colcon_core.package_identification:_identify(Library/Artifacts/6a) by extension 'colcon_pkg'
[5.511s] Level 1:colcon.colcon_core.package_identification:_identify(Library/Artifacts/6a) by extensions ['colcon_meta']
[5.511s] Level 1:colcon.colcon_core.package_identification:_identify(Library/Artifacts/6a) by extension 'colcon_meta'
[5.515s] Level 1:colcon.colcon_core.package_identification:_identify(Library/Artifacts/6a) by extensions ['ros']
[5.516s] Level 1:colcon.colcon_core.package_identification:_identify(Library/Artifacts/6a) by extension 'ros'
[5.524s] Level 1:colcon.colcon_core.package_identification:_identify(Library/Artifacts/6a) by extensions ['cmake', 'python']
[5.525s] Level 1:colcon.colcon_core.package_identification:_identify(Library/Artifacts/6a) by extension 'cmake'
[5.527s] Level 1:colcon.colcon_core.package_identification:_identify(Library/Artifacts/6a) by extension 'python'
[5.529s] Level 1:colcon.colcon_core.package_identification:_identify(Library/Artifacts/6a) by extensions ['python_setup_py']
[5.529s] Level 1:colcon.colcon_core.package_identification:_identify(Library/Artifacts/6a) by extension 'python_setup_py'
[5.535s] Level 1:colcon.colcon_core.package_identification:_identify(Library/Artifacts/6b) by extensions ['ignore', 'ignore_ament_install']
[5.535s] Level 1:colcon.colcon_core.package_identification:_identify(Library/Artifacts/6b) by extension 'ignore'
[5.537s] Level 1:colcon.colcon_core.package_identification:_identify(Library/Artifacts/6b) by extension 'ignore_ament_install'
[5.539s] Level 1:colcon.colcon_core.package_identification:_identify(Library/Artifacts/6b) by extensions ['colcon_pkg']
[5.539s] Level 1:colcon.colcon_core.package_identification:_identify(Library/Artifacts/6b) by extension 'colcon_pkg'
[5.540s] Level 1:colcon.colcon_core.package_identification:_identify(Library/Artifacts/6b) by extensions ['colcon_meta']
[5.541s] Level 1:colcon.colcon_core.package_identification:_identify(Library/Artifacts/6b) by extension 'colcon_meta'
[5.543s] Level 1:colcon.colcon_core.package_identification:_identify(Library/Artifacts/6b) by extensions ['ros']
[5.544s] Level 1:colcon.colcon_core.package_identification:_identify(Library/Artifacts/6b) by extension 'ros'
[5.550s] Level 1:colcon.colcon_core.package_identification:_identify(Library/Artifacts/6b) by extensions ['cmake', 'python']
[5.551s] Level 1:colcon.colcon_core.package_identification:_identify(Library/Artifacts/6b) by extension 'cmake'
[5.552s] Level 1:colcon.colcon_core.package_identification:_identify(Library/Artifacts/6b) by extension 'python'
[5.554s] Level 1:colcon.colcon_core.package_identification:_identify(Library/Artifacts/6b) by extensions ['python_setup_py']
[5.554s] Level 1:colcon.colcon_core.package_identification:_identify(Library/Artifacts/6b) by extension 'python_setup_py'
[5.560s] Level 1:colcon.colcon_core.package_identification:_identify(Library/Artifacts/6c) by extensions ['ignore', 'ignore_ament_install']
[5.560s] Level 1:colcon.colcon_core.package_identification:_identify(Library/Artifacts/6c) by extension 'ignore'
[5.562s] Level 1:colcon.colcon_core.package_identification:_identify(Library/Artifacts/6c) by extension 'ignore_ament_install'
[5.565s] Level 1:colcon.colcon_core.package_identification:_identify(Library/Artifacts/6c) by extensions ['colcon_pkg']
[5.566s] Level 1:colcon.colcon_core.package_identification:_identify(Library/Artifacts/6c) by extension 'colcon_pkg'
[5.568s] Level 1:colcon.colcon_core.package_identification:_identify(Library/Artifacts/6c) by extensions ['colcon_meta']
[5.569s] Level 1:colcon.colcon_core.package_identification:_identify(Library/Artifacts/6c) by extension 'colcon_meta'
[5.573s] Level 1:colcon.colcon_core.package_identification:_identify(Library/Artifacts/6c) by extensions ['ros']
[5.574s] Level 1:colcon.colcon_core.package_identification:_identify(Library/Artifacts/6c) by extension 'ros'
[5.584s] Level 1:colcon.colcon_core.package_identification:_identify(Library/Artifacts/6c) by extensions ['cmake', 'python']
[5.585s] Level 1:colcon.colcon_core.package_identification:_identify(Library/Artifacts/6c) by extension 'cmake'
[5.587s] Level 1:colcon.colcon_core.package_identification:_identify(Library/Artifacts/6c) by extension 'python'
[5.589s] Level 1:colcon.colcon_core.package_identification:_identify(Library/Artifacts/6c) by extensions ['python_setup_py']
[5.590s] Level 1:colcon.colcon_core.package_identification:_identify(Library/Artifacts/6c) by extension 'python_setup_py'
[5.598s] Level 1:colcon.colcon_core.package_identification:_identify(Library/Artifacts/6d) by extensions ['ignore', 'ignore_ament_install']
[5.599s] Level 1:colcon.colcon_core.package_identification:_identify(Library/Artifacts/6d) by extension 'ignore'
[5.602s] Level 1:colcon.colcon_core.package_identification:_identify(Library/Artifacts/6d) by extension 'ignore_ament_install'
[5.607s] Level 1:colcon.colcon_core.package_identification:_identify(Library/Artifacts/6d) by extensions ['colcon_pkg']
[5.607s] Level 1:colcon.colcon_core.package_identification:_identify(Library/Artifacts/6d) by extension 'colcon_pkg'
[5.610s] Level 1:colcon.colcon_core.package_identification:_identify(Library/Artifacts/6d) by extensions ['colcon_meta']
[5.611s] Level 1:colcon.colcon_core.package_identification:_identify(Library/Artifacts/6d) by extension 'colcon_meta'
[5.615s] Level 1:colcon.colcon_core.package_identification:_identify(Library/Artifacts/6d) by extensions ['ros']
[5.616s] Level 1:colcon.colcon_core.package_identification:_identify(Library/Artifacts/6d) by extension 'ros'
[5.624s] Level 1:colcon.colcon_core.package_identification:_identify(Library/Artifacts/6d) by extensions ['cmake', 'python']
[5.625s] Level 1:colcon.colcon_core.package_identification:_identify(Library/Artifacts/6d) by extension 'cmake'
[5.627s] Level 1:colcon.colcon_core.package_identification:_identify(Library/Artifacts/6d) by extension 'python'
[5.630s] Level 1:colcon.colcon_core.package_identification:_identify(Library/Artifacts/6d) by extensions ['python_setup_py']
[5.630s] Level 1:colcon.colcon_core.package_identification:_identify(Library/Artifacts/6d) by extension 'python_setup_py'
[5.640s] Level 1:colcon.colcon_core.package_identification:_identify(Library/Artifacts/6e) by extensions ['ignore', 'ignore_ament_install']
[5.641s] Level 1:colcon.colcon_core.package_identification:_identify(Library/Artifacts/6e) by extension 'ignore'
[5.644s] Level 1:colcon.colcon_core.package_identification:_identify(Library/Artifacts/6e) by extension 'ignore_ament_install'
[5.648s] Level 1:colcon.colcon_core.package_identification:_identify(Library/Artifacts/6e) by extensions ['colcon_pkg']
[5.648s] Level 1:colcon.colcon_core.package_identification:_identify(Library/Artifacts/6e) by extension 'colcon_pkg'
[5.651s] Level 1:colcon.colcon_core.package_identification:_identify(Library/Artifacts/6e) by extensions ['colcon_meta']
[5.652s] Level 1:colcon.colcon_core.package_identification:_identify(Library/Artifacts/6e) by extension 'colcon_meta'
[5.656s] Level 1:colcon.colcon_core.package_identification:_identify(Library/Artifacts/6e) by extensions ['ros']
[5.657s] Level 1:colcon.colcon_core.package_identification:_identify(Library/Artifacts/6e) by extension 'ros'
[5.666s] Level 1:colcon.colcon_core.package_identification:_identify(Library/Artifacts/6e) by extensions ['cmake', 'python']
[5.667s] Level 1:colcon.colcon_core.package_identification:_identify(Library/Artifacts/6e) by extension 'cmake'
[5.669s] Level 1:colcon.colcon_core.package_identification:_identify(Library/Artifacts/6e) by extension 'python'
[5.672s] Level 1:colcon.colcon_core.package_identification:_identify(Library/Artifacts/6e) by extensions ['python_setup_py']
[5.672s] Level 1:colcon.colcon_core.package_identification:_identify(Library/Artifacts/6e) by extension 'python_setup_py'
[5.682s] Level 1:colcon.colcon_core.package_identification:_identify(Library/Artifacts/6f) by extensions ['ignore', 'ignore_ament_install']
[5.683s] Level 1:colcon.colcon_core.package_identification:_identify(Library/Artifacts/6f) by extension 'ignore'
[5.685s] Level 1:colcon.colcon_core.package_identification:_identify(Library/Artifacts/6f) by extension 'ignore_ament_install'
[5.689s] Level 1:colcon.colcon_core.package_identification:_identify(Library/Artifacts/6f) by extensions ['colcon_pkg']
[5.690s] Level 1:colcon.colcon_core.package_identification:_identify(Library/Artifacts/6f) by extension 'colcon_pkg'
[5.692s] Level 1:colcon.colcon_core.package_identification:_identify(Library/Artifacts/6f) by extensions ['colcon_meta']
[5.693s] Level 1:colcon.colcon_core.package_identification:_identify(Library/Artifacts/6f) by extension 'colcon_meta'
[5.696s] Level 1:colcon.colcon_core.package_identification:_identify(Library/Artifacts/6f) by extensions ['ros']
[5.697s] Level 1:colcon.colcon_core.package_identification:_identify(Library/Artifacts/6f) by extension 'ros'
[5.706s] Level 1:colcon.colcon_core.package_identification:_identify(Library/Artifacts/6f) by extensions ['cmake', 'python']
[5.707s] Level 1:colcon.colcon_core.package_identification:_identify(Library/Artifacts/6f) by extension 'cmake'
[5.709s] Level 1:colcon.colcon_core.package_identification:_identify(Library/Artifacts/6f) by extension 'python'
[5.711s] Level 1:colcon.colcon_core.package_identification:_identify(Library/Artifacts/6f) by extensions ['python_setup_py']
[5.712s] Level 1:colcon.colcon_core.package_identification:_identify(Library/Artifacts/6f) by extension 'python_setup_py'
[5.719s] Level 1:colcon.colcon_core.package_identification:_identify(Library/Artifacts/70) by extensions ['ignore', 'ignore_ament_install']
[5.719s] Level 1:colcon.colcon_core.package_identification:_identify(Library/Artifacts/70) by extension 'ignore'
[5.721s] Level 1:colcon.colcon_core.package_identification:_identify(Library/Artifacts/70) by extension 'ignore_ament_install'
[5.725s] Level 1:colcon.colcon_core.package_identification:_identify(Library/Artifacts/70) by extensions ['colcon_pkg']
[5.726s] Level 1:colcon.colcon_core.package_identification:_identify(Library/Artifacts/70) by extension 'colcon_pkg'
[5.728s] Level 1:colcon.colcon_core.package_identification:_identify(Library/Artifacts/70) by extensions ['colcon_meta']
[5.729s] Level 1:colcon.colcon_core.package_identification:_identify(Library/Artifacts/70) by extension 'colcon_meta'
[5.733s] Level 1:colcon.colcon_core.package_identification:_identify(Library/Artifacts/70) by extensions ['ros']
[5.733s] Level 1:colcon.colcon_core.package_identification:_identify(Library/Artifacts/70) by extension 'ros'
[5.741s] Level 1:colcon.colcon_core.package_identification:_identify(Library/Artifacts/70) by extensions ['cmake', 'python']
[5.742s] Level 1:colcon.colcon_core.package_identification:_identify(Library/Artifacts/70) by extension 'cmake'
[5.744s] Level 1:colcon.colcon_core.package_identification:_identify(Library/Artifacts/70) by extension 'python'
[5.746s] Level 1:colcon.colcon_core.package_identification:_identify(Library/Artifacts/70) by extensions ['python_setup_py']
[5.747s] Level 1:colcon.colcon_core.package_identification:_identify(Library/Artifacts/70) by extension 'python_setup_py'
[5.755s] Level 1:colcon.colcon_core.package_identification:_identify(Library/Artifacts/71) by extensions ['ignore', 'ignore_ament_install']
[5.756s] Level 1:colcon.colcon_core.package_identification:_identify(Library/Artifacts/71) by extension 'ignore'
[5.759s] Level 1:colcon.colcon_core.package_identification:_identify(Library/Artifacts/71) by extension 'ignore_ament_install'
[5.763s] Level 1:colcon.colcon_core.package_identification:_identify(Library/Artifacts/71) by extensions ['colcon_pkg']
[5.763s] Level 1:colcon.colcon_core.package_identification:_identify(Library/Artifacts/71) by extension 'colcon_pkg'
[5.766s] Level 1:colcon.colcon_core.package_identification:_identify(Library/Artifacts/71) by extensions ['colcon_meta']
[5.767s] Level 1:colcon.colcon_core.package_identification:_identify(Library/Artifacts/71) by extension 'colcon_meta'
[5.771s] Level 1:colcon.colcon_core.package_identification:_identify(Library/Artifacts/71) by extensions ['ros']
[5.771s] Level 1:colcon.colcon_core.package_identification:_identify(Library/Artifacts/71) by extension 'ros'
[5.781s] Level 1:colcon.colcon_core.package_identification:_identify(Library/Artifacts/71) by extensions ['cmake', 'python']
[5.781s] Level 1:colcon.colcon_core.package_identification:_identify(Library/Artifacts/71) by extension 'cmake'
[5.784s] Level 1:colcon.colcon_core.package_identification:_identify(Library/Artifacts/71) by extension 'python'
[5.786s] Level 1:colcon.colcon_core.package_identification:_identify(Library/Artifacts/71) by extensions ['python_setup_py']
[5.787s] Level 1:colcon.colcon_core.package_identification:_identify(Library/Artifacts/71) by extension 'python_setup_py'
[5.797s] Level 1:colcon.colcon_core.package_identification:_identify(Library/Artifacts/72) by extensions ['ignore', 'ignore_ament_install']
[5.798s] Level 1:colcon.colcon_core.package_identification:_identify(Library/Artifacts/72) by extension 'ignore'
[5.800s] Level 1:colcon.colcon_core.package_identification:_identify(Library/Artifacts/72) by extension 'ignore_ament_install'
[5.804s] Level 1:colcon.colcon_core.package_identification:_identify(Library/Artifacts/72) by extensions ['colcon_pkg']
[5.805s] Level 1:colcon.colcon_core.package_identification:_identify(Library/Artifacts/72) by extension 'colcon_pkg'
[5.808s] Level 1:colcon.colcon_core.package_identification:_identify(Library/Artifacts/72) by extensions ['colcon_meta']
[5.808s] Level 1:colcon.colcon_core.package_identification:_identify(Library/Artifacts/72) by extension 'colcon_meta'
[5.813s] Level 1:colcon.colcon_core.package_identification:_identify(Library/Artifacts/72) by extensions ['ros']
[5.813s] Level 1:colcon.colcon_core.package_identification:_identify(Library/Artifacts/72) by extension 'ros'
[5.822s] Level 1:colcon.colcon_core.package_identification:_identify(Library/Artifacts/72) by extensions ['cmake', 'python']
[5.823s] Level 1:colcon.colcon_core.package_identification:_identify(Library/Artifacts/72) by extension 'cmake'
[5.826s] Level 1:colcon.colcon_core.package_identification:_identify(Library/Artifacts/72) by extension 'python'
[5.829s] Level 1:colcon.colcon_core.package_identification:_identify(Library/Artifacts/72) by extensions ['python_setup_py']
[5.829s] Level 1:colcon.colcon_core.package_identification:_identify(Library/Artifacts/72) by extension 'python_setup_py'
[5.839s] Level 1:colcon.colcon_core.package_identification:_identify(Library/Artifacts/73) by extensions ['ignore', 'ignore_ament_install']
[5.840s] Level 1:colcon.colcon_core.package_identification:_identify(Library/Artifacts/73) by extension 'ignore'
[5.844s] Level 1:colcon.colcon_core.package_identification:_identify(Library/Artifacts/73) by extension 'ignore_ament_install'
[5.848s] Level 1:colcon.colcon_core.package_identification:_identify(Library/Artifacts/73) by extensions ['colcon_pkg']
[5.849s] Level 1:colcon.colcon_core.package_identification:_identify(Library/Artifacts/73) by extension 'colcon_pkg'
[5.851s] Level 1:colcon.colcon_core.package_identification:_identify(Library/Artifacts/73) by extensions ['colcon_meta']
[5.852s] Level 1:colcon.colcon_core.package_identification:_identify(Library/Artifacts/73) by extension 'colcon_meta'
[5.855s] Level 1:colcon.colcon_core.package_identification:_identify(Library/Artifacts/73) by extensions ['ros']
[5.856s] Level 1:colcon.colcon_core.package_identification:_identify(Library/Artifacts/73) by extension 'ros'
[5.865s] Level 1:colcon.colcon_core.package_identification:_identify(Library/Artifacts/73) by extensions ['cmake', 'python']
[5.865s] Level 1:colcon.colcon_core.package_identification:_identify(Library/Artifacts/73) by extension 'cmake'
[5.868s] Level 1:colcon.colcon_core.package_identification:_identify(Library/Artifacts/73) by extension 'python'
[5.871s] Level 1:colcon.colcon_core.package_identification:_identify(Library/Artifacts/73) by extensions ['python_setup_py']
[5.871s] Level 1:colcon.colcon_core.package_identification:_identify(Library/Artifacts/73) by extension 'python_setup_py'
[5.880s] Level 1:colcon.colcon_core.package_identification:_identify(Library/Artifacts/74) by extensions ['ignore', 'ignore_ament_install']
[5.881s] Level 1:colcon.colcon_core.package_identification:_identify(Library/Artifacts/74) by extension 'ignore'
[5.884s] Level 1:colcon.colcon_core.package_identification:_identify(Library/Artifacts/74) by extension 'ignore_ament_install'
[5.887s] Level 1:colcon.colcon_core.package_identification:_identify(Library/Artifacts/74) by extensions ['colcon_pkg']
[5.887s] Level 1:colcon.colcon_core.package_identification:_identify(Library/Artifacts/74) by extension 'colcon_pkg'
[5.890s] Level 1:colcon.colcon_core.package_identification:_identify(Library/Artifacts/74) by extensions ['colcon_meta']
[5.891s] Level 1:colcon.colcon_core.package_identification:_identify(Library/Artifacts/74) by extension 'colcon_meta'
[5.893s] Level 1:colcon.colcon_core.package_identification:_identify(Library/Artifacts/74) by extensions ['ros']
[5.894s] Level 1:colcon.colcon_core.package_identification:_identify(Library/Artifacts/74) by extension 'ros'
[5.902s] Level 1:colcon.colcon_core.package_identification:_identify(Library/Artifacts/74) by extensions ['cmake', 'python']
[5.903s] Level 1:colcon.colcon_core.package_identification:_identify(Library/Artifacts/74) by extension 'cmake'
[5.905s] Level 1:colcon.colcon_core.package_identification:_identify(Library/Artifacts/74) by extension 'python'
[5.907s] Level 1:colcon.colcon_core.package_identification:_identify(Library/Artifacts/74) by extensions ['python_setup_py']
[5.908s] Level 1:colcon.colcon_core.package_identification:_identify(Library/Artifacts/74) by extension 'python_setup_py'
[5.914s] Level 1:colcon.colcon_core.package_identification:_identify(Library/Artifacts/75) by extensions ['ignore', 'ignore_ament_install']
[5.915s] Level 1:colcon.colcon_core.package_identification:_identify(Library/Artifacts/75) by extension 'ignore'
[5.917s] Level 1:colcon.colcon_core.package_identification:_identify(Library/Artifacts/75) by extension 'ignore_ament_install'
[5.921s] Level 1:colcon.colcon_core.package_identification:_identify(Library/Artifacts/75) by extensions ['colcon_pkg']
[5.922s] Level 1:colcon.colcon_core.package_identification:_identify(Library/Artifacts/75) by extension 'colcon_pkg'
[5.925s] Level 1:colcon.colcon_core.package_identification:_identify(Library/Artifacts/75) by extensions ['colcon_meta']
[5.926s] Level 1:colcon.colcon_core.package_identification:_identify(Library/Artifacts/75) by extension 'colcon_meta'
[5.930s] Level 1:colcon.colcon_core.package_identification:_identify(Library/Artifacts/75) by extensions ['ros']
[5.931s] Level 1:colcon.colcon_core.package_identification:_identify(Library/Artifacts/75) by extension 'ros'
[5.938s] Level 1:colcon.colcon_core.package_identification:_identify(Library/Artifacts/75) by extensions ['cmake', 'python']
[5.938s] Level 1:colcon.colcon_core.package_identification:_identify(Library/Artifacts/75) by extension 'cmake'
[5.941s] Level 1:colcon.colcon_core.package_identification:_identify(Library/Artifacts/75) by extension 'python'
[5.943s] Level 1:colcon.colcon_core.package_identification:_identify(Library/Artifacts/75) by extensions ['python_setup_py']
[5.944s] Level 1:colcon.colcon_core.package_identification:_identify(Library/Artifacts/75) by extension 'python_setup_py'
[5.954s] Level 1:colcon.colcon_core.package_identification:_identify(Library/Artifacts/76) by extensions ['ignore', 'ignore_ament_install']
[5.955s] Level 1:colcon.colcon_core.package_identification:_identify(Library/Artifacts/76) by extension 'ignore'
[5.958s] Level 1:colcon.colcon_core.package_identification:_identify(Library/Artifacts/76) by extension 'ignore_ament_install'
[5.962s] Level 1:colcon.colcon_core.package_identification:_identify(Library/Artifacts/76) by extensions ['colcon_pkg']
[5.963s] Level 1:colcon.colcon_core.package_identification:_identify(Library/Artifacts/76) by extension 'colcon_pkg'
[5.965s] Level 1:colcon.colcon_core.package_identification:_identify(Library/Artifacts/76) by extensions ['colcon_meta']
[5.966s] Level 1:colcon.colcon_core.package_identification:_identify(Library/Artifacts/76) by extension 'colcon_meta'
[5.972s] Level 1:colcon.colcon_core.package_identification:_identify(Library/Artifacts/76) by extensions ['ros']
[5.973s] Level 1:colcon.colcon_core.package_identification:_identify(Library/Artifacts/76) by extension 'ros'
[5.982s] Level 1:colcon.colcon_core.package_identification:_identify(Library/Artifacts/76) by extensions ['cmake', 'python']
[5.982s] Level 1:colcon.colcon_core.package_identification:_identify(Library/Artifacts/76) by extension 'cmake'
[5.984s] Level 1:colcon.colcon_core.package_identification:_identify(Library/Artifacts/76) by extension 'python'
[5.987s] Level 1:colcon.colcon_core.package_identification:_identify(Library/Artifacts/76) by extensions ['python_setup_py']
[5.988s] Level 1:colcon.colcon_core.package_identification:_identify(Library/Artifacts/76) by extension 'python_setup_py'
[5.996s] Level 1:colcon.colcon_core.package_identification:_identify(Library/Artifacts/77) by extensions ['ignore', 'ignore_ament_install']
[5.997s] Level 1:colcon.colcon_core.package_identification:_identify(Library/Artifacts/77) by extension 'ignore'
[5.999s] Level 1:colcon.colcon_core.package_identification:_identify(Library/Artifacts/77) by extension 'ignore_ament_install'
[6.003s] Level 1:colcon.colcon_core.package_identification:_identify(Library/Artifacts/77) by extensions ['colcon_pkg']
[6.004s] Level 1:colcon.colcon_core.package_identification:_identify(Library/Artifacts/77) by extension 'colcon_pkg'
[6.006s] Level 1:colcon.colcon_core.package_identification:_identify(Library/Artifacts/77) by extensions ['colcon_meta']
[6.007s] Level 1:colcon.colcon_core.package_identification:_identify(Library/Artifacts/77) by extension 'colcon_meta'
[6.010s] Level 1:colcon.colcon_core.package_identification:_identify(Library/Artifacts/77) by extensions ['ros']
[6.011s] Level 1:colcon.colcon_core.package_identification:_identify(Library/Artifacts/77) by extension 'ros'
[6.017s] Level 1:colcon.colcon_core.package_identification:_identify(Library/Artifacts/77) by extensions ['cmake', 'python']
[6.018s] Level 1:colcon.colcon_core.package_identification:_identify(Library/Artifacts/77) by extension 'cmake'
[6.020s] Level 1:colcon.colcon_core.package_identification:_identify(Library/Artifacts/77) by extension 'python'
[6.022s] Level 1:colcon.colcon_core.package_identification:_identify(Library/Artifacts/77) by extensions ['python_setup_py']
[6.023s] Level 1:colcon.colcon_core.package_identification:_identify(Library/Artifacts/77) by extension 'python_setup_py'
[6.028s] Level 1:colcon.colcon_core.package_identification:_identify(Library/Artifacts/78) by extensions ['ignore', 'ignore_ament_install']
[6.028s] Level 1:colcon.colcon_core.package_identification:_identify(Library/Artifacts/78) by extension 'ignore'
[6.031s] Level 1:colcon.colcon_core.package_identification:_identify(Library/Artifacts/78) by extension 'ignore_ament_install'
[6.034s] Level 1:colcon.colcon_core.package_identification:_identify(Library/Artifacts/78) by extensions ['colcon_pkg']
[6.035s] Level 1:colcon.colcon_core.package_identification:_identify(Library/Artifacts/78) by extension 'colcon_pkg'
[6.037s] Level 1:colcon.colcon_core.package_identification:_identify(Library/Artifacts/78) by extensions ['colcon_meta']
[6.038s] Level 1:colcon.colcon_core.package_identification:_identify(Library/Artifacts/78) by extension 'colcon_meta'
[6.042s] Level 1:colcon.colcon_core.package_identification:_identify(Library/Artifacts/78) by extensions ['ros']
[6.043s] Level 1:colcon.colcon_core.package_identification:_identify(Library/Artifacts/78) by extension 'ros'
[6.051s] Level 1:colcon.colcon_core.package_identification:_identify(Library/Artifacts/78) by extensions ['cmake', 'python']
[6.051s] Level 1:colcon.colcon_core.package_identification:_identify(Library/Artifacts/78) by extension 'cmake'
[6.053s] Level 1:colcon.colcon_core.package_identification:_identify(Library/Artifacts/78) by extension 'python'
[6.056s] Level 1:colcon.colcon_core.package_identification:_identify(Library/Artifacts/78) by extensions ['python_setup_py']
[6.056s] Level 1:colcon.colcon_core.package_identification:_identify(Library/Artifacts/78) by extension 'python_setup_py'
[6.064s] Level 1:colcon.colcon_core.package_identification:_identify(Library/Artifacts/79) by extensions ['ignore', 'ignore_ament_install']
[6.065s] Level 1:colcon.colcon_core.package_identification:_identify(Library/Artifacts/79) by extension 'ignore'
[6.067s] Level 1:colcon.colcon_core.package_identification:_identify(Library/Artifacts/79) by extension 'ignore_ament_install'
[6.071s] Level 1:colcon.colcon_core.package_identification:_identify(Library/Artifacts/79) by extensions ['colcon_pkg']
[6.071s] Level 1:colcon.colcon_core.package_identification:_identify(Library/Artifacts/79) by extension 'colcon_pkg'
[6.074s] Level 1:colcon.colcon_core.package_identification:_identify(Library/Artifacts/79) by extensions ['colcon_meta']
[6.074s] Level 1:colcon.colcon_core.package_identification:_identify(Library/Artifacts/79) by extension 'colcon_meta'
[6.078s] Level 1:colcon.colcon_core.package_identification:_identify(Library/Artifacts/79) by extensions ['ros']
[6.079s] Level 1:colcon.colcon_core.package_identification:_identify(Library/Artifacts/79) by extension 'ros'
[6.088s] Level 1:colcon.colcon_core.package_identification:_identify(Library/Artifacts/79) by extensions ['cmake', 'python']
[6.088s] Level 1:colcon.colcon_core.package_identification:_identify(Library/Artifacts/79) by extension 'cmake'
[6.090s] Level 1:colcon.colcon_core.package_identification:_identify(Library/Artifacts/79) by extension 'python'
[6.092s] Level 1:colcon.colcon_core.package_identification:_identify(Library/Artifacts/79) by extensions ['python_setup_py']
[6.093s] Level 1:colcon.colcon_core.package_identification:_identify(Library/Artifacts/79) by extension 'python_setup_py'
[6.100s] Level 1:colcon.colcon_core.package_identification:_identify(Library/Artifacts/7a) by extensions ['ignore', 'ignore_ament_install']
[6.101s] Level 1:colcon.colcon_core.package_identification:_identify(Library/Artifacts/7a) by extension 'ignore'
[6.103s] Level 1:colcon.colcon_core.package_identification:_identify(Library/Artifacts/7a) by extension 'ignore_ament_install'
[6.107s] Level 1:colcon.colcon_core.package_identification:_identify(Library/Artifacts/7a) by extensions ['colcon_pkg']
[6.108s] Level 1:colcon.colcon_core.package_identification:_identify(Library/Artifacts/7a) by extension 'colcon_pkg'
[6.110s] Level 1:colcon.colcon_core.package_identification:_identify(Library/Artifacts/7a) by extensions ['colcon_meta']
[6.111s] Level 1:colcon.colcon_core.package_identification:_identify(Library/Artifacts/7a) by extension 'colcon_meta'
[6.115s] Level 1:colcon.colcon_core.package_identification:_identify(Library/Artifacts/7a) by extensions ['ros']
[6.117s] Level 1:colcon.colcon_core.package_identification:_identify(Library/Artifacts/7a) by extension 'ros'
[6.125s] Level 1:colcon.colcon_core.package_identification:_identify(Library/Artifacts/7a) by extensions ['cmake', 'python']
[6.126s] Level 1:colcon.colcon_core.package_identification:_identify(Library/Artifacts/7a) by extension 'cmake'
[6.128s] Level 1:colcon.colcon_core.package_identification:_identify(Library/Artifacts/7a) by extension 'python'
[6.132s] Level 1:colcon.colcon_core.package_identification:_identify(Library/Artifacts/7a) by extensions ['python_setup_py']
[6.133s] Level 1:colcon.colcon_core.package_identification:_identify(Library/Artifacts/7a) by extension 'python_setup_py'
[6.140s] Level 1:colcon.colcon_core.package_identification:_identify(Library/Artifacts/7b) by extensions ['ignore', 'ignore_ament_install']
[6.140s] Level 1:colcon.colcon_core.package_identification:_identify(Library/Artifacts/7b) by extension 'ignore'
[6.143s] Level 1:colcon.colcon_core.package_identification:_identify(Library/Artifacts/7b) by extension 'ignore_ament_install'
[6.147s] Level 1:colcon.colcon_core.package_identification:_identify(Library/Artifacts/7b) by extensions ['colcon_pkg']
[6.148s] Level 1:colcon.colcon_core.package_identification:_identify(Library/Artifacts/7b) by extension 'colcon_pkg'
[6.150s] Level 1:colcon.colcon_core.package_identification:_identify(Library/Artifacts/7b) by extensions ['colcon_meta']
[6.150s] Level 1:colcon.colcon_core.package_identification:_identify(Library/Artifacts/7b) by extension 'colcon_meta'
[6.155s] Level 1:colcon.colcon_core.package_identification:_identify(Library/Artifacts/7b) by extensions ['ros']
[6.155s] Level 1:colcon.colcon_core.package_identification:_identify(Library/Artifacts/7b) by extension 'ros'
[6.164s] Level 1:colcon.colcon_core.package_identification:_identify(Library/Artifacts/7b) by extensions ['cmake', 'python']
[6.164s] Level 1:colcon.colcon_core.package_identification:_identify(Library/Artifacts/7b) by extension 'cmake'
[6.167s] Level 1:colcon.colcon_core.package_identification:_identify(Library/Artifacts/7b) by extension 'python'
[6.170s] Level 1:colcon.colcon_core.package_identification:_identify(Library/Artifacts/7b) by extensions ['python_setup_py']
[6.171s] Level 1:colcon.colcon_core.package_identification:_identify(Library/Artifacts/7b) by extension 'python_setup_py'
[6.179s] Level 1:colcon.colcon_core.package_identification:_identify(Library/Artifacts/7c) by extensions ['ignore', 'ignore_ament_install']
[6.180s] Level 1:colcon.colcon_core.package_identification:_identify(Library/Artifacts/7c) by extension 'ignore'
[6.182s] Level 1:colcon.colcon_core.package_identification:_identify(Library/Artifacts/7c) by extension 'ignore_ament_install'
[6.186s] Level 1:colcon.colcon_core.package_identification:_identify(Library/Artifacts/7c) by extensions ['colcon_pkg']
[6.187s] Level 1:colcon.colcon_core.package_identification:_identify(Library/Artifacts/7c) by extension 'colcon_pkg'
[6.189s] Level 1:colcon.colcon_core.package_identification:_identify(Library/Artifacts/7c) by extensions ['colcon_meta']
[6.190s] Level 1:colcon.colcon_core.package_identification:_identify(Library/Artifacts/7c) by extension 'colcon_meta'
[6.194s] Level 1:colcon.colcon_core.package_identification:_identify(Library/Artifacts/7c) by extensions ['ros']
[6.195s] Level 1:colcon.colcon_core.package_identification:_identify(Library/Artifacts/7c) by extension 'ros'
[6.204s] Level 1:colcon.colcon_core.package_identification:_identify(Library/Artifacts/7c) by extensions ['cmake', 'python']
[6.205s] Level 1:colcon.colcon_core.package_identification:_identify(Library/Artifacts/7c) by extension 'cmake'
[6.207s] Level 1:colcon.colcon_core.package_identification:_identify(Library/Artifacts/7c) by extension 'python'
[6.210s] Level 1:colcon.colcon_core.package_identification:_identify(Library/Artifacts/7c) by extensions ['python_setup_py']
[6.210s] Level 1:colcon.colcon_core.package_identification:_identify(Library/Artifacts/7c) by extension 'python_setup_py'
[6.220s] Level 1:colcon.colcon_core.package_identification:_identify(Library/Artifacts/7d) by extensions ['ignore', 'ignore_ament_install']
[6.221s] Level 1:colcon.colcon_core.package_identification:_identify(Library/Artifacts/7d) by extension 'ignore'
[6.223s] Level 1:colcon.colcon_core.package_identification:_identify(Library/Artifacts/7d) by extension 'ignore_ament_install'
[6.227s] Level 1:colcon.colcon_core.package_identification:_identify(Library/Artifacts/7d) by extensions ['colcon_pkg']
[6.228s] Level 1:colcon.colcon_core.package_identification:_identify(Library/Artifacts/7d) by extension 'colcon_pkg'
[6.230s] Level 1:colcon.colcon_core.package_identification:_identify(Library/Artifacts/7d) by extensions ['colcon_meta']
[6.230s] Level 1:colcon.colcon_core.package_identification:_identify(Library/Artifacts/7d) by extension 'colcon_meta'
[6.235s] Level 1:colcon.colcon_core.package_identification:_identify(Library/Artifacts/7d) by extensions ['ros']
[6.235s] Level 1:colcon.colcon_core.package_identification:_identify(Library/Artifacts/7d) by extension 'ros'
[6.244s] Level 1:colcon.colcon_core.package_identification:_identify(Library/Artifacts/7d) by extensions ['cmake', 'python']
[6.245s] Level 1:colcon.colcon_core.package_identification:_identify(Library/Artifacts/7d) by extension 'cmake'
[6.248s] Level 1:colcon.colcon_core.package_identification:_identify(Library/Artifacts/7d) by extension 'python'
[6.250s] Level 1:colcon.colcon_core.package_identification:_identify(Library/Artifacts/7d) by extensions ['python_setup_py']
[6.251s] Level 1:colcon.colcon_core.package_identification:_identify(Library/Artifacts/7d) by extension 'python_setup_py'
[6.261s] Level 1:colcon.colcon_core.package_identification:_identify(Library/Artifacts/7e) by extensions ['ignore', 'ignore_ament_install']
[6.262s] Level 1:colcon.colcon_core.package_identification:_identify(Library/Artifacts/7e) by extension 'ignore'
[6.264s] Level 1:colcon.colcon_core.package_identification:_identify(Library/Artifacts/7e) by extension 'ignore_ament_install'
[6.267s] Level 1:colcon.colcon_core.package_identification:_identify(Library/Artifacts/7e) by extensions ['colcon_pkg']
[6.268s] Level 1:colcon.colcon_core.package_identification:_identify(Library/Artifacts/7e) by extension 'colcon_pkg'
[6.271s] Level 1:colcon.colcon_core.package_identification:_identify(Library/Artifacts/7e) by extensions ['colcon_meta']
[6.272s] Level 1:colcon.colcon_core.package_identification:_identify(Library/Artifacts/7e) by extension 'colcon_meta'
[6.276s] Level 1:colcon.colcon_core.package_identification:_identify(Library/Artifacts/7e) by extensions ['ros']
[6.277s] Level 1:colcon.colcon_core.package_identification:_identify(Library/Artifacts/7e) by extension 'ros'
[6.288s] Level 1:colcon.colcon_core.package_identification:_identify(Library/Artifacts/7e) by extensions ['cmake', 'python']
[6.288s] Level 1:colcon.colcon_core.package_identification:_identify(Library/Artifacts/7e) by extension 'cmake'
[6.292s] Level 1:colcon.colcon_core.package_identification:_identify(Library/Artifacts/7e) by extension 'python'
[6.294s] Level 1:colcon.colcon_core.package_identification:_identify(Library/Artifacts/7e) by extensions ['python_setup_py']
[6.295s] Level 1:colcon.colcon_core.package_identification:_identify(Library/Artifacts/7e) by extension 'python_setup_py'
[6.303s] Level 1:colcon.colcon_core.package_identification:_identify(Library/Artifacts/7f) by extensions ['ignore', 'ignore_ament_install']
[6.304s] Level 1:colcon.colcon_core.package_identification:_identify(Library/Artifacts/7f) by extension 'ignore'
[6.307s] Level 1:colcon.colcon_core.package_identification:_identify(Library/Artifacts/7f) by extension 'ignore_ament_install'
[6.310s] Level 1:colcon.colcon_core.package_identification:_identify(Library/Artifacts/7f) by extensions ['colcon_pkg']
[6.311s] Level 1:colcon.colcon_core.package_identification:_identify(Library/Artifacts/7f) by extension 'colcon_pkg'
[6.313s] Level 1:colcon.colcon_core.package_identification:_identify(Library/Artifacts/7f) by extensions ['colcon_meta']
[6.314s] Level 1:colcon.colcon_core.package_identification:_identify(Library/Artifacts/7f) by extension 'colcon_meta'
[6.317s] Level 1:colcon.colcon_core.package_identification:_identify(Library/Artifacts/7f) by extensions ['ros']
[6.318s] Level 1:colcon.colcon_core.package_identification:_identify(Library/Artifacts/7f) by extension 'ros'
[6.325s] Level 1:colcon.colcon_core.package_identification:_identify(Library/Artifacts/7f) by extensions ['cmake', 'python']
[6.326s] Level 1:colcon.colcon_core.package_identification:_identify(Library/Artifacts/7f) by extension 'cmake'
[6.329s] Level 1:colcon.colcon_core.package_identification:_identify(Library/Artifacts/7f) by extension 'python'
[6.332s] Level 1:colcon.colcon_core.package_identification:_identify(Library/Artifacts/7f) by extensions ['python_setup_py']
[6.333s] Level 1:colcon.colcon_core.package_identification:_identify(Library/Artifacts/7f) by extension 'python_setup_py'
[6.343s] Level 1:colcon.colcon_core.package_identification:_identify(Library/Artifacts/80) by extensions ['ignore', 'ignore_ament_install']
[6.345s] Level 1:colcon.colcon_core.package_identification:_identify(Library/Artifacts/80) by extension 'ignore'
[6.347s] Level 1:colcon.colcon_core.package_identification:_identify(Library/Artifacts/80) by extension 'ignore_ament_install'
[6.351s] Level 1:colcon.colcon_core.package_identification:_identify(Library/Artifacts/80) by extensions ['colcon_pkg']
[6.352s] Level 1:colcon.colcon_core.package_identification:_identify(Library/Artifacts/80) by extension 'colcon_pkg'
[6.356s] Level 1:colcon.colcon_core.package_identification:_identify(Library/Artifacts/80) by extensions ['colcon_meta']
[6.356s] Level 1:colcon.colcon_core.package_identification:_identify(Library/Artifacts/80) by extension 'colcon_meta'
[6.361s] Level 1:colcon.colcon_core.package_identification:_identify(Library/Artifacts/80) by extensions ['ros']
[6.361s] Level 1:colcon.colcon_core.package_identification:_identify(Library/Artifacts/80) by extension 'ros'
[6.371s] Level 1:colcon.colcon_core.package_identification:_identify(Library/Artifacts/80) by extensions ['cmake', 'python']
[6.372s] Level 1:colcon.colcon_core.package_identification:_identify(Library/Artifacts/80) by extension 'cmake'
[6.374s] Level 1:colcon.colcon_core.package_identification:_identify(Library/Artifacts/80) by extension 'python'
[6.377s] Level 1:colcon.colcon_core.package_identification:_identify(Library/Artifacts/80) by extensions ['python_setup_py']
[6.378s] Level 1:colcon.colcon_core.package_identification:_identify(Library/Artifacts/80) by extension 'python_setup_py'
[6.387s] Level 1:colcon.colcon_core.package_identification:_identify(Library/Artifacts/81) by extensions ['ignore', 'ignore_ament_install']
[6.388s] Level 1:colcon.colcon_core.package_identification:_identify(Library/Artifacts/81) by extension 'ignore'
[6.391s] Level 1:colcon.colcon_core.package_identification:_identify(Library/Artifacts/81) by extension 'ignore_ament_install'
[6.395s] Level 1:colcon.colcon_core.package_identification:_identify(Library/Artifacts/81) by extensions ['colcon_pkg']
[6.395s] Level 1:colcon.colcon_core.package_identification:_identify(Library/Artifacts/81) by extension 'colcon_pkg'
[6.398s] Level 1:colcon.colcon_core.package_identification:_identify(Library/Artifacts/81) by extensions ['colcon_meta']
[6.398s] Level 1:colcon.colcon_core.package_identification:_identify(Library/Artifacts/81) by extension 'colcon_meta'
[6.402s] Level 1:colcon.colcon_core.package_identification:_identify(Library/Artifacts/81) by extensions ['ros']
[6.403s] Level 1:colcon.colcon_core.package_identification:_identify(Library/Artifacts/81) by extension 'ros'
[6.413s] Level 1:colcon.colcon_core.package_identification:_identify(Library/Artifacts/81) by extensions ['cmake', 'python']
[6.413s] Level 1:colcon.colcon_core.package_identification:_identify(Library/Artifacts/81) by extension 'cmake'
[6.417s] Level 1:colcon.colcon_core.package_identification:_identify(Library/Artifacts/81) by extension 'python'
[6.419s] Level 1:colcon.colcon_core.package_identification:_identify(Library/Artifacts/81) by extensions ['python_setup_py']
[6.420s] Level 1:colcon.colcon_core.package_identification:_identify(Library/Artifacts/81) by extension 'python_setup_py'
[6.429s] Level 1:colcon.colcon_core.package_identification:_identify(Library/Artifacts/82) by extensions ['ignore', 'ignore_ament_install']
[6.430s] Level 1:colcon.colcon_core.package_identification:_identify(Library/Artifacts/82) by extension 'ignore'
[6.432s] Level 1:colcon.colcon_core.package_identification:_identify(Library/Artifacts/82) by extension 'ignore_ament_install'
[6.436s] Level 1:colcon.colcon_core.package_identification:_identify(Library/Artifacts/82) by extensions ['colcon_pkg']
[6.437s] Level 1:colcon.colcon_core.package_identification:_identify(Library/Artifacts/82) by extension 'colcon_pkg'
[6.440s] Level 1:colcon.colcon_core.package_identification:_identify(Library/Artifacts/82) by extensions ['colcon_meta']
[6.440s] Level 1:colcon.colcon_core.package_identification:_identify(Library/Artifacts/82) by extension 'colcon_meta'
[6.444s] Level 1:colcon.colcon_core.package_identification:_identify(Library/Artifacts/82) by extensions ['ros']
[6.445s] Level 1:colcon.colcon_core.package_identification:_identify(Library/Artifacts/82) by extension 'ros'
[6.455s] Level 1:colcon.colcon_core.package_identification:_identify(Library/Artifacts/82) by extensions ['cmake', 'python']
[6.456s] Level 1:colcon.colcon_core.package_identification:_identify(Library/Artifacts/82) by extension 'cmake'
[6.458s] Level 1:colcon.colcon_core.package_identification:_identify(Library/Artifacts/82) by extension 'python'
[6.461s] Level 1:colcon.colcon_core.package_identification:_identify(Library/Artifacts/82) by extensions ['python_setup_py']
[6.461s] Level 1:colcon.colcon_core.package_identification:_identify(Library/Artifacts/82) by extension 'python_setup_py'
[6.471s] Level 1:colcon.colcon_core.package_identification:_identify(Library/Artifacts/83) by extensions ['ignore', 'ignore_ament_install']
[6.472s] Level 1:colcon.colcon_core.package_identification:_identify(Library/Artifacts/83) by extension 'ignore'
[6.475s] Level 1:colcon.colcon_core.package_identification:_identify(Library/Artifacts/83) by extension 'ignore_ament_install'
[6.479s] Level 1:colcon.colcon_core.package_identification:_identify(Library/Artifacts/83) by extensions ['colcon_pkg']
[6.480s] Level 1:colcon.colcon_core.package_identification:_identify(Library/Artifacts/83) by extension 'colcon_pkg'
[6.481s] Level 1:colcon.colcon_core.package_identification:_identify(Library/Artifacts/83) by extensions ['colcon_meta']
[6.482s] Level 1:colcon.colcon_core.package_identification:_identify(Library/Artifacts/83) by extension 'colcon_meta'
[6.486s] Level 1:colcon.colcon_core.package_identification:_identify(Library/Artifacts/83) by extensions ['ros']
[6.487s] Level 1:colcon.colcon_core.package_identification:_identify(Library/Artifacts/83) by extension 'ros'
[6.496s] Level 1:colcon.colcon_core.package_identification:_identify(Library/Artifacts/83) by extensions ['cmake', 'python']
[6.496s] Level 1:colcon.colcon_core.package_identification:_identify(Library/Artifacts/83) by extension 'cmake'
[6.500s] Level 1:colcon.colcon_core.package_identification:_identify(Library/Artifacts/83) by extension 'python'
[6.503s] Level 1:colcon.colcon_core.package_identification:_identify(Library/Artifacts/83) by extensions ['python_setup_py']
[6.503s] Level 1:colcon.colcon_core.package_identification:_identify(Library/Artifacts/83) by extension 'python_setup_py'
[6.512s] Level 1:colcon.colcon_core.package_identification:_identify(Library/Artifacts/84) by extensions ['ignore', 'ignore_ament_install']
[6.512s] Level 1:colcon.colcon_core.package_identification:_identify(Library/Artifacts/84) by extension 'ignore'
[6.515s] Level 1:colcon.colcon_core.package_identification:_identify(Library/Artifacts/84) by extension 'ignore_ament_install'
[6.518s] Level 1:colcon.colcon_core.package_identification:_identify(Library/Artifacts/84) by extensions ['colcon_pkg']
[6.519s] Level 1:colcon.colcon_core.package_identification:_identify(Library/Artifacts/84) by extension 'colcon_pkg'
[6.521s] Level 1:colcon.colcon_core.package_identification:_identify(Library/Artifacts/84) by extensions ['colcon_meta']
[6.522s] Level 1:colcon.colcon_core.package_identification:_identify(Library/Artifacts/84) by extension 'colcon_meta'
[6.525s] Level 1:colcon.colcon_core.package_identification:_identify(Library/Artifacts/84) by extensions ['ros']
[6.526s] Level 1:colcon.colcon_core.package_identification:_identify(Library/Artifacts/84) by extension 'ros'
[6.533s] Level 1:colcon.colcon_core.package_identification:_identify(Library/Artifacts/84) by extensions ['cmake', 'python']
[6.534s] Level 1:colcon.colcon_core.package_identification:_identify(Library/Artifacts/84) by extension 'cmake'
[6.536s] Level 1:colcon.colcon_core.package_identification:_identify(Library/Artifacts/84) by extension 'python'
[6.539s] Level 1:colcon.colcon_core.package_identification:_identify(Library/Artifacts/84) by extensions ['python_setup_py']
[6.539s] Level 1:colcon.colcon_core.package_identification:_identify(Library/Artifacts/84) by extension 'python_setup_py'
[6.548s] Level 1:colcon.colcon_core.package_identification:_identify(Library/Artifacts/85) by extensions ['ignore', 'ignore_ament_install']
[6.549s] Level 1:colcon.colcon_core.package_identification:_identify(Library/Artifacts/85) by extension 'ignore'
[6.551s] Level 1:colcon.colcon_core.package_identification:_identify(Library/Artifacts/85) by extension 'ignore_ament_install'
[6.556s] Level 1:colcon.colcon_core.package_identification:_identify(Library/Artifacts/85) by extensions ['colcon_pkg']
[6.557s] Level 1:colcon.colcon_core.package_identification:_identify(Library/Artifacts/85) by extension 'colcon_pkg'
[6.559s] Level 1:colcon.colcon_core.package_identification:_identify(Library/Artifacts/85) by extensions ['colcon_meta']
[6.560s] Level 1:colcon.colcon_core.package_identification:_identify(Library/Artifacts/85) by extension 'colcon_meta'
[6.564s] Level 1:colcon.colcon_core.package_identification:_identify(Library/Artifacts/85) by extensions ['ros']
[6.564s] Level 1:colcon.colcon_core.package_identification:_identify(Library/Artifacts/85) by extension 'ros'
[6.573s] Level 1:colcon.colcon_core.package_identification:_identify(Library/Artifacts/85) by extensions ['cmake', 'python']
[6.574s] Level 1:colcon.colcon_core.package_identification:_identify(Library/Artifacts/85) by extension 'cmake'
[6.576s] Level 1:colcon.colcon_core.package_identification:_identify(Library/Artifacts/85) by extension 'python'
[6.579s] Level 1:colcon.colcon_core.package_identification:_identify(Library/Artifacts/85) by extensions ['python_setup_py']
[6.580s] Level 1:colcon.colcon_core.package_identification:_identify(Library/Artifacts/85) by extension 'python_setup_py'
[6.589s] Level 1:colcon.colcon_core.package_identification:_identify(Library/Artifacts/86) by extensions ['ignore', 'ignore_ament_install']
[6.590s] Level 1:colcon.colcon_core.package_identification:_identify(Library/Artifacts/86) by extension 'ignore'
[6.595s] Level 1:colcon.colcon_core.package_identification:_identify(Library/Artifacts/86) by extension 'ignore_ament_install'
[6.599s] Level 1:colcon.colcon_core.package_identification:_identify(Library/Artifacts/86) by extensions ['colcon_pkg']
[6.600s] Level 1:colcon.colcon_core.package_identification:_identify(Library/Artifacts/86) by extension 'colcon_pkg'
[6.603s] Level 1:colcon.colcon_core.package_identification:_identify(Library/Artifacts/86) by extensions ['colcon_meta']
[6.603s] Level 1:colcon.colcon_core.package_identification:_identify(Library/Artifacts/86) by extension 'colcon_meta'
[6.609s] Level 1:colcon.colcon_core.package_identification:_identify(Library/Artifacts/86) by extensions ['ros']
[6.609s] Level 1:colcon.colcon_core.package_identification:_identify(Library/Artifacts/86) by extension 'ros'
[6.618s] Level 1:colcon.colcon_core.package_identification:_identify(Library/Artifacts/86) by extensions ['cmake', 'python']
[6.618s] Level 1:colcon.colcon_core.package_identification:_identify(Library/Artifacts/86) by extension 'cmake'
[6.621s] Level 1:colcon.colcon_core.package_identification:_identify(Library/Artifacts/86) by extension 'python'
[6.623s] Level 1:colcon.colcon_core.package_identification:_identify(Library/Artifacts/86) by extensions ['python_setup_py']
[6.623s] Level 1:colcon.colcon_core.package_identification:_identify(Library/Artifacts/86) by extension 'python_setup_py'
[6.633s] Level 1:colcon.colcon_core.package_identification:_identify(Library/Artifacts/87) by extensions ['ignore', 'ignore_ament_install']
[6.634s] Level 1:colcon.colcon_core.package_identification:_identify(Library/Artifacts/87) by extension 'ignore'
[6.637s] Level 1:colcon.colcon_core.package_identification:_identify(Library/Artifacts/87) by extension 'ignore_ament_install'
[6.641s] Level 1:colcon.colcon_core.package_identification:_identify(Library/Artifacts/87) by extensions ['colcon_pkg']
[6.641s] Level 1:colcon.colcon_core.package_identification:_identify(Library/Artifacts/87) by extension 'colcon_pkg'
[6.643s] Level 1:colcon.colcon_core.package_identification:_identify(Library/Artifacts/87) by extensions ['colcon_meta']
[6.644s] Level 1:colcon.colcon_core.package_identification:_identify(Library/Artifacts/87) by extension 'colcon_meta'
[6.649s] Level 1:colcon.colcon_core.package_identification:_identify(Library/Artifacts/87) by extensions ['ros']
[6.650s] Level 1:colcon.colcon_core.package_identification:_identify(Library/Artifacts/87) by extension 'ros'
[6.659s] Level 1:colcon.colcon_core.package_identification:_identify(Library/Artifacts/87) by extensions ['cmake', 'python']
[6.659s] Level 1:colcon.colcon_core.package_identification:_identify(Library/Artifacts/87) by extension 'cmake'
[6.662s] Level 1:colcon.colcon_core.package_identification:_identify(Library/Artifacts/87) by extension 'python'
[6.665s] Level 1:colcon.colcon_core.package_identification:_identify(Library/Artifacts/87) by extensions ['python_setup_py']
[6.666s] Level 1:colcon.colcon_core.package_identification:_identify(Library/Artifacts/87) by extension 'python_setup_py'
[6.674s] Level 1:colcon.colcon_core.package_identification:_identify(Library/Artifacts/88) by extensions ['ignore', 'ignore_ament_install']
[6.675s] Level 1:colcon.colcon_core.package_identification:_identify(Library/Artifacts/88) by extension 'ignore'
[6.678s] Level 1:colcon.colcon_core.package_identification:_identify(Library/Artifacts/88) by extension 'ignore_ament_install'
[6.681s] Level 1:colcon.colcon_core.package_identification:_identify(Library/Artifacts/88) by extensions ['colcon_pkg']
[6.682s] Level 1:colcon.colcon_core.package_identification:_identify(Library/Artifacts/88) by extension 'colcon_pkg'
[6.684s] Level 1:colcon.colcon_core.package_identification:_identify(Library/Artifacts/88) by extensions ['colcon_meta']
[6.684s] Level 1:colcon.colcon_core.package_identification:_identify(Library/Artifacts/88) by extension 'colcon_meta'
[6.689s] Level 1:colcon.colcon_core.package_identification:_identify(Library/Artifacts/88) by extensions ['ros']
[6.689s] Level 1:colcon.colcon_core.package_identification:_identify(Library/Artifacts/88) by extension 'ros'
[6.697s] Level 1:colcon.colcon_core.package_identification:_identify(Library/Artifacts/88) by extensions ['cmake', 'python']
[6.698s] Level 1:colcon.colcon_core.package_identification:_identify(Library/Artifacts/88) by extension 'cmake'
[6.701s] Level 1:colcon.colcon_core.package_identification:_identify(Library/Artifacts/88) by extension 'python'
[6.702s] Level 1:colcon.colcon_core.package_identification:_identify(Library/Artifacts/88) by extensions ['python_setup_py']
[6.703s] Level 1:colcon.colcon_core.package_identification:_identify(Library/Artifacts/88) by extension 'python_setup_py'
[6.711s] Level 1:colcon.colcon_core.package_identification:_identify(Library/Artifacts/89) by extensions ['ignore', 'ignore_ament_install']
[6.712s] Level 1:colcon.colcon_core.package_identification:_identify(Library/Artifacts/89) by extension 'ignore'
[6.714s] Level 1:colcon.colcon_core.package_identification:_identify(Library/Artifacts/89) by extension 'ignore_ament_install'
[6.718s] Level 1:colcon.colcon_core.package_identification:_identify(Library/Artifacts/89) by extensions ['colcon_pkg']
[6.719s] Level 1:colcon.colcon_core.package_identification:_identify(Library/Artifacts/89) by extension 'colcon_pkg'
[6.720s] Level 1:colcon.colcon_core.package_identification:_identify(Library/Artifacts/89) by extensions ['colcon_meta']
[6.721s] Level 1:colcon.colcon_core.package_identification:_identify(Library/Artifacts/89) by extension 'colcon_meta'
[6.725s] Level 1:colcon.colcon_core.package_identification:_identify(Library/Artifacts/89) by extensions ['ros']
[6.726s] Level 1:colcon.colcon_core.package_identification:_identify(Library/Artifacts/89) by extension 'ros'
[6.732s] Level 1:colcon.colcon_core.package_identification:_identify(Library/Artifacts/89) by extensions ['cmake', 'python']
[6.733s] Level 1:colcon.colcon_core.package_identification:_identify(Library/Artifacts/89) by extension 'cmake'
[6.735s] Level 1:colcon.colcon_core.package_identification:_identify(Library/Artifacts/89) by extension 'python'
[6.738s] Level 1:colcon.colcon_core.package_identification:_identify(Library/Artifacts/89) by extensions ['python_setup_py']
[6.739s] Level 1:colcon.colcon_core.package_identification:_identify(Library/Artifacts/89) by extension 'python_setup_py'
[6.748s] Level 1:colcon.colcon_core.package_identification:_identify(Library/Artifacts/8a) by extensions ['ignore', 'ignore_ament_install']
[6.748s] Level 1:colcon.colcon_core.package_identification:_identify(Library/Artifacts/8a) by extension 'ignore'
[6.751s] Level 1:colcon.colcon_core.package_identification:_identify(Library/Artifacts/8a) by extension 'ignore_ament_install'
[6.756s] Level 1:colcon.colcon_core.package_identification:_identify(Library/Artifacts/8a) by extensions ['colcon_pkg']
[6.756s] Level 1:colcon.colcon_core.package_identification:_identify(Library/Artifacts/8a) by extension 'colcon_pkg'
[6.759s] Level 1:colcon.colcon_core.package_identification:_identify(Library/Artifacts/8a) by extensions ['colcon_meta']
[6.759s] Level 1:colcon.colcon_core.package_identification:_identify(Library/Artifacts/8a) by extension 'colcon_meta'
[6.763s] Level 1:colcon.colcon_core.package_identification:_identify(Library/Artifacts/8a) by extensions ['ros']
[6.764s] Level 1:colcon.colcon_core.package_identification:_identify(Library/Artifacts/8a) by extension 'ros'
[6.774s] Level 1:colcon.colcon_core.package_identification:_identify(Library/Artifacts/8a) by extensions ['cmake', 'python']
[6.775s] Level 1:colcon.colcon_core.package_identification:_identify(Library/Artifacts/8a) by extension 'cmake'
[6.777s] Level 1:colcon.colcon_core.package_identification:_identify(Library/Artifacts/8a) by extension 'python'
[6.780s] Level 1:colcon.colcon_core.package_identification:_identify(Library/Artifacts/8a) by extensions ['python_setup_py']
[6.781s] Level 1:colcon.colcon_core.package_identification:_identify(Library/Artifacts/8a) by extension 'python_setup_py'
[6.790s] Level 1:colcon.colcon_core.package_identification:_identify(Library/Artifacts/8b) by extensions ['ignore', 'ignore_ament_install']
[6.791s] Level 1:colcon.colcon_core.package_identification:_identify(Library/Artifacts/8b) by extension 'ignore'
[6.793s] Level 1:colcon.colcon_core.package_identification:_identify(Library/Artifacts/8b) by extension 'ignore_ament_install'
[6.798s] Level 1:colcon.colcon_core.package_identification:_identify(Library/Artifacts/8b) by extensions ['colcon_pkg']
[6.798s] Level 1:colcon.colcon_core.package_identification:_identify(Library/Artifacts/8b) by extension 'colcon_pkg'
[6.801s] Level 1:colcon.colcon_core.package_identification:_identify(Library/Artifacts/8b) by extensions ['colcon_meta']
[6.802s] Level 1:colcon.colcon_core.package_identification:_identify(Library/Artifacts/8b) by extension 'colcon_meta'
[6.806s] Level 1:colcon.colcon_core.package_identification:_identify(Library/Artifacts/8b) by extensions ['ros']
[6.806s] Level 1:colcon.colcon_core.package_identification:_identify(Library/Artifacts/8b) by extension 'ros'
[6.815s] Level 1:colcon.colcon_core.package_identification:_identify(Library/Artifacts/8b) by extensions ['cmake', 'python']
[6.816s] Level 1:colcon.colcon_core.package_identification:_identify(Library/Artifacts/8b) by extension 'cmake'
[6.819s] Level 1:colcon.colcon_core.package_identification:_identify(Library/Artifacts/8b) by extension 'python'
[6.821s] Level 1:colcon.colcon_core.package_identification:_identify(Library/Artifacts/8b) by extensions ['python_setup_py']
[6.821s] Level 1:colcon.colcon_core.package_identification:_identify(Library/Artifacts/8b) by extension 'python_setup_py'
[6.831s] Level 1:colcon.colcon_core.package_identification:_identify(Library/Artifacts/8c) by extensions ['ignore', 'ignore_ament_install']
[6.831s] Level 1:colcon.colcon_core.package_identification:_identify(Library/Artifacts/8c) by extension 'ignore'
[6.835s] Level 1:colcon.colcon_core.package_identification:_identify(Library/Artifacts/8c) by extension 'ignore_ament_install'
[6.839s] Level 1:colcon.colcon_core.package_identification:_identify(Library/Artifacts/8c) by extensions ['colcon_pkg']
[6.840s] Level 1:colcon.colcon_core.package_identification:_identify(Library/Artifacts/8c) by extension 'colcon_pkg'
[6.843s] Level 1:colcon.colcon_core.package_identification:_identify(Library/Artifacts/8c) by extensions ['colcon_meta']
[6.843s] Level 1:colcon.colcon_core.package_identification:_identify(Library/Artifacts/8c) by extension 'colcon_meta'
[6.848s] Level 1:colcon.colcon_core.package_identification:_identify(Library/Artifacts/8c) by extensions ['ros']
[6.849s] Level 1:colcon.colcon_core.package_identification:_identify(Library/Artifacts/8c) by extension 'ros'
[6.857s] Level 1:colcon.colcon_core.package_identification:_identify(Library/Artifacts/8c) by extensions ['cmake', 'python']
[6.858s] Level 1:colcon.colcon_core.package_identification:_identify(Library/Artifacts/8c) by extension 'cmake'
[6.860s] Level 1:colcon.colcon_core.package_identification:_identify(Library/Artifacts/8c) by extension 'python'
[6.863s] Level 1:colcon.colcon_core.package_identification:_identify(Library/Artifacts/8c) by extensions ['python_setup_py']
[6.863s] Level 1:colcon.colcon_core.package_identification:_identify(Library/Artifacts/8c) by extension 'python_setup_py'
[6.871s] Level 1:colcon.colcon_core.package_identification:_identify(Library/Artifacts/8d) by extensions ['ignore', 'ignore_ament_install']
[6.872s] Level 1:colcon.colcon_core.package_identification:_identify(Library/Artifacts/8d) by extension 'ignore'
[6.874s] Level 1:colcon.colcon_core.package_identification:_identify(Library/Artifacts/8d) by extension 'ignore_ament_install'
[6.878s] Level 1:colcon.colcon_core.package_identification:_identify(Library/Artifacts/8d) by extensions ['colcon_pkg']
[6.879s] Level 1:colcon.colcon_core.package_identification:_identify(Library/Artifacts/8d) by extension 'colcon_pkg'
[6.881s] Level 1:colcon.colcon_core.package_identification:_identify(Library/Artifacts/8d) by extensions ['colcon_meta']
[6.882s] Level 1:colcon.colcon_core.package_identification:_identify(Library/Artifacts/8d) by extension 'colcon_meta'
[6.885s] Level 1:colcon.colcon_core.package_identification:_identify(Library/Artifacts/8d) by extensions ['ros']
[6.886s] Level 1:colcon.colcon_core.package_identification:_identify(Library/Artifacts/8d) by extension 'ros'
[6.895s] Level 1:colcon.colcon_core.package_identification:_identify(Library/Artifacts/8d) by extensions ['cmake', 'python']
[6.896s] Level 1:colcon.colcon_core.package_identification:_identify(Library/Artifacts/8d) by extension 'cmake'
[6.898s] Level 1:colcon.colcon_core.package_identification:_identify(Library/Artifacts/8d) by extension 'python'
[6.900s] Level 1:colcon.colcon_core.package_identification:_identify(Library/Artifacts/8d) by extensions ['python_setup_py']
[6.900s] Level 1:colcon.colcon_core.package_identification:_identify(Library/Artifacts/8d) by extension 'python_setup_py'
[6.910s] Level 1:colcon.colcon_core.package_identification:_identify(Library/Artifacts/8e) by extensions ['ignore', 'ignore_ament_install']
[6.911s] Level 1:colcon.colcon_core.package_identification:_identify(Library/Artifacts/8e) by extension 'ignore'
[6.915s] Level 1:colcon.colcon_core.package_identification:_identify(Library/Artifacts/8e) by extension 'ignore_ament_install'
[6.919s] Level 1:colcon.colcon_core.package_identification:_identify(Library/Artifacts/8e) by extensions ['colcon_pkg']
[6.920s] Level 1:colcon.colcon_core.package_identification:_identify(Library/Artifacts/8e) by extension 'colcon_pkg'
[6.922s] Level 1:colcon.colcon_core.package_identification:_identify(Library/Artifacts/8e) by extensions ['colcon_meta']
[6.923s] Level 1:colcon.colcon_core.package_identification:_identify(Library/Artifacts/8e) by extension 'colcon_meta'
[6.927s] Level 1:colcon.colcon_core.package_identification:_identify(Library/Artifacts/8e) by extensions ['ros']
[6.928s] Level 1:colcon.colcon_core.package_identification:_identify(Library/Artifacts/8e) by extension 'ros'
[6.936s] Level 1:colcon.colcon_core.package_identification:_identify(Library/Artifacts/8e) by extensions ['cmake', 'python']
[6.937s] Level 1:colcon.colcon_core.package_identification:_identify(Library/Artifacts/8e) by extension 'cmake'
[6.939s] Level 1:colcon.colcon_core.package_identification:_identify(Library/Artifacts/8e) by extension 'python'
[6.942s] Level 1:colcon.colcon_core.package_identification:_identify(Library/Artifacts/8e) by extensions ['python_setup_py']
[6.942s] Level 1:colcon.colcon_core.package_identification:_identify(Library/Artifacts/8e) by extension 'python_setup_py'
[6.951s] Level 1:colcon.colcon_core.package_identification:_identify(Library/Artifacts/8f) by extensions ['ignore', 'ignore_ament_install']
[6.952s] Level 1:colcon.colcon_core.package_identification:_identify(Library/Artifacts/8f) by extension 'ignore'
[6.955s] Level 1:colcon.colcon_core.package_identification:_identify(Library/Artifacts/8f) by extension 'ignore_ament_install'
[6.960s] Level 1:colcon.colcon_core.package_identification:_identify(Library/Artifacts/8f) by extensions ['colcon_pkg']
[6.961s] Level 1:colcon.colcon_core.package_identification:_identify(Library/Artifacts/8f) by extension 'colcon_pkg'
[6.963s] Level 1:colcon.colcon_core.package_identification:_identify(Library/Artifacts/8f) by extensions ['colcon_meta']
[6.964s] Level 1:colcon.colcon_core.package_identification:_identify(Library/Artifacts/8f) by extension 'colcon_meta'
[6.969s] Level 1:colcon.colcon_core.package_identification:_identify(Library/Artifacts/8f) by extensions ['ros']
[6.969s] Level 1:colcon.colcon_core.package_identification:_identify(Library/Artifacts/8f) by extension 'ros'
[6.977s] Level 1:colcon.colcon_core.package_identification:_identify(Library/Artifacts/8f) by extensions ['cmake', 'python']
[6.978s] Level 1:colcon.colcon_core.package_identification:_identify(Library/Artifacts/8f) by extension 'cmake'
[6.980s] Level 1:colcon.colcon_core.package_identification:_identify(Library/Artifacts/8f) by extension 'python'
[6.982s] Level 1:colcon.colcon_core.package_identification:_identify(Library/Artifacts/8f) by extensions ['python_setup_py']
[6.983s] Level 1:colcon.colcon_core.package_identification:_identify(Library/Artifacts/8f) by extension 'python_setup_py'
[6.992s] Level 1:colcon.colcon_core.package_identification:_identify(Library/Artifacts/90) by extensions ['ignore', 'ignore_ament_install']
[6.993s] Level 1:colcon.colcon_core.package_identification:_identify(Library/Artifacts/90) by extension 'ignore'
[6.996s] Level 1:colcon.colcon_core.package_identification:_identify(Library/Artifacts/90) by extension 'ignore_ament_install'
[7.000s] Level 1:colcon.colcon_core.package_identification:_identify(Library/Artifacts/90) by extensions ['colcon_pkg']
[7.001s] Level 1:colcon.colcon_core.package_identification:_identify(Library/Artifacts/90) by extension 'colcon_pkg'
[7.003s] Level 1:colcon.colcon_core.package_identification:_identify(Library/Artifacts/90) by extensions ['colcon_meta']
[7.004s] Level 1:colcon.colcon_core.package_identification:_identify(Library/Artifacts/90) by extension 'colcon_meta'
[7.008s] Level 1:colcon.colcon_core.package_identification:_identify(Library/Artifacts/90) by extensions ['ros']
[7.008s] Level 1:colcon.colcon_core.package_identification:_identify(Library/Artifacts/90) by extension 'ros'
[7.018s] Level 1:colcon.colcon_core.package_identification:_identify(Library/Artifacts/90) by extensions ['cmake', 'python']
[7.019s] Level 1:colcon.colcon_core.package_identification:_identify(Library/Artifacts/90) by extension 'cmake'
[7.021s] Level 1:colcon.colcon_core.package_identification:_identify(Library/Artifacts/90) by extension 'python'
[7.023s] Level 1:colcon.colcon_core.package_identification:_identify(Library/Artifacts/90) by extensions ['python_setup_py']
[7.024s] Level 1:colcon.colcon_core.package_identification:_identify(Library/Artifacts/90) by extension 'python_setup_py'
[7.032s] Level 1:colcon.colcon_core.package_identification:_identify(Library/Artifacts/91) by extensions ['ignore', 'ignore_ament_install']
[7.033s] Level 1:colcon.colcon_core.package_identification:_identify(Library/Artifacts/91) by extension 'ignore'
[7.035s] Level 1:colcon.colcon_core.package_identification:_identify(Library/Artifacts/91) by extension 'ignore_ament_install'
[7.039s] Level 1:colcon.colcon_core.package_identification:_identify(Library/Artifacts/91) by extensions ['colcon_pkg']
[7.040s] Level 1:colcon.colcon_core.package_identification:_identify(Library/Artifacts/91) by extension 'colcon_pkg'
[7.041s] Level 1:colcon.colcon_core.package_identification:_identify(Library/Artifacts/91) by extensions ['colcon_meta']
[7.042s] Level 1:colcon.colcon_core.package_identification:_identify(Library/Artifacts/91) by extension 'colcon_meta'
[7.046s] Level 1:colcon.colcon_core.package_identification:_identify(Library/Artifacts/91) by extensions ['ros']
[7.046s] Level 1:colcon.colcon_core.package_identification:_identify(Library/Artifacts/91) by extension 'ros'
[7.058s] Level 1:colcon.colcon_core.package_identification:_identify(Library/Artifacts/91) by extensions ['cmake', 'python']
[7.059s] Level 1:colcon.colcon_core.package_identification:_identify(Library/Artifacts/91) by extension 'cmake'
[7.061s] Level 1:colcon.colcon_core.package_identification:_identify(Library/Artifacts/91) by extension 'python'
[7.064s] Level 1:colcon.colcon_core.package_identification:_identify(Library/Artifacts/91) by extensions ['python_setup_py']
[7.064s] Level 1:colcon.colcon_core.package_identification:_identify(Library/Artifacts/91) by extension 'python_setup_py'
[7.074s] Level 1:colcon.colcon_core.package_identification:_identify(Library/Artifacts/92) by extensions ['ignore', 'ignore_ament_install']
[7.075s] Level 1:colcon.colcon_core.package_identification:_identify(Library/Artifacts/92) by extension 'ignore'
[7.077s] Level 1:colcon.colcon_core.package_identification:_identify(Library/Artifacts/92) by extension 'ignore_ament_install'
[7.081s] Level 1:colcon.colcon_core.package_identification:_identify(Library/Artifacts/92) by extensions ['colcon_pkg']
[7.082s] Level 1:colcon.colcon_core.package_identification:_identify(Library/Artifacts/92) by extension 'colcon_pkg'
[7.085s] Level 1:colcon.colcon_core.package_identification:_identify(Library/Artifacts/92) by extensions ['colcon_meta']
[7.086s] Level 1:colcon.colcon_core.package_identification:_identify(Library/Artifacts/92) by extension 'colcon_meta'
[7.090s] Level 1:colcon.colcon_core.package_identification:_identify(Library/Artifacts/92) by extensions ['ros']
[7.091s] Level 1:colcon.colcon_core.package_identification:_identify(Library/Artifacts/92) by extension 'ros'
[7.099s] Level 1:colcon.colcon_core.package_identification:_identify(Library/Artifacts/92) by extensions ['cmake', 'python']
[7.100s] Level 1:colcon.colcon_core.package_identification:_identify(Library/Artifacts/92) by extension 'cmake'
[7.103s] Level 1:colcon.colcon_core.package_identification:_identify(Library/Artifacts/92) by extension 'python'
[7.107s] Level 1:colcon.colcon_core.package_identification:_identify(Library/Artifacts/92) by extensions ['python_setup_py']
[7.108s] Level 1:colcon.colcon_core.package_identification:_identify(Library/Artifacts/92) by extension 'python_setup_py'
[7.119s] Level 1:colcon.colcon_core.package_identification:_identify(Library/Artifacts/93) by extensions ['ignore', 'ignore_ament_install']
[7.120s] Level 1:colcon.colcon_core.package_identification:_identify(Library/Artifacts/93) by extension 'ignore'
[7.122s] Level 1:colcon.colcon_core.package_identification:_identify(Library/Artifacts/93) by extension 'ignore_ament_install'
[7.127s] Level 1:colcon.colcon_core.package_identification:_identify(Library/Artifacts/93) by extensions ['colcon_pkg']
[7.127s] Level 1:colcon.colcon_core.package_identification:_identify(Library/Artifacts/93) by extension 'colcon_pkg'
[7.130s] Level 1:colcon.colcon_core.package_identification:_identify(Library/Artifacts/93) by extensions ['colcon_meta']
[7.131s] Level 1:colcon.colcon_core.package_identification:_identify(Library/Artifacts/93) by extension 'colcon_meta'
[7.134s] Level 1:colcon.colcon_core.package_identification:_identify(Library/Artifacts/93) by extensions ['ros']
[7.134s] Level 1:colcon.colcon_core.package_identification:_identify(Library/Artifacts/93) by extension 'ros'
[7.143s] Level 1:colcon.colcon_core.package_identification:_identify(Library/Artifacts/93) by extensions ['cmake', 'python']
[7.143s] Level 1:colcon.colcon_core.package_identification:_identify(Library/Artifacts/93) by extension 'cmake'
[7.146s] Level 1:colcon.colcon_core.package_identification:_identify(Library/Artifacts/93) by extension 'python'
[7.148s] Level 1:colcon.colcon_core.package_identification:_identify(Library/Artifacts/93) by extensions ['python_setup_py']
[7.149s] Level 1:colcon.colcon_core.package_identification:_identify(Library/Artifacts/93) by extension 'python_setup_py'
[7.157s] Level 1:colcon.colcon_core.package_identification:_identify(Library/Artifacts/94) by extensions ['ignore', 'ignore_ament_install']
[7.158s] Level 1:colcon.colcon_core.package_identification:_identify(Library/Artifacts/94) by extension 'ignore'
[7.162s] Level 1:colcon.colcon_core.package_identification:_identify(Library/Artifacts/94) by extension 'ignore_ament_install'
[7.166s] Level 1:colcon.colcon_core.package_identification:_identify(Library/Artifacts/94) by extensions ['colcon_pkg']
[7.167s] Level 1:colcon.colcon_core.package_identification:_identify(Library/Artifacts/94) by extension 'colcon_pkg'
[7.169s] Level 1:colcon.colcon_core.package_identification:_identify(Library/Artifacts/94) by extensions ['colcon_meta']
[7.169s] Level 1:colcon.colcon_core.package_identification:_identify(Library/Artifacts/94) by extension 'colcon_meta'
[7.174s] Level 1:colcon.colcon_core.package_identification:_identify(Library/Artifacts/94) by extensions ['ros']
[7.175s] Level 1:colcon.colcon_core.package_identification:_identify(Library/Artifacts/94) by extension 'ros'
[7.184s] Level 1:colcon.colcon_core.package_identification:_identify(Library/Artifacts/94) by extensions ['cmake', 'python']
[7.185s] Level 1:colcon.colcon_core.package_identification:_identify(Library/Artifacts/94) by extension 'cmake'
[7.187s] Level 1:colcon.colcon_core.package_identification:_identify(Library/Artifacts/94) by extension 'python'
[7.190s] Level 1:colcon.colcon_core.package_identification:_identify(Library/Artifacts/94) by extensions ['python_setup_py']
[7.191s] Level 1:colcon.colcon_core.package_identification:_identify(Library/Artifacts/94) by extension 'python_setup_py'
[7.197s] Level 1:colcon.colcon_core.package_identification:_identify(Library/Artifacts/95) by extensions ['ignore', 'ignore_ament_install']
[7.197s] Level 1:colcon.colcon_core.package_identification:_identify(Library/Artifacts/95) by extension 'ignore'
[7.199s] Level 1:colcon.colcon_core.package_identification:_identify(Library/Artifacts/95) by extension 'ignore_ament_install'
[7.204s] Level 1:colcon.colcon_core.package_identification:_identify(Library/Artifacts/95) by extensions ['colcon_pkg']
[7.204s] Level 1:colcon.colcon_core.package_identification:_identify(Library/Artifacts/95) by extension 'colcon_pkg'
[7.206s] Level 1:colcon.colcon_core.package_identification:_identify(Library/Artifacts/95) by extensions ['colcon_meta']
[7.207s] Level 1:colcon.colcon_core.package_identification:_identify(Library/Artifacts/95) by extension 'colcon_meta'
[7.211s] Level 1:colcon.colcon_core.package_identification:_identify(Library/Artifacts/95) by extensions ['ros']
[7.212s] Level 1:colcon.colcon_core.package_identification:_identify(Library/Artifacts/95) by extension 'ros'
[7.222s] Level 1:colcon.colcon_core.package_identification:_identify(Library/Artifacts/95) by extensions ['cmake', 'python']
[7.223s] Level 1:colcon.colcon_core.package_identification:_identify(Library/Artifacts/95) by extension 'cmake'
[7.226s] Level 1:colcon.colcon_core.package_identification:_identify(Library/Artifacts/95) by extension 'python'
[7.229s] Level 1:colcon.colcon_core.package_identification:_identify(Library/Artifacts/95) by extensions ['python_setup_py']
[7.229s] Level 1:colcon.colcon_core.package_identification:_identify(Library/Artifacts/95) by extension 'python_setup_py'
[7.239s] Level 1:colcon.colcon_core.package_identification:_identify(Library/Artifacts/96) by extensions ['ignore', 'ignore_ament_install']
[7.240s] Level 1:colcon.colcon_core.package_identification:_identify(Library/Artifacts/96) by extension 'ignore'
[7.242s] Level 1:colcon.colcon_core.package_identification:_identify(Library/Artifacts/96) by extension 'ignore_ament_install'
[7.246s] Level 1:colcon.colcon_core.package_identification:_identify(Library/Artifacts/96) by extensions ['colcon_pkg']
[7.247s] Level 1:colcon.colcon_core.package_identification:_identify(Library/Artifacts/96) by extension 'colcon_pkg'
[7.249s] Level 1:colcon.colcon_core.package_identification:_identify(Library/Artifacts/96) by extensions ['colcon_meta']
[7.250s] Level 1:colcon.colcon_core.package_identification:_identify(Library/Artifacts/96) by extension 'colcon_meta'
[7.254s] Level 1:colcon.colcon_core.package_identification:_identify(Library/Artifacts/96) by extensions ['ros']
[7.255s] Level 1:colcon.colcon_core.package_identification:_identify(Library/Artifacts/96) by extension 'ros'
[7.263s] Level 1:colcon.colcon_core.package_identification:_identify(Library/Artifacts/96) by extensions ['cmake', 'python']
[7.264s] Level 1:colcon.colcon_core.package_identification:_identify(Library/Artifacts/96) by extension 'cmake'
[7.266s] Level 1:colcon.colcon_core.package_identification:_identify(Library/Artifacts/96) by extension 'python'
[7.268s] Level 1:colcon.colcon_core.package_identification:_identify(Library/Artifacts/96) by extensions ['python_setup_py']
[7.269s] Level 1:colcon.colcon_core.package_identification:_identify(Library/Artifacts/96) by extension 'python_setup_py'
[7.279s] Level 1:colcon.colcon_core.package_identification:_identify(Library/Artifacts/97) by extensions ['ignore', 'ignore_ament_install']
[7.280s] Level 1:colcon.colcon_core.package_identification:_identify(Library/Artifacts/97) by extension 'ignore'
[7.282s] Level 1:colcon.colcon_core.package_identification:_identify(Library/Artifacts/97) by extension 'ignore_ament_install'
[7.286s] Level 1:colcon.colcon_core.package_identification:_identify(Library/Artifacts/97) by extensions ['colcon_pkg']
[7.287s] Level 1:colcon.colcon_core.package_identification:_identify(Library/Artifacts/97) by extension 'colcon_pkg'
[7.289s] Level 1:colcon.colcon_core.package_identification:_identify(Library/Artifacts/97) by extensions ['colcon_meta']
[7.290s] Level 1:colcon.colcon_core.package_identification:_identify(Library/Artifacts/97) by extension 'colcon_meta'
[7.293s] Level 1:colcon.colcon_core.package_identification:_identify(Library/Artifacts/97) by extensions ['ros']
[7.293s] Level 1:colcon.colcon_core.package_identification:_identify(Library/Artifacts/97) by extension 'ros'
[7.301s] Level 1:colcon.colcon_core.package_identification:_identify(Library/Artifacts/97) by extensions ['cmake', 'python']
[7.302s] Level 1:colcon.colcon_core.package_identification:_identify(Library/Artifacts/97) by extension 'cmake'
[7.304s] Level 1:colcon.colcon_core.package_identification:_identify(Library/Artifacts/97) by extension 'python'
[7.306s] Level 1:colcon.colcon_core.package_identification:_identify(Library/Artifacts/97) by extensions ['python_setup_py']
[7.307s] Level 1:colcon.colcon_core.package_identification:_identify(Library/Artifacts/97) by extension 'python_setup_py'
[7.316s] Level 1:colcon.colcon_core.package_identification:_identify(Library/Artifacts/98) by extensions ['ignore', 'ignore_ament_install']
[7.317s] Level 1:colcon.colcon_core.package_identification:_identify(Library/Artifacts/98) by extension 'ignore'
[7.320s] Level 1:colcon.colcon_core.package_identification:_identify(Library/Artifacts/98) by extension 'ignore_ament_install'
[7.325s] Level 1:colcon.colcon_core.package_identification:_identify(Library/Artifacts/98) by extensions ['colcon_pkg']
[7.326s] Level 1:colcon.colcon_core.package_identification:_identify(Library/Artifacts/98) by extension 'colcon_pkg'
[7.328s] Level 1:colcon.colcon_core.package_identification:_identify(Library/Artifacts/98) by extensions ['colcon_meta']
[7.329s] Level 1:colcon.colcon_core.package_identification:_identify(Library/Artifacts/98) by extension 'colcon_meta'
[7.333s] Level 1:colcon.colcon_core.package_identification:_identify(Library/Artifacts/98) by extensions ['ros']
[7.334s] Level 1:colcon.colcon_core.package_identification:_identify(Library/Artifacts/98) by extension 'ros'
[7.343s] Level 1:colcon.colcon_core.package_identification:_identify(Library/Artifacts/98) by extensions ['cmake', 'python']
[7.343s] Level 1:colcon.colcon_core.package_identification:_identify(Library/Artifacts/98) by extension 'cmake'
[7.345s] Level 1:colcon.colcon_core.package_identification:_identify(Library/Artifacts/98) by extension 'python'
[7.348s] Level 1:colcon.colcon_core.package_identification:_identify(Library/Artifacts/98) by extensions ['python_setup_py']
[7.349s] Level 1:colcon.colcon_core.package_identification:_identify(Library/Artifacts/98) by extension 'python_setup_py'
[7.358s] Level 1:colcon.colcon_core.package_identification:_identify(Library/Artifacts/99) by extensions ['ignore', 'ignore_ament_install']
[7.359s] Level 1:colcon.colcon_core.package_identification:_identify(Library/Artifacts/99) by extension 'ignore'
[7.361s] Level 1:colcon.colcon_core.package_identification:_identify(Library/Artifacts/99) by extension 'ignore_ament_install'
[7.365s] Level 1:colcon.colcon_core.package_identification:_identify(Library/Artifacts/99) by extensions ['colcon_pkg']
[7.366s] Level 1:colcon.colcon_core.package_identification:_identify(Library/Artifacts/99) by extension 'colcon_pkg'
[7.369s] Level 1:colcon.colcon_core.package_identification:_identify(Library/Artifacts/99) by extensions ['colcon_meta']
[7.370s] Level 1:colcon.colcon_core.package_identification:_identify(Library/Artifacts/99) by extension 'colcon_meta'
[7.375s] Level 1:colcon.colcon_core.package_identification:_identify(Library/Artifacts/99) by extensions ['ros']
[7.376s] Level 1:colcon.colcon_core.package_identification:_identify(Library/Artifacts/99) by extension 'ros'
[7.386s] Level 1:colcon.colcon_core.package_identification:_identify(Library/Artifacts/99) by extensions ['cmake', 'python']
[7.387s] Level 1:colcon.colcon_core.package_identification:_identify(Library/Artifacts/99) by extension 'cmake'
[7.389s] Level 1:colcon.colcon_core.package_identification:_identify(Library/Artifacts/99) by extension 'python'
[7.392s] Level 1:colcon.colcon_core.package_identification:_identify(Library/Artifacts/99) by extensions ['python_setup_py']
[7.393s] Level 1:colcon.colcon_core.package_identification:_identify(Library/Artifacts/99) by extension 'python_setup_py'
[7.403s] Level 1:colcon.colcon_core.package_identification:_identify(Library/Artifacts/9a) by extensions ['ignore', 'ignore_ament_install']
[7.405s] Level 1:colcon.colcon_core.package_identification:_identify(Library/Artifacts/9a) by extension 'ignore'
[7.407s] Level 1:colcon.colcon_core.package_identification:_identify(Library/Artifacts/9a) by extension 'ignore_ament_install'
[7.411s] Level 1:colcon.colcon_core.package_identification:_identify(Library/Artifacts/9a) by extensions ['colcon_pkg']
[7.412s] Level 1:colcon.colcon_core.package_identification:_identify(Library/Artifacts/9a) by extension 'colcon_pkg'
[7.413s] Level 1:colcon.colcon_core.package_identification:_identify(Library/Artifacts/9a) by extensions ['colcon_meta']
[7.414s] Level 1:colcon.colcon_core.package_identification:_identify(Library/Artifacts/9a) by extension 'colcon_meta'
[7.418s] Level 1:colcon.colcon_core.package_identification:_identify(Library/Artifacts/9a) by extensions ['ros']
[7.419s] Level 1:colcon.colcon_core.package_identification:_identify(Library/Artifacts/9a) by extension 'ros'
[7.427s] Level 1:colcon.colcon_core.package_identification:_identify(Library/Artifacts/9a) by extensions ['cmake', 'python']
[7.427s] Level 1:colcon.colcon_core.package_identification:_identify(Library/Artifacts/9a) by extension 'cmake'
[7.429s] Level 1:colcon.colcon_core.package_identification:_identify(Library/Artifacts/9a) by extension 'python'
[7.432s] Level 1:colcon.colcon_core.package_identification:_identify(Library/Artifacts/9a) by extensions ['python_setup_py']
[7.432s] Level 1:colcon.colcon_core.package_identification:_identify(Library/Artifacts/9a) by extension 'python_setup_py'
[7.441s] Level 1:colcon.colcon_core.package_identification:_identify(Library/Artifacts/9b) by extensions ['ignore', 'ignore_ament_install']
[7.442s] Level 1:colcon.colcon_core.package_identification:_identify(Library/Artifacts/9b) by extension 'ignore'
[7.445s] Level 1:colcon.colcon_core.package_identification:_identify(Library/Artifacts/9b) by extension 'ignore_ament_install'
[7.448s] Level 1:colcon.colcon_core.package_identification:_identify(Library/Artifacts/9b) by extensions ['colcon_pkg']
[7.449s] Level 1:colcon.colcon_core.package_identification:_identify(Library/Artifacts/9b) by extension 'colcon_pkg'
[7.452s] Level 1:colcon.colcon_core.package_identification:_identify(Library/Artifacts/9b) by extensions ['colcon_meta']
[7.453s] Level 1:colcon.colcon_core.package_identification:_identify(Library/Artifacts/9b) by extension 'colcon_meta'
[7.457s] Level 1:colcon.colcon_core.package_identification:_identify(Library/Artifacts/9b) by extensions ['ros']
[7.458s] Level 1:colcon.colcon_core.package_identification:_identify(Library/Artifacts/9b) by extension 'ros'
[7.467s] Level 1:colcon.colcon_core.package_identification:_identify(Library/Artifacts/9b) by extensions ['cmake', 'python']
[7.468s] Level 1:colcon.colcon_core.package_identification:_identify(Library/Artifacts/9b) by extension 'cmake'
[7.470s] Level 1:colcon.colcon_core.package_identification:_identify(Library/Artifacts/9b) by extension 'python'
[7.473s] Level 1:colcon.colcon_core.package_identification:_identify(Library/Artifacts/9b) by extensions ['python_setup_py']
[7.474s] Level 1:colcon.colcon_core.package_identification:_identify(Library/Artifacts/9b) by extension 'python_setup_py'
[7.483s] Level 1:colcon.colcon_core.package_identification:_identify(Library/Artifacts/9c) by extensions ['ignore', 'ignore_ament_install']
[7.484s] Level 1:colcon.colcon_core.package_identification:_identify(Library/Artifacts/9c) by extension 'ignore'
[7.486s] Level 1:colcon.colcon_core.package_identification:_identify(Library/Artifacts/9c) by extension 'ignore_ament_install'
[7.492s] Level 1:colcon.colcon_core.package_identification:_identify(Library/Artifacts/9c) by extensions ['colcon_pkg']
[7.492s] Level 1:colcon.colcon_core.package_identification:_identify(Library/Artifacts/9c) by extension 'colcon_pkg'
[7.495s] Level 1:colcon.colcon_core.package_identification:_identify(Library/Artifacts/9c) by extensions ['colcon_meta']
[7.496s] Level 1:colcon.colcon_core.package_identification:_identify(Library/Artifacts/9c) by extension 'colcon_meta'
[7.500s] Level 1:colcon.colcon_core.package_identification:_identify(Library/Artifacts/9c) by extensions ['ros']
[7.501s] Level 1:colcon.colcon_core.package_identification:_identify(Library/Artifacts/9c) by extension 'ros'
[7.509s] Level 1:colcon.colcon_core.package_identification:_identify(Library/Artifacts/9c) by extensions ['cmake', 'python']
[7.510s] Level 1:colcon.colcon_core.package_identification:_identify(Library/Artifacts/9c) by extension 'cmake'
[7.513s] Level 1:colcon.colcon_core.package_identification:_identify(Library/Artifacts/9c) by extension 'python'
[7.516s] Level 1:colcon.colcon_core.package_identification:_identify(Library/Artifacts/9c) by extensions ['python_setup_py']
[7.516s] Level 1:colcon.colcon_core.package_identification:_identify(Library/Artifacts/9c) by extension 'python_setup_py'
[7.525s] Level 1:colcon.colcon_core.package_identification:_identify(Library/Artifacts/9d) by extensions ['ignore', 'ignore_ament_install']
[7.526s] Level 1:colcon.colcon_core.package_identification:_identify(Library/Artifacts/9d) by extension 'ignore'
[7.528s] Level 1:colcon.colcon_core.package_identification:_identify(Library/Artifacts/9d) by extension 'ignore_ament_install'
[7.533s] Level 1:colcon.colcon_core.package_identification:_identify(Library/Artifacts/9d) by extensions ['colcon_pkg']
[7.534s] Level 1:colcon.colcon_core.package_identification:_identify(Library/Artifacts/9d) by extension 'colcon_pkg'
[7.536s] Level 1:colcon.colcon_core.package_identification:_identify(Library/Artifacts/9d) by extensions ['colcon_meta']
[7.537s] Level 1:colcon.colcon_core.package_identification:_identify(Library/Artifacts/9d) by extension 'colcon_meta'
[7.541s] Level 1:colcon.colcon_core.package_identification:_identify(Library/Artifacts/9d) by extensions ['ros']
[7.542s] Level 1:colcon.colcon_core.package_identification:_identify(Library/Artifacts/9d) by extension 'ros'
[7.550s] Level 1:colcon.colcon_core.package_identification:_identify(Library/Artifacts/9d) by extensions ['cmake', 'python']
[7.550s] Level 1:colcon.colcon_core.package_identification:_identify(Library/Artifacts/9d) by extension 'cmake'
[7.553s] Level 1:colcon.colcon_core.package_identification:_identify(Library/Artifacts/9d) by extension 'python'
[7.555s] Level 1:colcon.colcon_core.package_identification:_identify(Library/Artifacts/9d) by extensions ['python_setup_py']
[7.556s] Level 1:colcon.colcon_core.package_identification:_identify(Library/Artifacts/9d) by extension 'python_setup_py'
[7.566s] Level 1:colcon.colcon_core.package_identification:_identify(Library/Artifacts/9e) by extensions ['ignore', 'ignore_ament_install']
[7.567s] Level 1:colcon.colcon_core.package_identification:_identify(Library/Artifacts/9e) by extension 'ignore'
[7.570s] Level 1:colcon.colcon_core.package_identification:_identify(Library/Artifacts/9e) by extension 'ignore_ament_install'
[7.574s] Level 1:colcon.colcon_core.package_identification:_identify(Library/Artifacts/9e) by extensions ['colcon_pkg']
[7.574s] Level 1:colcon.colcon_core.package_identification:_identify(Library/Artifacts/9e) by extension 'colcon_pkg'
[7.576s] Level 1:colcon.colcon_core.package_identification:_identify(Library/Artifacts/9e) by extensions ['colcon_meta']
[7.576s] Level 1:colcon.colcon_core.package_identification:_identify(Library/Artifacts/9e) by extension 'colcon_meta'
[7.580s] Level 1:colcon.colcon_core.package_identification:_identify(Library/Artifacts/9e) by extensions ['ros']
[7.581s] Level 1:colcon.colcon_core.package_identification:_identify(Library/Artifacts/9e) by extension 'ros'
[7.588s] Level 1:colcon.colcon_core.package_identification:_identify(Library/Artifacts/9e) by extensions ['cmake', 'python']
[7.588s] Level 1:colcon.colcon_core.package_identification:_identify(Library/Artifacts/9e) by extension 'cmake'
[7.590s] Level 1:colcon.colcon_core.package_identification:_identify(Library/Artifacts/9e) by extension 'python'
[7.593s] Level 1:colcon.colcon_core.package_identification:_identify(Library/Artifacts/9e) by extensions ['python_setup_py']
[7.593s] Level 1:colcon.colcon_core.package_identification:_identify(Library/Artifacts/9e) by extension 'python_setup_py'
[7.604s] Level 1:colcon.colcon_core.package_identification:_identify(Library/Artifacts/9f) by extensions ['ignore', 'ignore_ament_install']
[7.604s] Level 1:colcon.colcon_core.package_identification:_identify(Library/Artifacts/9f) by extension 'ignore'
[7.606s] Level 1:colcon.colcon_core.package_identification:_identify(Library/Artifacts/9f) by extension 'ignore_ament_install'
[7.611s] Level 1:colcon.colcon_core.package_identification:_identify(Library/Artifacts/9f) by extensions ['colcon_pkg']
[7.611s] Level 1:colcon.colcon_core.package_identification:_identify(Library/Artifacts/9f) by extension 'colcon_pkg'
[7.615s] Level 1:colcon.colcon_core.package_identification:_identify(Library/Artifacts/9f) by extensions ['colcon_meta']
[7.615s] Level 1:colcon.colcon_core.package_identification:_identify(Library/Artifacts/9f) by extension 'colcon_meta'
[7.619s] Level 1:colcon.colcon_core.package_identification:_identify(Library/Artifacts/9f) by extensions ['ros']
[7.620s] Level 1:colcon.colcon_core.package_identification:_identify(Library/Artifacts/9f) by extension 'ros'
[7.628s] Level 1:colcon.colcon_core.package_identification:_identify(Library/Artifacts/9f) by extensions ['cmake', 'python']
[7.629s] Level 1:colcon.colcon_core.package_identification:_identify(Library/Artifacts/9f) by extension 'cmake'
[7.632s] Level 1:colcon.colcon_core.package_identification:_identify(Library/Artifacts/9f) by extension 'python'
[7.635s] Level 1:colcon.colcon_core.package_identification:_identify(Library/Artifacts/9f) by extensions ['python_setup_py']
[7.635s] Level 1:colcon.colcon_core.package_identification:_identify(Library/Artifacts/9f) by extension 'python_setup_py'
[7.645s] Level 1:colcon.colcon_core.package_identification:_identify(Library/Artifacts/a0) by extensions ['ignore', 'ignore_ament_install']
[7.646s] Level 1:colcon.colcon_core.package_identification:_identify(Library/Artifacts/a0) by extension 'ignore'
[7.648s] Level 1:colcon.colcon_core.package_identification:_identify(Library/Artifacts/a0) by extension 'ignore_ament_install'
[7.653s] Level 1:colcon.colcon_core.package_identification:_identify(Library/Artifacts/a0) by extensions ['colcon_pkg']
[7.654s] Level 1:colcon.colcon_core.package_identification:_identify(Library/Artifacts/a0) by extension 'colcon_pkg'
[7.656s] Level 1:colcon.colcon_core.package_identification:_identify(Library/Artifacts/a0) by extensions ['colcon_meta']
[7.657s] Level 1:colcon.colcon_core.package_identification:_identify(Library/Artifacts/a0) by extension 'colcon_meta'
[7.661s] Level 1:colcon.colcon_core.package_identification:_identify(Library/Artifacts/a0) by extensions ['ros']
[7.662s] Level 1:colcon.colcon_core.package_identification:_identify(Library/Artifacts/a0) by extension 'ros'
[7.671s] Level 1:colcon.colcon_core.package_identification:_identify(Library/Artifacts/a0) by extensions ['cmake', 'python']
[7.672s] Level 1:colcon.colcon_core.package_identification:_identify(Library/Artifacts/a0) by extension 'cmake'
[7.676s] Level 1:colcon.colcon_core.package_identification:_identify(Library/Artifacts/a0) by extension 'python'
[7.678s] Level 1:colcon.colcon_core.package_identification:_identify(Library/Artifacts/a0) by extensions ['python_setup_py']
[7.679s] Level 1:colcon.colcon_core.package_identification:_identify(Library/Artifacts/a0) by extension 'python_setup_py'
[7.689s] Level 1:colcon.colcon_core.package_identification:_identify(Library/Artifacts/a1) by extensions ['ignore', 'ignore_ament_install']
[7.690s] Level 1:colcon.colcon_core.package_identification:_identify(Library/Artifacts/a1) by extension 'ignore'
[7.692s] Level 1:colcon.colcon_core.package_identification:_identify(Library/Artifacts/a1) by extension 'ignore_ament_install'
[7.697s] Level 1:colcon.colcon_core.package_identification:_identify(Library/Artifacts/a1) by extensions ['colcon_pkg']
[7.698s] Level 1:colcon.colcon_core.package_identification:_identify(Library/Artifacts/a1) by extension 'colcon_pkg'
[7.700s] Level 1:colcon.colcon_core.package_identification:_identify(Library/Artifacts/a1) by extensions ['colcon_meta']
[7.701s] Level 1:colcon.colcon_core.package_identification:_identify(Library/Artifacts/a1) by extension 'colcon_meta'
[7.705s] Level 1:colcon.colcon_core.package_identification:_identify(Library/Artifacts/a1) by extensions ['ros']
[7.706s] Level 1:colcon.colcon_core.package_identification:_identify(Library/Artifacts/a1) by extension 'ros'
[7.715s] Level 1:colcon.colcon_core.package_identification:_identify(Library/Artifacts/a1) by extensions ['cmake', 'python']
[7.716s] Level 1:colcon.colcon_core.package_identification:_identify(Library/Artifacts/a1) by extension 'cmake'
[7.719s] Level 1:colcon.colcon_core.package_identification:_identify(Library/Artifacts/a1) by extension 'python'
[7.721s] Level 1:colcon.colcon_core.package_identification:_identify(Library/Artifacts/a1) by extensions ['python_setup_py']
[7.722s] Level 1:colcon.colcon_core.package_identification:_identify(Library/Artifacts/a1) by extension 'python_setup_py'
[7.730s] Level 1:colcon.colcon_core.package_identification:_identify(Library/Artifacts/a2) by extensions ['ignore', 'ignore_ament_install']
[7.731s] Level 1:colcon.colcon_core.package_identification:_identify(Library/Artifacts/a2) by extension 'ignore'
[7.733s] Level 1:colcon.colcon_core.package_identification:_identify(Library/Artifacts/a2) by extension 'ignore_ament_install'
[7.735s] Level 1:colcon.colcon_core.package_identification:_identify(Library/Artifacts/a2) by extensions ['colcon_pkg']
[7.735s] Level 1:colcon.colcon_core.package_identification:_identify(Library/Artifacts/a2) by extension 'colcon_pkg'
[7.737s] Level 1:colcon.colcon_core.package_identification:_identify(Library/Artifacts/a2) by extensions ['colcon_meta']
[7.737s] Level 1:colcon.colcon_core.package_identification:_identify(Library/Artifacts/a2) by extension 'colcon_meta'
[7.740s] Level 1:colcon.colcon_core.package_identification:_identify(Library/Artifacts/a2) by extensions ['ros']
[7.740s] Level 1:colcon.colcon_core.package_identification:_identify(Library/Artifacts/a2) by extension 'ros'
[7.746s] Level 1:colcon.colcon_core.package_identification:_identify(Library/Artifacts/a2) by extensions ['cmake', 'python']
[7.747s] Level 1:colcon.colcon_core.package_identification:_identify(Library/Artifacts/a2) by extension 'cmake'
[7.749s] Level 1:colcon.colcon_core.package_identification:_identify(Library/Artifacts/a2) by extension 'python'
[7.750s] Level 1:colcon.colcon_core.package_identification:_identify(Library/Artifacts/a2) by extensions ['python_setup_py']
[7.751s] Level 1:colcon.colcon_core.package_identification:_identify(Library/Artifacts/a2) by extension 'python_setup_py'
[7.757s] Level 1:colcon.colcon_core.package_identification:_identify(Library/Artifacts/a3) by extensions ['ignore', 'ignore_ament_install']
[7.758s] Level 1:colcon.colcon_core.package_identification:_identify(Library/Artifacts/a3) by extension 'ignore'
[7.760s] Level 1:colcon.colcon_core.package_identification:_identify(Library/Artifacts/a3) by extension 'ignore_ament_install'
[7.765s] Level 1:colcon.colcon_core.package_identification:_identify(Library/Artifacts/a3) by extensions ['colcon_pkg']
[7.765s] Level 1:colcon.colcon_core.package_identification:_identify(Library/Artifacts/a3) by extension 'colcon_pkg'
[7.768s] Level 1:colcon.colcon_core.package_identification:_identify(Library/Artifacts/a3) by extensions ['colcon_meta']
[7.769s] Level 1:colcon.colcon_core.package_identification:_identify(Library/Artifacts/a3) by extension 'colcon_meta'
[7.774s] Level 1:colcon.colcon_core.package_identification:_identify(Library/Artifacts/a3) by extensions ['ros']
[7.774s] Level 1:colcon.colcon_core.package_identification:_identify(Library/Artifacts/a3) by extension 'ros'
[7.783s] Level 1:colcon.colcon_core.package_identification:_identify(Library/Artifacts/a3) by extensions ['cmake', 'python']
[7.784s] Level 1:colcon.colcon_core.package_identification:_identify(Library/Artifacts/a3) by extension 'cmake'
[7.787s] Level 1:colcon.colcon_core.package_identification:_identify(Library/Artifacts/a3) by extension 'python'
[7.790s] Level 1:colcon.colcon_core.package_identification:_identify(Library/Artifacts/a3) by extensions ['python_setup_py']
[7.791s] Level 1:colcon.colcon_core.package_identification:_identify(Library/Artifacts/a3) by extension 'python_setup_py'
[7.802s] Level 1:colcon.colcon_core.package_identification:_identify(Library/Artifacts/a4) by extensions ['ignore', 'ignore_ament_install']
[7.803s] Level 1:colcon.colcon_core.package_identification:_identify(Library/Artifacts/a4) by extension 'ignore'
[7.805s] Level 1:colcon.colcon_core.package_identification:_identify(Library/Artifacts/a4) by extension 'ignore_ament_install'
[7.809s] Level 1:colcon.colcon_core.package_identification:_identify(Library/Artifacts/a4) by extensions ['colcon_pkg']
[7.810s] Level 1:colcon.colcon_core.package_identification:_identify(Library/Artifacts/a4) by extension 'colcon_pkg'
[7.813s] Level 1:colcon.colcon_core.package_identification:_identify(Library/Artifacts/a4) by extensions ['colcon_meta']
[7.814s] Level 1:colcon.colcon_core.package_identification:_identify(Library/Artifacts/a4) by extension 'colcon_meta'
[7.818s] Level 1:colcon.colcon_core.package_identification:_identify(Library/Artifacts/a4) by extensions ['ros']
[7.819s] Level 1:colcon.colcon_core.package_identification:_identify(Library/Artifacts/a4) by extension 'ros'
[7.828s] Level 1:colcon.colcon_core.package_identification:_identify(Library/Artifacts/a4) by extensions ['cmake', 'python']
[7.829s] Level 1:colcon.colcon_core.package_identification:_identify(Library/Artifacts/a4) by extension 'cmake'
[7.831s] Level 1:colcon.colcon_core.package_identification:_identify(Library/Artifacts/a4) by extension 'python'
[7.834s] Level 1:colcon.colcon_core.package_identification:_identify(Library/Artifacts/a4) by extensions ['python_setup_py']
[7.835s] Level 1:colcon.colcon_core.package_identification:_identify(Library/Artifacts/a4) by extension 'python_setup_py'
[7.844s] Level 1:colcon.colcon_core.package_identification:_identify(Library/Artifacts/a5) by extensions ['ignore', 'ignore_ament_install']
[7.844s] Level 1:colcon.colcon_core.package_identification:_identify(Library/Artifacts/a5) by extension 'ignore'
[7.847s] Level 1:colcon.colcon_core.package_identification:_identify(Library/Artifacts/a5) by extension 'ignore_ament_install'
[7.851s] Level 1:colcon.colcon_core.package_identification:_identify(Library/Artifacts/a5) by extensions ['colcon_pkg']
[7.851s] Level 1:colcon.colcon_core.package_identification:_identify(Library/Artifacts/a5) by extension 'colcon_pkg'
[7.854s] Level 1:colcon.colcon_core.package_identification:_identify(Library/Artifacts/a5) by extensions ['colcon_meta']
[7.854s] Level 1:colcon.colcon_core.package_identification:_identify(Library/Artifacts/a5) by extension 'colcon_meta'
[7.859s] Level 1:colcon.colcon_core.package_identification:_identify(Library/Artifacts/a5) by extensions ['ros']
[7.859s] Level 1:colcon.colcon_core.package_identification:_identify(Library/Artifacts/a5) by extension 'ros'
[7.869s] Level 1:colcon.colcon_core.package_identification:_identify(Library/Artifacts/a5) by extensions ['cmake', 'python']
[7.869s] Level 1:colcon.colcon_core.package_identification:_identify(Library/Artifacts/a5) by extension 'cmake'
[7.872s] Level 1:colcon.colcon_core.package_identification:_identify(Library/Artifacts/a5) by extension 'python'
[7.875s] Level 1:colcon.colcon_core.package_identification:_identify(Library/Artifacts/a5) by extensions ['python_setup_py']
[7.876s] Level 1:colcon.colcon_core.package_identification:_identify(Library/Artifacts/a5) by extension 'python_setup_py'
[7.886s] Level 1:colcon.colcon_core.package_identification:_identify(Library/Artifacts/a6) by extensions ['ignore', 'ignore_ament_install']
[7.887s] Level 1:colcon.colcon_core.package_identification:_identify(Library/Artifacts/a6) by extension 'ignore'
[7.890s] Level 1:colcon.colcon_core.package_identification:_identify(Library/Artifacts/a6) by extension 'ignore_ament_install'
[7.894s] Level 1:colcon.colcon_core.package_identification:_identify(Library/Artifacts/a6) by extensions ['colcon_pkg']
[7.895s] Level 1:colcon.colcon_core.package_identification:_identify(Library/Artifacts/a6) by extension 'colcon_pkg'
[7.897s] Level 1:colcon.colcon_core.package_identification:_identify(Library/Artifacts/a6) by extensions ['colcon_meta']
[7.898s] Level 1:colcon.colcon_core.package_identification:_identify(Library/Artifacts/a6) by extension 'colcon_meta'
[7.903s] Level 1:colcon.colcon_core.package_identification:_identify(Library/Artifacts/a6) by extensions ['ros']
[7.903s] Level 1:colcon.colcon_core.package_identification:_identify(Library/Artifacts/a6) by extension 'ros'
[7.912s] Level 1:colcon.colcon_core.package_identification:_identify(Library/Artifacts/a6) by extensions ['cmake', 'python']
[7.913s] Level 1:colcon.colcon_core.package_identification:_identify(Library/Artifacts/a6) by extension 'cmake'
[7.917s] Level 1:colcon.colcon_core.package_identification:_identify(Library/Artifacts/a6) by extension 'python'
[7.920s] Level 1:colcon.colcon_core.package_identification:_identify(Library/Artifacts/a6) by extensions ['python_setup_py']
[7.921s] Level 1:colcon.colcon_core.package_identification:_identify(Library/Artifacts/a6) by extension 'python_setup_py'
[7.930s] Level 1:colcon.colcon_core.package_identification:_identify(Library/Artifacts/a7) by extensions ['ignore', 'ignore_ament_install']
[7.930s] Level 1:colcon.colcon_core.package_identification:_identify(Library/Artifacts/a7) by extension 'ignore'
[7.933s] Level 1:colcon.colcon_core.package_identification:_identify(Library/Artifacts/a7) by extension 'ignore_ament_install'
[7.938s] Level 1:colcon.colcon_core.package_identification:_identify(Library/Artifacts/a7) by extensions ['colcon_pkg']
[7.938s] Level 1:colcon.colcon_core.package_identification:_identify(Library/Artifacts/a7) by extension 'colcon_pkg'
[7.940s] Level 1:colcon.colcon_core.package_identification:_identify(Library/Artifacts/a7) by extensions ['colcon_meta']
[7.941s] Level 1:colcon.colcon_core.package_identification:_identify(Library/Artifacts/a7) by extension 'colcon_meta'
[7.946s] Level 1:colcon.colcon_core.package_identification:_identify(Library/Artifacts/a7) by extensions ['ros']
[7.946s] Level 1:colcon.colcon_core.package_identification:_identify(Library/Artifacts/a7) by extension 'ros'
[7.956s] Level 1:colcon.colcon_core.package_identification:_identify(Library/Artifacts/a7) by extensions ['cmake', 'python']
[7.957s] Level 1:colcon.colcon_core.package_identification:_identify(Library/Artifacts/a7) by extension 'cmake'
[7.960s] Level 1:colcon.colcon_core.package_identification:_identify(Library/Artifacts/a7) by extension 'python'
[7.963s] Level 1:colcon.colcon_core.package_identification:_identify(Library/Artifacts/a7) by extensions ['python_setup_py']
[7.963s] Level 1:colcon.colcon_core.package_identification:_identify(Library/Artifacts/a7) by extension 'python_setup_py'
[7.973s] Level 1:colcon.colcon_core.package_identification:_identify(Library/Artifacts/a8) by extensions ['ignore', 'ignore_ament_install']
[7.974s] Level 1:colcon.colcon_core.package_identification:_identify(Library/Artifacts/a8) by extension 'ignore'
[7.976s] Level 1:colcon.colcon_core.package_identification:_identify(Library/Artifacts/a8) by extension 'ignore_ament_install'
[7.981s] Level 1:colcon.colcon_core.package_identification:_identify(Library/Artifacts/a8) by extensions ['colcon_pkg']
[7.982s] Level 1:colcon.colcon_core.package_identification:_identify(Library/Artifacts/a8) by extension 'colcon_pkg'
[7.985s] Level 1:colcon.colcon_core.package_identification:_identify(Library/Artifacts/a8) by extensions ['colcon_meta']
[7.985s] Level 1:colcon.colcon_core.package_identification:_identify(Library/Artifacts/a8) by extension 'colcon_meta'
[7.990s] Level 1:colcon.colcon_core.package_identification:_identify(Library/Artifacts/a8) by extensions ['ros']
[7.990s] Level 1:colcon.colcon_core.package_identification:_identify(Library/Artifacts/a8) by extension 'ros'
[7.998s] Level 1:colcon.colcon_core.package_identification:_identify(Library/Artifacts/a8) by extensions ['cmake', 'python']
[7.999s] Level 1:colcon.colcon_core.package_identification:_identify(Library/Artifacts/a8) by extension 'cmake'
[8.001s] Level 1:colcon.colcon_core.package_identification:_identify(Library/Artifacts/a8) by extension 'python'
[8.003s] Level 1:colcon.colcon_core.package_identification:_identify(Library/Artifacts/a8) by extensions ['python_setup_py']
[8.004s] Level 1:colcon.colcon_core.package_identification:_identify(Library/Artifacts/a8) by extension 'python_setup_py'
[8.013s] Level 1:colcon.colcon_core.package_identification:_identify(Library/Artifacts/a9) by extensions ['ignore', 'ignore_ament_install']
[8.014s] Level 1:colcon.colcon_core.package_identification:_identify(Library/Artifacts/a9) by extension 'ignore'
[8.016s] Level 1:colcon.colcon_core.package_identification:_identify(Library/Artifacts/a9) by extension 'ignore_ament_install'
[8.020s] Level 1:colcon.colcon_core.package_identification:_identify(Library/Artifacts/a9) by extensions ['colcon_pkg']
[8.021s] Level 1:colcon.colcon_core.package_identification:_identify(Library/Artifacts/a9) by extension 'colcon_pkg'
[8.023s] Level 1:colcon.colcon_core.package_identification:_identify(Library/Artifacts/a9) by extensions ['colcon_meta']
[8.023s] Level 1:colcon.colcon_core.package_identification:_identify(Library/Artifacts/a9) by extension 'colcon_meta'
[8.027s] Level 1:colcon.colcon_core.package_identification:_identify(Library/Artifacts/a9) by extensions ['ros']
[8.028s] Level 1:colcon.colcon_core.package_identification:_identify(Library/Artifacts/a9) by extension 'ros'
[8.036s] Level 1:colcon.colcon_core.package_identification:_identify(Library/Artifacts/a9) by extensions ['cmake', 'python']
[8.036s] Level 1:colcon.colcon_core.package_identification:_identify(Library/Artifacts/a9) by extension 'cmake'
[8.038s] Level 1:colcon.colcon_core.package_identification:_identify(Library/Artifacts/a9) by extension 'python'
[8.040s] Level 1:colcon.colcon_core.package_identification:_identify(Library/Artifacts/a9) by extensions ['python_setup_py']
[8.041s] Level 1:colcon.colcon_core.package_identification:_identify(Library/Artifacts/a9) by extension 'python_setup_py'
[8.050s] Level 1:colcon.colcon_core.package_identification:_identify(Library/Artifacts/aa) by extensions ['ignore', 'ignore_ament_install']
[8.051s] Level 1:colcon.colcon_core.package_identification:_identify(Library/Artifacts/aa) by extension 'ignore'
[8.053s] Level 1:colcon.colcon_core.package_identification:_identify(Library/Artifacts/aa) by extension 'ignore_ament_install'
[8.058s] Level 1:colcon.colcon_core.package_identification:_identify(Library/Artifacts/aa) by extensions ['colcon_pkg']
[8.058s] Level 1:colcon.colcon_core.package_identification:_identify(Library/Artifacts/aa) by extension 'colcon_pkg'
[8.060s] Level 1:colcon.colcon_core.package_identification:_identify(Library/Artifacts/aa) by extensions ['colcon_meta']
[8.061s] Level 1:colcon.colcon_core.package_identification:_identify(Library/Artifacts/aa) by extension 'colcon_meta'
[8.065s] Level 1:colcon.colcon_core.package_identification:_identify(Library/Artifacts/aa) by extensions ['ros']
[8.066s] Level 1:colcon.colcon_core.package_identification:_identify(Library/Artifacts/aa) by extension 'ros'
[8.075s] Level 1:colcon.colcon_core.package_identification:_identify(Library/Artifacts/aa) by extensions ['cmake', 'python']
[8.076s] Level 1:colcon.colcon_core.package_identification:_identify(Library/Artifacts/aa) by extension 'cmake'
[8.078s] Level 1:colcon.colcon_core.package_identification:_identify(Library/Artifacts/aa) by extension 'python'
[8.081s] Level 1:colcon.colcon_core.package_identification:_identify(Library/Artifacts/aa) by extensions ['python_setup_py']
[8.082s] Level 1:colcon.colcon_core.package_identification:_identify(Library/Artifacts/aa) by extension 'python_setup_py'
[8.090s] Level 1:colcon.colcon_core.package_identification:_identify(Library/Artifacts/ab) by extensions ['ignore', 'ignore_ament_install']
[8.091s] Level 1:colcon.colcon_core.package_identification:_identify(Library/Artifacts/ab) by extension 'ignore'
[8.093s] Level 1:colcon.colcon_core.package_identification:_identify(Library/Artifacts/ab) by extension 'ignore_ament_install'
[8.097s] Level 1:colcon.colcon_core.package_identification:_identify(Library/Artifacts/ab) by extensions ['colcon_pkg']
[8.097s] Level 1:colcon.colcon_core.package_identification:_identify(Library/Artifacts/ab) by extension 'colcon_pkg'
[8.100s] Level 1:colcon.colcon_core.package_identification:_identify(Library/Artifacts/ab) by extensions ['colcon_meta']
[8.101s] Level 1:colcon.colcon_core.package_identification:_identify(Library/Artifacts/ab) by extension 'colcon_meta'
[8.106s] Level 1:colcon.colcon_core.package_identification:_identify(Library/Artifacts/ab) by extensions ['ros']
[8.106s] Level 1:colcon.colcon_core.package_identification:_identify(Library/Artifacts/ab) by extension 'ros'
[8.115s] Level 1:colcon.colcon_core.package_identification:_identify(Library/Artifacts/ab) by extensions ['cmake', 'python']
[8.116s] Level 1:colcon.colcon_core.package_identification:_identify(Library/Artifacts/ab) by extension 'cmake'
[8.118s] Level 1:colcon.colcon_core.package_identification:_identify(Library/Artifacts/ab) by extension 'python'
[8.120s] Level 1:colcon.colcon_core.package_identification:_identify(Library/Artifacts/ab) by extensions ['python_setup_py']
[8.121s] Level 1:colcon.colcon_core.package_identification:_identify(Library/Artifacts/ab) by extension 'python_setup_py'
[8.132s] Level 1:colcon.colcon_core.package_identification:_identify(Library/Artifacts/ac) by extensions ['ignore', 'ignore_ament_install']
[8.133s] Level 1:colcon.colcon_core.package_identification:_identify(Library/Artifacts/ac) by extension 'ignore'
[8.135s] Level 1:colcon.colcon_core.package_identification:_identify(Library/Artifacts/ac) by extension 'ignore_ament_install'
[8.140s] Level 1:colcon.colcon_core.package_identification:_identify(Library/Artifacts/ac) by extensions ['colcon_pkg']
[8.140s] Level 1:colcon.colcon_core.package_identification:_identify(Library/Artifacts/ac) by extension 'colcon_pkg'
[8.143s] Level 1:colcon.colcon_core.package_identification:_identify(Library/Artifacts/ac) by extensions ['colcon_meta']
[8.144s] Level 1:colcon.colcon_core.package_identification:_identify(Library/Artifacts/ac) by extension 'colcon_meta'
[8.148s] Level 1:colcon.colcon_core.package_identification:_identify(Library/Artifacts/ac) by extensions ['ros']
[8.149s] Level 1:colcon.colcon_core.package_identification:_identify(Library/Artifacts/ac) by extension 'ros'
[8.158s] Level 1:colcon.colcon_core.package_identification:_identify(Library/Artifacts/ac) by extensions ['cmake', 'python']
[8.159s] Level 1:colcon.colcon_core.package_identification:_identify(Library/Artifacts/ac) by extension 'cmake'
[8.161s] Level 1:colcon.colcon_core.package_identification:_identify(Library/Artifacts/ac) by extension 'python'
[8.164s] Level 1:colcon.colcon_core.package_identification:_identify(Library/Artifacts/ac) by extensions ['python_setup_py']
[8.165s] Level 1:colcon.colcon_core.package_identification:_identify(Library/Artifacts/ac) by extension 'python_setup_py'
[8.175s] Level 1:colcon.colcon_core.package_identification:_identify(Library/Artifacts/ad) by extensions ['ignore', 'ignore_ament_install']
[8.176s] Level 1:colcon.colcon_core.package_identification:_identify(Library/Artifacts/ad) by extension 'ignore'
[8.178s] Level 1:colcon.colcon_core.package_identification:_identify(Library/Artifacts/ad) by extension 'ignore_ament_install'
[8.182s] Level 1:colcon.colcon_core.package_identification:_identify(Library/Artifacts/ad) by extensions ['colcon_pkg']
[8.183s] Level 1:colcon.colcon_core.package_identification:_identify(Library/Artifacts/ad) by extension 'colcon_pkg'
[8.185s] Level 1:colcon.colcon_core.package_identification:_identify(Library/Artifacts/ad) by extensions ['colcon_meta']
[8.186s] Level 1:colcon.colcon_core.package_identification:_identify(Library/Artifacts/ad) by extension 'colcon_meta'
[8.191s] Level 1:colcon.colcon_core.package_identification:_identify(Library/Artifacts/ad) by extensions ['ros']
[8.191s] Level 1:colcon.colcon_core.package_identification:_identify(Library/Artifacts/ad) by extension 'ros'
[8.201s] Level 1:colcon.colcon_core.package_identification:_identify(Library/Artifacts/ad) by extensions ['cmake', 'python']
[8.202s] Level 1:colcon.colcon_core.package_identification:_identify(Library/Artifacts/ad) by extension 'cmake'
[8.204s] Level 1:colcon.colcon_core.package_identification:_identify(Library/Artifacts/ad) by extension 'python'
[8.207s] Level 1:colcon.colcon_core.package_identification:_identify(Library/Artifacts/ad) by extensions ['python_setup_py']
[8.208s] Level 1:colcon.colcon_core.package_identification:_identify(Library/Artifacts/ad) by extension 'python_setup_py'
[8.219s] Level 1:colcon.colcon_core.package_identification:_identify(Library/Artifacts/ae) by extensions ['ignore', 'ignore_ament_install']
[8.220s] Level 1:colcon.colcon_core.package_identification:_identify(Library/Artifacts/ae) by extension 'ignore'
[8.223s] Level 1:colcon.colcon_core.package_identification:_identify(Library/Artifacts/ae) by extension 'ignore_ament_install'
[8.227s] Level 1:colcon.colcon_core.package_identification:_identify(Library/Artifacts/ae) by extensions ['colcon_pkg']
[8.227s] Level 1:colcon.colcon_core.package_identification:_identify(Library/Artifacts/ae) by extension 'colcon_pkg'
[8.230s] Level 1:colcon.colcon_core.package_identification:_identify(Library/Artifacts/ae) by extensions ['colcon_meta']
[8.231s] Level 1:colcon.colcon_core.package_identification:_identify(Library/Artifacts/ae) by extension 'colcon_meta'
[8.235s] Level 1:colcon.colcon_core.package_identification:_identify(Library/Artifacts/ae) by extensions ['ros']
[8.236s] Level 1:colcon.colcon_core.package_identification:_identify(Library/Artifacts/ae) by extension 'ros'
[8.244s] Level 1:colcon.colcon_core.package_identification:_identify(Library/Artifacts/ae) by extensions ['cmake', 'python']
[8.245s] Level 1:colcon.colcon_core.package_identification:_identify(Library/Artifacts/ae) by extension 'cmake'
[8.248s] Level 1:colcon.colcon_core.package_identification:_identify(Library/Artifacts/ae) by extension 'python'
[8.250s] Level 1:colcon.colcon_core.package_identification:_identify(Library/Artifacts/ae) by extensions ['python_setup_py']
[8.251s] Level 1:colcon.colcon_core.package_identification:_identify(Library/Artifacts/ae) by extension 'python_setup_py'
[8.261s] Level 1:colcon.colcon_core.package_identification:_identify(Library/Artifacts/af) by extensions ['ignore', 'ignore_ament_install']
[8.262s] Level 1:colcon.colcon_core.package_identification:_identify(Library/Artifacts/af) by extension 'ignore'
[8.264s] Level 1:colcon.colcon_core.package_identification:_identify(Library/Artifacts/af) by extension 'ignore_ament_install'
[8.269s] Level 1:colcon.colcon_core.package_identification:_identify(Library/Artifacts/af) by extensions ['colcon_pkg']
[8.270s] Level 1:colcon.colcon_core.package_identification:_identify(Library/Artifacts/af) by extension 'colcon_pkg'
[8.274s] Level 1:colcon.colcon_core.package_identification:_identify(Library/Artifacts/af) by extensions ['colcon_meta']
[8.274s] Level 1:colcon.colcon_core.package_identification:_identify(Library/Artifacts/af) by extension 'colcon_meta'
[8.278s] Level 1:colcon.colcon_core.package_identification:_identify(Library/Artifacts/af) by extensions ['ros']
[8.279s] Level 1:colcon.colcon_core.package_identification:_identify(Library/Artifacts/af) by extension 'ros'
[8.287s] Level 1:colcon.colcon_core.package_identification:_identify(Library/Artifacts/af) by extensions ['cmake', 'python']
[8.288s] Level 1:colcon.colcon_core.package_identification:_identify(Library/Artifacts/af) by extension 'cmake'
[8.291s] Level 1:colcon.colcon_core.package_identification:_identify(Library/Artifacts/af) by extension 'python'
[8.294s] Level 1:colcon.colcon_core.package_identification:_identify(Library/Artifacts/af) by extensions ['python_setup_py']
[8.294s] Level 1:colcon.colcon_core.package_identification:_identify(Library/Artifacts/af) by extension 'python_setup_py'
[8.304s] Level 1:colcon.colcon_core.package_identification:_identify(Library/Artifacts/b0) by extensions ['ignore', 'ignore_ament_install']
[8.305s] Level 1:colcon.colcon_core.package_identification:_identify(Library/Artifacts/b0) by extension 'ignore'
[8.308s] Level 1:colcon.colcon_core.package_identification:_identify(Library/Artifacts/b0) by extension 'ignore_ament_install'
[8.312s] Level 1:colcon.colcon_core.package_identification:_identify(Library/Artifacts/b0) by extensions ['colcon_pkg']
[8.313s] Level 1:colcon.colcon_core.package_identification:_identify(Library/Artifacts/b0) by extension 'colcon_pkg'
[8.315s] Level 1:colcon.colcon_core.package_identification:_identify(Library/Artifacts/b0) by extensions ['colcon_meta']
[8.316s] Level 1:colcon.colcon_core.package_identification:_identify(Library/Artifacts/b0) by extension 'colcon_meta'
[8.320s] Level 1:colcon.colcon_core.package_identification:_identify(Library/Artifacts/b0) by extensions ['ros']
[8.321s] Level 1:colcon.colcon_core.package_identification:_identify(Library/Artifacts/b0) by extension 'ros'
[8.330s] Level 1:colcon.colcon_core.package_identification:_identify(Library/Artifacts/b0) by extensions ['cmake', 'python']
[8.331s] Level 1:colcon.colcon_core.package_identification:_identify(Library/Artifacts/b0) by extension 'cmake'
[8.334s] Level 1:colcon.colcon_core.package_identification:_identify(Library/Artifacts/b0) by extension 'python'
[8.337s] Level 1:colcon.colcon_core.package_identification:_identify(Library/Artifacts/b0) by extensions ['python_setup_py']
[8.338s] Level 1:colcon.colcon_core.package_identification:_identify(Library/Artifacts/b0) by extension 'python_setup_py'
[8.349s] Level 1:colcon.colcon_core.package_identification:_identify(Library/Artifacts/b1) by extensions ['ignore', 'ignore_ament_install']
[8.349s] Level 1:colcon.colcon_core.package_identification:_identify(Library/Artifacts/b1) by extension 'ignore'
[8.352s] Level 1:colcon.colcon_core.package_identification:_identify(Library/Artifacts/b1) by extension 'ignore_ament_install'
[8.356s] Level 1:colcon.colcon_core.package_identification:_identify(Library/Artifacts/b1) by extensions ['colcon_pkg']
[8.357s] Level 1:colcon.colcon_core.package_identification:_identify(Library/Artifacts/b1) by extension 'colcon_pkg'
[8.360s] Level 1:colcon.colcon_core.package_identification:_identify(Library/Artifacts/b1) by extensions ['colcon_meta']
[8.360s] Level 1:colcon.colcon_core.package_identification:_identify(Library/Artifacts/b1) by extension 'colcon_meta'
[8.365s] Level 1:colcon.colcon_core.package_identification:_identify(Library/Artifacts/b1) by extensions ['ros']
[8.366s] Level 1:colcon.colcon_core.package_identification:_identify(Library/Artifacts/b1) by extension 'ros'
[8.375s] Level 1:colcon.colcon_core.package_identification:_identify(Library/Artifacts/b1) by extensions ['cmake', 'python']
[8.375s] Level 1:colcon.colcon_core.package_identification:_identify(Library/Artifacts/b1) by extension 'cmake'
[8.378s] Level 1:colcon.colcon_core.package_identification:_identify(Library/Artifacts/b1) by extension 'python'
[8.380s] Level 1:colcon.colcon_core.package_identification:_identify(Library/Artifacts/b1) by extensions ['python_setup_py']
[8.381s] Level 1:colcon.colcon_core.package_identification:_identify(Library/Artifacts/b1) by extension 'python_setup_py'
[8.389s] Level 1:colcon.colcon_core.package_identification:_identify(Library/Artifacts/b2) by extensions ['ignore', 'ignore_ament_install']
[8.390s] Level 1:colcon.colcon_core.package_identification:_identify(Library/Artifacts/b2) by extension 'ignore'
[8.394s] Level 1:colcon.colcon_core.package_identification:_identify(Library/Artifacts/b2) by extension 'ignore_ament_install'
[8.398s] Level 1:colcon.colcon_core.package_identification:_identify(Library/Artifacts/b2) by extensions ['colcon_pkg']
[8.399s] Level 1:colcon.colcon_core.package_identification:_identify(Library/Artifacts/b2) by extension 'colcon_pkg'
[8.402s] Level 1:colcon.colcon_core.package_identification:_identify(Library/Artifacts/b2) by extensions ['colcon_meta']
[8.402s] Level 1:colcon.colcon_core.package_identification:_identify(Library/Artifacts/b2) by extension 'colcon_meta'
[8.406s] Level 1:colcon.colcon_core.package_identification:_identify(Library/Artifacts/b2) by extensions ['ros']
[8.407s] Level 1:colcon.colcon_core.package_identification:_identify(Library/Artifacts/b2) by extension 'ros'
[8.416s] Level 1:colcon.colcon_core.package_identification:_identify(Library/Artifacts/b2) by extensions ['cmake', 'python']
[8.417s] Level 1:colcon.colcon_core.package_identification:_identify(Library/Artifacts/b2) by extension 'cmake'
[8.419s] Level 1:colcon.colcon_core.package_identification:_identify(Library/Artifacts/b2) by extension 'python'
[8.422s] Level 1:colcon.colcon_core.package_identification:_identify(Library/Artifacts/b2) by extensions ['python_setup_py']
[8.422s] Level 1:colcon.colcon_core.package_identification:_identify(Library/Artifacts/b2) by extension 'python_setup_py'
[8.431s] Level 1:colcon.colcon_core.package_identification:_identify(Library/Artifacts/b3) by extensions ['ignore', 'ignore_ament_install']
[8.431s] Level 1:colcon.colcon_core.package_identification:_identify(Library/Artifacts/b3) by extension 'ignore'
[8.434s] Level 1:colcon.colcon_core.package_identification:_identify(Library/Artifacts/b3) by extension 'ignore_ament_install'
[8.438s] Level 1:colcon.colcon_core.package_identification:_identify(Library/Artifacts/b3) by extensions ['colcon_pkg']
[8.439s] Level 1:colcon.colcon_core.package_identification:_identify(Library/Artifacts/b3) by extension 'colcon_pkg'
[8.440s] Level 1:colcon.colcon_core.package_identification:_identify(Library/Artifacts/b3) by extensions ['colcon_meta']
[8.441s] Level 1:colcon.colcon_core.package_identification:_identify(Library/Artifacts/b3) by extension 'colcon_meta'
[8.445s] Level 1:colcon.colcon_core.package_identification:_identify(Library/Artifacts/b3) by extensions ['ros']
[8.445s] Level 1:colcon.colcon_core.package_identification:_identify(Library/Artifacts/b3) by extension 'ros'
[8.454s] Level 1:colcon.colcon_core.package_identification:_identify(Library/Artifacts/b3) by extensions ['cmake', 'python']
[8.454s] Level 1:colcon.colcon_core.package_identification:_identify(Library/Artifacts/b3) by extension 'cmake'
[8.456s] Level 1:colcon.colcon_core.package_identification:_identify(Library/Artifacts/b3) by extension 'python'
[8.459s] Level 1:colcon.colcon_core.package_identification:_identify(Library/Artifacts/b3) by extensions ['python_setup_py']
[8.459s] Level 1:colcon.colcon_core.package_identification:_identify(Library/Artifacts/b3) by extension 'python_setup_py'
[8.466s] Level 1:colcon.colcon_core.package_identification:_identify(Library/Artifacts/b4) by extensions ['ignore', 'ignore_ament_install']
[8.467s] Level 1:colcon.colcon_core.package_identification:_identify(Library/Artifacts/b4) by extension 'ignore'
[8.469s] Level 1:colcon.colcon_core.package_identification:_identify(Library/Artifacts/b4) by extension 'ignore_ament_install'
[8.474s] Level 1:colcon.colcon_core.package_identification:_identify(Library/Artifacts/b4) by extensions ['colcon_pkg']
[8.475s] Level 1:colcon.colcon_core.package_identification:_identify(Library/Artifacts/b4) by extension 'colcon_pkg'
[8.478s] Level 1:colcon.colcon_core.package_identification:_identify(Library/Artifacts/b4) by extensions ['colcon_meta']
[8.479s] Level 1:colcon.colcon_core.package_identification:_identify(Library/Artifacts/b4) by extension 'colcon_meta'
[8.483s] Level 1:colcon.colcon_core.package_identification:_identify(Library/Artifacts/b4) by extensions ['ros']
[8.484s] Level 1:colcon.colcon_core.package_identification:_identify(Library/Artifacts/b4) by extension 'ros'
[8.493s] Level 1:colcon.colcon_core.package_identification:_identify(Library/Artifacts/b4) by extensions ['cmake', 'python']
[8.494s] Level 1:colcon.colcon_core.package_identification:_identify(Library/Artifacts/b4) by extension 'cmake'
[8.496s] Level 1:colcon.colcon_core.package_identification:_identify(Library/Artifacts/b4) by extension 'python'
[8.498s] Level 1:colcon.colcon_core.package_identification:_identify(Library/Artifacts/b4) by extensions ['python_setup_py']
[8.499s] Level 1:colcon.colcon_core.package_identification:_identify(Library/Artifacts/b4) by extension 'python_setup_py'
[8.509s] Level 1:colcon.colcon_core.package_identification:_identify(Library/Artifacts/b5) by extensions ['ignore', 'ignore_ament_install']
[8.510s] Level 1:colcon.colcon_core.package_identification:_identify(Library/Artifacts/b5) by extension 'ignore'
[8.513s] Level 1:colcon.colcon_core.package_identification:_identify(Library/Artifacts/b5) by extension 'ignore_ament_install'
[8.517s] Level 1:colcon.colcon_core.package_identification:_identify(Library/Artifacts/b5) by extensions ['colcon_pkg']
[8.517s] Level 1:colcon.colcon_core.package_identification:_identify(Library/Artifacts/b5) by extension 'colcon_pkg'
[8.520s] Level 1:colcon.colcon_core.package_identification:_identify(Library/Artifacts/b5) by extensions ['colcon_meta']
[8.521s] Level 1:colcon.colcon_core.package_identification:_identify(Library/Artifacts/b5) by extension 'colcon_meta'
[8.526s] Level 1:colcon.colcon_core.package_identification:_identify(Library/Artifacts/b5) by extensions ['ros']
[8.526s] Level 1:colcon.colcon_core.package_identification:_identify(Library/Artifacts/b5) by extension 'ros'
[8.535s] Level 1:colcon.colcon_core.package_identification:_identify(Library/Artifacts/b5) by extensions ['cmake', 'python']
[8.536s] Level 1:colcon.colcon_core.package_identification:_identify(Library/Artifacts/b5) by extension 'cmake'
[8.539s] Level 1:colcon.colcon_core.package_identification:_identify(Library/Artifacts/b5) by extension 'python'
[8.542s] Level 1:colcon.colcon_core.package_identification:_identify(Library/Artifacts/b5) by extensions ['python_setup_py']
[8.543s] Level 1:colcon.colcon_core.package_identification:_identify(Library/Artifacts/b5) by extension 'python_setup_py'
[8.552s] Level 1:colcon.colcon_core.package_identification:_identify(Library/Artifacts/b6) by extensions ['ignore', 'ignore_ament_install']
[8.553s] Level 1:colcon.colcon_core.package_identification:_identify(Library/Artifacts/b6) by extension 'ignore'
[8.556s] Level 1:colcon.colcon_core.package_identification:_identify(Library/Artifacts/b6) by extension 'ignore_ament_install'
[8.560s] Level 1:colcon.colcon_core.package_identification:_identify(Library/Artifacts/b6) by extensions ['colcon_pkg']
[8.561s] Level 1:colcon.colcon_core.package_identification:_identify(Library/Artifacts/b6) by extension 'colcon_pkg'
[8.563s] Level 1:colcon.colcon_core.package_identification:_identify(Library/Artifacts/b6) by extensions ['colcon_meta']
[8.564s] Level 1:colcon.colcon_core.package_identification:_identify(Library/Artifacts/b6) by extension 'colcon_meta'
[8.568s] Level 1:colcon.colcon_core.package_identification:_identify(Library/Artifacts/b6) by extensions ['ros']
[8.569s] Level 1:colcon.colcon_core.package_identification:_identify(Library/Artifacts/b6) by extension 'ros'
[8.577s] Level 1:colcon.colcon_core.package_identification:_identify(Library/Artifacts/b6) by extensions ['cmake', 'python']
[8.578s] Level 1:colcon.colcon_core.package_identification:_identify(Library/Artifacts/b6) by extension 'cmake'
[8.581s] Level 1:colcon.colcon_core.package_identification:_identify(Library/Artifacts/b6) by extension 'python'
[8.583s] Level 1:colcon.colcon_core.package_identification:_identify(Library/Artifacts/b6) by extensions ['python_setup_py']
[8.584s] Level 1:colcon.colcon_core.package_identification:_identify(Library/Artifacts/b6) by extension 'python_setup_py'
[8.592s] Level 1:colcon.colcon_core.package_identification:_identify(Library/Artifacts/b7) by extensions ['ignore', 'ignore_ament_install']
[8.593s] Level 1:colcon.colcon_core.package_identification:_identify(Library/Artifacts/b7) by extension 'ignore'
[8.595s] Level 1:colcon.colcon_core.package_identification:_identify(Library/Artifacts/b7) by extension 'ignore_ament_install'
[8.599s] Level 1:colcon.colcon_core.package_identification:_identify(Library/Artifacts/b7) by extensions ['colcon_pkg']
[8.600s] Level 1:colcon.colcon_core.package_identification:_identify(Library/Artifacts/b7) by extension 'colcon_pkg'
[8.602s] Level 1:colcon.colcon_core.package_identification:_identify(Library/Artifacts/b7) by extensions ['colcon_meta']
[8.603s] Level 1:colcon.colcon_core.package_identification:_identify(Library/Artifacts/b7) by extension 'colcon_meta'
[8.606s] Level 1:colcon.colcon_core.package_identification:_identify(Library/Artifacts/b7) by extensions ['ros']
[8.607s] Level 1:colcon.colcon_core.package_identification:_identify(Library/Artifacts/b7) by extension 'ros'
[8.614s] Level 1:colcon.colcon_core.package_identification:_identify(Library/Artifacts/b7) by extensions ['cmake', 'python']
[8.615s] Level 1:colcon.colcon_core.package_identification:_identify(Library/Artifacts/b7) by extension 'cmake'
[8.617s] Level 1:colcon.colcon_core.package_identification:_identify(Library/Artifacts/b7) by extension 'python'
[8.620s] Level 1:colcon.colcon_core.package_identification:_identify(Library/Artifacts/b7) by extensions ['python_setup_py']
[8.620s] Level 1:colcon.colcon_core.package_identification:_identify(Library/Artifacts/b7) by extension 'python_setup_py'
[8.630s] Level 1:colcon.colcon_core.package_identification:_identify(Library/Artifacts/b8) by extensions ['ignore', 'ignore_ament_install']
[8.631s] Level 1:colcon.colcon_core.package_identification:_identify(Library/Artifacts/b8) by extension 'ignore'
[8.633s] Level 1:colcon.colcon_core.package_identification:_identify(Library/Artifacts/b8) by extension 'ignore_ament_install'
[8.636s] Level 1:colcon.colcon_core.package_identification:_identify(Library/Artifacts/b8) by extensions ['colcon_pkg']
[8.637s] Level 1:colcon.colcon_core.package_identification:_identify(Library/Artifacts/b8) by extension 'colcon_pkg'
[8.640s] Level 1:colcon.colcon_core.package_identification:_identify(Library/Artifacts/b8) by extensions ['colcon_meta']
[8.640s] Level 1:colcon.colcon_core.package_identification:_identify(Library/Artifacts/b8) by extension 'colcon_meta'
[8.644s] Level 1:colcon.colcon_core.package_identification:_identify(Library/Artifacts/b8) by extensions ['ros']
[8.645s] Level 1:colcon.colcon_core.package_identification:_identify(Library/Artifacts/b8) by extension 'ros'
[8.655s] Level 1:colcon.colcon_core.package_identification:_identify(Library/Artifacts/b8) by extensions ['cmake', 'python']
[8.655s] Level 1:colcon.colcon_core.package_identification:_identify(Library/Artifacts/b8) by extension 'cmake'
[8.658s] Level 1:colcon.colcon_core.package_identification:_identify(Library/Artifacts/b8) by extension 'python'
[8.660s] Level 1:colcon.colcon_core.package_identification:_identify(Library/Artifacts/b8) by extensions ['python_setup_py']
[8.661s] Level 1:colcon.colcon_core.package_identification:_identify(Library/Artifacts/b8) by extension 'python_setup_py'
[8.671s] Level 1:colcon.colcon_core.package_identification:_identify(Library/Artifacts/b9) by extensions ['ignore', 'ignore_ament_install']
[8.672s] Level 1:colcon.colcon_core.package_identification:_identify(Library/Artifacts/b9) by extension 'ignore'
[8.675s] Level 1:colcon.colcon_core.package_identification:_identify(Library/Artifacts/b9) by extension 'ignore_ament_install'
[8.679s] Level 1:colcon.colcon_core.package_identification:_identify(Library/Artifacts/b9) by extensions ['colcon_pkg']
[8.680s] Level 1:colcon.colcon_core.package_identification:_identify(Library/Artifacts/b9) by extension 'colcon_pkg'
[8.681s] Level 1:colcon.colcon_core.package_identification:_identify(Library/Artifacts/b9) by extensions ['colcon_meta']
[8.682s] Level 1:colcon.colcon_core.package_identification:_identify(Library/Artifacts/b9) by extension 'colcon_meta'
[8.686s] Level 1:colcon.colcon_core.package_identification:_identify(Library/Artifacts/b9) by extensions ['ros']
[8.687s] Level 1:colcon.colcon_core.package_identification:_identify(Library/Artifacts/b9) by extension 'ros'
[8.696s] Level 1:colcon.colcon_core.package_identification:_identify(Library/Artifacts/b9) by extensions ['cmake', 'python']
[8.697s] Level 1:colcon.colcon_core.package_identification:_identify(Library/Artifacts/b9) by extension 'cmake'
[8.700s] Level 1:colcon.colcon_core.package_identification:_identify(Library/Artifacts/b9) by extension 'python'
[8.703s] Level 1:colcon.colcon_core.package_identification:_identify(Library/Artifacts/b9) by extensions ['python_setup_py']
[8.704s] Level 1:colcon.colcon_core.package_identification:_identify(Library/Artifacts/b9) by extension 'python_setup_py'
[8.712s] Level 1:colcon.colcon_core.package_identification:_identify(Library/Artifacts/ba) by extensions ['ignore', 'ignore_ament_install']
[8.713s] Level 1:colcon.colcon_core.package_identification:_identify(Library/Artifacts/ba) by extension 'ignore'
[8.716s] Level 1:colcon.colcon_core.package_identification:_identify(Library/Artifacts/ba) by extension 'ignore_ament_install'
[8.720s] Level 1:colcon.colcon_core.package_identification:_identify(Library/Artifacts/ba) by extensions ['colcon_pkg']
[8.720s] Level 1:colcon.colcon_core.package_identification:_identify(Library/Artifacts/ba) by extension 'colcon_pkg'
[8.723s] Level 1:colcon.colcon_core.package_identification:_identify(Library/Artifacts/ba) by extensions ['colcon_meta']
[8.723s] Level 1:colcon.colcon_core.package_identification:_identify(Library/Artifacts/ba) by extension 'colcon_meta'
[8.727s] Level 1:colcon.colcon_core.package_identification:_identify(Library/Artifacts/ba) by extensions ['ros']
[8.728s] Level 1:colcon.colcon_core.package_identification:_identify(Library/Artifacts/ba) by extension 'ros'
[8.738s] Level 1:colcon.colcon_core.package_identification:_identify(Library/Artifacts/ba) by extensions ['cmake', 'python']
[8.739s] Level 1:colcon.colcon_core.package_identification:_identify(Library/Artifacts/ba) by extension 'cmake'
[8.742s] Level 1:colcon.colcon_core.package_identification:_identify(Library/Artifacts/ba) by extension 'python'
[8.745s] Level 1:colcon.colcon_core.package_identification:_identify(Library/Artifacts/ba) by extensions ['python_setup_py']
[8.745s] Level 1:colcon.colcon_core.package_identification:_identify(Library/Artifacts/ba) by extension 'python_setup_py'
[8.756s] Level 1:colcon.colcon_core.package_identification:_identify(Library/Artifacts/bb) by extensions ['ignore', 'ignore_ament_install']
[8.757s] Level 1:colcon.colcon_core.package_identification:_identify(Library/Artifacts/bb) by extension 'ignore'
[8.759s] Level 1:colcon.colcon_core.package_identification:_identify(Library/Artifacts/bb) by extension 'ignore_ament_install'
[8.765s] Level 1:colcon.colcon_core.package_identification:_identify(Library/Artifacts/bb) by extensions ['colcon_pkg']
[8.766s] Level 1:colcon.colcon_core.package_identification:_identify(Library/Artifacts/bb) by extension 'colcon_pkg'
[8.770s] Level 1:colcon.colcon_core.package_identification:_identify(Library/Artifacts/bb) by extensions ['colcon_meta']
[8.770s] Level 1:colcon.colcon_core.package_identification:_identify(Library/Artifacts/bb) by extension 'colcon_meta'
[8.774s] Level 1:colcon.colcon_core.package_identification:_identify(Library/Artifacts/bb) by extensions ['ros']
[8.775s] Level 1:colcon.colcon_core.package_identification:_identify(Library/Artifacts/bb) by extension 'ros'
[8.785s] Level 1:colcon.colcon_core.package_identification:_identify(Library/Artifacts/bb) by extensions ['cmake', 'python']
[8.786s] Level 1:colcon.colcon_core.package_identification:_identify(Library/Artifacts/bb) by extension 'cmake'
[8.788s] Level 1:colcon.colcon_core.package_identification:_identify(Library/Artifacts/bb) by extension 'python'
[8.790s] Level 1:colcon.colcon_core.package_identification:_identify(Library/Artifacts/bb) by extensions ['python_setup_py']
[8.791s] Level 1:colcon.colcon_core.package_identification:_identify(Library/Artifacts/bb) by extension 'python_setup_py'
[8.800s] Level 1:colcon.colcon_core.package_identification:_identify(Library/Artifacts/bc) by extensions ['ignore', 'ignore_ament_install']
[8.801s] Level 1:colcon.colcon_core.package_identification:_identify(Library/Artifacts/bc) by extension 'ignore'
[8.804s] Level 1:colcon.colcon_core.package_identification:_identify(Library/Artifacts/bc) by extension 'ignore_ament_install'
[8.809s] Level 1:colcon.colcon_core.package_identification:_identify(Library/Artifacts/bc) by extensions ['colcon_pkg']
[8.809s] Level 1:colcon.colcon_core.package_identification:_identify(Library/Artifacts/bc) by extension 'colcon_pkg'
[8.812s] Level 1:colcon.colcon_core.package_identification:_identify(Library/Artifacts/bc) by extensions ['colcon_meta']
[8.813s] Level 1:colcon.colcon_core.package_identification:_identify(Library/Artifacts/bc) by extension 'colcon_meta'
[8.820s] Level 1:colcon.colcon_core.package_identification:_identify(Library/Artifacts/bc) by extensions ['ros']
[8.820s] Level 1:colcon.colcon_core.package_identification:_identify(Library/Artifacts/bc) by extension 'ros'
[8.829s] Level 1:colcon.colcon_core.package_identification:_identify(Library/Artifacts/bc) by extensions ['cmake', 'python']
[8.830s] Level 1:colcon.colcon_core.package_identification:_identify(Library/Artifacts/bc) by extension 'cmake'
[8.833s] Level 1:colcon.colcon_core.package_identification:_identify(Library/Artifacts/bc) by extension 'python'
[8.835s] Level 1:colcon.colcon_core.package_identification:_identify(Library/Artifacts/bc) by extensions ['python_setup_py']
[8.836s] Level 1:colcon.colcon_core.package_identification:_identify(Library/Artifacts/bc) by extension 'python_setup_py'
[8.845s] Level 1:colcon.colcon_core.package_identification:_identify(Library/Artifacts/bd) by extensions ['ignore', 'ignore_ament_install']
[8.845s] Level 1:colcon.colcon_core.package_identification:_identify(Library/Artifacts/bd) by extension 'ignore'
[8.848s] Level 1:colcon.colcon_core.package_identification:_identify(Library/Artifacts/bd) by extension 'ignore_ament_install'
[8.853s] Level 1:colcon.colcon_core.package_identification:_identify(Library/Artifacts/bd) by extensions ['colcon_pkg']
[8.853s] Level 1:colcon.colcon_core.package_identification:_identify(Library/Artifacts/bd) by extension 'colcon_pkg'
[8.856s] Level 1:colcon.colcon_core.package_identification:_identify(Library/Artifacts/bd) by extensions ['colcon_meta']
[8.857s] Level 1:colcon.colcon_core.package_identification:_identify(Library/Artifacts/bd) by extension 'colcon_meta'
[8.861s] Level 1:colcon.colcon_core.package_identification:_identify(Library/Artifacts/bd) by extensions ['ros']
[8.862s] Level 1:colcon.colcon_core.package_identification:_identify(Library/Artifacts/bd) by extension 'ros'
[8.871s] Level 1:colcon.colcon_core.package_identification:_identify(Library/Artifacts/bd) by extensions ['cmake', 'python']
[8.871s] Level 1:colcon.colcon_core.package_identification:_identify(Library/Artifacts/bd) by extension 'cmake'
[8.874s] Level 1:colcon.colcon_core.package_identification:_identify(Library/Artifacts/bd) by extension 'python'
[8.876s] Level 1:colcon.colcon_core.package_identification:_identify(Library/Artifacts/bd) by extensions ['python_setup_py']
[8.877s] Level 1:colcon.colcon_core.package_identification:_identify(Library/Artifacts/bd) by extension 'python_setup_py'
[8.887s] Level 1:colcon.colcon_core.package_identification:_identify(Library/Artifacts/be) by extensions ['ignore', 'ignore_ament_install']
[8.888s] Level 1:colcon.colcon_core.package_identification:_identify(Library/Artifacts/be) by extension 'ignore'
[8.890s] Level 1:colcon.colcon_core.package_identification:_identify(Library/Artifacts/be) by extension 'ignore_ament_install'
[8.894s] Level 1:colcon.colcon_core.package_identification:_identify(Library/Artifacts/be) by extensions ['colcon_pkg']
[8.895s] Level 1:colcon.colcon_core.package_identification:_identify(Library/Artifacts/be) by extension 'colcon_pkg'
[8.897s] Level 1:colcon.colcon_core.package_identification:_identify(Library/Artifacts/be) by extensions ['colcon_meta']
[8.898s] Level 1:colcon.colcon_core.package_identification:_identify(Library/Artifacts/be) by extension 'colcon_meta'
[8.903s] Level 1:colcon.colcon_core.package_identification:_identify(Library/Artifacts/be) by extensions ['ros']
[8.903s] Level 1:colcon.colcon_core.package_identification:_identify(Library/Artifacts/be) by extension 'ros'
[8.913s] Level 1:colcon.colcon_core.package_identification:_identify(Library/Artifacts/be) by extensions ['cmake', 'python']
[8.914s] Level 1:colcon.colcon_core.package_identification:_identify(Library/Artifacts/be) by extension 'cmake'
[8.916s] Level 1:colcon.colcon_core.package_identification:_identify(Library/Artifacts/be) by extension 'python'
[8.919s] Level 1:colcon.colcon_core.package_identification:_identify(Library/Artifacts/be) by extensions ['python_setup_py']
[8.919s] Level 1:colcon.colcon_core.package_identification:_identify(Library/Artifacts/be) by extension 'python_setup_py'
[8.928s] Level 1:colcon.colcon_core.package_identification:_identify(Library/Artifacts/bf) by extensions ['ignore', 'ignore_ament_install']
[8.929s] Level 1:colcon.colcon_core.package_identification:_identify(Library/Artifacts/bf) by extension 'ignore'
[8.932s] Level 1:colcon.colcon_core.package_identification:_identify(Library/Artifacts/bf) by extension 'ignore_ament_install'
[8.936s] Level 1:colcon.colcon_core.package_identification:_identify(Library/Artifacts/bf) by extensions ['colcon_pkg']
[8.936s] Level 1:colcon.colcon_core.package_identification:_identify(Library/Artifacts/bf) by extension 'colcon_pkg'
[8.939s] Level 1:colcon.colcon_core.package_identification:_identify(Library/Artifacts/bf) by extensions ['colcon_meta']
[8.940s] Level 1:colcon.colcon_core.package_identification:_identify(Library/Artifacts/bf) by extension 'colcon_meta'
[8.944s] Level 1:colcon.colcon_core.package_identification:_identify(Library/Artifacts/bf) by extensions ['ros']
[8.945s] Level 1:colcon.colcon_core.package_identification:_identify(Library/Artifacts/bf) by extension 'ros'
[8.954s] Level 1:colcon.colcon_core.package_identification:_identify(Library/Artifacts/bf) by extensions ['cmake', 'python']
[8.955s] Level 1:colcon.colcon_core.package_identification:_identify(Library/Artifacts/bf) by extension 'cmake'
[8.957s] Level 1:colcon.colcon_core.package_identification:_identify(Library/Artifacts/bf) by extension 'python'
[8.960s] Level 1:colcon.colcon_core.package_identification:_identify(Library/Artifacts/bf) by extensions ['python_setup_py']
[8.961s] Level 1:colcon.colcon_core.package_identification:_identify(Library/Artifacts/bf) by extension 'python_setup_py'
[8.970s] Level 1:colcon.colcon_core.package_identification:_identify(Library/Artifacts/c0) by extensions ['ignore', 'ignore_ament_install']
[8.970s] Level 1:colcon.colcon_core.package_identification:_identify(Library/Artifacts/c0) by extension 'ignore'
[8.972s] Level 1:colcon.colcon_core.package_identification:_identify(Library/Artifacts/c0) by extension 'ignore_ament_install'
[8.976s] Level 1:colcon.colcon_core.package_identification:_identify(Library/Artifacts/c0) by extensions ['colcon_pkg']
[8.977s] Level 1:colcon.colcon_core.package_identification:_identify(Library/Artifacts/c0) by extension 'colcon_pkg'
[8.979s] Level 1:colcon.colcon_core.package_identification:_identify(Library/Artifacts/c0) by extensions ['colcon_meta']
[8.980s] Level 1:colcon.colcon_core.package_identification:_identify(Library/Artifacts/c0) by extension 'colcon_meta'
[8.984s] Level 1:colcon.colcon_core.package_identification:_identify(Library/Artifacts/c0) by extensions ['ros']
[8.984s] Level 1:colcon.colcon_core.package_identification:_identify(Library/Artifacts/c0) by extension 'ros'
[8.993s] Level 1:colcon.colcon_core.package_identification:_identify(Library/Artifacts/c0) by extensions ['cmake', 'python']
[8.994s] Level 1:colcon.colcon_core.package_identification:_identify(Library/Artifacts/c0) by extension 'cmake'
[8.997s] Level 1:colcon.colcon_core.package_identification:_identify(Library/Artifacts/c0) by extension 'python'
[8.999s] Level 1:colcon.colcon_core.package_identification:_identify(Library/Artifacts/c0) by extensions ['python_setup_py']
[9.000s] Level 1:colcon.colcon_core.package_identification:_identify(Library/Artifacts/c0) by extension 'python_setup_py'
[9.009s] Level 1:colcon.colcon_core.package_identification:_identify(Library/Artifacts/c1) by extensions ['ignore', 'ignore_ament_install']
[9.010s] Level 1:colcon.colcon_core.package_identification:_identify(Library/Artifacts/c1) by extension 'ignore'
[9.013s] Level 1:colcon.colcon_core.package_identification:_identify(Library/Artifacts/c1) by extension 'ignore_ament_install'
[9.017s] Level 1:colcon.colcon_core.package_identification:_identify(Library/Artifacts/c1) by extensions ['colcon_pkg']
[9.018s] Level 1:colcon.colcon_core.package_identification:_identify(Library/Artifacts/c1) by extension 'colcon_pkg'
[9.021s] Level 1:colcon.colcon_core.package_identification:_identify(Library/Artifacts/c1) by extensions ['colcon_meta']
[9.021s] Level 1:colcon.colcon_core.package_identification:_identify(Library/Artifacts/c1) by extension 'colcon_meta'
[9.025s] Level 1:colcon.colcon_core.package_identification:_identify(Library/Artifacts/c1) by extensions ['ros']
[9.026s] Level 1:colcon.colcon_core.package_identification:_identify(Library/Artifacts/c1) by extension 'ros'
[9.035s] Level 1:colcon.colcon_core.package_identification:_identify(Library/Artifacts/c1) by extensions ['cmake', 'python']
[9.036s] Level 1:colcon.colcon_core.package_identification:_identify(Library/Artifacts/c1) by extension 'cmake'
[9.038s] Level 1:colcon.colcon_core.package_identification:_identify(Library/Artifacts/c1) by extension 'python'
[9.040s] Level 1:colcon.colcon_core.package_identification:_identify(Library/Artifacts/c1) by extensions ['python_setup_py']
[9.041s] Level 1:colcon.colcon_core.package_identification:_identify(Library/Artifacts/c1) by extension 'python_setup_py'
[9.050s] Level 1:colcon.colcon_core.package_identification:_identify(Library/Artifacts/c2) by extensions ['ignore', 'ignore_ament_install']
[9.051s] Level 1:colcon.colcon_core.package_identification:_identify(Library/Artifacts/c2) by extension 'ignore'
[9.054s] Level 1:colcon.colcon_core.package_identification:_identify(Library/Artifacts/c2) by extension 'ignore_ament_install'
[9.058s] Level 1:colcon.colcon_core.package_identification:_identify(Library/Artifacts/c2) by extensions ['colcon_pkg']
[9.059s] Level 1:colcon.colcon_core.package_identification:_identify(Library/Artifacts/c2) by extension 'colcon_pkg'
[9.061s] Level 1:colcon.colcon_core.package_identification:_identify(Library/Artifacts/c2) by extensions ['colcon_meta']
[9.062s] Level 1:colcon.colcon_core.package_identification:_identify(Library/Artifacts/c2) by extension 'colcon_meta'
[9.066s] Level 1:colcon.colcon_core.package_identification:_identify(Library/Artifacts/c2) by extensions ['ros']
[9.067s] Level 1:colcon.colcon_core.package_identification:_identify(Library/Artifacts/c2) by extension 'ros'
[9.076s] Level 1:colcon.colcon_core.package_identification:_identify(Library/Artifacts/c2) by extensions ['cmake', 'python']
[9.077s] Level 1:colcon.colcon_core.package_identification:_identify(Library/Artifacts/c2) by extension 'cmake'
[9.079s] Level 1:colcon.colcon_core.package_identification:_identify(Library/Artifacts/c2) by extension 'python'
[9.082s] Level 1:colcon.colcon_core.package_identification:_identify(Library/Artifacts/c2) by extensions ['python_setup_py']
[9.083s] Level 1:colcon.colcon_core.package_identification:_identify(Library/Artifacts/c2) by extension 'python_setup_py'
[9.092s] Level 1:colcon.colcon_core.package_identification:_identify(Library/Artifacts/c3) by extensions ['ignore', 'ignore_ament_install']
[9.093s] Level 1:colcon.colcon_core.package_identification:_identify(Library/Artifacts/c3) by extension 'ignore'
[9.095s] Level 1:colcon.colcon_core.package_identification:_identify(Library/Artifacts/c3) by extension 'ignore_ament_install'
[9.100s] Level 1:colcon.colcon_core.package_identification:_identify(Library/Artifacts/c3) by extensions ['colcon_pkg']
[9.100s] Level 1:colcon.colcon_core.package_identification:_identify(Library/Artifacts/c3) by extension 'colcon_pkg'
[9.103s] Level 1:colcon.colcon_core.package_identification:_identify(Library/Artifacts/c3) by extensions ['colcon_meta']
[9.103s] Level 1:colcon.colcon_core.package_identification:_identify(Library/Artifacts/c3) by extension 'colcon_meta'
[9.107s] Level 1:colcon.colcon_core.package_identification:_identify(Library/Artifacts/c3) by extensions ['ros']
[9.108s] Level 1:colcon.colcon_core.package_identification:_identify(Library/Artifacts/c3) by extension 'ros'
[9.117s] Level 1:colcon.colcon_core.package_identification:_identify(Library/Artifacts/c3) by extensions ['cmake', 'python']
[9.118s] Level 1:colcon.colcon_core.package_identification:_identify(Library/Artifacts/c3) by extension 'cmake'
[9.120s] Level 1:colcon.colcon_core.package_identification:_identify(Library/Artifacts/c3) by extension 'python'
[9.123s] Level 1:colcon.colcon_core.package_identification:_identify(Library/Artifacts/c3) by extensions ['python_setup_py']
[9.123s] Level 1:colcon.colcon_core.package_identification:_identify(Library/Artifacts/c3) by extension 'python_setup_py'
[9.129s] Level 1:colcon.colcon_core.package_identification:_identify(Library/Artifacts/c4) by extensions ['ignore', 'ignore_ament_install']
[9.130s] Level 1:colcon.colcon_core.package_identification:_identify(Library/Artifacts/c4) by extension 'ignore'
[9.132s] Level 1:colcon.colcon_core.package_identification:_identify(Library/Artifacts/c4) by extension 'ignore_ament_install'
[9.139s] Level 1:colcon.colcon_core.package_identification:_identify(Library/Artifacts/c4) by extensions ['colcon_pkg']
[9.139s] Level 1:colcon.colcon_core.package_identification:_identify(Library/Artifacts/c4) by extension 'colcon_pkg'
[9.142s] Level 1:colcon.colcon_core.package_identification:_identify(Library/Artifacts/c4) by extensions ['colcon_meta']
[9.142s] Level 1:colcon.colcon_core.package_identification:_identify(Library/Artifacts/c4) by extension 'colcon_meta'
[9.146s] Level 1:colcon.colcon_core.package_identification:_identify(Library/Artifacts/c4) by extensions ['ros']
[9.147s] Level 1:colcon.colcon_core.package_identification:_identify(Library/Artifacts/c4) by extension 'ros'
[9.157s] Level 1:colcon.colcon_core.package_identification:_identify(Library/Artifacts/c4) by extensions ['cmake', 'python']
[9.158s] Level 1:colcon.colcon_core.package_identification:_identify(Library/Artifacts/c4) by extension 'cmake'
[9.161s] Level 1:colcon.colcon_core.package_identification:_identify(Library/Artifacts/c4) by extension 'python'
[9.163s] Level 1:colcon.colcon_core.package_identification:_identify(Library/Artifacts/c4) by extensions ['python_setup_py']
[9.164s] Level 1:colcon.colcon_core.package_identification:_identify(Library/Artifacts/c4) by extension 'python_setup_py'
[9.175s] Level 1:colcon.colcon_core.package_identification:_identify(Library/Artifacts/c5) by extensions ['ignore', 'ignore_ament_install']
[9.176s] Level 1:colcon.colcon_core.package_identification:_identify(Library/Artifacts/c5) by extension 'ignore'
[9.178s] Level 1:colcon.colcon_core.package_identification:_identify(Library/Artifacts/c5) by extension 'ignore_ament_install'
[9.182s] Level 1:colcon.colcon_core.package_identification:_identify(Library/Artifacts/c5) by extensions ['colcon_pkg']
[9.183s] Level 1:colcon.colcon_core.package_identification:_identify(Library/Artifacts/c5) by extension 'colcon_pkg'
[9.185s] Level 1:colcon.colcon_core.package_identification:_identify(Library/Artifacts/c5) by extensions ['colcon_meta']
[9.186s] Level 1:colcon.colcon_core.package_identification:_identify(Library/Artifacts/c5) by extension 'colcon_meta'
[9.190s] Level 1:colcon.colcon_core.package_identification:_identify(Library/Artifacts/c5) by extensions ['ros']
[9.191s] Level 1:colcon.colcon_core.package_identification:_identify(Library/Artifacts/c5) by extension 'ros'
[9.200s] Level 1:colcon.colcon_core.package_identification:_identify(Library/Artifacts/c5) by extensions ['cmake', 'python']
[9.200s] Level 1:colcon.colcon_core.package_identification:_identify(Library/Artifacts/c5) by extension 'cmake'
[9.204s] Level 1:colcon.colcon_core.package_identification:_identify(Library/Artifacts/c5) by extension 'python'
[9.206s] Level 1:colcon.colcon_core.package_identification:_identify(Library/Artifacts/c5) by extensions ['python_setup_py']
[9.207s] Level 1:colcon.colcon_core.package_identification:_identify(Library/Artifacts/c5) by extension 'python_setup_py'
[9.216s] Level 1:colcon.colcon_core.package_identification:_identify(Library/Artifacts/c6) by extensions ['ignore', 'ignore_ament_install']
[9.217s] Level 1:colcon.colcon_core.package_identification:_identify(Library/Artifacts/c6) by extension 'ignore'
[9.219s] Level 1:colcon.colcon_core.package_identification:_identify(Library/Artifacts/c6) by extension 'ignore_ament_install'
[9.224s] Level 1:colcon.colcon_core.package_identification:_identify(Library/Artifacts/c6) by extensions ['colcon_pkg']
[9.224s] Level 1:colcon.colcon_core.package_identification:_identify(Library/Artifacts/c6) by extension 'colcon_pkg'
[9.226s] Level 1:colcon.colcon_core.package_identification:_identify(Library/Artifacts/c6) by extensions ['colcon_meta']
[9.228s] Level 1:colcon.colcon_core.package_identification:_identify(Library/Artifacts/c6) by extension 'colcon_meta'
[9.232s] Level 1:colcon.colcon_core.package_identification:_identify(Library/Artifacts/c6) by extensions ['ros']
[9.233s] Level 1:colcon.colcon_core.package_identification:_identify(Library/Artifacts/c6) by extension 'ros'
[9.242s] Level 1:colcon.colcon_core.package_identification:_identify(Library/Artifacts/c6) by extensions ['cmake', 'python']
[9.243s] Level 1:colcon.colcon_core.package_identification:_identify(Library/Artifacts/c6) by extension 'cmake'
[9.246s] Level 1:colcon.colcon_core.package_identification:_identify(Library/Artifacts/c6) by extension 'python'
[9.248s] Level 1:colcon.colcon_core.package_identification:_identify(Library/Artifacts/c6) by extensions ['python_setup_py']
[9.249s] Level 1:colcon.colcon_core.package_identification:_identify(Library/Artifacts/c6) by extension 'python_setup_py'
[9.258s] Level 1:colcon.colcon_core.package_identification:_identify(Library/Artifacts/c7) by extensions ['ignore', 'ignore_ament_install']
[9.259s] Level 1:colcon.colcon_core.package_identification:_identify(Library/Artifacts/c7) by extension 'ignore'
[9.262s] Level 1:colcon.colcon_core.package_identification:_identify(Library/Artifacts/c7) by extension 'ignore_ament_install'
[9.265s] Level 1:colcon.colcon_core.package_identification:_identify(Library/Artifacts/c7) by extensions ['colcon_pkg']
[9.266s] Level 1:colcon.colcon_core.package_identification:_identify(Library/Artifacts/c7) by extension 'colcon_pkg'
[9.268s] Level 1:colcon.colcon_core.package_identification:_identify(Library/Artifacts/c7) by extensions ['colcon_meta']
[9.269s] Level 1:colcon.colcon_core.package_identification:_identify(Library/Artifacts/c7) by extension 'colcon_meta'
[9.273s] Level 1:colcon.colcon_core.package_identification:_identify(Library/Artifacts/c7) by extensions ['ros']
[9.274s] Level 1:colcon.colcon_core.package_identification:_identify(Library/Artifacts/c7) by extension 'ros'
[9.283s] Level 1:colcon.colcon_core.package_identification:_identify(Library/Artifacts/c7) by extensions ['cmake', 'python']
[9.284s] Level 1:colcon.colcon_core.package_identification:_identify(Library/Artifacts/c7) by extension 'cmake'
[9.286s] Level 1:colcon.colcon_core.package_identification:_identify(Library/Artifacts/c7) by extension 'python'
[9.288s] Level 1:colcon.colcon_core.package_identification:_identify(Library/Artifacts/c7) by extensions ['python_setup_py']
[9.289s] Level 1:colcon.colcon_core.package_identification:_identify(Library/Artifacts/c7) by extension 'python_setup_py'
[9.297s] Level 1:colcon.colcon_core.package_identification:_identify(Library/Artifacts/c8) by extensions ['ignore', 'ignore_ament_install']
[9.298s] Level 1:colcon.colcon_core.package_identification:_identify(Library/Artifacts/c8) by extension 'ignore'
[9.301s] Level 1:colcon.colcon_core.package_identification:_identify(Library/Artifacts/c8) by extension 'ignore_ament_install'
[9.305s] Level 1:colcon.colcon_core.package_identification:_identify(Library/Artifacts/c8) by extensions ['colcon_pkg']
[9.305s] Level 1:colcon.colcon_core.package_identification:_identify(Library/Artifacts/c8) by extension 'colcon_pkg'
[9.308s] Level 1:colcon.colcon_core.package_identification:_identify(Library/Artifacts/c8) by extensions ['colcon_meta']
[9.308s] Level 1:colcon.colcon_core.package_identification:_identify(Library/Artifacts/c8) by extension 'colcon_meta'
[9.313s] Level 1:colcon.colcon_core.package_identification:_identify(Library/Artifacts/c8) by extensions ['ros']
[9.314s] Level 1:colcon.colcon_core.package_identification:_identify(Library/Artifacts/c8) by extension 'ros'
[9.323s] Level 1:colcon.colcon_core.package_identification:_identify(Library/Artifacts/c8) by extensions ['cmake', 'python']
[9.324s] Level 1:colcon.colcon_core.package_identification:_identify(Library/Artifacts/c8) by extension 'cmake'
[9.326s] Level 1:colcon.colcon_core.package_identification:_identify(Library/Artifacts/c8) by extension 'python'
[9.328s] Level 1:colcon.colcon_core.package_identification:_identify(Library/Artifacts/c8) by extensions ['python_setup_py']
[9.329s] Level 1:colcon.colcon_core.package_identification:_identify(Library/Artifacts/c8) by extension 'python_setup_py'
[9.336s] Level 1:colcon.colcon_core.package_identification:_identify(Library/Artifacts/c9) by extensions ['ignore', 'ignore_ament_install']
[9.337s] Level 1:colcon.colcon_core.package_identification:_identify(Library/Artifacts/c9) by extension 'ignore'
[9.339s] Level 1:colcon.colcon_core.package_identification:_identify(Library/Artifacts/c9) by extension 'ignore_ament_install'
[9.343s] Level 1:colcon.colcon_core.package_identification:_identify(Library/Artifacts/c9) by extensions ['colcon_pkg']
[9.343s] Level 1:colcon.colcon_core.package_identification:_identify(Library/Artifacts/c9) by extension 'colcon_pkg'
[9.346s] Level 1:colcon.colcon_core.package_identification:_identify(Library/Artifacts/c9) by extensions ['colcon_meta']
[9.346s] Level 1:colcon.colcon_core.package_identification:_identify(Library/Artifacts/c9) by extension 'colcon_meta'
[9.350s] Level 1:colcon.colcon_core.package_identification:_identify(Library/Artifacts/c9) by extensions ['ros']
[9.351s] Level 1:colcon.colcon_core.package_identification:_identify(Library/Artifacts/c9) by extension 'ros'
[9.359s] Level 1:colcon.colcon_core.package_identification:_identify(Library/Artifacts/c9) by extensions ['cmake', 'python']
[9.361s] Level 1:colcon.colcon_core.package_identification:_identify(Library/Artifacts/c9) by extension 'cmake'
[9.363s] Level 1:colcon.colcon_core.package_identification:_identify(Library/Artifacts/c9) by extension 'python'
[9.366s] Level 1:colcon.colcon_core.package_identification:_identify(Library/Artifacts/c9) by extensions ['python_setup_py']
[9.366s] Level 1:colcon.colcon_core.package_identification:_identify(Library/Artifacts/c9) by extension 'python_setup_py'
[9.375s] Level 1:colcon.colcon_core.package_identification:_identify(Library/Artifacts/ca) by extensions ['ignore', 'ignore_ament_install']
[9.376s] Level 1:colcon.colcon_core.package_identification:_identify(Library/Artifacts/ca) by extension 'ignore'
[9.379s] Level 1:colcon.colcon_core.package_identification:_identify(Library/Artifacts/ca) by extension 'ignore_ament_install'
[9.383s] Level 1:colcon.colcon_core.package_identification:_identify(Library/Artifacts/ca) by extensions ['colcon_pkg']
[9.384s] Level 1:colcon.colcon_core.package_identification:_identify(Library/Artifacts/ca) by extension 'colcon_pkg'
[9.386s] Level 1:colcon.colcon_core.package_identification:_identify(Library/Artifacts/ca) by extensions ['colcon_meta']
[9.387s] Level 1:colcon.colcon_core.package_identification:_identify(Library/Artifacts/ca) by extension 'colcon_meta'
[9.391s] Level 1:colcon.colcon_core.package_identification:_identify(Library/Artifacts/ca) by extensions ['ros']
[9.392s] Level 1:colcon.colcon_core.package_identification:_identify(Library/Artifacts/ca) by extension 'ros'
[9.401s] Level 1:colcon.colcon_core.package_identification:_identify(Library/Artifacts/ca) by extensions ['cmake', 'python']
[9.401s] Level 1:colcon.colcon_core.package_identification:_identify(Library/Artifacts/ca) by extension 'cmake'
[9.404s] Level 1:colcon.colcon_core.package_identification:_identify(Library/Artifacts/ca) by extension 'python'
[9.406s] Level 1:colcon.colcon_core.package_identification:_identify(Library/Artifacts/ca) by extensions ['python_setup_py']
[9.407s] Level 1:colcon.colcon_core.package_identification:_identify(Library/Artifacts/ca) by extension 'python_setup_py'
[9.414s] Level 1:colcon.colcon_core.package_identification:_identify(Library/Artifacts/cb) by extensions ['ignore', 'ignore_ament_install']
[9.415s] Level 1:colcon.colcon_core.package_identification:_identify(Library/Artifacts/cb) by extension 'ignore'
[9.418s] Level 1:colcon.colcon_core.package_identification:_identify(Library/Artifacts/cb) by extension 'ignore_ament_install'
[9.423s] Level 1:colcon.colcon_core.package_identification:_identify(Library/Artifacts/cb) by extensions ['colcon_pkg']
[9.424s] Level 1:colcon.colcon_core.package_identification:_identify(Library/Artifacts/cb) by extension 'colcon_pkg'
[9.426s] Level 1:colcon.colcon_core.package_identification:_identify(Library/Artifacts/cb) by extensions ['colcon_meta']
[9.427s] Level 1:colcon.colcon_core.package_identification:_identify(Library/Artifacts/cb) by extension 'colcon_meta'
[9.431s] Level 1:colcon.colcon_core.package_identification:_identify(Library/Artifacts/cb) by extensions ['ros']
[9.432s] Level 1:colcon.colcon_core.package_identification:_identify(Library/Artifacts/cb) by extension 'ros'
[9.442s] Level 1:colcon.colcon_core.package_identification:_identify(Library/Artifacts/cb) by extensions ['cmake', 'python']
[9.443s] Level 1:colcon.colcon_core.package_identification:_identify(Library/Artifacts/cb) by extension 'cmake'
[9.445s] Level 1:colcon.colcon_core.package_identification:_identify(Library/Artifacts/cb) by extension 'python'
[9.448s] Level 1:colcon.colcon_core.package_identification:_identify(Library/Artifacts/cb) by extensions ['python_setup_py']
[9.449s] Level 1:colcon.colcon_core.package_identification:_identify(Library/Artifacts/cb) by extension 'python_setup_py'
[9.459s] Level 1:colcon.colcon_core.package_identification:_identify(Library/Artifacts/cc) by extensions ['ignore', 'ignore_ament_install']
[9.460s] Level 1:colcon.colcon_core.package_identification:_identify(Library/Artifacts/cc) by extension 'ignore'
[9.463s] Level 1:colcon.colcon_core.package_identification:_identify(Library/Artifacts/cc) by extension 'ignore_ament_install'
[9.468s] Level 1:colcon.colcon_core.package_identification:_identify(Library/Artifacts/cc) by extensions ['colcon_pkg']
[9.469s] Level 1:colcon.colcon_core.package_identification:_identify(Library/Artifacts/cc) by extension 'colcon_pkg'
[9.472s] Level 1:colcon.colcon_core.package_identification:_identify(Library/Artifacts/cc) by extensions ['colcon_meta']
[9.472s] Level 1:colcon.colcon_core.package_identification:_identify(Library/Artifacts/cc) by extension 'colcon_meta'
[9.476s] Level 1:colcon.colcon_core.package_identification:_identify(Library/Artifacts/cc) by extensions ['ros']
[9.477s] Level 1:colcon.colcon_core.package_identification:_identify(Library/Artifacts/cc) by extension 'ros'
[9.488s] Level 1:colcon.colcon_core.package_identification:_identify(Library/Artifacts/cc) by extensions ['cmake', 'python']
[9.489s] Level 1:colcon.colcon_core.package_identification:_identify(Library/Artifacts/cc) by extension 'cmake'
[9.492s] Level 1:colcon.colcon_core.package_identification:_identify(Library/Artifacts/cc) by extension 'python'
[9.494s] Level 1:colcon.colcon_core.package_identification:_identify(Library/Artifacts/cc) by extensions ['python_setup_py']
[9.495s] Level 1:colcon.colcon_core.package_identification:_identify(Library/Artifacts/cc) by extension 'python_setup_py'
[9.506s] Level 1:colcon.colcon_core.package_identification:_identify(Library/Artifacts/cd) by extensions ['ignore', 'ignore_ament_install']
[9.507s] Level 1:colcon.colcon_core.package_identification:_identify(Library/Artifacts/cd) by extension 'ignore'
[9.510s] Level 1:colcon.colcon_core.package_identification:_identify(Library/Artifacts/cd) by extension 'ignore_ament_install'
[9.516s] Level 1:colcon.colcon_core.package_identification:_identify(Library/Artifacts/cd) by extensions ['colcon_pkg']
[9.517s] Level 1:colcon.colcon_core.package_identification:_identify(Library/Artifacts/cd) by extension 'colcon_pkg'
[9.519s] Level 1:colcon.colcon_core.package_identification:_identify(Library/Artifacts/cd) by extensions ['colcon_meta']
[9.520s] Level 1:colcon.colcon_core.package_identification:_identify(Library/Artifacts/cd) by extension 'colcon_meta'
[9.524s] Level 1:colcon.colcon_core.package_identification:_identify(Library/Artifacts/cd) by extensions ['ros']
[9.525s] Level 1:colcon.colcon_core.package_identification:_identify(Library/Artifacts/cd) by extension 'ros'
[9.533s] Level 1:colcon.colcon_core.package_identification:_identify(Library/Artifacts/cd) by extensions ['cmake', 'python']
[9.534s] Level 1:colcon.colcon_core.package_identification:_identify(Library/Artifacts/cd) by extension 'cmake'
[9.536s] Level 1:colcon.colcon_core.package_identification:_identify(Library/Artifacts/cd) by extension 'python'
[9.538s] Level 1:colcon.colcon_core.package_identification:_identify(Library/Artifacts/cd) by extensions ['python_setup_py']
[9.539s] Level 1:colcon.colcon_core.package_identification:_identify(Library/Artifacts/cd) by extension 'python_setup_py'
[9.547s] Level 1:colcon.colcon_core.package_identification:_identify(Library/Artifacts/ce) by extensions ['ignore', 'ignore_ament_install']
[9.548s] Level 1:colcon.colcon_core.package_identification:_identify(Library/Artifacts/ce) by extension 'ignore'
[9.551s] Level 1:colcon.colcon_core.package_identification:_identify(Library/Artifacts/ce) by extension 'ignore_ament_install'
[9.557s] Level 1:colcon.colcon_core.package_identification:_identify(Library/Artifacts/ce) by extensions ['colcon_pkg']
[9.557s] Level 1:colcon.colcon_core.package_identification:_identify(Library/Artifacts/ce) by extension 'colcon_pkg'
[9.560s] Level 1:colcon.colcon_core.package_identification:_identify(Library/Artifacts/ce) by extensions ['colcon_meta']
[9.561s] Level 1:colcon.colcon_core.package_identification:_identify(Library/Artifacts/ce) by extension 'colcon_meta'
[9.568s] Level 1:colcon.colcon_core.package_identification:_identify(Library/Artifacts/ce) by extensions ['ros']
[9.569s] Level 1:colcon.colcon_core.package_identification:_identify(Library/Artifacts/ce) by extension 'ros'
[9.579s] Level 1:colcon.colcon_core.package_identification:_identify(Library/Artifacts/ce) by extensions ['cmake', 'python']
[9.580s] Level 1:colcon.colcon_core.package_identification:_identify(Library/Artifacts/ce) by extension 'cmake'
[9.582s] Level 1:colcon.colcon_core.package_identification:_identify(Library/Artifacts/ce) by extension 'python'
[9.584s] Level 1:colcon.colcon_core.package_identification:_identify(Library/Artifacts/ce) by extensions ['python_setup_py']
[9.585s] Level 1:colcon.colcon_core.package_identification:_identify(Library/Artifacts/ce) by extension 'python_setup_py'
[9.594s] Level 1:colcon.colcon_core.package_identification:_identify(Library/Artifacts/cf) by extensions ['ignore', 'ignore_ament_install']
[9.596s] Level 1:colcon.colcon_core.package_identification:_identify(Library/Artifacts/cf) by extension 'ignore'
[9.599s] Level 1:colcon.colcon_core.package_identification:_identify(Library/Artifacts/cf) by extension 'ignore_ament_install'
[9.603s] Level 1:colcon.colcon_core.package_identification:_identify(Library/Artifacts/cf) by extensions ['colcon_pkg']
[9.604s] Level 1:colcon.colcon_core.package_identification:_identify(Library/Artifacts/cf) by extension 'colcon_pkg'
[9.606s] Level 1:colcon.colcon_core.package_identification:_identify(Library/Artifacts/cf) by extensions ['colcon_meta']
[9.607s] Level 1:colcon.colcon_core.package_identification:_identify(Library/Artifacts/cf) by extension 'colcon_meta'
[9.612s] Level 1:colcon.colcon_core.package_identification:_identify(Library/Artifacts/cf) by extensions ['ros']
[9.612s] Level 1:colcon.colcon_core.package_identification:_identify(Library/Artifacts/cf) by extension 'ros'
[9.621s] Level 1:colcon.colcon_core.package_identification:_identify(Library/Artifacts/cf) by extensions ['cmake', 'python']
[9.622s] Level 1:colcon.colcon_core.package_identification:_identify(Library/Artifacts/cf) by extension 'cmake'
[9.624s] Level 1:colcon.colcon_core.package_identification:_identify(Library/Artifacts/cf) by extension 'python'
[9.626s] Level 1:colcon.colcon_core.package_identification:_identify(Library/Artifacts/cf) by extensions ['python_setup_py']
[9.627s] Level 1:colcon.colcon_core.package_identification:_identify(Library/Artifacts/cf) by extension 'python_setup_py'
[9.634s] Level 1:colcon.colcon_core.package_identification:_identify(Library/Artifacts/d0) by extensions ['ignore', 'ignore_ament_install']
[9.635s] Level 1:colcon.colcon_core.package_identification:_identify(Library/Artifacts/d0) by extension 'ignore'
[9.638s] Level 1:colcon.colcon_core.package_identification:_identify(Library/Artifacts/d0) by extension 'ignore_ament_install'
[9.643s] Level 1:colcon.colcon_core.package_identification:_identify(Library/Artifacts/d0) by extensions ['colcon_pkg']
[9.643s] Level 1:colcon.colcon_core.package_identification:_identify(Library/Artifacts/d0) by extension 'colcon_pkg'
[9.646s] Level 1:colcon.colcon_core.package_identification:_identify(Library/Artifacts/d0) by extensions ['colcon_meta']
[9.647s] Level 1:colcon.colcon_core.package_identification:_identify(Library/Artifacts/d0) by extension 'colcon_meta'
[9.652s] Level 1:colcon.colcon_core.package_identification:_identify(Library/Artifacts/d0) by extensions ['ros']
[9.652s] Level 1:colcon.colcon_core.package_identification:_identify(Library/Artifacts/d0) by extension 'ros'
[9.661s] Level 1:colcon.colcon_core.package_identification:_identify(Library/Artifacts/d0) by extensions ['cmake', 'python']
[9.662s] Level 1:colcon.colcon_core.package_identification:_identify(Library/Artifacts/d0) by extension 'cmake'
[9.665s] Level 1:colcon.colcon_core.package_identification:_identify(Library/Artifacts/d0) by extension 'python'
[9.667s] Level 1:colcon.colcon_core.package_identification:_identify(Library/Artifacts/d0) by extensions ['python_setup_py']
[9.668s] Level 1:colcon.colcon_core.package_identification:_identify(Library/Artifacts/d0) by extension 'python_setup_py'
[9.675s] Level 1:colcon.colcon_core.package_identification:_identify(Library/Artifacts/d1) by extensions ['ignore', 'ignore_ament_install']
[9.675s] Level 1:colcon.colcon_core.package_identification:_identify(Library/Artifacts/d1) by extension 'ignore'
[9.678s] Level 1:colcon.colcon_core.package_identification:_identify(Library/Artifacts/d1) by extension 'ignore_ament_install'
[9.682s] Level 1:colcon.colcon_core.package_identification:_identify(Library/Artifacts/d1) by extensions ['colcon_pkg']
[9.683s] Level 1:colcon.colcon_core.package_identification:_identify(Library/Artifacts/d1) by extension 'colcon_pkg'
[9.686s] Level 1:colcon.colcon_core.package_identification:_identify(Library/Artifacts/d1) by extensions ['colcon_meta']
[9.686s] Level 1:colcon.colcon_core.package_identification:_identify(Library/Artifacts/d1) by extension 'colcon_meta'
[9.689s] Level 1:colcon.colcon_core.package_identification:_identify(Library/Artifacts/d1) by extensions ['ros']
[9.690s] Level 1:colcon.colcon_core.package_identification:_identify(Library/Artifacts/d1) by extension 'ros'
[9.699s] Level 1:colcon.colcon_core.package_identification:_identify(Library/Artifacts/d1) by extensions ['cmake', 'python']
[9.700s] Level 1:colcon.colcon_core.package_identification:_identify(Library/Artifacts/d1) by extension 'cmake'
[9.702s] Level 1:colcon.colcon_core.package_identification:_identify(Library/Artifacts/d1) by extension 'python'
[9.704s] Level 1:colcon.colcon_core.package_identification:_identify(Library/Artifacts/d1) by extensions ['python_setup_py']
[9.705s] Level 1:colcon.colcon_core.package_identification:_identify(Library/Artifacts/d1) by extension 'python_setup_py'
[9.715s] Level 1:colcon.colcon_core.package_identification:_identify(Library/Artifacts/d2) by extensions ['ignore', 'ignore_ament_install']
[9.716s] Level 1:colcon.colcon_core.package_identification:_identify(Library/Artifacts/d2) by extension 'ignore'
[9.718s] Level 1:colcon.colcon_core.package_identification:_identify(Library/Artifacts/d2) by extension 'ignore_ament_install'
[9.723s] Level 1:colcon.colcon_core.package_identification:_identify(Library/Artifacts/d2) by extensions ['colcon_pkg']
[9.724s] Level 1:colcon.colcon_core.package_identification:_identify(Library/Artifacts/d2) by extension 'colcon_pkg'
[9.726s] Level 1:colcon.colcon_core.package_identification:_identify(Library/Artifacts/d2) by extensions ['colcon_meta']
[9.726s] Level 1:colcon.colcon_core.package_identification:_identify(Library/Artifacts/d2) by extension 'colcon_meta'
[9.730s] Level 1:colcon.colcon_core.package_identification:_identify(Library/Artifacts/d2) by extensions ['ros']
[9.731s] Level 1:colcon.colcon_core.package_identification:_identify(Library/Artifacts/d2) by extension 'ros'
[9.740s] Level 1:colcon.colcon_core.package_identification:_identify(Library/Artifacts/d2) by extensions ['cmake', 'python']
[9.741s] Level 1:colcon.colcon_core.package_identification:_identify(Library/Artifacts/d2) by extension 'cmake'
[9.744s] Level 1:colcon.colcon_core.package_identification:_identify(Library/Artifacts/d2) by extension 'python'
[9.746s] Level 1:colcon.colcon_core.package_identification:_identify(Library/Artifacts/d2) by extensions ['python_setup_py']
[9.747s] Level 1:colcon.colcon_core.package_identification:_identify(Library/Artifacts/d2) by extension 'python_setup_py'
[9.757s] Level 1:colcon.colcon_core.package_identification:_identify(Library/Artifacts/d3) by extensions ['ignore', 'ignore_ament_install']
[9.758s] Level 1:colcon.colcon_core.package_identification:_identify(Library/Artifacts/d3) by extension 'ignore'
[9.760s] Level 1:colcon.colcon_core.package_identification:_identify(Library/Artifacts/d3) by extension 'ignore_ament_install'
[9.764s] Level 1:colcon.colcon_core.package_identification:_identify(Library/Artifacts/d3) by extensions ['colcon_pkg']
[9.765s] Level 1:colcon.colcon_core.package_identification:_identify(Library/Artifacts/d3) by extension 'colcon_pkg'
[9.768s] Level 1:colcon.colcon_core.package_identification:_identify(Library/Artifacts/d3) by extensions ['colcon_meta']
[9.769s] Level 1:colcon.colcon_core.package_identification:_identify(Library/Artifacts/d3) by extension 'colcon_meta'
[9.774s] Level 1:colcon.colcon_core.package_identification:_identify(Library/Artifacts/d3) by extensions ['ros']
[9.775s] Level 1:colcon.colcon_core.package_identification:_identify(Library/Artifacts/d3) by extension 'ros'
[9.785s] Level 1:colcon.colcon_core.package_identification:_identify(Library/Artifacts/d3) by extensions ['cmake', 'python']
[9.786s] Level 1:colcon.colcon_core.package_identification:_identify(Library/Artifacts/d3) by extension 'cmake'
[9.788s] Level 1:colcon.colcon_core.package_identification:_identify(Library/Artifacts/d3) by extension 'python'
[9.791s] Level 1:colcon.colcon_core.package_identification:_identify(Library/Artifacts/d3) by extensions ['python_setup_py']
[9.791s] Level 1:colcon.colcon_core.package_identification:_identify(Library/Artifacts/d3) by extension 'python_setup_py'
[9.801s] Level 1:colcon.colcon_core.package_identification:_identify(Library/Artifacts/d4) by extensions ['ignore', 'ignore_ament_install']
[9.802s] Level 1:colcon.colcon_core.package_identification:_identify(Library/Artifacts/d4) by extension 'ignore'
[9.804s] Level 1:colcon.colcon_core.package_identification:_identify(Library/Artifacts/d4) by extension 'ignore_ament_install'
[9.808s] Level 1:colcon.colcon_core.package_identification:_identify(Library/Artifacts/d4) by extensions ['colcon_pkg']
[9.809s] Level 1:colcon.colcon_core.package_identification:_identify(Library/Artifacts/d4) by extension 'colcon_pkg'
[9.811s] Level 1:colcon.colcon_core.package_identification:_identify(Library/Artifacts/d4) by extensions ['colcon_meta']
[9.812s] Level 1:colcon.colcon_core.package_identification:_identify(Library/Artifacts/d4) by extension 'colcon_meta'
[9.817s] Level 1:colcon.colcon_core.package_identification:_identify(Library/Artifacts/d4) by extensions ['ros']
[9.818s] Level 1:colcon.colcon_core.package_identification:_identify(Library/Artifacts/d4) by extension 'ros'
[9.827s] Level 1:colcon.colcon_core.package_identification:_identify(Library/Artifacts/d4) by extensions ['cmake', 'python']
[9.827s] Level 1:colcon.colcon_core.package_identification:_identify(Library/Artifacts/d4) by extension 'cmake'
[9.830s] Level 1:colcon.colcon_core.package_identification:_identify(Library/Artifacts/d4) by extension 'python'
[9.832s] Level 1:colcon.colcon_core.package_identification:_identify(Library/Artifacts/d4) by extensions ['python_setup_py']
[9.833s] Level 1:colcon.colcon_core.package_identification:_identify(Library/Artifacts/d4) by extension 'python_setup_py'
[9.843s] Level 1:colcon.colcon_core.package_identification:_identify(Library/Artifacts/d5) by extensions ['ignore', 'ignore_ament_install']
[9.844s] Level 1:colcon.colcon_core.package_identification:_identify(Library/Artifacts/d5) by extension 'ignore'
[9.846s] Level 1:colcon.colcon_core.package_identification:_identify(Library/Artifacts/d5) by extension 'ignore_ament_install'
[9.850s] Level 1:colcon.colcon_core.package_identification:_identify(Library/Artifacts/d5) by extensions ['colcon_pkg']
[9.851s] Level 1:colcon.colcon_core.package_identification:_identify(Library/Artifacts/d5) by extension 'colcon_pkg'
[9.853s] Level 1:colcon.colcon_core.package_identification:_identify(Library/Artifacts/d5) by extensions ['colcon_meta']
[9.854s] Level 1:colcon.colcon_core.package_identification:_identify(Library/Artifacts/d5) by extension 'colcon_meta'
[9.858s] Level 1:colcon.colcon_core.package_identification:_identify(Library/Artifacts/d5) by extensions ['ros']
[9.859s] Level 1:colcon.colcon_core.package_identification:_identify(Library/Artifacts/d5) by extension 'ros'
[9.867s] Level 1:colcon.colcon_core.package_identification:_identify(Library/Artifacts/d5) by extensions ['cmake', 'python']
[9.868s] Level 1:colcon.colcon_core.package_identification:_identify(Library/Artifacts/d5) by extension 'cmake'
[9.870s] Level 1:colcon.colcon_core.package_identification:_identify(Library/Artifacts/d5) by extension 'python'
[9.873s] Level 1:colcon.colcon_core.package_identification:_identify(Library/Artifacts/d5) by extensions ['python_setup_py']
[9.874s] Level 1:colcon.colcon_core.package_identification:_identify(Library/Artifacts/d5) by extension 'python_setup_py'
[9.883s] Level 1:colcon.colcon_core.package_identification:_identify(Library/Artifacts/d6) by extensions ['ignore', 'ignore_ament_install']
[9.884s] Level 1:colcon.colcon_core.package_identification:_identify(Library/Artifacts/d6) by extension 'ignore'
[9.887s] Level 1:colcon.colcon_core.package_identification:_identify(Library/Artifacts/d6) by extension 'ignore_ament_install'
[9.891s] Level 1:colcon.colcon_core.package_identification:_identify(Library/Artifacts/d6) by extensions ['colcon_pkg']
[9.892s] Level 1:colcon.colcon_core.package_identification:_identify(Library/Artifacts/d6) by extension 'colcon_pkg'
[9.895s] Level 1:colcon.colcon_core.package_identification:_identify(Library/Artifacts/d6) by extensions ['colcon_meta']
[9.895s] Level 1:colcon.colcon_core.package_identification:_identify(Library/Artifacts/d6) by extension 'colcon_meta'
[9.900s] Level 1:colcon.colcon_core.package_identification:_identify(Library/Artifacts/d6) by extensions ['ros']
[9.900s] Level 1:colcon.colcon_core.package_identification:_identify(Library/Artifacts/d6) by extension 'ros'
[9.910s] Level 1:colcon.colcon_core.package_identification:_identify(Library/Artifacts/d6) by extensions ['cmake', 'python']
[9.911s] Level 1:colcon.colcon_core.package_identification:_identify(Library/Artifacts/d6) by extension 'cmake'
[9.913s] Level 1:colcon.colcon_core.package_identification:_identify(Library/Artifacts/d6) by extension 'python'
[9.915s] Level 1:colcon.colcon_core.package_identification:_identify(Library/Artifacts/d6) by extensions ['python_setup_py']
[9.916s] Level 1:colcon.colcon_core.package_identification:_identify(Library/Artifacts/d6) by extension 'python_setup_py'
[9.926s] Level 1:colcon.colcon_core.package_identification:_identify(Library/Artifacts/d7) by extensions ['ignore', 'ignore_ament_install']
[9.927s] Level 1:colcon.colcon_core.package_identification:_identify(Library/Artifacts/d7) by extension 'ignore'
[9.929s] Level 1:colcon.colcon_core.package_identification:_identify(Library/Artifacts/d7) by extension 'ignore_ament_install'
[9.933s] Level 1:colcon.colcon_core.package_identification:_identify(Library/Artifacts/d7) by extensions ['colcon_pkg']
[9.934s] Level 1:colcon.colcon_core.package_identification:_identify(Library/Artifacts/d7) by extension 'colcon_pkg'
[9.936s] Level 1:colcon.colcon_core.package_identification:_identify(Library/Artifacts/d7) by extensions ['colcon_meta']
[9.937s] Level 1:colcon.colcon_core.package_identification:_identify(Library/Artifacts/d7) by extension 'colcon_meta'
[9.942s] Level 1:colcon.colcon_core.package_identification:_identify(Library/Artifacts/d7) by extensions ['ros']
[9.943s] Level 1:colcon.colcon_core.package_identification:_identify(Library/Artifacts/d7) by extension 'ros'
[9.952s] Level 1:colcon.colcon_core.package_identification:_identify(Library/Artifacts/d7) by extensions ['cmake', 'python']
[9.953s] Level 1:colcon.colcon_core.package_identification:_identify(Library/Artifacts/d7) by extension 'cmake'
[9.955s] Level 1:colcon.colcon_core.package_identification:_identify(Library/Artifacts/d7) by extension 'python'
[9.958s] Level 1:colcon.colcon_core.package_identification:_identify(Library/Artifacts/d7) by extensions ['python_setup_py']
[9.959s] Level 1:colcon.colcon_core.package_identification:_identify(Library/Artifacts/d7) by extension 'python_setup_py'
[9.967s] Level 1:colcon.colcon_core.package_identification:_identify(Library/Artifacts/d8) by extensions ['ignore', 'ignore_ament_install']
[9.968s] Level 1:colcon.colcon_core.package_identification:_identify(Library/Artifacts/d8) by extension 'ignore'
[9.971s] Level 1:colcon.colcon_core.package_identification:_identify(Library/Artifacts/d8) by extension 'ignore_ament_install'
[9.975s] Level 1:colcon.colcon_core.package_identification:_identify(Library/Artifacts/d8) by extensions ['colcon_pkg']
[9.975s] Level 1:colcon.colcon_core.package_identification:_identify(Library/Artifacts/d8) by extension 'colcon_pkg'
[9.978s] Level 1:colcon.colcon_core.package_identification:_identify(Library/Artifacts/d8) by extensions ['colcon_meta']
[9.979s] Level 1:colcon.colcon_core.package_identification:_identify(Library/Artifacts/d8) by extension 'colcon_meta'
[9.983s] Level 1:colcon.colcon_core.package_identification:_identify(Library/Artifacts/d8) by extensions ['ros']
[9.983s] Level 1:colcon.colcon_core.package_identification:_identify(Library/Artifacts/d8) by extension 'ros'
[9.993s] Level 1:colcon.colcon_core.package_identification:_identify(Library/Artifacts/d8) by extensions ['cmake', 'python']
[9.994s] Level 1:colcon.colcon_core.package_identification:_identify(Library/Artifacts/d8) by extension 'cmake'
[9.996s] Level 1:colcon.colcon_core.package_identification:_identify(Library/Artifacts/d8) by extension 'python'
[10.000s] Level 1:colcon.colcon_core.package_identification:_identify(Library/Artifacts/d8) by extensions ['python_setup_py']
[10.001s] Level 1:colcon.colcon_core.package_identification:_identify(Library/Artifacts/d8) by extension 'python_setup_py'
[10.011s] Level 1:colcon.colcon_core.package_identification:_identify(Library/Artifacts/d9) by extensions ['ignore', 'ignore_ament_install']
[10.012s] Level 1:colcon.colcon_core.package_identification:_identify(Library/Artifacts/d9) by extension 'ignore'
[10.014s] Level 1:colcon.colcon_core.package_identification:_identify(Library/Artifacts/d9) by extension 'ignore_ament_install'
[10.019s] Level 1:colcon.colcon_core.package_identification:_identify(Library/Artifacts/d9) by extensions ['colcon_pkg']
[10.019s] Level 1:colcon.colcon_core.package_identification:_identify(Library/Artifacts/d9) by extension 'colcon_pkg'
[10.021s] Level 1:colcon.colcon_core.package_identification:_identify(Library/Artifacts/d9) by extensions ['colcon_meta']
[10.022s] Level 1:colcon.colcon_core.package_identification:_identify(Library/Artifacts/d9) by extension 'colcon_meta'
[10.027s] Level 1:colcon.colcon_core.package_identification:_identify(Library/Artifacts/d9) by extensions ['ros']
[10.027s] Level 1:colcon.colcon_core.package_identification:_identify(Library/Artifacts/d9) by extension 'ros'
[10.036s] Level 1:colcon.colcon_core.package_identification:_identify(Library/Artifacts/d9) by extensions ['cmake', 'python']
[10.037s] Level 1:colcon.colcon_core.package_identification:_identify(Library/Artifacts/d9) by extension 'cmake'
[10.039s] Level 1:colcon.colcon_core.package_identification:_identify(Library/Artifacts/d9) by extension 'python'
[10.041s] Level 1:colcon.colcon_core.package_identification:_identify(Library/Artifacts/d9) by extensions ['python_setup_py']
[10.042s] Level 1:colcon.colcon_core.package_identification:_identify(Library/Artifacts/d9) by extension 'python_setup_py'
[10.052s] Level 1:colcon.colcon_core.package_identification:_identify(Library/Artifacts/da) by extensions ['ignore', 'ignore_ament_install']
[10.053s] Level 1:colcon.colcon_core.package_identification:_identify(Library/Artifacts/da) by extension 'ignore'
[10.056s] Level 1:colcon.colcon_core.package_identification:_identify(Library/Artifacts/da) by extension 'ignore_ament_install'
[10.060s] Level 1:colcon.colcon_core.package_identification:_identify(Library/Artifacts/da) by extensions ['colcon_pkg']
[10.061s] Level 1:colcon.colcon_core.package_identification:_identify(Library/Artifacts/da) by extension 'colcon_pkg'
[10.064s] Level 1:colcon.colcon_core.package_identification:_identify(Library/Artifacts/da) by extensions ['colcon_meta']
[10.064s] Level 1:colcon.colcon_core.package_identification:_identify(Library/Artifacts/da) by extension 'colcon_meta'
[10.069s] Level 1:colcon.colcon_core.package_identification:_identify(Library/Artifacts/da) by extensions ['ros']
[10.070s] Level 1:colcon.colcon_core.package_identification:_identify(Library/Artifacts/da) by extension 'ros'
[10.080s] Level 1:colcon.colcon_core.package_identification:_identify(Library/Artifacts/da) by extensions ['cmake', 'python']
[10.081s] Level 1:colcon.colcon_core.package_identification:_identify(Library/Artifacts/da) by extension 'cmake'
[10.083s] Level 1:colcon.colcon_core.package_identification:_identify(Library/Artifacts/da) by extension 'python'
[10.085s] Level 1:colcon.colcon_core.package_identification:_identify(Library/Artifacts/da) by extensions ['python_setup_py']
[10.086s] Level 1:colcon.colcon_core.package_identification:_identify(Library/Artifacts/da) by extension 'python_setup_py'
[10.099s] Level 1:colcon.colcon_core.package_identification:_identify(Library/Artifacts/db) by extensions ['ignore', 'ignore_ament_install']
[10.100s] Level 1:colcon.colcon_core.package_identification:_identify(Library/Artifacts/db) by extension 'ignore'
[10.104s] Level 1:colcon.colcon_core.package_identification:_identify(Library/Artifacts/db) by extension 'ignore_ament_install'
[10.109s] Level 1:colcon.colcon_core.package_identification:_identify(Library/Artifacts/db) by extensions ['colcon_pkg']
[10.110s] Level 1:colcon.colcon_core.package_identification:_identify(Library/Artifacts/db) by extension 'colcon_pkg'
[10.113s] Level 1:colcon.colcon_core.package_identification:_identify(Library/Artifacts/db) by extensions ['colcon_meta']
[10.114s] Level 1:colcon.colcon_core.package_identification:_identify(Library/Artifacts/db) by extension 'colcon_meta'
[10.119s] Level 1:colcon.colcon_core.package_identification:_identify(Library/Artifacts/db) by extensions ['ros']
[10.119s] Level 1:colcon.colcon_core.package_identification:_identify(Library/Artifacts/db) by extension 'ros'
[10.130s] Level 1:colcon.colcon_core.package_identification:_identify(Library/Artifacts/db) by extensions ['cmake', 'python']
[10.132s] Level 1:colcon.colcon_core.package_identification:_identify(Library/Artifacts/db) by extension 'cmake'
[10.136s] Level 1:colcon.colcon_core.package_identification:_identify(Library/Artifacts/db) by extension 'python'
[10.138s] Level 1:colcon.colcon_core.package_identification:_identify(Library/Artifacts/db) by extensions ['python_setup_py']
[10.139s] Level 1:colcon.colcon_core.package_identification:_identify(Library/Artifacts/db) by extension 'python_setup_py'
[10.151s] Level 1:colcon.colcon_core.package_identification:_identify(Library/Artifacts/dc) by extensions ['ignore', 'ignore_ament_install']
[10.151s] Level 1:colcon.colcon_core.package_identification:_identify(Library/Artifacts/dc) by extension 'ignore'
[10.154s] Level 1:colcon.colcon_core.package_identification:_identify(Library/Artifacts/dc) by extension 'ignore_ament_install'
[10.158s] Level 1:colcon.colcon_core.package_identification:_identify(Library/Artifacts/dc) by extensions ['colcon_pkg']
[10.159s] Level 1:colcon.colcon_core.package_identification:_identify(Library/Artifacts/dc) by extension 'colcon_pkg'
[10.161s] Level 1:colcon.colcon_core.package_identification:_identify(Library/Artifacts/dc) by extensions ['colcon_meta']
[10.161s] Level 1:colcon.colcon_core.package_identification:_identify(Library/Artifacts/dc) by extension 'colcon_meta'
[10.166s] Level 1:colcon.colcon_core.package_identification:_identify(Library/Artifacts/dc) by extensions ['ros']
[10.166s] Level 1:colcon.colcon_core.package_identification:_identify(Library/Artifacts/dc) by extension 'ros'
[10.176s] Level 1:colcon.colcon_core.package_identification:_identify(Library/Artifacts/dc) by extensions ['cmake', 'python']
[10.177s] Level 1:colcon.colcon_core.package_identification:_identify(Library/Artifacts/dc) by extension 'cmake'
[10.181s] Level 1:colcon.colcon_core.package_identification:_identify(Library/Artifacts/dc) by extension 'python'
[10.183s] Level 1:colcon.colcon_core.package_identification:_identify(Library/Artifacts/dc) by extensions ['python_setup_py']
[10.183s] Level 1:colcon.colcon_core.package_identification:_identify(Library/Artifacts/dc) by extension 'python_setup_py'
[10.192s] Level 1:colcon.colcon_core.package_identification:_identify(Library/Artifacts/dd) by extensions ['ignore', 'ignore_ament_install']
[10.193s] Level 1:colcon.colcon_core.package_identification:_identify(Library/Artifacts/dd) by extension 'ignore'
[10.196s] Level 1:colcon.colcon_core.package_identification:_identify(Library/Artifacts/dd) by extension 'ignore_ament_install'
[10.200s] Level 1:colcon.colcon_core.package_identification:_identify(Library/Artifacts/dd) by extensions ['colcon_pkg']
[10.201s] Level 1:colcon.colcon_core.package_identification:_identify(Library/Artifacts/dd) by extension 'colcon_pkg'
[10.204s] Level 1:colcon.colcon_core.package_identification:_identify(Library/Artifacts/dd) by extensions ['colcon_meta']
[10.205s] Level 1:colcon.colcon_core.package_identification:_identify(Library/Artifacts/dd) by extension 'colcon_meta'
[10.210s] Level 1:colcon.colcon_core.package_identification:_identify(Library/Artifacts/dd) by extensions ['ros']
[10.211s] Level 1:colcon.colcon_core.package_identification:_identify(Library/Artifacts/dd) by extension 'ros'
[10.222s] Level 1:colcon.colcon_core.package_identification:_identify(Library/Artifacts/dd) by extensions ['cmake', 'python']
[10.223s] Level 1:colcon.colcon_core.package_identification:_identify(Library/Artifacts/dd) by extension 'cmake'
[10.226s] Level 1:colcon.colcon_core.package_identification:_identify(Library/Artifacts/dd) by extension 'python'
[10.227s] Level 1:colcon.colcon_core.package_identification:_identify(Library/Artifacts/dd) by extensions ['python_setup_py']
[10.228s] Level 1:colcon.colcon_core.package_identification:_identify(Library/Artifacts/dd) by extension 'python_setup_py'
[10.239s] Level 1:colcon.colcon_core.package_identification:_identify(Library/Artifacts/de) by extensions ['ignore', 'ignore_ament_install']
[10.240s] Level 1:colcon.colcon_core.package_identification:_identify(Library/Artifacts/de) by extension 'ignore'
[10.243s] Level 1:colcon.colcon_core.package_identification:_identify(Library/Artifacts/de) by extension 'ignore_ament_install'
[10.247s] Level 1:colcon.colcon_core.package_identification:_identify(Library/Artifacts/de) by extensions ['colcon_pkg']
[10.248s] Level 1:colcon.colcon_core.package_identification:_identify(Library/Artifacts/de) by extension 'colcon_pkg'
[10.251s] Level 1:colcon.colcon_core.package_identification:_identify(Library/Artifacts/de) by extensions ['colcon_meta']
[10.252s] Level 1:colcon.colcon_core.package_identification:_identify(Library/Artifacts/de) by extension 'colcon_meta'
[10.257s] Level 1:colcon.colcon_core.package_identification:_identify(Library/Artifacts/de) by extensions ['ros']
[10.258s] Level 1:colcon.colcon_core.package_identification:_identify(Library/Artifacts/de) by extension 'ros'
[10.270s] Level 1:colcon.colcon_core.package_identification:_identify(Library/Artifacts/de) by extensions ['cmake', 'python']
[10.271s] Level 1:colcon.colcon_core.package_identification:_identify(Library/Artifacts/de) by extension 'cmake'
[10.274s] Level 1:colcon.colcon_core.package_identification:_identify(Library/Artifacts/de) by extension 'python'
[10.277s] Level 1:colcon.colcon_core.package_identification:_identify(Library/Artifacts/de) by extensions ['python_setup_py']
[10.277s] Level 1:colcon.colcon_core.package_identification:_identify(Library/Artifacts/de) by extension 'python_setup_py'
[10.287s] Level 1:colcon.colcon_core.package_identification:_identify(Library/Artifacts/df) by extensions ['ignore', 'ignore_ament_install']
[10.288s] Level 1:colcon.colcon_core.package_identification:_identify(Library/Artifacts/df) by extension 'ignore'
[10.290s] Level 1:colcon.colcon_core.package_identification:_identify(Library/Artifacts/df) by extension 'ignore_ament_install'
[10.294s] Level 1:colcon.colcon_core.package_identification:_identify(Library/Artifacts/df) by extensions ['colcon_pkg']
[10.295s] Level 1:colcon.colcon_core.package_identification:_identify(Library/Artifacts/df) by extension 'colcon_pkg'
[10.297s] Level 1:colcon.colcon_core.package_identification:_identify(Library/Artifacts/df) by extensions ['colcon_meta']
[10.298s] Level 1:colcon.colcon_core.package_identification:_identify(Library/Artifacts/df) by extension 'colcon_meta'
[10.302s] Level 1:colcon.colcon_core.package_identification:_identify(Library/Artifacts/df) by extensions ['ros']
[10.303s] Level 1:colcon.colcon_core.package_identification:_identify(Library/Artifacts/df) by extension 'ros'
[10.312s] Level 1:colcon.colcon_core.package_identification:_identify(Library/Artifacts/df) by extensions ['cmake', 'python']
[10.313s] Level 1:colcon.colcon_core.package_identification:_identify(Library/Artifacts/df) by extension 'cmake'
[10.315s] Level 1:colcon.colcon_core.package_identification:_identify(Library/Artifacts/df) by extension 'python'
[10.318s] Level 1:colcon.colcon_core.package_identification:_identify(Library/Artifacts/df) by extensions ['python_setup_py']
[10.319s] Level 1:colcon.colcon_core.package_identification:_identify(Library/Artifacts/df) by extension 'python_setup_py'
[10.327s] Level 1:colcon.colcon_core.package_identification:_identify(Library/Artifacts/e0) by extensions ['ignore', 'ignore_ament_install']
[10.328s] Level 1:colcon.colcon_core.package_identification:_identify(Library/Artifacts/e0) by extension 'ignore'
[10.330s] Level 1:colcon.colcon_core.package_identification:_identify(Library/Artifacts/e0) by extension 'ignore_ament_install'
[10.334s] Level 1:colcon.colcon_core.package_identification:_identify(Library/Artifacts/e0) by extensions ['colcon_pkg']
[10.338s] Level 1:colcon.colcon_core.package_identification:_identify(Library/Artifacts/e0) by extension 'colcon_pkg'
[10.340s] Level 1:colcon.colcon_core.package_identification:_identify(Library/Artifacts/e0) by extensions ['colcon_meta']
[10.341s] Level 1:colcon.colcon_core.package_identification:_identify(Library/Artifacts/e0) by extension 'colcon_meta'
[10.346s] Level 1:colcon.colcon_core.package_identification:_identify(Library/Artifacts/e0) by extensions ['ros']
[10.347s] Level 1:colcon.colcon_core.package_identification:_identify(Library/Artifacts/e0) by extension 'ros'
[10.357s] Level 1:colcon.colcon_core.package_identification:_identify(Library/Artifacts/e0) by extensions ['cmake', 'python']
[10.358s] Level 1:colcon.colcon_core.package_identification:_identify(Library/Artifacts/e0) by extension 'cmake'
[10.360s] Level 1:colcon.colcon_core.package_identification:_identify(Library/Artifacts/e0) by extension 'python'
[10.363s] Level 1:colcon.colcon_core.package_identification:_identify(Library/Artifacts/e0) by extensions ['python_setup_py']
[10.364s] Level 1:colcon.colcon_core.package_identification:_identify(Library/Artifacts/e0) by extension 'python_setup_py'
[10.373s] Level 1:colcon.colcon_core.package_identification:_identify(Library/Artifacts/e1) by extensions ['ignore', 'ignore_ament_install']
[10.375s] Level 1:colcon.colcon_core.package_identification:_identify(Library/Artifacts/e1) by extension 'ignore'
[10.377s] Level 1:colcon.colcon_core.package_identification:_identify(Library/Artifacts/e1) by extension 'ignore_ament_install'
[10.381s] Level 1:colcon.colcon_core.package_identification:_identify(Library/Artifacts/e1) by extensions ['colcon_pkg']
[10.382s] Level 1:colcon.colcon_core.package_identification:_identify(Library/Artifacts/e1) by extension 'colcon_pkg'
[10.385s] Level 1:colcon.colcon_core.package_identification:_identify(Library/Artifacts/e1) by extensions ['colcon_meta']
[10.386s] Level 1:colcon.colcon_core.package_identification:_identify(Library/Artifacts/e1) by extension 'colcon_meta'
[10.390s] Level 1:colcon.colcon_core.package_identification:_identify(Library/Artifacts/e1) by extensions ['ros']
[10.391s] Level 1:colcon.colcon_core.package_identification:_identify(Library/Artifacts/e1) by extension 'ros'
[10.400s] Level 1:colcon.colcon_core.package_identification:_identify(Library/Artifacts/e1) by extensions ['cmake', 'python']
[10.401s] Level 1:colcon.colcon_core.package_identification:_identify(Library/Artifacts/e1) by extension 'cmake'
[10.403s] Level 1:colcon.colcon_core.package_identification:_identify(Library/Artifacts/e1) by extension 'python'
[10.406s] Level 1:colcon.colcon_core.package_identification:_identify(Library/Artifacts/e1) by extensions ['python_setup_py']
[10.406s] Level 1:colcon.colcon_core.package_identification:_identify(Library/Artifacts/e1) by extension 'python_setup_py'
[10.416s] Level 1:colcon.colcon_core.package_identification:_identify(Library/Artifacts/e2) by extensions ['ignore', 'ignore_ament_install']
[10.417s] Level 1:colcon.colcon_core.package_identification:_identify(Library/Artifacts/e2) by extension 'ignore'
[10.420s] Level 1:colcon.colcon_core.package_identification:_identify(Library/Artifacts/e2) by extension 'ignore_ament_install'
[10.424s] Level 1:colcon.colcon_core.package_identification:_identify(Library/Artifacts/e2) by extensions ['colcon_pkg']
[10.424s] Level 1:colcon.colcon_core.package_identification:_identify(Library/Artifacts/e2) by extension 'colcon_pkg'
[10.427s] Level 1:colcon.colcon_core.package_identification:_identify(Library/Artifacts/e2) by extensions ['colcon_meta']
[10.428s] Level 1:colcon.colcon_core.package_identification:_identify(Library/Artifacts/e2) by extension 'colcon_meta'
[10.432s] Level 1:colcon.colcon_core.package_identification:_identify(Library/Artifacts/e2) by extensions ['ros']
[10.433s] Level 1:colcon.colcon_core.package_identification:_identify(Library/Artifacts/e2) by extension 'ros'
[10.443s] Level 1:colcon.colcon_core.package_identification:_identify(Library/Artifacts/e2) by extensions ['cmake', 'python']
[10.444s] Level 1:colcon.colcon_core.package_identification:_identify(Library/Artifacts/e2) by extension 'cmake'
[10.446s] Level 1:colcon.colcon_core.package_identification:_identify(Library/Artifacts/e2) by extension 'python'
[10.449s] Level 1:colcon.colcon_core.package_identification:_identify(Library/Artifacts/e2) by extensions ['python_setup_py']
[10.450s] Level 1:colcon.colcon_core.package_identification:_identify(Library/Artifacts/e2) by extension 'python_setup_py'
[10.459s] Level 1:colcon.colcon_core.package_identification:_identify(Library/Artifacts/e3) by extensions ['ignore', 'ignore_ament_install']
[10.460s] Level 1:colcon.colcon_core.package_identification:_identify(Library/Artifacts/e3) by extension 'ignore'
[10.463s] Level 1:colcon.colcon_core.package_identification:_identify(Library/Artifacts/e3) by extension 'ignore_ament_install'
[10.467s] Level 1:colcon.colcon_core.package_identification:_identify(Library/Artifacts/e3) by extensions ['colcon_pkg']
[10.468s] Level 1:colcon.colcon_core.package_identification:_identify(Library/Artifacts/e3) by extension 'colcon_pkg'
[10.471s] Level 1:colcon.colcon_core.package_identification:_identify(Library/Artifacts/e3) by extensions ['colcon_meta']
[10.472s] Level 1:colcon.colcon_core.package_identification:_identify(Library/Artifacts/e3) by extension 'colcon_meta'
[10.477s] Level 1:colcon.colcon_core.package_identification:_identify(Library/Artifacts/e3) by extensions ['ros']
[10.477s] Level 1:colcon.colcon_core.package_identification:_identify(Library/Artifacts/e3) by extension 'ros'
[10.486s] Level 1:colcon.colcon_core.package_identification:_identify(Library/Artifacts/e3) by extensions ['cmake', 'python']
[10.486s] Level 1:colcon.colcon_core.package_identification:_identify(Library/Artifacts/e3) by extension 'cmake'
[10.488s] Level 1:colcon.colcon_core.package_identification:_identify(Library/Artifacts/e3) by extension 'python'
[10.491s] Level 1:colcon.colcon_core.package_identification:_identify(Library/Artifacts/e3) by extensions ['python_setup_py']
[10.491s] Level 1:colcon.colcon_core.package_identification:_identify(Library/Artifacts/e3) by extension 'python_setup_py'
[10.498s] Level 1:colcon.colcon_core.package_identification:_identify(Library/Artifacts/e4) by extensions ['ignore', 'ignore_ament_install']
[10.499s] Level 1:colcon.colcon_core.package_identification:_identify(Library/Artifacts/e4) by extension 'ignore'
[10.501s] Level 1:colcon.colcon_core.package_identification:_identify(Library/Artifacts/e4) by extension 'ignore_ament_install'
[10.504s] Level 1:colcon.colcon_core.package_identification:_identify(Library/Artifacts/e4) by extensions ['colcon_pkg']
[10.505s] Level 1:colcon.colcon_core.package_identification:_identify(Library/Artifacts/e4) by extension 'colcon_pkg'
[10.507s] Level 1:colcon.colcon_core.package_identification:_identify(Library/Artifacts/e4) by extensions ['colcon_meta']
[10.508s] Level 1:colcon.colcon_core.package_identification:_identify(Library/Artifacts/e4) by extension 'colcon_meta'
[10.512s] Level 1:colcon.colcon_core.package_identification:_identify(Library/Artifacts/e4) by extensions ['ros']
[10.512s] Level 1:colcon.colcon_core.package_identification:_identify(Library/Artifacts/e4) by extension 'ros'
[10.520s] Level 1:colcon.colcon_core.package_identification:_identify(Library/Artifacts/e4) by extensions ['cmake', 'python']
[10.521s] Level 1:colcon.colcon_core.package_identification:_identify(Library/Artifacts/e4) by extension 'cmake'
[10.524s] Level 1:colcon.colcon_core.package_identification:_identify(Library/Artifacts/e4) by extension 'python'
[10.526s] Level 1:colcon.colcon_core.package_identification:_identify(Library/Artifacts/e4) by extensions ['python_setup_py']
[10.527s] Level 1:colcon.colcon_core.package_identification:_identify(Library/Artifacts/e4) by extension 'python_setup_py'
[10.536s] Level 1:colcon.colcon_core.package_identification:_identify(Library/Artifacts/e5) by extensions ['ignore', 'ignore_ament_install']
[10.537s] Level 1:colcon.colcon_core.package_identification:_identify(Library/Artifacts/e5) by extension 'ignore'
[10.540s] Level 1:colcon.colcon_core.package_identification:_identify(Library/Artifacts/e5) by extension 'ignore_ament_install'
[10.544s] Level 1:colcon.colcon_core.package_identification:_identify(Library/Artifacts/e5) by extensions ['colcon_pkg']
[10.545s] Level 1:colcon.colcon_core.package_identification:_identify(Library/Artifacts/e5) by extension 'colcon_pkg'
[10.547s] Level 1:colcon.colcon_core.package_identification:_identify(Library/Artifacts/e5) by extensions ['colcon_meta']
[10.548s] Level 1:colcon.colcon_core.package_identification:_identify(Library/Artifacts/e5) by extension 'colcon_meta'
[10.553s] Level 1:colcon.colcon_core.package_identification:_identify(Library/Artifacts/e5) by extensions ['ros']
[10.553s] Level 1:colcon.colcon_core.package_identification:_identify(Library/Artifacts/e5) by extension 'ros'
[10.563s] Level 1:colcon.colcon_core.package_identification:_identify(Library/Artifacts/e5) by extensions ['cmake', 'python']
[10.564s] Level 1:colcon.colcon_core.package_identification:_identify(Library/Artifacts/e5) by extension 'cmake'
[10.566s] Level 1:colcon.colcon_core.package_identification:_identify(Library/Artifacts/e5) by extension 'python'
[10.569s] Level 1:colcon.colcon_core.package_identification:_identify(Library/Artifacts/e5) by extensions ['python_setup_py']
[10.570s] Level 1:colcon.colcon_core.package_identification:_identify(Library/Artifacts/e5) by extension 'python_setup_py'
[10.580s] Level 1:colcon.colcon_core.package_identification:_identify(Library/Artifacts/e6) by extensions ['ignore', 'ignore_ament_install']
[10.581s] Level 1:colcon.colcon_core.package_identification:_identify(Library/Artifacts/e6) by extension 'ignore'
[10.584s] Level 1:colcon.colcon_core.package_identification:_identify(Library/Artifacts/e6) by extension 'ignore_ament_install'
[10.590s] Level 1:colcon.colcon_core.package_identification:_identify(Library/Artifacts/e6) by extensions ['colcon_pkg']
[10.591s] Level 1:colcon.colcon_core.package_identification:_identify(Library/Artifacts/e6) by extension 'colcon_pkg'
[10.593s] Level 1:colcon.colcon_core.package_identification:_identify(Library/Artifacts/e6) by extensions ['colcon_meta']
[10.594s] Level 1:colcon.colcon_core.package_identification:_identify(Library/Artifacts/e6) by extension 'colcon_meta'
[10.600s] Level 1:colcon.colcon_core.package_identification:_identify(Library/Artifacts/e6) by extensions ['ros']
[10.600s] Level 1:colcon.colcon_core.package_identification:_identify(Library/Artifacts/e6) by extension 'ros'
[10.611s] Level 1:colcon.colcon_core.package_identification:_identify(Library/Artifacts/e6) by extensions ['cmake', 'python']
[10.611s] Level 1:colcon.colcon_core.package_identification:_identify(Library/Artifacts/e6) by extension 'cmake'
[10.614s] Level 1:colcon.colcon_core.package_identification:_identify(Library/Artifacts/e6) by extension 'python'
[10.617s] Level 1:colcon.colcon_core.package_identification:_identify(Library/Artifacts/e6) by extensions ['python_setup_py']
[10.618s] Level 1:colcon.colcon_core.package_identification:_identify(Library/Artifacts/e6) by extension 'python_setup_py'
[10.629s] Level 1:colcon.colcon_core.package_identification:_identify(Library/Artifacts/e7) by extensions ['ignore', 'ignore_ament_install']
[10.630s] Level 1:colcon.colcon_core.package_identification:_identify(Library/Artifacts/e7) by extension 'ignore'
[10.632s] Level 1:colcon.colcon_core.package_identification:_identify(Library/Artifacts/e7) by extension 'ignore_ament_install'
[10.636s] Level 1:colcon.colcon_core.package_identification:_identify(Library/Artifacts/e7) by extensions ['colcon_pkg']
[10.637s] Level 1:colcon.colcon_core.package_identification:_identify(Library/Artifacts/e7) by extension 'colcon_pkg'
[10.639s] Level 1:colcon.colcon_core.package_identification:_identify(Library/Artifacts/e7) by extensions ['colcon_meta']
[10.639s] Level 1:colcon.colcon_core.package_identification:_identify(Library/Artifacts/e7) by extension 'colcon_meta'
[10.644s] Level 1:colcon.colcon_core.package_identification:_identify(Library/Artifacts/e7) by extensions ['ros']
[10.645s] Level 1:colcon.colcon_core.package_identification:_identify(Library/Artifacts/e7) by extension 'ros'
[10.653s] Level 1:colcon.colcon_core.package_identification:_identify(Library/Artifacts/e7) by extensions ['cmake', 'python']
[10.654s] Level 1:colcon.colcon_core.package_identification:_identify(Library/Artifacts/e7) by extension 'cmake'
[10.656s] Level 1:colcon.colcon_core.package_identification:_identify(Library/Artifacts/e7) by extension 'python'
[10.659s] Level 1:colcon.colcon_core.package_identification:_identify(Library/Artifacts/e7) by extensions ['python_setup_py']
[10.659s] Level 1:colcon.colcon_core.package_identification:_identify(Library/Artifacts/e7) by extension 'python_setup_py'
[10.667s] Level 1:colcon.colcon_core.package_identification:_identify(Library/Artifacts/e8) by extensions ['ignore', 'ignore_ament_install']
[10.668s] Level 1:colcon.colcon_core.package_identification:_identify(Library/Artifacts/e8) by extension 'ignore'
[10.671s] Level 1:colcon.colcon_core.package_identification:_identify(Library/Artifacts/e8) by extension 'ignore_ament_install'
[10.675s] Level 1:colcon.colcon_core.package_identification:_identify(Library/Artifacts/e8) by extensions ['colcon_pkg']
[10.676s] Level 1:colcon.colcon_core.package_identification:_identify(Library/Artifacts/e8) by extension 'colcon_pkg'
[10.678s] Level 1:colcon.colcon_core.package_identification:_identify(Library/Artifacts/e8) by extensions ['colcon_meta']
[10.678s] Level 1:colcon.colcon_core.package_identification:_identify(Library/Artifacts/e8) by extension 'colcon_meta'
[10.683s] Level 1:colcon.colcon_core.package_identification:_identify(Library/Artifacts/e8) by extensions ['ros']
[10.684s] Level 1:colcon.colcon_core.package_identification:_identify(Library/Artifacts/e8) by extension 'ros'
[10.693s] Level 1:colcon.colcon_core.package_identification:_identify(Library/Artifacts/e8) by extensions ['cmake', 'python']
[10.694s] Level 1:colcon.colcon_core.package_identification:_identify(Library/Artifacts/e8) by extension 'cmake'
[10.696s] Level 1:colcon.colcon_core.package_identification:_identify(Library/Artifacts/e8) by extension 'python'
[10.698s] Level 1:colcon.colcon_core.package_identification:_identify(Library/Artifacts/e8) by extensions ['python_setup_py']
[10.699s] Level 1:colcon.colcon_core.package_identification:_identify(Library/Artifacts/e8) by extension 'python_setup_py'
[10.708s] Level 1:colcon.colcon_core.package_identification:_identify(Library/Artifacts/e9) by extensions ['ignore', 'ignore_ament_install']
[10.709s] Level 1:colcon.colcon_core.package_identification:_identify(Library/Artifacts/e9) by extension 'ignore'
[10.712s] Level 1:colcon.colcon_core.package_identification:_identify(Library/Artifacts/e9) by extension 'ignore_ament_install'
[10.716s] Level 1:colcon.colcon_core.package_identification:_identify(Library/Artifacts/e9) by extensions ['colcon_pkg']
[10.717s] Level 1:colcon.colcon_core.package_identification:_identify(Library/Artifacts/e9) by extension 'colcon_pkg'
[10.720s] Level 1:colcon.colcon_core.package_identification:_identify(Library/Artifacts/e9) by extensions ['colcon_meta']
[10.721s] Level 1:colcon.colcon_core.package_identification:_identify(Library/Artifacts/e9) by extension 'colcon_meta'
[10.725s] Level 1:colcon.colcon_core.package_identification:_identify(Library/Artifacts/e9) by extensions ['ros']
[10.726s] Level 1:colcon.colcon_core.package_identification:_identify(Library/Artifacts/e9) by extension 'ros'
[10.733s] Level 1:colcon.colcon_core.package_identification:_identify(Library/Artifacts/e9) by extensions ['cmake', 'python']
[10.733s] Level 1:colcon.colcon_core.package_identification:_identify(Library/Artifacts/e9) by extension 'cmake'
[10.736s] Level 1:colcon.colcon_core.package_identification:_identify(Library/Artifacts/e9) by extension 'python'
[10.738s] Level 1:colcon.colcon_core.package_identification:_identify(Library/Artifacts/e9) by extensions ['python_setup_py']
[10.739s] Level 1:colcon.colcon_core.package_identification:_identify(Library/Artifacts/e9) by extension 'python_setup_py'
[10.748s] Level 1:colcon.colcon_core.package_identification:_identify(Library/Artifacts/ea) by extensions ['ignore', 'ignore_ament_install']
[10.749s] Level 1:colcon.colcon_core.package_identification:_identify(Library/Artifacts/ea) by extension 'ignore'
[10.752s] Level 1:colcon.colcon_core.package_identification:_identify(Library/Artifacts/ea) by extension 'ignore_ament_install'
[10.757s] Level 1:colcon.colcon_core.package_identification:_identify(Library/Artifacts/ea) by extensions ['colcon_pkg']
[10.757s] Level 1:colcon.colcon_core.package_identification:_identify(Library/Artifacts/ea) by extension 'colcon_pkg'
[10.759s] Level 1:colcon.colcon_core.package_identification:_identify(Library/Artifacts/ea) by extensions ['colcon_meta']
[10.760s] Level 1:colcon.colcon_core.package_identification:_identify(Library/Artifacts/ea) by extension 'colcon_meta'
[10.764s] Level 1:colcon.colcon_core.package_identification:_identify(Library/Artifacts/ea) by extensions ['ros']
[10.764s] Level 1:colcon.colcon_core.package_identification:_identify(Library/Artifacts/ea) by extension 'ros'
[10.773s] Level 1:colcon.colcon_core.package_identification:_identify(Library/Artifacts/ea) by extensions ['cmake', 'python']
[10.774s] Level 1:colcon.colcon_core.package_identification:_identify(Library/Artifacts/ea) by extension 'cmake'
[10.776s] Level 1:colcon.colcon_core.package_identification:_identify(Library/Artifacts/ea) by extension 'python'
[10.778s] Level 1:colcon.colcon_core.package_identification:_identify(Library/Artifacts/ea) by extensions ['python_setup_py']
[10.779s] Level 1:colcon.colcon_core.package_identification:_identify(Library/Artifacts/ea) by extension 'python_setup_py'
[10.788s] Level 1:colcon.colcon_core.package_identification:_identify(Library/Artifacts/eb) by extensions ['ignore', 'ignore_ament_install']
[10.789s] Level 1:colcon.colcon_core.package_identification:_identify(Library/Artifacts/eb) by extension 'ignore'
[10.792s] Level 1:colcon.colcon_core.package_identification:_identify(Library/Artifacts/eb) by extension 'ignore_ament_install'
[10.796s] Level 1:colcon.colcon_core.package_identification:_identify(Library/Artifacts/eb) by extensions ['colcon_pkg']
[10.797s] Level 1:colcon.colcon_core.package_identification:_identify(Library/Artifacts/eb) by extension 'colcon_pkg'
[10.800s] Level 1:colcon.colcon_core.package_identification:_identify(Library/Artifacts/eb) by extensions ['colcon_meta']
[10.801s] Level 1:colcon.colcon_core.package_identification:_identify(Library/Artifacts/eb) by extension 'colcon_meta'
[10.804s] Level 1:colcon.colcon_core.package_identification:_identify(Library/Artifacts/eb) by extensions ['ros']
[10.805s] Level 1:colcon.colcon_core.package_identification:_identify(Library/Artifacts/eb) by extension 'ros'
[10.816s] Level 1:colcon.colcon_core.package_identification:_identify(Library/Artifacts/eb) by extensions ['cmake', 'python']
[10.817s] Level 1:colcon.colcon_core.package_identification:_identify(Library/Artifacts/eb) by extension 'cmake'
[10.820s] Level 1:colcon.colcon_core.package_identification:_identify(Library/Artifacts/eb) by extension 'python'
[10.822s] Level 1:colcon.colcon_core.package_identification:_identify(Library/Artifacts/eb) by extensions ['python_setup_py']
[10.823s] Level 1:colcon.colcon_core.package_identification:_identify(Library/Artifacts/eb) by extension 'python_setup_py'
[10.833s] Level 1:colcon.colcon_core.package_identification:_identify(Library/Artifacts/ec) by extensions ['ignore', 'ignore_ament_install']
[10.834s] Level 1:colcon.colcon_core.package_identification:_identify(Library/Artifacts/ec) by extension 'ignore'
[10.836s] Level 1:colcon.colcon_core.package_identification:_identify(Library/Artifacts/ec) by extension 'ignore_ament_install'
[10.840s] Level 1:colcon.colcon_core.package_identification:_identify(Library/Artifacts/ec) by extensions ['colcon_pkg']
[10.841s] Level 1:colcon.colcon_core.package_identification:_identify(Library/Artifacts/ec) by extension 'colcon_pkg'
[10.844s] Level 1:colcon.colcon_core.package_identification:_identify(Library/Artifacts/ec) by extensions ['colcon_meta']
[10.845s] Level 1:colcon.colcon_core.package_identification:_identify(Library/Artifacts/ec) by extension 'colcon_meta'
[10.850s] Level 1:colcon.colcon_core.package_identification:_identify(Library/Artifacts/ec) by extensions ['ros']
[10.851s] Level 1:colcon.colcon_core.package_identification:_identify(Library/Artifacts/ec) by extension 'ros'
[10.857s] Level 1:colcon.colcon_core.package_identification:_identify(Library/Artifacts/ec) by extensions ['cmake', 'python']
[10.858s] Level 1:colcon.colcon_core.package_identification:_identify(Library/Artifacts/ec) by extension 'cmake'
[10.861s] Level 1:colcon.colcon_core.package_identification:_identify(Library/Artifacts/ec) by extension 'python'
[10.864s] Level 1:colcon.colcon_core.package_identification:_identify(Library/Artifacts/ec) by extensions ['python_setup_py']
[10.865s] Level 1:colcon.colcon_core.package_identification:_identify(Library/Artifacts/ec) by extension 'python_setup_py'
[10.874s] Level 1:colcon.colcon_core.package_identification:_identify(Library/Artifacts/ed) by extensions ['ignore', 'ignore_ament_install']
[10.875s] Level 1:colcon.colcon_core.package_identification:_identify(Library/Artifacts/ed) by extension 'ignore'
[10.878s] Level 1:colcon.colcon_core.package_identification:_identify(Library/Artifacts/ed) by extension 'ignore_ament_install'
[10.883s] Level 1:colcon.colcon_core.package_identification:_identify(Library/Artifacts/ed) by extensions ['colcon_pkg']
[10.883s] Level 1:colcon.colcon_core.package_identification:_identify(Library/Artifacts/ed) by extension 'colcon_pkg'
[10.887s] Level 1:colcon.colcon_core.package_identification:_identify(Library/Artifacts/ed) by extensions ['colcon_meta']
[10.888s] Level 1:colcon.colcon_core.package_identification:_identify(Library/Artifacts/ed) by extension 'colcon_meta'
[10.893s] Level 1:colcon.colcon_core.package_identification:_identify(Library/Artifacts/ed) by extensions ['ros']
[10.894s] Level 1:colcon.colcon_core.package_identification:_identify(Library/Artifacts/ed) by extension 'ros'
[10.906s] Level 1:colcon.colcon_core.package_identification:_identify(Library/Artifacts/ed) by extensions ['cmake', 'python']
[10.906s] Level 1:colcon.colcon_core.package_identification:_identify(Library/Artifacts/ed) by extension 'cmake'
[10.908s] Level 1:colcon.colcon_core.package_identification:_identify(Library/Artifacts/ed) by extension 'python'
[10.911s] Level 1:colcon.colcon_core.package_identification:_identify(Library/Artifacts/ed) by extensions ['python_setup_py']
[10.911s] Level 1:colcon.colcon_core.package_identification:_identify(Library/Artifacts/ed) by extension 'python_setup_py'
[10.921s] Level 1:colcon.colcon_core.package_identification:_identify(Library/Artifacts/ee) by extensions ['ignore', 'ignore_ament_install']
[10.922s] Level 1:colcon.colcon_core.package_identification:_identify(Library/Artifacts/ee) by extension 'ignore'
[10.924s] Level 1:colcon.colcon_core.package_identification:_identify(Library/Artifacts/ee) by extension 'ignore_ament_install'
[10.927s] Level 1:colcon.colcon_core.package_identification:_identify(Library/Artifacts/ee) by extensions ['colcon_pkg']
[10.928s] Level 1:colcon.colcon_core.package_identification:_identify(Library/Artifacts/ee) by extension 'colcon_pkg'
[10.931s] Level 1:colcon.colcon_core.package_identification:_identify(Library/Artifacts/ee) by extensions ['colcon_meta']
[10.931s] Level 1:colcon.colcon_core.package_identification:_identify(Library/Artifacts/ee) by extension 'colcon_meta'
[10.935s] Level 1:colcon.colcon_core.package_identification:_identify(Library/Artifacts/ee) by extensions ['ros']
[10.936s] Level 1:colcon.colcon_core.package_identification:_identify(Library/Artifacts/ee) by extension 'ros'
[10.944s] Level 1:colcon.colcon_core.package_identification:_identify(Library/Artifacts/ee) by extensions ['cmake', 'python']
[10.945s] Level 1:colcon.colcon_core.package_identification:_identify(Library/Artifacts/ee) by extension 'cmake'
[10.947s] Level 1:colcon.colcon_core.package_identification:_identify(Library/Artifacts/ee) by extension 'python'
[10.949s] Level 1:colcon.colcon_core.package_identification:_identify(Library/Artifacts/ee) by extensions ['python_setup_py']
[10.950s] Level 1:colcon.colcon_core.package_identification:_identify(Library/Artifacts/ee) by extension 'python_setup_py'
[10.959s] Level 1:colcon.colcon_core.package_identification:_identify(Library/Artifacts/ef) by extensions ['ignore', 'ignore_ament_install']
[10.960s] Level 1:colcon.colcon_core.package_identification:_identify(Library/Artifacts/ef) by extension 'ignore'
[10.963s] Level 1:colcon.colcon_core.package_identification:_identify(Library/Artifacts/ef) by extension 'ignore_ament_install'
[10.966s] Level 1:colcon.colcon_core.package_identification:_identify(Library/Artifacts/ef) by extensions ['colcon_pkg']
[10.967s] Level 1:colcon.colcon_core.package_identification:_identify(Library/Artifacts/ef) by extension 'colcon_pkg'
[10.970s] Level 1:colcon.colcon_core.package_identification:_identify(Library/Artifacts/ef) by extensions ['colcon_meta']
[10.971s] Level 1:colcon.colcon_core.package_identification:_identify(Library/Artifacts/ef) by extension 'colcon_meta'
[10.975s] Level 1:colcon.colcon_core.package_identification:_identify(Library/Artifacts/ef) by extensions ['ros']
[10.976s] Level 1:colcon.colcon_core.package_identification:_identify(Library/Artifacts/ef) by extension 'ros'
[10.988s] Level 1:colcon.colcon_core.package_identification:_identify(Library/Artifacts/ef) by extensions ['cmake', 'python']
[10.989s] Level 1:colcon.colcon_core.package_identification:_identify(Library/Artifacts/ef) by extension 'cmake'
[10.992s] Level 1:colcon.colcon_core.package_identification:_identify(Library/Artifacts/ef) by extension 'python'
[10.994s] Level 1:colcon.colcon_core.package_identification:_identify(Library/Artifacts/ef) by extensions ['python_setup_py']
[10.995s] Level 1:colcon.colcon_core.package_identification:_identify(Library/Artifacts/ef) by extension 'python_setup_py'
[11.004s] Level 1:colcon.colcon_core.package_identification:_identify(Library/Artifacts/f0) by extensions ['ignore', 'ignore_ament_install']
[11.004s] Level 1:colcon.colcon_core.package_identification:_identify(Library/Artifacts/f0) by extension 'ignore'
[11.007s] Level 1:colcon.colcon_core.package_identification:_identify(Library/Artifacts/f0) by extension 'ignore_ament_install'
[11.011s] Level 1:colcon.colcon_core.package_identification:_identify(Library/Artifacts/f0) by extensions ['colcon_pkg']
[11.011s] Level 1:colcon.colcon_core.package_identification:_identify(Library/Artifacts/f0) by extension 'colcon_pkg'
[11.014s] Level 1:colcon.colcon_core.package_identification:_identify(Library/Artifacts/f0) by extensions ['colcon_meta']
[11.015s] Level 1:colcon.colcon_core.package_identification:_identify(Library/Artifacts/f0) by extension 'colcon_meta'
[11.019s] Level 1:colcon.colcon_core.package_identification:_identify(Library/Artifacts/f0) by extensions ['ros']
[11.020s] Level 1:colcon.colcon_core.package_identification:_identify(Library/Artifacts/f0) by extension 'ros'
[11.029s] Level 1:colcon.colcon_core.package_identification:_identify(Library/Artifacts/f0) by extensions ['cmake', 'python']
[11.030s] Level 1:colcon.colcon_core.package_identification:_identify(Library/Artifacts/f0) by extension 'cmake'
[11.033s] Level 1:colcon.colcon_core.package_identification:_identify(Library/Artifacts/f0) by extension 'python'
[11.035s] Level 1:colcon.colcon_core.package_identification:_identify(Library/Artifacts/f0) by extensions ['python_setup_py']
[11.036s] Level 1:colcon.colcon_core.package_identification:_identify(Library/Artifacts/f0) by extension 'python_setup_py'
[11.045s] Level 1:colcon.colcon_core.package_identification:_identify(Library/Artifacts/f1) by extensions ['ignore', 'ignore_ament_install']
[11.046s] Level 1:colcon.colcon_core.package_identification:_identify(Library/Artifacts/f1) by extension 'ignore'
[11.049s] Level 1:colcon.colcon_core.package_identification:_identify(Library/Artifacts/f1) by extension 'ignore_ament_install'
[11.053s] Level 1:colcon.colcon_core.package_identification:_identify(Library/Artifacts/f1) by extensions ['colcon_pkg']
[11.054s] Level 1:colcon.colcon_core.package_identification:_identify(Library/Artifacts/f1) by extension 'colcon_pkg'
[11.058s] Level 1:colcon.colcon_core.package_identification:_identify(Library/Artifacts/f1) by extensions ['colcon_meta']
[11.059s] Level 1:colcon.colcon_core.package_identification:_identify(Library/Artifacts/f1) by extension 'colcon_meta'
[11.064s] Level 1:colcon.colcon_core.package_identification:_identify(Library/Artifacts/f1) by extensions ['ros']
[11.065s] Level 1:colcon.colcon_core.package_identification:_identify(Library/Artifacts/f1) by extension 'ros'
[11.073s] Level 1:colcon.colcon_core.package_identification:_identify(Library/Artifacts/f1) by extensions ['cmake', 'python']
[11.073s] Level 1:colcon.colcon_core.package_identification:_identify(Library/Artifacts/f1) by extension 'cmake'
[11.076s] Level 1:colcon.colcon_core.package_identification:_identify(Library/Artifacts/f1) by extension 'python'
[11.078s] Level 1:colcon.colcon_core.package_identification:_identify(Library/Artifacts/f1) by extensions ['python_setup_py']
[11.079s] Level 1:colcon.colcon_core.package_identification:_identify(Library/Artifacts/f1) by extension 'python_setup_py'
[11.088s] Level 1:colcon.colcon_core.package_identification:_identify(Library/Artifacts/f2) by extensions ['ignore', 'ignore_ament_install']
[11.088s] Level 1:colcon.colcon_core.package_identification:_identify(Library/Artifacts/f2) by extension 'ignore'
[11.090s] Level 1:colcon.colcon_core.package_identification:_identify(Library/Artifacts/f2) by extension 'ignore_ament_install'
[11.095s] Level 1:colcon.colcon_core.package_identification:_identify(Library/Artifacts/f2) by extensions ['colcon_pkg']
[11.095s] Level 1:colcon.colcon_core.package_identification:_identify(Library/Artifacts/f2) by extension 'colcon_pkg'
[11.097s] Level 1:colcon.colcon_core.package_identification:_identify(Library/Artifacts/f2) by extensions ['colcon_meta']
[11.098s] Level 1:colcon.colcon_core.package_identification:_identify(Library/Artifacts/f2) by extension 'colcon_meta'
[11.102s] Level 1:colcon.colcon_core.package_identification:_identify(Library/Artifacts/f2) by extensions ['ros']
[11.102s] Level 1:colcon.colcon_core.package_identification:_identify(Library/Artifacts/f2) by extension 'ros'
[11.110s] Level 1:colcon.colcon_core.package_identification:_identify(Library/Artifacts/f2) by extensions ['cmake', 'python']
[11.111s] Level 1:colcon.colcon_core.package_identification:_identify(Library/Artifacts/f2) by extension 'cmake'
[11.113s] Level 1:colcon.colcon_core.package_identification:_identify(Library/Artifacts/f2) by extension 'python'
[11.116s] Level 1:colcon.colcon_core.package_identification:_identify(Library/Artifacts/f2) by extensions ['python_setup_py']
[11.116s] Level 1:colcon.colcon_core.package_identification:_identify(Library/Artifacts/f2) by extension 'python_setup_py'
[11.122s] Level 1:colcon.colcon_core.package_identification:_identify(Library/Artifacts/f3) by extensions ['ignore', 'ignore_ament_install']
[11.123s] Level 1:colcon.colcon_core.package_identification:_identify(Library/Artifacts/f3) by extension 'ignore'
[11.125s] Level 1:colcon.colcon_core.package_identification:_identify(Library/Artifacts/f3) by extension 'ignore_ament_install'
[11.129s] Level 1:colcon.colcon_core.package_identification:_identify(Library/Artifacts/f3) by extensions ['colcon_pkg']
[11.129s] Level 1:colcon.colcon_core.package_identification:_identify(Library/Artifacts/f3) by extension 'colcon_pkg'
[11.132s] Level 1:colcon.colcon_core.package_identification:_identify(Library/Artifacts/f3) by extensions ['colcon_meta']
[11.132s] Level 1:colcon.colcon_core.package_identification:_identify(Library/Artifacts/f3) by extension 'colcon_meta'
[11.136s] Level 1:colcon.colcon_core.package_identification:_identify(Library/Artifacts/f3) by extensions ['ros']
[11.137s] Level 1:colcon.colcon_core.package_identification:_identify(Library/Artifacts/f3) by extension 'ros'
[11.144s] Level 1:colcon.colcon_core.package_identification:_identify(Library/Artifacts/f3) by extensions ['cmake', 'python']
[11.144s] Level 1:colcon.colcon_core.package_identification:_identify(Library/Artifacts/f3) by extension 'cmake'
[11.147s] Level 1:colcon.colcon_core.package_identification:_identify(Library/Artifacts/f3) by extension 'python'
[11.149s] Level 1:colcon.colcon_core.package_identification:_identify(Library/Artifacts/f3) by extensions ['python_setup_py']
[11.150s] Level 1:colcon.colcon_core.package_identification:_identify(Library/Artifacts/f3) by extension 'python_setup_py'
[11.158s] Level 1:colcon.colcon_core.package_identification:_identify(Library/Artifacts/f4) by extensions ['ignore', 'ignore_ament_install']
[11.158s] Level 1:colcon.colcon_core.package_identification:_identify(Library/Artifacts/f4) by extension 'ignore'
[11.161s] Level 1:colcon.colcon_core.package_identification:_identify(Library/Artifacts/f4) by extension 'ignore_ament_install'
[11.165s] Level 1:colcon.colcon_core.package_identification:_identify(Library/Artifacts/f4) by extensions ['colcon_pkg']
[11.165s] Level 1:colcon.colcon_core.package_identification:_identify(Library/Artifacts/f4) by extension 'colcon_pkg'
[11.167s] Level 1:colcon.colcon_core.package_identification:_identify(Library/Artifacts/f4) by extensions ['colcon_meta']
[11.168s] Level 1:colcon.colcon_core.package_identification:_identify(Library/Artifacts/f4) by extension 'colcon_meta'
[11.172s] Level 1:colcon.colcon_core.package_identification:_identify(Library/Artifacts/f4) by extensions ['ros']
[11.172s] Level 1:colcon.colcon_core.package_identification:_identify(Library/Artifacts/f4) by extension 'ros'
[11.180s] Level 1:colcon.colcon_core.package_identification:_identify(Library/Artifacts/f4) by extensions ['cmake', 'python']
[11.181s] Level 1:colcon.colcon_core.package_identification:_identify(Library/Artifacts/f4) by extension 'cmake'
[11.184s] Level 1:colcon.colcon_core.package_identification:_identify(Library/Artifacts/f4) by extension 'python'
[11.186s] Level 1:colcon.colcon_core.package_identification:_identify(Library/Artifacts/f4) by extensions ['python_setup_py']
[11.187s] Level 1:colcon.colcon_core.package_identification:_identify(Library/Artifacts/f4) by extension 'python_setup_py'
[11.196s] Level 1:colcon.colcon_core.package_identification:_identify(Library/Artifacts/f5) by extensions ['ignore', 'ignore_ament_install']
[11.196s] Level 1:colcon.colcon_core.package_identification:_identify(Library/Artifacts/f5) by extension 'ignore'
[11.198s] Level 1:colcon.colcon_core.package_identification:_identify(Library/Artifacts/f5) by extension 'ignore_ament_install'
[11.201s] Level 1:colcon.colcon_core.package_identification:_identify(Library/Artifacts/f5) by extensions ['colcon_pkg']
[11.202s] Level 1:colcon.colcon_core.package_identification:_identify(Library/Artifacts/f5) by extension 'colcon_pkg'
[11.205s] Level 1:colcon.colcon_core.package_identification:_identify(Library/Artifacts/f5) by extensions ['colcon_meta']
[11.205s] Level 1:colcon.colcon_core.package_identification:_identify(Library/Artifacts/f5) by extension 'colcon_meta'
[11.208s] Level 1:colcon.colcon_core.package_identification:_identify(Library/Artifacts/f5) by extensions ['ros']
[11.209s] Level 1:colcon.colcon_core.package_identification:_identify(Library/Artifacts/f5) by extension 'ros'
[11.216s] Level 1:colcon.colcon_core.package_identification:_identify(Library/Artifacts/f5) by extensions ['cmake', 'python']
[11.217s] Level 1:colcon.colcon_core.package_identification:_identify(Library/Artifacts/f5) by extension 'cmake'
[11.219s] Level 1:colcon.colcon_core.package_identification:_identify(Library/Artifacts/f5) by extension 'python'
[11.221s] Level 1:colcon.colcon_core.package_identification:_identify(Library/Artifacts/f5) by extensions ['python_setup_py']
[11.222s] Level 1:colcon.colcon_core.package_identification:_identify(Library/Artifacts/f5) by extension 'python_setup_py'
[11.230s] Level 1:colcon.colcon_core.package_identification:_identify(Library/Artifacts/f6) by extensions ['ignore', 'ignore_ament_install']
[11.231s] Level 1:colcon.colcon_core.package_identification:_identify(Library/Artifacts/f6) by extension 'ignore'
[11.233s] Level 1:colcon.colcon_core.package_identification:_identify(Library/Artifacts/f6) by extension 'ignore_ament_install'
[11.237s] Level 1:colcon.colcon_core.package_identification:_identify(Library/Artifacts/f6) by extensions ['colcon_pkg']
[11.237s] Level 1:colcon.colcon_core.package_identification:_identify(Library/Artifacts/f6) by extension 'colcon_pkg'
[11.239s] Level 1:colcon.colcon_core.package_identification:_identify(Library/Artifacts/f6) by extensions ['colcon_meta']
[11.240s] Level 1:colcon.colcon_core.package_identification:_identify(Library/Artifacts/f6) by extension 'colcon_meta'
[11.244s] Level 1:colcon.colcon_core.package_identification:_identify(Library/Artifacts/f6) by extensions ['ros']
[11.244s] Level 1:colcon.colcon_core.package_identification:_identify(Library/Artifacts/f6) by extension 'ros'
[11.250s] Level 1:colcon.colcon_core.package_identification:_identify(Library/Artifacts/f6) by extensions ['cmake', 'python']
[11.251s] Level 1:colcon.colcon_core.package_identification:_identify(Library/Artifacts/f6) by extension 'cmake'
[11.252s] Level 1:colcon.colcon_core.package_identification:_identify(Library/Artifacts/f6) by extension 'python'
[11.254s] Level 1:colcon.colcon_core.package_identification:_identify(Library/Artifacts/f6) by extensions ['python_setup_py']
[11.254s] Level 1:colcon.colcon_core.package_identification:_identify(Library/Artifacts/f6) by extension 'python_setup_py'
[11.260s] Level 1:colcon.colcon_core.package_identification:_identify(Library/Artifacts/f7) by extensions ['ignore', 'ignore_ament_install']
[11.261s] Level 1:colcon.colcon_core.package_identification:_identify(Library/Artifacts/f7) by extension 'ignore'
[11.262s] Level 1:colcon.colcon_core.package_identification:_identify(Library/Artifacts/f7) by extension 'ignore_ament_install'
[11.264s] Level 1:colcon.colcon_core.package_identification:_identify(Library/Artifacts/f7) by extensions ['colcon_pkg']
[11.265s] Level 1:colcon.colcon_core.package_identification:_identify(Library/Artifacts/f7) by extension 'colcon_pkg'
[11.266s] Level 1:colcon.colcon_core.package_identification:_identify(Library/Artifacts/f7) by extensions ['colcon_meta']
[11.266s] Level 1:colcon.colcon_core.package_identification:_identify(Library/Artifacts/f7) by extension 'colcon_meta'
[11.270s] Level 1:colcon.colcon_core.package_identification:_identify(Library/Artifacts/f7) by extensions ['ros']
[11.270s] Level 1:colcon.colcon_core.package_identification:_identify(Library/Artifacts/f7) by extension 'ros'
[11.276s] Level 1:colcon.colcon_core.package_identification:_identify(Library/Artifacts/f7) by extensions ['cmake', 'python']
[11.277s] Level 1:colcon.colcon_core.package_identification:_identify(Library/Artifacts/f7) by extension 'cmake'
[11.279s] Level 1:colcon.colcon_core.package_identification:_identify(Library/Artifacts/f7) by extension 'python'
[11.282s] Level 1:colcon.colcon_core.package_identification:_identify(Library/Artifacts/f7) by extensions ['python_setup_py']
[11.282s] Level 1:colcon.colcon_core.package_identification:_identify(Library/Artifacts/f7) by extension 'python_setup_py'
[11.292s] Level 1:colcon.colcon_core.package_identification:_identify(Library/Artifacts/f8) by extensions ['ignore', 'ignore_ament_install']
[11.292s] Level 1:colcon.colcon_core.package_identification:_identify(Library/Artifacts/f8) by extension 'ignore'
[11.295s] Level 1:colcon.colcon_core.package_identification:_identify(Library/Artifacts/f8) by extension 'ignore_ament_install'
[11.298s] Level 1:colcon.colcon_core.package_identification:_identify(Library/Artifacts/f8) by extensions ['colcon_pkg']
[11.299s] Level 1:colcon.colcon_core.package_identification:_identify(Library/Artifacts/f8) by extension 'colcon_pkg'
[11.301s] Level 1:colcon.colcon_core.package_identification:_identify(Library/Artifacts/f8) by extensions ['colcon_meta']
[11.302s] Level 1:colcon.colcon_core.package_identification:_identify(Library/Artifacts/f8) by extension 'colcon_meta'
[11.306s] Level 1:colcon.colcon_core.package_identification:_identify(Library/Artifacts/f8) by extensions ['ros']
[11.307s] Level 1:colcon.colcon_core.package_identification:_identify(Library/Artifacts/f8) by extension 'ros'
[11.315s] Level 1:colcon.colcon_core.package_identification:_identify(Library/Artifacts/f8) by extensions ['cmake', 'python']
[11.316s] Level 1:colcon.colcon_core.package_identification:_identify(Library/Artifacts/f8) by extension 'cmake'
[11.317s] Level 1:colcon.colcon_core.package_identification:_identify(Library/Artifacts/f8) by extension 'python'
[11.320s] Level 1:colcon.colcon_core.package_identification:_identify(Library/Artifacts/f8) by extensions ['python_setup_py']
[11.320s] Level 1:colcon.colcon_core.package_identification:_identify(Library/Artifacts/f8) by extension 'python_setup_py'
[11.328s] Level 1:colcon.colcon_core.package_identification:_identify(Library/Artifacts/f9) by extensions ['ignore', 'ignore_ament_install']
[11.328s] Level 1:colcon.colcon_core.package_identification:_identify(Library/Artifacts/f9) by extension 'ignore'
[11.331s] Level 1:colcon.colcon_core.package_identification:_identify(Library/Artifacts/f9) by extension 'ignore_ament_install'
[11.335s] Level 1:colcon.colcon_core.package_identification:_identify(Library/Artifacts/f9) by extensions ['colcon_pkg']
[11.335s] Level 1:colcon.colcon_core.package_identification:_identify(Library/Artifacts/f9) by extension 'colcon_pkg'
[11.338s] Level 1:colcon.colcon_core.package_identification:_identify(Library/Artifacts/f9) by extensions ['colcon_meta']
[11.338s] Level 1:colcon.colcon_core.package_identification:_identify(Library/Artifacts/f9) by extension 'colcon_meta'
[11.342s] Level 1:colcon.colcon_core.package_identification:_identify(Library/Artifacts/f9) by extensions ['ros']
[11.342s] Level 1:colcon.colcon_core.package_identification:_identify(Library/Artifacts/f9) by extension 'ros'
[11.349s] Level 1:colcon.colcon_core.package_identification:_identify(Library/Artifacts/f9) by extensions ['cmake', 'python']
[11.349s] Level 1:colcon.colcon_core.package_identification:_identify(Library/Artifacts/f9) by extension 'cmake'
[11.352s] Level 1:colcon.colcon_core.package_identification:_identify(Library/Artifacts/f9) by extension 'python'
[11.354s] Level 1:colcon.colcon_core.package_identification:_identify(Library/Artifacts/f9) by extensions ['python_setup_py']
[11.355s] Level 1:colcon.colcon_core.package_identification:_identify(Library/Artifacts/f9) by extension 'python_setup_py'
[11.362s] Level 1:colcon.colcon_core.package_identification:_identify(Library/Artifacts/fa) by extensions ['ignore', 'ignore_ament_install']
[11.362s] Level 1:colcon.colcon_core.package_identification:_identify(Library/Artifacts/fa) by extension 'ignore'
[11.365s] Level 1:colcon.colcon_core.package_identification:_identify(Library/Artifacts/fa) by extension 'ignore_ament_install'
[11.368s] Level 1:colcon.colcon_core.package_identification:_identify(Library/Artifacts/fa) by extensions ['colcon_pkg']
[11.369s] Level 1:colcon.colcon_core.package_identification:_identify(Library/Artifacts/fa) by extension 'colcon_pkg'
[11.371s] Level 1:colcon.colcon_core.package_identification:_identify(Library/Artifacts/fa) by extensions ['colcon_meta']
[11.372s] Level 1:colcon.colcon_core.package_identification:_identify(Library/Artifacts/fa) by extension 'colcon_meta'
[11.375s] Level 1:colcon.colcon_core.package_identification:_identify(Library/Artifacts/fa) by extensions ['ros']
[11.375s] Level 1:colcon.colcon_core.package_identification:_identify(Library/Artifacts/fa) by extension 'ros'
[11.384s] Level 1:colcon.colcon_core.package_identification:_identify(Library/Artifacts/fa) by extensions ['cmake', 'python']
[11.384s] Level 1:colcon.colcon_core.package_identification:_identify(Library/Artifacts/fa) by extension 'cmake'
[11.387s] Level 1:colcon.colcon_core.package_identification:_identify(Library/Artifacts/fa) by extension 'python'
[11.388s] Level 1:colcon.colcon_core.package_identification:_identify(Library/Artifacts/fa) by extensions ['python_setup_py']
[11.389s] Level 1:colcon.colcon_core.package_identification:_identify(Library/Artifacts/fa) by extension 'python_setup_py'
[11.394s] Level 1:colcon.colcon_core.package_identification:_identify(Library/Artifacts/fb) by extensions ['ignore', 'ignore_ament_install']
[11.394s] Level 1:colcon.colcon_core.package_identification:_identify(Library/Artifacts/fb) by extension 'ignore'
[11.396s] Level 1:colcon.colcon_core.package_identification:_identify(Library/Artifacts/fb) by extension 'ignore_ament_install'
[11.399s] Level 1:colcon.colcon_core.package_identification:_identify(Library/Artifacts/fb) by extensions ['colcon_pkg']
[11.399s] Level 1:colcon.colcon_core.package_identification:_identify(Library/Artifacts/fb) by extension 'colcon_pkg'
[11.400s] Level 1:colcon.colcon_core.package_identification:_identify(Library/Artifacts/fb) by extensions ['colcon_meta']
[11.401s] Level 1:colcon.colcon_core.package_identification:_identify(Library/Artifacts/fb) by extension 'colcon_meta'
[11.404s] Level 1:colcon.colcon_core.package_identification:_identify(Library/Artifacts/fb) by extensions ['ros']
[11.405s] Level 1:colcon.colcon_core.package_identification:_identify(Library/Artifacts/fb) by extension 'ros'
[11.410s] Level 1:colcon.colcon_core.package_identification:_identify(Library/Artifacts/fb) by extensions ['cmake', 'python']
[11.411s] Level 1:colcon.colcon_core.package_identification:_identify(Library/Artifacts/fb) by extension 'cmake'
[11.412s] Level 1:colcon.colcon_core.package_identification:_identify(Library/Artifacts/fb) by extension 'python'
[11.414s] Level 1:colcon.colcon_core.package_identification:_identify(Library/Artifacts/fb) by extensions ['python_setup_py']
[11.414s] Level 1:colcon.colcon_core.package_identification:_identify(Library/Artifacts/fb) by extension 'python_setup_py'
[11.422s] Level 1:colcon.colcon_core.package_identification:_identify(Library/Artifacts/fc) by extensions ['ignore', 'ignore_ament_install']
[11.423s] Level 1:colcon.colcon_core.package_identification:_identify(Library/Artifacts/fc) by extension 'ignore'
[11.425s] Level 1:colcon.colcon_core.package_identification:_identify(Library/Artifacts/fc) by extension 'ignore_ament_install'
[11.429s] Level 1:colcon.colcon_core.package_identification:_identify(Library/Artifacts/fc) by extensions ['colcon_pkg']
[11.430s] Level 1:colcon.colcon_core.package_identification:_identify(Library/Artifacts/fc) by extension 'colcon_pkg'
[11.432s] Level 1:colcon.colcon_core.package_identification:_identify(Library/Artifacts/fc) by extensions ['colcon_meta']
[11.433s] Level 1:colcon.colcon_core.package_identification:_identify(Library/Artifacts/fc) by extension 'colcon_meta'
[11.437s] Level 1:colcon.colcon_core.package_identification:_identify(Library/Artifacts/fc) by extensions ['ros']
[11.437s] Level 1:colcon.colcon_core.package_identification:_identify(Library/Artifacts/fc) by extension 'ros'
[11.445s] Level 1:colcon.colcon_core.package_identification:_identify(Library/Artifacts/fc) by extensions ['cmake', 'python']
[11.445s] Level 1:colcon.colcon_core.package_identification:_identify(Library/Artifacts/fc) by extension 'cmake'
[11.448s] Level 1:colcon.colcon_core.package_identification:_identify(Library/Artifacts/fc) by extension 'python'
[11.450s] Level 1:colcon.colcon_core.package_identification:_identify(Library/Artifacts/fc) by extensions ['python_setup_py']
[11.450s] Level 1:colcon.colcon_core.package_identification:_identify(Library/Artifacts/fc) by extension 'python_setup_py'
[11.458s] Level 1:colcon.colcon_core.package_identification:_identify(Library/Artifacts/fd) by extensions ['ignore', 'ignore_ament_install']
[11.459s] Level 1:colcon.colcon_core.package_identification:_identify(Library/Artifacts/fd) by extension 'ignore'
[11.461s] Level 1:colcon.colcon_core.package_identification:_identify(Library/Artifacts/fd) by extension 'ignore_ament_install'
[11.465s] Level 1:colcon.colcon_core.package_identification:_identify(Library/Artifacts/fd) by extensions ['colcon_pkg']
[11.465s] Level 1:colcon.colcon_core.package_identification:_identify(Library/Artifacts/fd) by extension 'colcon_pkg'
[11.468s] Level 1:colcon.colcon_core.package_identification:_identify(Library/Artifacts/fd) by extensions ['colcon_meta']
[11.468s] Level 1:colcon.colcon_core.package_identification:_identify(Library/Artifacts/fd) by extension 'colcon_meta'
[11.472s] Level 1:colcon.colcon_core.package_identification:_identify(Library/Artifacts/fd) by extensions ['ros']
[11.473s] Level 1:colcon.colcon_core.package_identification:_identify(Library/Artifacts/fd) by extension 'ros'
[11.481s] Level 1:colcon.colcon_core.package_identification:_identify(Library/Artifacts/fd) by extensions ['cmake', 'python']
[11.482s] Level 1:colcon.colcon_core.package_identification:_identify(Library/Artifacts/fd) by extension 'cmake'
[11.484s] Level 1:colcon.colcon_core.package_identification:_identify(Library/Artifacts/fd) by extension 'python'
[11.486s] Level 1:colcon.colcon_core.package_identification:_identify(Library/Artifacts/fd) by extensions ['python_setup_py']
[11.487s] Level 1:colcon.colcon_core.package_identification:_identify(Library/Artifacts/fd) by extension 'python_setup_py'
[11.493s] Level 1:colcon.colcon_core.package_identification:_identify(Library/Artifacts/fe) by extensions ['ignore', 'ignore_ament_install']
[11.494s] Level 1:colcon.colcon_core.package_identification:_identify(Library/Artifacts/fe) by extension 'ignore'
[11.496s] Level 1:colcon.colcon_core.package_identification:_identify(Library/Artifacts/fe) by extension 'ignore_ament_install'
[11.500s] Level 1:colcon.colcon_core.package_identification:_identify(Library/Artifacts/fe) by extensions ['colcon_pkg']
[11.500s] Level 1:colcon.colcon_core.package_identification:_identify(Library/Artifacts/fe) by extension 'colcon_pkg'
[11.503s] Level 1:colcon.colcon_core.package_identification:_identify(Library/Artifacts/fe) by extensions ['colcon_meta']
[11.504s] Level 1:colcon.colcon_core.package_identification:_identify(Library/Artifacts/fe) by extension 'colcon_meta'
[11.507s] Level 1:colcon.colcon_core.package_identification:_identify(Library/Artifacts/fe) by extensions ['ros']
[11.508s] Level 1:colcon.colcon_core.package_identification:_identify(Library/Artifacts/fe) by extension 'ros'
[11.516s] Level 1:colcon.colcon_core.package_identification:_identify(Library/Artifacts/fe) by extensions ['cmake', 'python']
[11.517s] Level 1:colcon.colcon_core.package_identification:_identify(Library/Artifacts/fe) by extension 'cmake'
[11.519s] Level 1:colcon.colcon_core.package_identification:_identify(Library/Artifacts/fe) by extension 'python'
[11.521s] Level 1:colcon.colcon_core.package_identification:_identify(Library/Artifacts/fe) by extensions ['python_setup_py']
[11.521s] Level 1:colcon.colcon_core.package_identification:_identify(Library/Artifacts/fe) by extension 'python_setup_py'
[11.530s] Level 1:colcon.colcon_core.package_identification:_identify(Library/Artifacts/ff) by extensions ['ignore', 'ignore_ament_install']
[11.531s] Level 1:colcon.colcon_core.package_identification:_identify(Library/Artifacts/ff) by extension 'ignore'
[11.532s] Level 1:colcon.colcon_core.package_identification:_identify(Library/Artifacts/ff) by extension 'ignore_ament_install'
[11.536s] Level 1:colcon.colcon_core.package_identification:_identify(Library/Artifacts/ff) by extensions ['colcon_pkg']
[11.537s] Level 1:colcon.colcon_core.package_identification:_identify(Library/Artifacts/ff) by extension 'colcon_pkg'
[11.539s] Level 1:colcon.colcon_core.package_identification:_identify(Library/Artifacts/ff) by extensions ['colcon_meta']
[11.540s] Level 1:colcon.colcon_core.package_identification:_identify(Library/Artifacts/ff) by extension 'colcon_meta'
[11.544s] Level 1:colcon.colcon_core.package_identification:_identify(Library/Artifacts/ff) by extensions ['ros']
[11.545s] Level 1:colcon.colcon_core.package_identification:_identify(Library/Artifacts/ff) by extension 'ros'
[11.551s] Level 1:colcon.colcon_core.package_identification:_identify(Library/Artifacts/ff) by extensions ['cmake', 'python']
[11.552s] Level 1:colcon.colcon_core.package_identification:_identify(Library/Artifacts/ff) by extension 'cmake'
[11.554s] Level 1:colcon.colcon_core.package_identification:_identify(Library/Artifacts/ff) by extension 'python'
[11.556s] Level 1:colcon.colcon_core.package_identification:_identify(Library/Artifacts/ff) by extensions ['python_setup_py']
[11.557s] Level 1:colcon.colcon_core.package_identification:_identify(Library/Artifacts/ff) by extension 'python_setup_py'
[11.563s] Level 1:colcon.colcon_core.package_identification:_identify(Library/Bee) by extensions ['ignore', 'ignore_ament_install']
[11.563s] Level 1:colcon.colcon_core.package_identification:_identify(Library/Bee) by extension 'ignore'
[11.565s] Level 1:colcon.colcon_core.package_identification:_identify(Library/Bee) by extension 'ignore_ament_install'
[11.568s] Level 1:colcon.colcon_core.package_identification:_identify(Library/Bee) by extensions ['colcon_pkg']
[11.569s] Level 1:colcon.colcon_core.package_identification:_identify(Library/Bee) by extension 'colcon_pkg'
[11.570s] Level 1:colcon.colcon_core.package_identification:_identify(Library/Bee) by extensions ['colcon_meta']
[11.571s] Level 1:colcon.colcon_core.package_identification:_identify(Library/Bee) by extension 'colcon_meta'
[11.573s] Level 1:colcon.colcon_core.package_identification:_identify(Library/Bee) by extensions ['ros']
[11.574s] Level 1:colcon.colcon_core.package_identification:_identify(Library/Bee) by extension 'ros'
[11.580s] Level 1:colcon.colcon_core.package_identification:_identify(Library/Bee) by extensions ['cmake', 'python']
[11.581s] Level 1:colcon.colcon_core.package_identification:_identify(Library/Bee) by extension 'cmake'
[11.583s] Level 1:colcon.colcon_core.package_identification:_identify(Library/Bee) by extension 'python'
[11.587s] Level 1:colcon.colcon_core.package_identification:_identify(Library/Bee) by extensions ['python_setup_py']
[11.588s] Level 1:colcon.colcon_core.package_identification:_identify(Library/Bee) by extension 'python_setup_py'
[11.596s] Level 1:colcon.colcon_core.package_identification:_identify(Library/Bee/CachedNodeOutput) by extensions ['ignore', 'ignore_ament_install']
[11.596s] Level 1:colcon.colcon_core.package_identification:_identify(Library/Bee/CachedNodeOutput) by extension 'ignore'
[11.598s] Level 1:colcon.colcon_core.package_identification:_identify(Library/Bee/CachedNodeOutput) by extension 'ignore_ament_install'
[11.602s] Level 1:colcon.colcon_core.package_identification:_identify(Library/Bee/CachedNodeOutput) by extensions ['colcon_pkg']
[11.603s] Level 1:colcon.colcon_core.package_identification:_identify(Library/Bee/CachedNodeOutput) by extension 'colcon_pkg'
[11.605s] Level 1:colcon.colcon_core.package_identification:_identify(Library/Bee/CachedNodeOutput) by extensions ['colcon_meta']
[11.605s] Level 1:colcon.colcon_core.package_identification:_identify(Library/Bee/CachedNodeOutput) by extension 'colcon_meta'
[11.609s] Level 1:colcon.colcon_core.package_identification:_identify(Library/Bee/CachedNodeOutput) by extensions ['ros']
[11.610s] Level 1:colcon.colcon_core.package_identification:_identify(Library/Bee/CachedNodeOutput) by extension 'ros'
[11.617s] Level 1:colcon.colcon_core.package_identification:_identify(Library/Bee/CachedNodeOutput) by extensions ['cmake', 'python']
[11.617s] Level 1:colcon.colcon_core.package_identification:_identify(Library/Bee/CachedNodeOutput) by extension 'cmake'
[11.619s] Level 1:colcon.colcon_core.package_identification:_identify(Library/Bee/CachedNodeOutput) by extension 'python'
[11.621s] Level 1:colcon.colcon_core.package_identification:_identify(Library/Bee/CachedNodeOutput) by extensions ['python_setup_py']
[11.621s] Level 1:colcon.colcon_core.package_identification:_identify(Library/Bee/CachedNodeOutput) by extension 'python_setup_py'
[11.626s] Level 1:colcon.colcon_core.package_identification:_identify(Library/PackageCache) by extensions ['ignore', 'ignore_ament_install']
[11.626s] Level 1:colcon.colcon_core.package_identification:_identify(Library/PackageCache) by extension 'ignore'
[11.627s] Level 1:colcon.colcon_core.package_identification:_identify(Library/PackageCache) by extension 'ignore_ament_install'
[11.629s] Level 1:colcon.colcon_core.package_identification:_identify(Library/PackageCache) by extensions ['colcon_pkg']
[11.630s] Level 1:colcon.colcon_core.package_identification:_identify(Library/PackageCache) by extension 'colcon_pkg'
[11.631s] Level 1:colcon.colcon_core.package_identification:_identify(Library/PackageCache) by extensions ['colcon_meta']
[11.632s] Level 1:colcon.colcon_core.package_identification:_identify(Library/PackageCache) by extension 'colcon_meta'
[11.633s] Level 1:colcon.colcon_core.package_identification:_identify(Library/PackageCache) by extensions ['ros']
[11.634s] Level 1:colcon.colcon_core.package_identification:_identify(Library/PackageCache) by extension 'ros'
[11.637s] Level 1:colcon.colcon_core.package_identification:_identify(Library/PackageCache) by extensions ['cmake', 'python']
[11.638s] Level 1:colcon.colcon_core.package_identification:_identify(Library/PackageCache) by extension 'cmake'
[11.639s] Level 1:colcon.colcon_core.package_identification:_identify(Library/PackageCache) by extension 'python'
[11.641s] Level 1:colcon.colcon_core.package_identification:_identify(Library/PackageCache) by extensions ['python_setup_py']
[11.642s] Level 1:colcon.colcon_core.package_identification:_identify(Library/PackageCache) by extension 'python_setup_py'
[11.649s] Level 1:colcon.colcon_core.package_identification:_identify(Library/PackageCache/com.unity.modules.ai@1.0.0) by extensions ['ignore', 'ignore_ament_install']
[11.649s] Level 1:colcon.colcon_core.package_identification:_identify(Library/PackageCache/com.unity.modules.ai@1.0.0) by extension 'ignore'
[11.652s] Level 1:colcon.colcon_core.package_identification:_identify(Library/PackageCache/com.unity.modules.ai@1.0.0) by extension 'ignore_ament_install'
[11.656s] Level 1:colcon.colcon_core.package_identification:_identify(Library/PackageCache/com.unity.modules.ai@1.0.0) by extensions ['colcon_pkg']
[11.656s] Level 1:colcon.colcon_core.package_identification:_identify(Library/PackageCache/com.unity.modules.ai@1.0.0) by extension 'colcon_pkg'
[11.658s] Level 1:colcon.colcon_core.package_identification:_identify(Library/PackageCache/com.unity.modules.ai@1.0.0) by extensions ['colcon_meta']
[11.659s] Level 1:colcon.colcon_core.package_identification:_identify(Library/PackageCache/com.unity.modules.ai@1.0.0) by extension 'colcon_meta'
[11.662s] Level 1:colcon.colcon_core.package_identification:_identify(Library/PackageCache/com.unity.modules.ai@1.0.0) by extensions ['ros']
[11.662s] Level 1:colcon.colcon_core.package_identification:_identify(Library/PackageCache/com.unity.modules.ai@1.0.0) by extension 'ros'
[11.668s] Level 1:colcon.colcon_core.package_identification:_identify(Library/PackageCache/com.unity.modules.ai@1.0.0) by extensions ['cmake', 'python']
[11.669s] Level 1:colcon.colcon_core.package_identification:_identify(Library/PackageCache/com.unity.modules.ai@1.0.0) by extension 'cmake'
[11.671s] Level 1:colcon.colcon_core.package_identification:_identify(Library/PackageCache/com.unity.modules.ai@1.0.0) by extension 'python'
[11.673s] Level 1:colcon.colcon_core.package_identification:_identify(Library/PackageCache/com.unity.modules.ai@1.0.0) by extensions ['python_setup_py']
[11.674s] Level 1:colcon.colcon_core.package_identification:_identify(Library/PackageCache/com.unity.modules.ai@1.0.0) by extension 'python_setup_py'
[11.683s] Level 1:colcon.colcon_core.package_identification:_identify(Library/PackageCache/com.unity.modules.androidjni@1.0.0) by extensions ['ignore', 'ignore_ament_install']
[11.683s] Level 1:colcon.colcon_core.package_identification:_identify(Library/PackageCache/com.unity.modules.androidjni@1.0.0) by extension 'ignore'
[11.686s] Level 1:colcon.colcon_core.package_identification:_identify(Library/PackageCache/com.unity.modules.androidjni@1.0.0) by extension 'ignore_ament_install'
[11.689s] Level 1:colcon.colcon_core.package_identification:_identify(Library/PackageCache/com.unity.modules.androidjni@1.0.0) by extensions ['colcon_pkg']
[11.690s] Level 1:colcon.colcon_core.package_identification:_identify(Library/PackageCache/com.unity.modules.androidjni@1.0.0) by extension 'colcon_pkg'
[11.692s] Level 1:colcon.colcon_core.package_identification:_identify(Library/PackageCache/com.unity.modules.androidjni@1.0.0) by extensions ['colcon_meta']
[11.693s] Level 1:colcon.colcon_core.package_identification:_identify(Library/PackageCache/com.unity.modules.androidjni@1.0.0) by extension 'colcon_meta'
[11.697s] Level 1:colcon.colcon_core.package_identification:_identify(Library/PackageCache/com.unity.modules.androidjni@1.0.0) by extensions ['ros']
[11.697s] Level 1:colcon.colcon_core.package_identification:_identify(Library/PackageCache/com.unity.modules.androidjni@1.0.0) by extension 'ros'
[11.704s] Level 1:colcon.colcon_core.package_identification:_identify(Library/PackageCache/com.unity.modules.androidjni@1.0.0) by extensions ['cmake', 'python']
[11.705s] Level 1:colcon.colcon_core.package_identification:_identify(Library/PackageCache/com.unity.modules.androidjni@1.0.0) by extension 'cmake'
[11.707s] Level 1:colcon.colcon_core.package_identification:_identify(Library/PackageCache/com.unity.modules.androidjni@1.0.0) by extension 'python'
[11.710s] Level 1:colcon.colcon_core.package_identification:_identify(Library/PackageCache/com.unity.modules.androidjni@1.0.0) by extensions ['python_setup_py']
[11.710s] Level 1:colcon.colcon_core.package_identification:_identify(Library/PackageCache/com.unity.modules.androidjni@1.0.0) by extension 'python_setup_py'
[11.718s] Level 1:colcon.colcon_core.package_identification:_identify(Library/PackageCache/com.unity.modules.animation@1.0.0) by extensions ['ignore', 'ignore_ament_install']
[11.718s] Level 1:colcon.colcon_core.package_identification:_identify(Library/PackageCache/com.unity.modules.animation@1.0.0) by extension 'ignore'
[11.721s] Level 1:colcon.colcon_core.package_identification:_identify(Library/PackageCache/com.unity.modules.animation@1.0.0) by extension 'ignore_ament_install'
[11.725s] Level 1:colcon.colcon_core.package_identification:_identify(Library/PackageCache/com.unity.modules.animation@1.0.0) by extensions ['colcon_pkg']
[11.726s] Level 1:colcon.colcon_core.package_identification:_identify(Library/PackageCache/com.unity.modules.animation@1.0.0) by extension 'colcon_pkg'
[11.728s] Level 1:colcon.colcon_core.package_identification:_identify(Library/PackageCache/com.unity.modules.animation@1.0.0) by extensions ['colcon_meta']
[11.728s] Level 1:colcon.colcon_core.package_identification:_identify(Library/PackageCache/com.unity.modules.animation@1.0.0) by extension 'colcon_meta'
[11.732s] Level 1:colcon.colcon_core.package_identification:_identify(Library/PackageCache/com.unity.modules.animation@1.0.0) by extensions ['ros']
[11.733s] Level 1:colcon.colcon_core.package_identification:_identify(Library/PackageCache/com.unity.modules.animation@1.0.0) by extension 'ros'
[11.741s] Level 1:colcon.colcon_core.package_identification:_identify(Library/PackageCache/com.unity.modules.animation@1.0.0) by extensions ['cmake', 'python']
[11.741s] Level 1:colcon.colcon_core.package_identification:_identify(Library/PackageCache/com.unity.modules.animation@1.0.0) by extension 'cmake'
[11.743s] Level 1:colcon.colcon_core.package_identification:_identify(Library/PackageCache/com.unity.modules.animation@1.0.0) by extension 'python'
[11.745s] Level 1:colcon.colcon_core.package_identification:_identify(Library/PackageCache/com.unity.modules.animation@1.0.0) by extensions ['python_setup_py']
[11.746s] Level 1:colcon.colcon_core.package_identification:_identify(Library/PackageCache/com.unity.modules.animation@1.0.0) by extension 'python_setup_py'
[11.754s] Level 1:colcon.colcon_core.package_identification:_identify(Library/PackageCache/com.unity.modules.assetbundle@1.0.0) by extensions ['ignore', 'ignore_ament_install']
[11.755s] Level 1:colcon.colcon_core.package_identification:_identify(Library/PackageCache/com.unity.modules.assetbundle@1.0.0) by extension 'ignore'
[11.757s] Level 1:colcon.colcon_core.package_identification:_identify(Library/PackageCache/com.unity.modules.assetbundle@1.0.0) by extension 'ignore_ament_install'
[11.760s] Level 1:colcon.colcon_core.package_identification:_identify(Library/PackageCache/com.unity.modules.assetbundle@1.0.0) by extensions ['colcon_pkg']
[11.761s] Level 1:colcon.colcon_core.package_identification:_identify(Library/PackageCache/com.unity.modules.assetbundle@1.0.0) by extension 'colcon_pkg'
[11.763s] Level 1:colcon.colcon_core.package_identification:_identify(Library/PackageCache/com.unity.modules.assetbundle@1.0.0) by extensions ['colcon_meta']
[11.764s] Level 1:colcon.colcon_core.package_identification:_identify(Library/PackageCache/com.unity.modules.assetbundle@1.0.0) by extension 'colcon_meta'
[11.768s] Level 1:colcon.colcon_core.package_identification:_identify(Library/PackageCache/com.unity.modules.assetbundle@1.0.0) by extensions ['ros']
[11.769s] Level 1:colcon.colcon_core.package_identification:_identify(Library/PackageCache/com.unity.modules.assetbundle@1.0.0) by extension 'ros'
[11.777s] Level 1:colcon.colcon_core.package_identification:_identify(Library/PackageCache/com.unity.modules.assetbundle@1.0.0) by extensions ['cmake', 'python']
[11.778s] Level 1:colcon.colcon_core.package_identification:_identify(Library/PackageCache/com.unity.modules.assetbundle@1.0.0) by extension 'cmake'
[11.780s] Level 1:colcon.colcon_core.package_identification:_identify(Library/PackageCache/com.unity.modules.assetbundle@1.0.0) by extension 'python'
[11.782s] Level 1:colcon.colcon_core.package_identification:_identify(Library/PackageCache/com.unity.modules.assetbundle@1.0.0) by extensions ['python_setup_py']
[11.783s] Level 1:colcon.colcon_core.package_identification:_identify(Library/PackageCache/com.unity.modules.assetbundle@1.0.0) by extension 'python_setup_py'
[11.791s] Level 1:colcon.colcon_core.package_identification:_identify(Library/PackageCache/com.unity.modules.audio@1.0.0) by extensions ['ignore', 'ignore_ament_install']
[11.792s] Level 1:colcon.colcon_core.package_identification:_identify(Library/PackageCache/com.unity.modules.audio@1.0.0) by extension 'ignore'
[11.794s] Level 1:colcon.colcon_core.package_identification:_identify(Library/PackageCache/com.unity.modules.audio@1.0.0) by extension 'ignore_ament_install'
[11.797s] Level 1:colcon.colcon_core.package_identification:_identify(Library/PackageCache/com.unity.modules.audio@1.0.0) by extensions ['colcon_pkg']
[11.798s] Level 1:colcon.colcon_core.package_identification:_identify(Library/PackageCache/com.unity.modules.audio@1.0.0) by extension 'colcon_pkg'
[11.800s] Level 1:colcon.colcon_core.package_identification:_identify(Library/PackageCache/com.unity.modules.audio@1.0.0) by extensions ['colcon_meta']
[11.801s] Level 1:colcon.colcon_core.package_identification:_identify(Library/PackageCache/com.unity.modules.audio@1.0.0) by extension 'colcon_meta'
[11.805s] Level 1:colcon.colcon_core.package_identification:_identify(Library/PackageCache/com.unity.modules.audio@1.0.0) by extensions ['ros']
[11.805s] Level 1:colcon.colcon_core.package_identification:_identify(Library/PackageCache/com.unity.modules.audio@1.0.0) by extension 'ros'
[11.814s] Level 1:colcon.colcon_core.package_identification:_identify(Library/PackageCache/com.unity.modules.audio@1.0.0) by extensions ['cmake', 'python']
[11.815s] Level 1:colcon.colcon_core.package_identification:_identify(Library/PackageCache/com.unity.modules.audio@1.0.0) by extension 'cmake'
[11.817s] Level 1:colcon.colcon_core.package_identification:_identify(Library/PackageCache/com.unity.modules.audio@1.0.0) by extension 'python'
[11.820s] Level 1:colcon.colcon_core.package_identification:_identify(Library/PackageCache/com.unity.modules.audio@1.0.0) by extensions ['python_setup_py']
[11.820s] Level 1:colcon.colcon_core.package_identification:_identify(Library/PackageCache/com.unity.modules.audio@1.0.0) by extension 'python_setup_py'
[11.828s] Level 1:colcon.colcon_core.package_identification:_identify(Library/PackageCache/com.unity.modules.cloth@1.0.0) by extensions ['ignore', 'ignore_ament_install']
[11.829s] Level 1:colcon.colcon_core.package_identification:_identify(Library/PackageCache/com.unity.modules.cloth@1.0.0) by extension 'ignore'
[11.831s] Level 1:colcon.colcon_core.package_identification:_identify(Library/PackageCache/com.unity.modules.cloth@1.0.0) by extension 'ignore_ament_install'
[11.835s] Level 1:colcon.colcon_core.package_identification:_identify(Library/PackageCache/com.unity.modules.cloth@1.0.0) by extensions ['colcon_pkg']
[11.836s] Level 1:colcon.colcon_core.package_identification:_identify(Library/PackageCache/com.unity.modules.cloth@1.0.0) by extension 'colcon_pkg'
[11.838s] Level 1:colcon.colcon_core.package_identification:_identify(Library/PackageCache/com.unity.modules.cloth@1.0.0) by extensions ['colcon_meta']
[11.839s] Level 1:colcon.colcon_core.package_identification:_identify(Library/PackageCache/com.unity.modules.cloth@1.0.0) by extension 'colcon_meta'
[11.842s] Level 1:colcon.colcon_core.package_identification:_identify(Library/PackageCache/com.unity.modules.cloth@1.0.0) by extensions ['ros']
[11.843s] Level 1:colcon.colcon_core.package_identification:_identify(Library/PackageCache/com.unity.modules.cloth@1.0.0) by extension 'ros'
[11.850s] Level 1:colcon.colcon_core.package_identification:_identify(Library/PackageCache/com.unity.modules.cloth@1.0.0) by extensions ['cmake', 'python']
[11.850s] Level 1:colcon.colcon_core.package_identification:_identify(Library/PackageCache/com.unity.modules.cloth@1.0.0) by extension 'cmake'
[11.853s] Level 1:colcon.colcon_core.package_identification:_identify(Library/PackageCache/com.unity.modules.cloth@1.0.0) by extension 'python'
[11.855s] Level 1:colcon.colcon_core.package_identification:_identify(Library/PackageCache/com.unity.modules.cloth@1.0.0) by extensions ['python_setup_py']
[11.856s] Level 1:colcon.colcon_core.package_identification:_identify(Library/PackageCache/com.unity.modules.cloth@1.0.0) by extension 'python_setup_py'
[11.864s] Level 1:colcon.colcon_core.package_identification:_identify(Library/PackageCache/com.unity.modules.director@1.0.0) by extensions ['ignore', 'ignore_ament_install']
[11.865s] Level 1:colcon.colcon_core.package_identification:_identify(Library/PackageCache/com.unity.modules.director@1.0.0) by extension 'ignore'
[11.867s] Level 1:colcon.colcon_core.package_identification:_identify(Library/PackageCache/com.unity.modules.director@1.0.0) by extension 'ignore_ament_install'
[11.871s] Level 1:colcon.colcon_core.package_identification:_identify(Library/PackageCache/com.unity.modules.director@1.0.0) by extensions ['colcon_pkg']
[11.872s] Level 1:colcon.colcon_core.package_identification:_identify(Library/PackageCache/com.unity.modules.director@1.0.0) by extension 'colcon_pkg'
[11.874s] Level 1:colcon.colcon_core.package_identification:_identify(Library/PackageCache/com.unity.modules.director@1.0.0) by extensions ['colcon_meta']
[11.875s] Level 1:colcon.colcon_core.package_identification:_identify(Library/PackageCache/com.unity.modules.director@1.0.0) by extension 'colcon_meta'
[11.879s] Level 1:colcon.colcon_core.package_identification:_identify(Library/PackageCache/com.unity.modules.director@1.0.0) by extensions ['ros']
[11.879s] Level 1:colcon.colcon_core.package_identification:_identify(Library/PackageCache/com.unity.modules.director@1.0.0) by extension 'ros'
[11.888s] Level 1:colcon.colcon_core.package_identification:_identify(Library/PackageCache/com.unity.modules.director@1.0.0) by extensions ['cmake', 'python']
[11.889s] Level 1:colcon.colcon_core.package_identification:_identify(Library/PackageCache/com.unity.modules.director@1.0.0) by extension 'cmake'
[11.891s] Level 1:colcon.colcon_core.package_identification:_identify(Library/PackageCache/com.unity.modules.director@1.0.0) by extension 'python'
[11.893s] Level 1:colcon.colcon_core.package_identification:_identify(Library/PackageCache/com.unity.modules.director@1.0.0) by extensions ['python_setup_py']
[11.893s] Level 1:colcon.colcon_core.package_identification:_identify(Library/PackageCache/com.unity.modules.director@1.0.0) by extension 'python_setup_py'
[11.901s] Level 1:colcon.colcon_core.package_identification:_identify(Library/PackageCache/com.unity.modules.imageconversion@1.0.0) by extensions ['ignore', 'ignore_ament_install']
[11.902s] Level 1:colcon.colcon_core.package_identification:_identify(Library/PackageCache/com.unity.modules.imageconversion@1.0.0) by extension 'ignore'
[11.904s] Level 1:colcon.colcon_core.package_identification:_identify(Library/PackageCache/com.unity.modules.imageconversion@1.0.0) by extension 'ignore_ament_install'
[11.908s] Level 1:colcon.colcon_core.package_identification:_identify(Library/PackageCache/com.unity.modules.imageconversion@1.0.0) by extensions ['colcon_pkg']
[11.908s] Level 1:colcon.colcon_core.package_identification:_identify(Library/PackageCache/com.unity.modules.imageconversion@1.0.0) by extension 'colcon_pkg'
[11.911s] Level 1:colcon.colcon_core.package_identification:_identify(Library/PackageCache/com.unity.modules.imageconversion@1.0.0) by extensions ['colcon_meta']
[11.911s] Level 1:colcon.colcon_core.package_identification:_identify(Library/PackageCache/com.unity.modules.imageconversion@1.0.0) by extension 'colcon_meta'
[11.916s] Level 1:colcon.colcon_core.package_identification:_identify(Library/PackageCache/com.unity.modules.imageconversion@1.0.0) by extensions ['ros']
[11.916s] Level 1:colcon.colcon_core.package_identification:_identify(Library/PackageCache/com.unity.modules.imageconversion@1.0.0) by extension 'ros'
[11.923s] Level 1:colcon.colcon_core.package_identification:_identify(Library/PackageCache/com.unity.modules.imageconversion@1.0.0) by extensions ['cmake', 'python']
[11.923s] Level 1:colcon.colcon_core.package_identification:_identify(Library/PackageCache/com.unity.modules.imageconversion@1.0.0) by extension 'cmake'
[11.925s] Level 1:colcon.colcon_core.package_identification:_identify(Library/PackageCache/com.unity.modules.imageconversion@1.0.0) by extension 'python'
[11.928s] Level 1:colcon.colcon_core.package_identification:_identify(Library/PackageCache/com.unity.modules.imageconversion@1.0.0) by extensions ['python_setup_py']
[11.928s] Level 1:colcon.colcon_core.package_identification:_identify(Library/PackageCache/com.unity.modules.imageconversion@1.0.0) by extension 'python_setup_py'
[11.937s] Level 1:colcon.colcon_core.package_identification:_identify(Library/PackageCache/com.unity.modules.imgui@1.0.0) by extensions ['ignore', 'ignore_ament_install']
[11.938s] Level 1:colcon.colcon_core.package_identification:_identify(Library/PackageCache/com.unity.modules.imgui@1.0.0) by extension 'ignore'
[11.940s] Level 1:colcon.colcon_core.package_identification:_identify(Library/PackageCache/com.unity.modules.imgui@1.0.0) by extension 'ignore_ament_install'
[11.943s] Level 1:colcon.colcon_core.package_identification:_identify(Library/PackageCache/com.unity.modules.imgui@1.0.0) by extensions ['colcon_pkg']
[11.943s] Level 1:colcon.colcon_core.package_identification:_identify(Library/PackageCache/com.unity.modules.imgui@1.0.0) by extension 'colcon_pkg'
[11.945s] Level 1:colcon.colcon_core.package_identification:_identify(Library/PackageCache/com.unity.modules.imgui@1.0.0) by extensions ['colcon_meta']
[11.945s] Level 1:colcon.colcon_core.package_identification:_identify(Library/PackageCache/com.unity.modules.imgui@1.0.0) by extension 'colcon_meta'
[11.947s] Level 1:colcon.colcon_core.package_identification:_identify(Library/PackageCache/com.unity.modules.imgui@1.0.0) by extensions ['ros']
[11.948s] Level 1:colcon.colcon_core.package_identification:_identify(Library/PackageCache/com.unity.modules.imgui@1.0.0) by extension 'ros'
[11.953s] Level 1:colcon.colcon_core.package_identification:_identify(Library/PackageCache/com.unity.modules.imgui@1.0.0) by extensions ['cmake', 'python']
[11.954s] Level 1:colcon.colcon_core.package_identification:_identify(Library/PackageCache/com.unity.modules.imgui@1.0.0) by extension 'cmake'
[11.955s] Level 1:colcon.colcon_core.package_identification:_identify(Library/PackageCache/com.unity.modules.imgui@1.0.0) by extension 'python'
[11.957s] Level 1:colcon.colcon_core.package_identification:_identify(Library/PackageCache/com.unity.modules.imgui@1.0.0) by extensions ['python_setup_py']
[11.957s] Level 1:colcon.colcon_core.package_identification:_identify(Library/PackageCache/com.unity.modules.imgui@1.0.0) by extension 'python_setup_py'
[11.963s] Level 1:colcon.colcon_core.package_identification:_identify(Library/PackageCache/com.unity.modules.jsonserialize@1.0.0) by extensions ['ignore', 'ignore_ament_install']
[11.963s] Level 1:colcon.colcon_core.package_identification:_identify(Library/PackageCache/com.unity.modules.jsonserialize@1.0.0) by extension 'ignore'
[11.965s] Level 1:colcon.colcon_core.package_identification:_identify(Library/PackageCache/com.unity.modules.jsonserialize@1.0.0) by extension 'ignore_ament_install'
[11.968s] Level 1:colcon.colcon_core.package_identification:_identify(Library/PackageCache/com.unity.modules.jsonserialize@1.0.0) by extensions ['colcon_pkg']
[11.968s] Level 1:colcon.colcon_core.package_identification:_identify(Library/PackageCache/com.unity.modules.jsonserialize@1.0.0) by extension 'colcon_pkg'
[11.971s] Level 1:colcon.colcon_core.package_identification:_identify(Library/PackageCache/com.unity.modules.jsonserialize@1.0.0) by extensions ['colcon_meta']
[11.972s] Level 1:colcon.colcon_core.package_identification:_identify(Library/PackageCache/com.unity.modules.jsonserialize@1.0.0) by extension 'colcon_meta'
[11.976s] Level 1:colcon.colcon_core.package_identification:_identify(Library/PackageCache/com.unity.modules.jsonserialize@1.0.0) by extensions ['ros']
[11.977s] Level 1:colcon.colcon_core.package_identification:_identify(Library/PackageCache/com.unity.modules.jsonserialize@1.0.0) by extension 'ros'
[11.985s] Level 1:colcon.colcon_core.package_identification:_identify(Library/PackageCache/com.unity.modules.jsonserialize@1.0.0) by extensions ['cmake', 'python']
[11.986s] Level 1:colcon.colcon_core.package_identification:_identify(Library/PackageCache/com.unity.modules.jsonserialize@1.0.0) by extension 'cmake'
[11.988s] Level 1:colcon.colcon_core.package_identification:_identify(Library/PackageCache/com.unity.modules.jsonserialize@1.0.0) by extension 'python'
[11.990s] Level 1:colcon.colcon_core.package_identification:_identify(Library/PackageCache/com.unity.modules.jsonserialize@1.0.0) by extensions ['python_setup_py']
[11.991s] Level 1:colcon.colcon_core.package_identification:_identify(Library/PackageCache/com.unity.modules.jsonserialize@1.0.0) by extension 'python_setup_py'
[12.000s] Level 1:colcon.colcon_core.package_identification:_identify(Library/PackageCache/com.unity.modules.particlesystem@1.0.0) by extensions ['ignore', 'ignore_ament_install']
[12.000s] Level 1:colcon.colcon_core.package_identification:_identify(Library/PackageCache/com.unity.modules.particlesystem@1.0.0) by extension 'ignore'
[12.003s] Level 1:colcon.colcon_core.package_identification:_identify(Library/PackageCache/com.unity.modules.particlesystem@1.0.0) by extension 'ignore_ament_install'
[12.007s] Level 1:colcon.colcon_core.package_identification:_identify(Library/PackageCache/com.unity.modules.particlesystem@1.0.0) by extensions ['colcon_pkg']
[12.007s] Level 1:colcon.colcon_core.package_identification:_identify(Library/PackageCache/com.unity.modules.particlesystem@1.0.0) by extension 'colcon_pkg'
[12.009s] Level 1:colcon.colcon_core.package_identification:_identify(Library/PackageCache/com.unity.modules.particlesystem@1.0.0) by extensions ['colcon_meta']
[12.009s] Level 1:colcon.colcon_core.package_identification:_identify(Library/PackageCache/com.unity.modules.particlesystem@1.0.0) by extension 'colcon_meta'
[12.012s] Level 1:colcon.colcon_core.package_identification:_identify(Library/PackageCache/com.unity.modules.particlesystem@1.0.0) by extensions ['ros']
[12.013s] Level 1:colcon.colcon_core.package_identification:_identify(Library/PackageCache/com.unity.modules.particlesystem@1.0.0) by extension 'ros'
[12.020s] Level 1:colcon.colcon_core.package_identification:_identify(Library/PackageCache/com.unity.modules.particlesystem@1.0.0) by extensions ['cmake', 'python']
[12.021s] Level 1:colcon.colcon_core.package_identification:_identify(Library/PackageCache/com.unity.modules.particlesystem@1.0.0) by extension 'cmake'
[12.023s] Level 1:colcon.colcon_core.package_identification:_identify(Library/PackageCache/com.unity.modules.particlesystem@1.0.0) by extension 'python'
[12.025s] Level 1:colcon.colcon_core.package_identification:_identify(Library/PackageCache/com.unity.modules.particlesystem@1.0.0) by extensions ['python_setup_py']
[12.025s] Level 1:colcon.colcon_core.package_identification:_identify(Library/PackageCache/com.unity.modules.particlesystem@1.0.0) by extension 'python_setup_py'
[12.034s] Level 1:colcon.colcon_core.package_identification:_identify(Library/PackageCache/com.unity.modules.physics2d@1.0.0) by extensions ['ignore', 'ignore_ament_install']
[12.035s] Level 1:colcon.colcon_core.package_identification:_identify(Library/PackageCache/com.unity.modules.physics2d@1.0.0) by extension 'ignore'
[12.037s] Level 1:colcon.colcon_core.package_identification:_identify(Library/PackageCache/com.unity.modules.physics2d@1.0.0) by extension 'ignore_ament_install'
[12.041s] Level 1:colcon.colcon_core.package_identification:_identify(Library/PackageCache/com.unity.modules.physics2d@1.0.0) by extensions ['colcon_pkg']
[12.041s] Level 1:colcon.colcon_core.package_identification:_identify(Library/PackageCache/com.unity.modules.physics2d@1.0.0) by extension 'colcon_pkg'
[12.043s] Level 1:colcon.colcon_core.package_identification:_identify(Library/PackageCache/com.unity.modules.physics2d@1.0.0) by extensions ['colcon_meta']
[12.044s] Level 1:colcon.colcon_core.package_identification:_identify(Library/PackageCache/com.unity.modules.physics2d@1.0.0) by extension 'colcon_meta'
[12.048s] Level 1:colcon.colcon_core.package_identification:_identify(Library/PackageCache/com.unity.modules.physics2d@1.0.0) by extensions ['ros']
[12.048s] Level 1:colcon.colcon_core.package_identification:_identify(Library/PackageCache/com.unity.modules.physics2d@1.0.0) by extension 'ros'
[12.055s] Level 1:colcon.colcon_core.package_identification:_identify(Library/PackageCache/com.unity.modules.physics2d@1.0.0) by extensions ['cmake', 'python']
[12.055s] Level 1:colcon.colcon_core.package_identification:_identify(Library/PackageCache/com.unity.modules.physics2d@1.0.0) by extension 'cmake'
[12.057s] Level 1:colcon.colcon_core.package_identification:_identify(Library/PackageCache/com.unity.modules.physics2d@1.0.0) by extension 'python'
[12.060s] Level 1:colcon.colcon_core.package_identification:_identify(Library/PackageCache/com.unity.modules.physics2d@1.0.0) by extensions ['python_setup_py']
[12.060s] Level 1:colcon.colcon_core.package_identification:_identify(Library/PackageCache/com.unity.modules.physics2d@1.0.0) by extension 'python_setup_py'
[12.069s] Level 1:colcon.colcon_core.package_identification:_identify(Library/PackageCache/com.unity.modules.physics@1.0.0) by extensions ['ignore', 'ignore_ament_install']
[12.070s] Level 1:colcon.colcon_core.package_identification:_identify(Library/PackageCache/com.unity.modules.physics@1.0.0) by extension 'ignore'
[12.072s] Level 1:colcon.colcon_core.package_identification:_identify(Library/PackageCache/com.unity.modules.physics@1.0.0) by extension 'ignore_ament_install'
[12.076s] Level 1:colcon.colcon_core.package_identification:_identify(Library/PackageCache/com.unity.modules.physics@1.0.0) by extensions ['colcon_pkg']
[12.077s] Level 1:colcon.colcon_core.package_identification:_identify(Library/PackageCache/com.unity.modules.physics@1.0.0) by extension 'colcon_pkg'
[12.079s] Level 1:colcon.colcon_core.package_identification:_identify(Library/PackageCache/com.unity.modules.physics@1.0.0) by extensions ['colcon_meta']
[12.080s] Level 1:colcon.colcon_core.package_identification:_identify(Library/PackageCache/com.unity.modules.physics@1.0.0) by extension 'colcon_meta'
[12.084s] Level 1:colcon.colcon_core.package_identification:_identify(Library/PackageCache/com.unity.modules.physics@1.0.0) by extensions ['ros']
[12.085s] Level 1:colcon.colcon_core.package_identification:_identify(Library/PackageCache/com.unity.modules.physics@1.0.0) by extension 'ros'
[12.093s] Level 1:colcon.colcon_core.package_identification:_identify(Library/PackageCache/com.unity.modules.physics@1.0.0) by extensions ['cmake', 'python']
[12.094s] Level 1:colcon.colcon_core.package_identification:_identify(Library/PackageCache/com.unity.modules.physics@1.0.0) by extension 'cmake'
[12.096s] Level 1:colcon.colcon_core.package_identification:_identify(Library/PackageCache/com.unity.modules.physics@1.0.0) by extension 'python'
[12.098s] Level 1:colcon.colcon_core.package_identification:_identify(Library/PackageCache/com.unity.modules.physics@1.0.0) by extensions ['python_setup_py']
[12.099s] Level 1:colcon.colcon_core.package_identification:_identify(Library/PackageCache/com.unity.modules.physics@1.0.0) by extension 'python_setup_py'
[12.108s] Level 1:colcon.colcon_core.package_identification:_identify(Library/PackageCache/com.unity.modules.screencapture@1.0.0) by extensions ['ignore', 'ignore_ament_install']
[12.109s] Level 1:colcon.colcon_core.package_identification:_identify(Library/PackageCache/com.unity.modules.screencapture@1.0.0) by extension 'ignore'
[12.111s] Level 1:colcon.colcon_core.package_identification:_identify(Library/PackageCache/com.unity.modules.screencapture@1.0.0) by extension 'ignore_ament_install'
[12.116s] Level 1:colcon.colcon_core.package_identification:_identify(Library/PackageCache/com.unity.modules.screencapture@1.0.0) by extensions ['colcon_pkg']
[12.116s] Level 1:colcon.colcon_core.package_identification:_identify(Library/PackageCache/com.unity.modules.screencapture@1.0.0) by extension 'colcon_pkg'
[12.118s] Level 1:colcon.colcon_core.package_identification:_identify(Library/PackageCache/com.unity.modules.screencapture@1.0.0) by extensions ['colcon_meta']
[12.118s] Level 1:colcon.colcon_core.package_identification:_identify(Library/PackageCache/com.unity.modules.screencapture@1.0.0) by extension 'colcon_meta'
[12.123s] Level 1:colcon.colcon_core.package_identification:_identify(Library/PackageCache/com.unity.modules.screencapture@1.0.0) by extensions ['ros']
[12.123s] Level 1:colcon.colcon_core.package_identification:_identify(Library/PackageCache/com.unity.modules.screencapture@1.0.0) by extension 'ros'
[12.132s] Level 1:colcon.colcon_core.package_identification:_identify(Library/PackageCache/com.unity.modules.screencapture@1.0.0) by extensions ['cmake', 'python']
[12.132s] Level 1:colcon.colcon_core.package_identification:_identify(Library/PackageCache/com.unity.modules.screencapture@1.0.0) by extension 'cmake'
[12.135s] Level 1:colcon.colcon_core.package_identification:_identify(Library/PackageCache/com.unity.modules.screencapture@1.0.0) by extension 'python'
[12.137s] Level 1:colcon.colcon_core.package_identification:_identify(Library/PackageCache/com.unity.modules.screencapture@1.0.0) by extensions ['python_setup_py']
[12.137s] Level 1:colcon.colcon_core.package_identification:_identify(Library/PackageCache/com.unity.modules.screencapture@1.0.0) by extension 'python_setup_py'
[12.145s] Level 1:colcon.colcon_core.package_identification:_identify(Library/PackageCache/com.unity.modules.subsystems@1.0.0) by extensions ['ignore', 'ignore_ament_install']
[12.146s] Level 1:colcon.colcon_core.package_identification:_identify(Library/PackageCache/com.unity.modules.subsystems@1.0.0) by extension 'ignore'
[12.148s] Level 1:colcon.colcon_core.package_identification:_identify(Library/PackageCache/com.unity.modules.subsystems@1.0.0) by extension 'ignore_ament_install'
[12.152s] Level 1:colcon.colcon_core.package_identification:_identify(Library/PackageCache/com.unity.modules.subsystems@1.0.0) by extensions ['colcon_pkg']
[12.152s] Level 1:colcon.colcon_core.package_identification:_identify(Library/PackageCache/com.unity.modules.subsystems@1.0.0) by extension 'colcon_pkg'
[12.154s] Level 1:colcon.colcon_core.package_identification:_identify(Library/PackageCache/com.unity.modules.subsystems@1.0.0) by extensions ['colcon_meta']
[12.155s] Level 1:colcon.colcon_core.package_identification:_identify(Library/PackageCache/com.unity.modules.subsystems@1.0.0) by extension 'colcon_meta'
[12.159s] Level 1:colcon.colcon_core.package_identification:_identify(Library/PackageCache/com.unity.modules.subsystems@1.0.0) by extensions ['ros']
[12.160s] Level 1:colcon.colcon_core.package_identification:_identify(Library/PackageCache/com.unity.modules.subsystems@1.0.0) by extension 'ros'
[12.167s] Level 1:colcon.colcon_core.package_identification:_identify(Library/PackageCache/com.unity.modules.subsystems@1.0.0) by extensions ['cmake', 'python']
[12.167s] Level 1:colcon.colcon_core.package_identification:_identify(Library/PackageCache/com.unity.modules.subsystems@1.0.0) by extension 'cmake'
[12.169s] Level 1:colcon.colcon_core.package_identification:_identify(Library/PackageCache/com.unity.modules.subsystems@1.0.0) by extension 'python'
[12.170s] Level 1:colcon.colcon_core.package_identification:_identify(Library/PackageCache/com.unity.modules.subsystems@1.0.0) by extensions ['python_setup_py']
[12.171s] Level 1:colcon.colcon_core.package_identification:_identify(Library/PackageCache/com.unity.modules.subsystems@1.0.0) by extension 'python_setup_py'
[12.176s] Level 1:colcon.colcon_core.package_identification:_identify(Library/PackageCache/com.unity.modules.terrain@1.0.0) by extensions ['ignore', 'ignore_ament_install']
[12.177s] Level 1:colcon.colcon_core.package_identification:_identify(Library/PackageCache/com.unity.modules.terrain@1.0.0) by extension 'ignore'
[12.179s] Level 1:colcon.colcon_core.package_identification:_identify(Library/PackageCache/com.unity.modules.terrain@1.0.0) by extension 'ignore_ament_install'
[12.182s] Level 1:colcon.colcon_core.package_identification:_identify(Library/PackageCache/com.unity.modules.terrain@1.0.0) by extensions ['colcon_pkg']
[12.182s] Level 1:colcon.colcon_core.package_identification:_identify(Library/PackageCache/com.unity.modules.terrain@1.0.0) by extension 'colcon_pkg'
[12.184s] Level 1:colcon.colcon_core.package_identification:_identify(Library/PackageCache/com.unity.modules.terrain@1.0.0) by extensions ['colcon_meta']
[12.184s] Level 1:colcon.colcon_core.package_identification:_identify(Library/PackageCache/com.unity.modules.terrain@1.0.0) by extension 'colcon_meta'
[12.187s] Level 1:colcon.colcon_core.package_identification:_identify(Library/PackageCache/com.unity.modules.terrain@1.0.0) by extensions ['ros']
[12.187s] Level 1:colcon.colcon_core.package_identification:_identify(Library/PackageCache/com.unity.modules.terrain@1.0.0) by extension 'ros'
[12.194s] Level 1:colcon.colcon_core.package_identification:_identify(Library/PackageCache/com.unity.modules.terrain@1.0.0) by extensions ['cmake', 'python']
[12.194s] Level 1:colcon.colcon_core.package_identification:_identify(Library/PackageCache/com.unity.modules.terrain@1.0.0) by extension 'cmake'
[12.197s] Level 1:colcon.colcon_core.package_identification:_identify(Library/PackageCache/com.unity.modules.terrain@1.0.0) by extension 'python'
[12.199s] Level 1:colcon.colcon_core.package_identification:_identify(Library/PackageCache/com.unity.modules.terrain@1.0.0) by extensions ['python_setup_py']
[12.200s] Level 1:colcon.colcon_core.package_identification:_identify(Library/PackageCache/com.unity.modules.terrain@1.0.0) by extension 'python_setup_py'
[12.209s] Level 1:colcon.colcon_core.package_identification:_identify(Library/PackageCache/com.unity.modules.terrainphysics@1.0.0) by extensions ['ignore', 'ignore_ament_install']
[12.210s] Level 1:colcon.colcon_core.package_identification:_identify(Library/PackageCache/com.unity.modules.terrainphysics@1.0.0) by extension 'ignore'
[12.212s] Level 1:colcon.colcon_core.package_identification:_identify(Library/PackageCache/com.unity.modules.terrainphysics@1.0.0) by extension 'ignore_ament_install'
[12.216s] Level 1:colcon.colcon_core.package_identification:_identify(Library/PackageCache/com.unity.modules.terrainphysics@1.0.0) by extensions ['colcon_pkg']
[12.216s] Level 1:colcon.colcon_core.package_identification:_identify(Library/PackageCache/com.unity.modules.terrainphysics@1.0.0) by extension 'colcon_pkg'
[12.218s] Level 1:colcon.colcon_core.package_identification:_identify(Library/PackageCache/com.unity.modules.terrainphysics@1.0.0) by extensions ['colcon_meta']
[12.219s] Level 1:colcon.colcon_core.package_identification:_identify(Library/PackageCache/com.unity.modules.terrainphysics@1.0.0) by extension 'colcon_meta'
[12.222s] Level 1:colcon.colcon_core.package_identification:_identify(Library/PackageCache/com.unity.modules.terrainphysics@1.0.0) by extensions ['ros']
[12.223s] Level 1:colcon.colcon_core.package_identification:_identify(Library/PackageCache/com.unity.modules.terrainphysics@1.0.0) by extension 'ros'
[12.231s] Level 1:colcon.colcon_core.package_identification:_identify(Library/PackageCache/com.unity.modules.terrainphysics@1.0.0) by extensions ['cmake', 'python']
[12.231s] Level 1:colcon.colcon_core.package_identification:_identify(Library/PackageCache/com.unity.modules.terrainphysics@1.0.0) by extension 'cmake'
[12.234s] Level 1:colcon.colcon_core.package_identification:_identify(Library/PackageCache/com.unity.modules.terrainphysics@1.0.0) by extension 'python'
[12.235s] Level 1:colcon.colcon_core.package_identification:_identify(Library/PackageCache/com.unity.modules.terrainphysics@1.0.0) by extensions ['python_setup_py']
[12.236s] Level 1:colcon.colcon_core.package_identification:_identify(Library/PackageCache/com.unity.modules.terrainphysics@1.0.0) by extension 'python_setup_py'
[12.244s] Level 1:colcon.colcon_core.package_identification:_identify(Library/PackageCache/com.unity.modules.tilemap@1.0.0) by extensions ['ignore', 'ignore_ament_install']
[12.244s] Level 1:colcon.colcon_core.package_identification:_identify(Library/PackageCache/com.unity.modules.tilemap@1.0.0) by extension 'ignore'
[12.247s] Level 1:colcon.colcon_core.package_identification:_identify(Library/PackageCache/com.unity.modules.tilemap@1.0.0) by extension 'ignore_ament_install'
[12.250s] Level 1:colcon.colcon_core.package_identification:_identify(Library/PackageCache/com.unity.modules.tilemap@1.0.0) by extensions ['colcon_pkg']
[12.251s] Level 1:colcon.colcon_core.package_identification:_identify(Library/PackageCache/com.unity.modules.tilemap@1.0.0) by extension 'colcon_pkg'
[12.253s] Level 1:colcon.colcon_core.package_identification:_identify(Library/PackageCache/com.unity.modules.tilemap@1.0.0) by extensions ['colcon_meta']
[12.254s] Level 1:colcon.colcon_core.package_identification:_identify(Library/PackageCache/com.unity.modules.tilemap@1.0.0) by extension 'colcon_meta'
[12.258s] Level 1:colcon.colcon_core.package_identification:_identify(Library/PackageCache/com.unity.modules.tilemap@1.0.0) by extensions ['ros']
[12.258s] Level 1:colcon.colcon_core.package_identification:_identify(Library/PackageCache/com.unity.modules.tilemap@1.0.0) by extension 'ros'
[12.267s] Level 1:colcon.colcon_core.package_identification:_identify(Library/PackageCache/com.unity.modules.tilemap@1.0.0) by extensions ['cmake', 'python']
[12.267s] Level 1:colcon.colcon_core.package_identification:_identify(Library/PackageCache/com.unity.modules.tilemap@1.0.0) by extension 'cmake'
[12.269s] Level 1:colcon.colcon_core.package_identification:_identify(Library/PackageCache/com.unity.modules.tilemap@1.0.0) by extension 'python'
[12.272s] Level 1:colcon.colcon_core.package_identification:_identify(Library/PackageCache/com.unity.modules.tilemap@1.0.0) by extensions ['python_setup_py']
[12.272s] Level 1:colcon.colcon_core.package_identification:_identify(Library/PackageCache/com.unity.modules.tilemap@1.0.0) by extension 'python_setup_py'
[12.278s] Level 1:colcon.colcon_core.package_identification:_identify(Library/PackageCache/com.unity.modules.ui@1.0.0) by extensions ['ignore', 'ignore_ament_install']
[12.279s] Level 1:colcon.colcon_core.package_identification:_identify(Library/PackageCache/com.unity.modules.ui@1.0.0) by extension 'ignore'
[12.281s] Level 1:colcon.colcon_core.package_identification:_identify(Library/PackageCache/com.unity.modules.ui@1.0.0) by extension 'ignore_ament_install'
[12.284s] Level 1:colcon.colcon_core.package_identification:_identify(Library/PackageCache/com.unity.modules.ui@1.0.0) by extensions ['colcon_pkg']
[12.285s] Level 1:colcon.colcon_core.package_identification:_identify(Library/PackageCache/com.unity.modules.ui@1.0.0) by extension 'colcon_pkg'
[12.287s] Level 1:colcon.colcon_core.package_identification:_identify(Library/PackageCache/com.unity.modules.ui@1.0.0) by extensions ['colcon_meta']
[12.288s] Level 1:colcon.colcon_core.package_identification:_identify(Library/PackageCache/com.unity.modules.ui@1.0.0) by extension 'colcon_meta'
[12.292s] Level 1:colcon.colcon_core.package_identification:_identify(Library/PackageCache/com.unity.modules.ui@1.0.0) by extensions ['ros']
[12.292s] Level 1:colcon.colcon_core.package_identification:_identify(Library/PackageCache/com.unity.modules.ui@1.0.0) by extension 'ros'
[12.301s] Level 1:colcon.colcon_core.package_identification:_identify(Library/PackageCache/com.unity.modules.ui@1.0.0) by extensions ['cmake', 'python']
[12.302s] Level 1:colcon.colcon_core.package_identification:_identify(Library/PackageCache/com.unity.modules.ui@1.0.0) by extension 'cmake'
[12.304s] Level 1:colcon.colcon_core.package_identification:_identify(Library/PackageCache/com.unity.modules.ui@1.0.0) by extension 'python'
[12.305s] Level 1:colcon.colcon_core.package_identification:_identify(Library/PackageCache/com.unity.modules.ui@1.0.0) by extensions ['python_setup_py']
[12.306s] Level 1:colcon.colcon_core.package_identification:_identify(Library/PackageCache/com.unity.modules.ui@1.0.0) by extension 'python_setup_py'
[12.312s] Level 1:colcon.colcon_core.package_identification:_identify(Library/PackageCache/com.unity.modules.uielements@1.0.0) by extensions ['ignore', 'ignore_ament_install']
[12.312s] Level 1:colcon.colcon_core.package_identification:_identify(Library/PackageCache/com.unity.modules.uielements@1.0.0) by extension 'ignore'
[12.314s] Level 1:colcon.colcon_core.package_identification:_identify(Library/PackageCache/com.unity.modules.uielements@1.0.0) by extension 'ignore_ament_install'
[12.316s] Level 1:colcon.colcon_core.package_identification:_identify(Library/PackageCache/com.unity.modules.uielements@1.0.0) by extensions ['colcon_pkg']
[12.317s] Level 1:colcon.colcon_core.package_identification:_identify(Library/PackageCache/com.unity.modules.uielements@1.0.0) by extension 'colcon_pkg'
[12.318s] Level 1:colcon.colcon_core.package_identification:_identify(Library/PackageCache/com.unity.modules.uielements@1.0.0) by extensions ['colcon_meta']
[12.319s] Level 1:colcon.colcon_core.package_identification:_identify(Library/PackageCache/com.unity.modules.uielements@1.0.0) by extension 'colcon_meta'
[12.322s] Level 1:colcon.colcon_core.package_identification:_identify(Library/PackageCache/com.unity.modules.uielements@1.0.0) by extensions ['ros']
[12.323s] Level 1:colcon.colcon_core.package_identification:_identify(Library/PackageCache/com.unity.modules.uielements@1.0.0) by extension 'ros'
[12.332s] Level 1:colcon.colcon_core.package_identification:_identify(Library/PackageCache/com.unity.modules.uielements@1.0.0) by extensions ['cmake', 'python']
[12.333s] Level 1:colcon.colcon_core.package_identification:_identify(Library/PackageCache/com.unity.modules.uielements@1.0.0) by extension 'cmake'
[12.335s] Level 1:colcon.colcon_core.package_identification:_identify(Library/PackageCache/com.unity.modules.uielements@1.0.0) by extension 'python'
[12.337s] Level 1:colcon.colcon_core.package_identification:_identify(Library/PackageCache/com.unity.modules.uielements@1.0.0) by extensions ['python_setup_py']
[12.338s] Level 1:colcon.colcon_core.package_identification:_identify(Library/PackageCache/com.unity.modules.uielements@1.0.0) by extension 'python_setup_py'
[12.347s] Level 1:colcon.colcon_core.package_identification:_identify(Library/PackageCache/com.unity.modules.umbra@1.0.0) by extensions ['ignore', 'ignore_ament_install']
[12.347s] Level 1:colcon.colcon_core.package_identification:_identify(Library/PackageCache/com.unity.modules.umbra@1.0.0) by extension 'ignore'
[12.350s] Level 1:colcon.colcon_core.package_identification:_identify(Library/PackageCache/com.unity.modules.umbra@1.0.0) by extension 'ignore_ament_install'
[12.354s] Level 1:colcon.colcon_core.package_identification:_identify(Library/PackageCache/com.unity.modules.umbra@1.0.0) by extensions ['colcon_pkg']
[12.355s] Level 1:colcon.colcon_core.package_identification:_identify(Library/PackageCache/com.unity.modules.umbra@1.0.0) by extension 'colcon_pkg'
[12.356s] Level 1:colcon.colcon_core.package_identification:_identify(Library/PackageCache/com.unity.modules.umbra@1.0.0) by extensions ['colcon_meta']
[12.357s] Level 1:colcon.colcon_core.package_identification:_identify(Library/PackageCache/com.unity.modules.umbra@1.0.0) by extension 'colcon_meta'
[12.360s] Level 1:colcon.colcon_core.package_identification:_identify(Library/PackageCache/com.unity.modules.umbra@1.0.0) by extensions ['ros']
[12.361s] Level 1:colcon.colcon_core.package_identification:_identify(Library/PackageCache/com.unity.modules.umbra@1.0.0) by extension 'ros'
[12.370s] Level 1:colcon.colcon_core.package_identification:_identify(Library/PackageCache/com.unity.modules.umbra@1.0.0) by extensions ['cmake', 'python']
[12.370s] Level 1:colcon.colcon_core.package_identification:_identify(Library/PackageCache/com.unity.modules.umbra@1.0.0) by extension 'cmake'
[12.373s] Level 1:colcon.colcon_core.package_identification:_identify(Library/PackageCache/com.unity.modules.umbra@1.0.0) by extension 'python'
[12.375s] Level 1:colcon.colcon_core.package_identification:_identify(Library/PackageCache/com.unity.modules.umbra@1.0.0) by extensions ['python_setup_py']
[12.375s] Level 1:colcon.colcon_core.package_identification:_identify(Library/PackageCache/com.unity.modules.umbra@1.0.0) by extension 'python_setup_py'
[12.384s] Level 1:colcon.colcon_core.package_identification:_identify(Library/PackageCache/com.unity.modules.unityanalytics@1.0.0) by extensions ['ignore', 'ignore_ament_install']
[12.385s] Level 1:colcon.colcon_core.package_identification:_identify(Library/PackageCache/com.unity.modules.unityanalytics@1.0.0) by extension 'ignore'
[12.387s] Level 1:colcon.colcon_core.package_identification:_identify(Library/PackageCache/com.unity.modules.unityanalytics@1.0.0) by extension 'ignore_ament_install'
[12.391s] Level 1:colcon.colcon_core.package_identification:_identify(Library/PackageCache/com.unity.modules.unityanalytics@1.0.0) by extensions ['colcon_pkg']
[12.391s] Level 1:colcon.colcon_core.package_identification:_identify(Library/PackageCache/com.unity.modules.unityanalytics@1.0.0) by extension 'colcon_pkg'
[12.393s] Level 1:colcon.colcon_core.package_identification:_identify(Library/PackageCache/com.unity.modules.unityanalytics@1.0.0) by extensions ['colcon_meta']
[12.394s] Level 1:colcon.colcon_core.package_identification:_identify(Library/PackageCache/com.unity.modules.unityanalytics@1.0.0) by extension 'colcon_meta'
[12.398s] Level 1:colcon.colcon_core.package_identification:_identify(Library/PackageCache/com.unity.modules.unityanalytics@1.0.0) by extensions ['ros']
[12.399s] Level 1:colcon.colcon_core.package_identification:_identify(Library/PackageCache/com.unity.modules.unityanalytics@1.0.0) by extension 'ros'
[12.407s] Level 1:colcon.colcon_core.package_identification:_identify(Library/PackageCache/com.unity.modules.unityanalytics@1.0.0) by extensions ['cmake', 'python']
[12.408s] Level 1:colcon.colcon_core.package_identification:_identify(Library/PackageCache/com.unity.modules.unityanalytics@1.0.0) by extension 'cmake'
[12.410s] Level 1:colcon.colcon_core.package_identification:_identify(Library/PackageCache/com.unity.modules.unityanalytics@1.0.0) by extension 'python'
[12.412s] Level 1:colcon.colcon_core.package_identification:_identify(Library/PackageCache/com.unity.modules.unityanalytics@1.0.0) by extensions ['python_setup_py']
[12.413s] Level 1:colcon.colcon_core.package_identification:_identify(Library/PackageCache/com.unity.modules.unityanalytics@1.0.0) by extension 'python_setup_py'
[12.422s] Level 1:colcon.colcon_core.package_identification:_identify(Library/PackageCache/com.unity.modules.unitywebrequest@1.0.0) by extensions ['ignore', 'ignore_ament_install']
[12.422s] Level 1:colcon.colcon_core.package_identification:_identify(Library/PackageCache/com.unity.modules.unitywebrequest@1.0.0) by extension 'ignore'
[12.424s] Level 1:colcon.colcon_core.package_identification:_identify(Library/PackageCache/com.unity.modules.unitywebrequest@1.0.0) by extension 'ignore_ament_install'
[12.427s] Level 1:colcon.colcon_core.package_identification:_identify(Library/PackageCache/com.unity.modules.unitywebrequest@1.0.0) by extensions ['colcon_pkg']
[12.427s] Level 1:colcon.colcon_core.package_identification:_identify(Library/PackageCache/com.unity.modules.unitywebrequest@1.0.0) by extension 'colcon_pkg'
[12.430s] Level 1:colcon.colcon_core.package_identification:_identify(Library/PackageCache/com.unity.modules.unitywebrequest@1.0.0) by extensions ['colcon_meta']
[12.430s] Level 1:colcon.colcon_core.package_identification:_identify(Library/PackageCache/com.unity.modules.unitywebrequest@1.0.0) by extension 'colcon_meta'
[12.434s] Level 1:colcon.colcon_core.package_identification:_identify(Library/PackageCache/com.unity.modules.unitywebrequest@1.0.0) by extensions ['ros']
[12.434s] Level 1:colcon.colcon_core.package_identification:_identify(Library/PackageCache/com.unity.modules.unitywebrequest@1.0.0) by extension 'ros'
[12.441s] Level 1:colcon.colcon_core.package_identification:_identify(Library/PackageCache/com.unity.modules.unitywebrequest@1.0.0) by extensions ['cmake', 'python']
[12.442s] Level 1:colcon.colcon_core.package_identification:_identify(Library/PackageCache/com.unity.modules.unitywebrequest@1.0.0) by extension 'cmake'
[12.445s] Level 1:colcon.colcon_core.package_identification:_identify(Library/PackageCache/com.unity.modules.unitywebrequest@1.0.0) by extension 'python'
[12.447s] Level 1:colcon.colcon_core.package_identification:_identify(Library/PackageCache/com.unity.modules.unitywebrequest@1.0.0) by extensions ['python_setup_py']
[12.448s] Level 1:colcon.colcon_core.package_identification:_identify(Library/PackageCache/com.unity.modules.unitywebrequest@1.0.0) by extension 'python_setup_py'
[12.456s] Level 1:colcon.colcon_core.package_identification:_identify(Library/PackageCache/com.unity.modules.unitywebrequestassetbundle@1.0.0) by extensions ['ignore', 'ignore_ament_install']
[12.457s] Level 1:colcon.colcon_core.package_identification:_identify(Library/PackageCache/com.unity.modules.unitywebrequestassetbundle@1.0.0) by extension 'ignore'
[12.459s] Level 1:colcon.colcon_core.package_identification:_identify(Library/PackageCache/com.unity.modules.unitywebrequestassetbundle@1.0.0) by extension 'ignore_ament_install'
[12.462s] Level 1:colcon.colcon_core.package_identification:_identify(Library/PackageCache/com.unity.modules.unitywebrequestassetbundle@1.0.0) by extensions ['colcon_pkg']
[12.462s] Level 1:colcon.colcon_core.package_identification:_identify(Library/PackageCache/com.unity.modules.unitywebrequestassetbundle@1.0.0) by extension 'colcon_pkg'
[12.464s] Level 1:colcon.colcon_core.package_identification:_identify(Library/PackageCache/com.unity.modules.unitywebrequestassetbundle@1.0.0) by extensions ['colcon_meta']
[12.465s] Level 1:colcon.colcon_core.package_identification:_identify(Library/PackageCache/com.unity.modules.unitywebrequestassetbundle@1.0.0) by extension 'colcon_meta'
[12.467s] Level 1:colcon.colcon_core.package_identification:_identify(Library/PackageCache/com.unity.modules.unitywebrequestassetbundle@1.0.0) by extensions ['ros']
[12.467s] Level 1:colcon.colcon_core.package_identification:_identify(Library/PackageCache/com.unity.modules.unitywebrequestassetbundle@1.0.0) by extension 'ros'
[12.473s] Level 1:colcon.colcon_core.package_identification:_identify(Library/PackageCache/com.unity.modules.unitywebrequestassetbundle@1.0.0) by extensions ['cmake', 'python']
[12.473s] Level 1:colcon.colcon_core.package_identification:_identify(Library/PackageCache/com.unity.modules.unitywebrequestassetbundle@1.0.0) by extension 'cmake'
[12.474s] Level 1:colcon.colcon_core.package_identification:_identify(Library/PackageCache/com.unity.modules.unitywebrequestassetbundle@1.0.0) by extension 'python'
[12.476s] Level 1:colcon.colcon_core.package_identification:_identify(Library/PackageCache/com.unity.modules.unitywebrequestassetbundle@1.0.0) by extensions ['python_setup_py']
[12.476s] Level 1:colcon.colcon_core.package_identification:_identify(Library/PackageCache/com.unity.modules.unitywebrequestassetbundle@1.0.0) by extension 'python_setup_py'
[12.483s] Level 1:colcon.colcon_core.package_identification:_identify(Library/PackageCache/com.unity.modules.unitywebrequestaudio@1.0.0) by extensions ['ignore', 'ignore_ament_install']
[12.483s] Level 1:colcon.colcon_core.package_identification:_identify(Library/PackageCache/com.unity.modules.unitywebrequestaudio@1.0.0) by extension 'ignore'
[12.485s] Level 1:colcon.colcon_core.package_identification:_identify(Library/PackageCache/com.unity.modules.unitywebrequestaudio@1.0.0) by extension 'ignore_ament_install'
[12.487s] Level 1:colcon.colcon_core.package_identification:_identify(Library/PackageCache/com.unity.modules.unitywebrequestaudio@1.0.0) by extensions ['colcon_pkg']
[12.488s] Level 1:colcon.colcon_core.package_identification:_identify(Library/PackageCache/com.unity.modules.unitywebrequestaudio@1.0.0) by extension 'colcon_pkg'
[12.490s] Level 1:colcon.colcon_core.package_identification:_identify(Library/PackageCache/com.unity.modules.unitywebrequestaudio@1.0.0) by extensions ['colcon_meta']
[12.491s] Level 1:colcon.colcon_core.package_identification:_identify(Library/PackageCache/com.unity.modules.unitywebrequestaudio@1.0.0) by extension 'colcon_meta'
[12.496s] Level 1:colcon.colcon_core.package_identification:_identify(Library/PackageCache/com.unity.modules.unitywebrequestaudio@1.0.0) by extensions ['ros']
[12.497s] Level 1:colcon.colcon_core.package_identification:_identify(Library/PackageCache/com.unity.modules.unitywebrequestaudio@1.0.0) by extension 'ros'
[12.504s] Level 1:colcon.colcon_core.package_identification:_identify(Library/PackageCache/com.unity.modules.unitywebrequestaudio@1.0.0) by extensions ['cmake', 'python']
[12.505s] Level 1:colcon.colcon_core.package_identification:_identify(Library/PackageCache/com.unity.modules.unitywebrequestaudio@1.0.0) by extension 'cmake'
[12.507s] Level 1:colcon.colcon_core.package_identification:_identify(Library/PackageCache/com.unity.modules.unitywebrequestaudio@1.0.0) by extension 'python'
[12.510s] Level 1:colcon.colcon_core.package_identification:_identify(Library/PackageCache/com.unity.modules.unitywebrequestaudio@1.0.0) by extensions ['python_setup_py']
[12.510s] Level 1:colcon.colcon_core.package_identification:_identify(Library/PackageCache/com.unity.modules.unitywebrequestaudio@1.0.0) by extension 'python_setup_py'
[12.518s] Level 1:colcon.colcon_core.package_identification:_identify(Library/PackageCache/com.unity.modules.unitywebrequesttexture@1.0.0) by extensions ['ignore', 'ignore_ament_install']
[12.519s] Level 1:colcon.colcon_core.package_identification:_identify(Library/PackageCache/com.unity.modules.unitywebrequesttexture@1.0.0) by extension 'ignore'
[12.522s] Level 1:colcon.colcon_core.package_identification:_identify(Library/PackageCache/com.unity.modules.unitywebrequesttexture@1.0.0) by extension 'ignore_ament_install'
[12.526s] Level 1:colcon.colcon_core.package_identification:_identify(Library/PackageCache/com.unity.modules.unitywebrequesttexture@1.0.0) by extensions ['colcon_pkg']
[12.527s] Level 1:colcon.colcon_core.package_identification:_identify(Library/PackageCache/com.unity.modules.unitywebrequesttexture@1.0.0) by extension 'colcon_pkg'
[12.529s] Level 1:colcon.colcon_core.package_identification:_identify(Library/PackageCache/com.unity.modules.unitywebrequesttexture@1.0.0) by extensions ['colcon_meta']
[12.530s] Level 1:colcon.colcon_core.package_identification:_identify(Library/PackageCache/com.unity.modules.unitywebrequesttexture@1.0.0) by extension 'colcon_meta'
[12.534s] Level 1:colcon.colcon_core.package_identification:_identify(Library/PackageCache/com.unity.modules.unitywebrequesttexture@1.0.0) by extensions ['ros']
[12.535s] Level 1:colcon.colcon_core.package_identification:_identify(Library/PackageCache/com.unity.modules.unitywebrequesttexture@1.0.0) by extension 'ros'
[12.543s] Level 1:colcon.colcon_core.package_identification:_identify(Library/PackageCache/com.unity.modules.unitywebrequesttexture@1.0.0) by extensions ['cmake', 'python']
[12.544s] Level 1:colcon.colcon_core.package_identification:_identify(Library/PackageCache/com.unity.modules.unitywebrequesttexture@1.0.0) by extension 'cmake'
[12.547s] Level 1:colcon.colcon_core.package_identification:_identify(Library/PackageCache/com.unity.modules.unitywebrequesttexture@1.0.0) by extension 'python'
[12.549s] Level 1:colcon.colcon_core.package_identification:_identify(Library/PackageCache/com.unity.modules.unitywebrequesttexture@1.0.0) by extensions ['python_setup_py']
[12.550s] Level 1:colcon.colcon_core.package_identification:_identify(Library/PackageCache/com.unity.modules.unitywebrequesttexture@1.0.0) by extension 'python_setup_py'
[12.557s] Level 1:colcon.colcon_core.package_identification:_identify(Library/PackageCache/com.unity.modules.unitywebrequestwww@1.0.0) by extensions ['ignore', 'ignore_ament_install']
[12.557s] Level 1:colcon.colcon_core.package_identification:_identify(Library/PackageCache/com.unity.modules.unitywebrequestwww@1.0.0) by extension 'ignore'
[12.561s] Level 1:colcon.colcon_core.package_identification:_identify(Library/PackageCache/com.unity.modules.unitywebrequestwww@1.0.0) by extension 'ignore_ament_install'
[12.565s] Level 1:colcon.colcon_core.package_identification:_identify(Library/PackageCache/com.unity.modules.unitywebrequestwww@1.0.0) by extensions ['colcon_pkg']
[12.566s] Level 1:colcon.colcon_core.package_identification:_identify(Library/PackageCache/com.unity.modules.unitywebrequestwww@1.0.0) by extension 'colcon_pkg'
[12.568s] Level 1:colcon.colcon_core.package_identification:_identify(Library/PackageCache/com.unity.modules.unitywebrequestwww@1.0.0) by extensions ['colcon_meta']
[12.569s] Level 1:colcon.colcon_core.package_identification:_identify(Library/PackageCache/com.unity.modules.unitywebrequestwww@1.0.0) by extension 'colcon_meta'
[12.572s] Level 1:colcon.colcon_core.package_identification:_identify(Library/PackageCache/com.unity.modules.unitywebrequestwww@1.0.0) by extensions ['ros']
[12.573s] Level 1:colcon.colcon_core.package_identification:_identify(Library/PackageCache/com.unity.modules.unitywebrequestwww@1.0.0) by extension 'ros'
[12.582s] Level 1:colcon.colcon_core.package_identification:_identify(Library/PackageCache/com.unity.modules.unitywebrequestwww@1.0.0) by extensions ['cmake', 'python']
[12.583s] Level 1:colcon.colcon_core.package_identification:_identify(Library/PackageCache/com.unity.modules.unitywebrequestwww@1.0.0) by extension 'cmake'
[12.585s] Level 1:colcon.colcon_core.package_identification:_identify(Library/PackageCache/com.unity.modules.unitywebrequestwww@1.0.0) by extension 'python'
[12.588s] Level 1:colcon.colcon_core.package_identification:_identify(Library/PackageCache/com.unity.modules.unitywebrequestwww@1.0.0) by extensions ['python_setup_py']
[12.589s] Level 1:colcon.colcon_core.package_identification:_identify(Library/PackageCache/com.unity.modules.unitywebrequestwww@1.0.0) by extension 'python_setup_py'
[12.599s] Level 1:colcon.colcon_core.package_identification:_identify(Library/PackageCache/com.unity.modules.vehicles@1.0.0) by extensions ['ignore', 'ignore_ament_install']
[12.600s] Level 1:colcon.colcon_core.package_identification:_identify(Library/PackageCache/com.unity.modules.vehicles@1.0.0) by extension 'ignore'
[12.601s] Level 1:colcon.colcon_core.package_identification:_identify(Library/PackageCache/com.unity.modules.vehicles@1.0.0) by extension 'ignore_ament_install'
[12.605s] Level 1:colcon.colcon_core.package_identification:_identify(Library/PackageCache/com.unity.modules.vehicles@1.0.0) by extensions ['colcon_pkg']
[12.605s] Level 1:colcon.colcon_core.package_identification:_identify(Library/PackageCache/com.unity.modules.vehicles@1.0.0) by extension 'colcon_pkg'
[12.607s] Level 1:colcon.colcon_core.package_identification:_identify(Library/PackageCache/com.unity.modules.vehicles@1.0.0) by extensions ['colcon_meta']
[12.608s] Level 1:colcon.colcon_core.package_identification:_identify(Library/PackageCache/com.unity.modules.vehicles@1.0.0) by extension 'colcon_meta'
[12.612s] Level 1:colcon.colcon_core.package_identification:_identify(Library/PackageCache/com.unity.modules.vehicles@1.0.0) by extensions ['ros']
[12.613s] Level 1:colcon.colcon_core.package_identification:_identify(Library/PackageCache/com.unity.modules.vehicles@1.0.0) by extension 'ros'
[12.621s] Level 1:colcon.colcon_core.package_identification:_identify(Library/PackageCache/com.unity.modules.vehicles@1.0.0) by extensions ['cmake', 'python']
[12.622s] Level 1:colcon.colcon_core.package_identification:_identify(Library/PackageCache/com.unity.modules.vehicles@1.0.0) by extension 'cmake'
[12.624s] Level 1:colcon.colcon_core.package_identification:_identify(Library/PackageCache/com.unity.modules.vehicles@1.0.0) by extension 'python'
[12.626s] Level 1:colcon.colcon_core.package_identification:_identify(Library/PackageCache/com.unity.modules.vehicles@1.0.0) by extensions ['python_setup_py']
[12.627s] Level 1:colcon.colcon_core.package_identification:_identify(Library/PackageCache/com.unity.modules.vehicles@1.0.0) by extension 'python_setup_py'
[12.633s] Level 1:colcon.colcon_core.package_identification:_identify(Library/PackageCache/com.unity.modules.video@1.0.0) by extensions ['ignore', 'ignore_ament_install']
[12.633s] Level 1:colcon.colcon_core.package_identification:_identify(Library/PackageCache/com.unity.modules.video@1.0.0) by extension 'ignore'
[12.636s] Level 1:colcon.colcon_core.package_identification:_identify(Library/PackageCache/com.unity.modules.video@1.0.0) by extension 'ignore_ament_install'
[12.639s] Level 1:colcon.colcon_core.package_identification:_identify(Library/PackageCache/com.unity.modules.video@1.0.0) by extensions ['colcon_pkg']
[12.640s] Level 1:colcon.colcon_core.package_identification:_identify(Library/PackageCache/com.unity.modules.video@1.0.0) by extension 'colcon_pkg'
[12.642s] Level 1:colcon.colcon_core.package_identification:_identify(Library/PackageCache/com.unity.modules.video@1.0.0) by extensions ['colcon_meta']
[12.643s] Level 1:colcon.colcon_core.package_identification:_identify(Library/PackageCache/com.unity.modules.video@1.0.0) by extension 'colcon_meta'
[12.645s] Level 1:colcon.colcon_core.package_identification:_identify(Library/PackageCache/com.unity.modules.video@1.0.0) by extensions ['ros']
[12.646s] Level 1:colcon.colcon_core.package_identification:_identify(Library/PackageCache/com.unity.modules.video@1.0.0) by extension 'ros'
[12.654s] Level 1:colcon.colcon_core.package_identification:_identify(Library/PackageCache/com.unity.modules.video@1.0.0) by extensions ['cmake', 'python']
[12.655s] Level 1:colcon.colcon_core.package_identification:_identify(Library/PackageCache/com.unity.modules.video@1.0.0) by extension 'cmake'
[12.657s] Level 1:colcon.colcon_core.package_identification:_identify(Library/PackageCache/com.unity.modules.video@1.0.0) by extension 'python'
[12.660s] Level 1:colcon.colcon_core.package_identification:_identify(Library/PackageCache/com.unity.modules.video@1.0.0) by extensions ['python_setup_py']
[12.660s] Level 1:colcon.colcon_core.package_identification:_identify(Library/PackageCache/com.unity.modules.video@1.0.0) by extension 'python_setup_py'
[12.669s] Level 1:colcon.colcon_core.package_identification:_identify(Library/PackageCache/com.unity.modules.vr@1.0.0) by extensions ['ignore', 'ignore_ament_install']
[12.670s] Level 1:colcon.colcon_core.package_identification:_identify(Library/PackageCache/com.unity.modules.vr@1.0.0) by extension 'ignore'
[12.671s] Level 1:colcon.colcon_core.package_identification:_identify(Library/PackageCache/com.unity.modules.vr@1.0.0) by extension 'ignore_ament_install'
[12.675s] Level 1:colcon.colcon_core.package_identification:_identify(Library/PackageCache/com.unity.modules.vr@1.0.0) by extensions ['colcon_pkg']
[12.676s] Level 1:colcon.colcon_core.package_identification:_identify(Library/PackageCache/com.unity.modules.vr@1.0.0) by extension 'colcon_pkg'
[12.679s] Level 1:colcon.colcon_core.package_identification:_identify(Library/PackageCache/com.unity.modules.vr@1.0.0) by extensions ['colcon_meta']
[12.679s] Level 1:colcon.colcon_core.package_identification:_identify(Library/PackageCache/com.unity.modules.vr@1.0.0) by extension 'colcon_meta'
[12.683s] Level 1:colcon.colcon_core.package_identification:_identify(Library/PackageCache/com.unity.modules.vr@1.0.0) by extensions ['ros']
[12.684s] Level 1:colcon.colcon_core.package_identification:_identify(Library/PackageCache/com.unity.modules.vr@1.0.0) by extension 'ros'
[12.689s] Level 1:colcon.colcon_core.package_identification:_identify(Library/PackageCache/com.unity.modules.vr@1.0.0) by extensions ['cmake', 'python']
[12.690s] Level 1:colcon.colcon_core.package_identification:_identify(Library/PackageCache/com.unity.modules.vr@1.0.0) by extension 'cmake'
[12.691s] Level 1:colcon.colcon_core.package_identification:_identify(Library/PackageCache/com.unity.modules.vr@1.0.0) by extension 'python'
[12.693s] Level 1:colcon.colcon_core.package_identification:_identify(Library/PackageCache/com.unity.modules.vr@1.0.0) by extensions ['python_setup_py']
[12.693s] Level 1:colcon.colcon_core.package_identification:_identify(Library/PackageCache/com.unity.modules.vr@1.0.0) by extension 'python_setup_py'
[12.698s] Level 1:colcon.colcon_core.package_identification:_identify(Library/PackageCache/com.unity.modules.wind@1.0.0) by extensions ['ignore', 'ignore_ament_install']
[12.698s] Level 1:colcon.colcon_core.package_identification:_identify(Library/PackageCache/com.unity.modules.wind@1.0.0) by extension 'ignore'
[12.700s] Level 1:colcon.colcon_core.package_identification:_identify(Library/PackageCache/com.unity.modules.wind@1.0.0) by extension 'ignore_ament_install'
[12.703s] Level 1:colcon.colcon_core.package_identification:_identify(Library/PackageCache/com.unity.modules.wind@1.0.0) by extensions ['colcon_pkg']
[12.704s] Level 1:colcon.colcon_core.package_identification:_identify(Library/PackageCache/com.unity.modules.wind@1.0.0) by extension 'colcon_pkg'
[12.705s] Level 1:colcon.colcon_core.package_identification:_identify(Library/PackageCache/com.unity.modules.wind@1.0.0) by extensions ['colcon_meta']
[12.706s] Level 1:colcon.colcon_core.package_identification:_identify(Library/PackageCache/com.unity.modules.wind@1.0.0) by extension 'colcon_meta'
[12.709s] Level 1:colcon.colcon_core.package_identification:_identify(Library/PackageCache/com.unity.modules.wind@1.0.0) by extensions ['ros']
[12.709s] Level 1:colcon.colcon_core.package_identification:_identify(Library/PackageCache/com.unity.modules.wind@1.0.0) by extension 'ros'
[12.718s] Level 1:colcon.colcon_core.package_identification:_identify(Library/PackageCache/com.unity.modules.wind@1.0.0) by extensions ['cmake', 'python']
[12.718s] Level 1:colcon.colcon_core.package_identification:_identify(Library/PackageCache/com.unity.modules.wind@1.0.0) by extension 'cmake'
[12.721s] Level 1:colcon.colcon_core.package_identification:_identify(Library/PackageCache/com.unity.modules.wind@1.0.0) by extension 'python'
[12.723s] Level 1:colcon.colcon_core.package_identification:_identify(Library/PackageCache/com.unity.modules.wind@1.0.0) by extensions ['python_setup_py']
[12.724s] Level 1:colcon.colcon_core.package_identification:_identify(Library/PackageCache/com.unity.modules.wind@1.0.0) by extension 'python_setup_py'
[12.732s] Level 1:colcon.colcon_core.package_identification:_identify(Library/PackageCache/com.unity.modules.xr@1.0.0) by extensions ['ignore', 'ignore_ament_install']
[12.732s] Level 1:colcon.colcon_core.package_identification:_identify(Library/PackageCache/com.unity.modules.xr@1.0.0) by extension 'ignore'
[12.735s] Level 1:colcon.colcon_core.package_identification:_identify(Library/PackageCache/com.unity.modules.xr@1.0.0) by extension 'ignore_ament_install'
[12.739s] Level 1:colcon.colcon_core.package_identification:_identify(Library/PackageCache/com.unity.modules.xr@1.0.0) by extensions ['colcon_pkg']
[12.740s] Level 1:colcon.colcon_core.package_identification:_identify(Library/PackageCache/com.unity.modules.xr@1.0.0) by extension 'colcon_pkg'
[12.742s] Level 1:colcon.colcon_core.package_identification:_identify(Library/PackageCache/com.unity.modules.xr@1.0.0) by extensions ['colcon_meta']
[12.743s] Level 1:colcon.colcon_core.package_identification:_identify(Library/PackageCache/com.unity.modules.xr@1.0.0) by extension 'colcon_meta'
[12.747s] Level 1:colcon.colcon_core.package_identification:_identify(Library/PackageCache/com.unity.modules.xr@1.0.0) by extensions ['ros']
[12.747s] Level 1:colcon.colcon_core.package_identification:_identify(Library/PackageCache/com.unity.modules.xr@1.0.0) by extension 'ros'
[12.756s] Level 1:colcon.colcon_core.package_identification:_identify(Library/PackageCache/com.unity.modules.xr@1.0.0) by extensions ['cmake', 'python']
[12.757s] Level 1:colcon.colcon_core.package_identification:_identify(Library/PackageCache/com.unity.modules.xr@1.0.0) by extension 'cmake'
[12.759s] Level 1:colcon.colcon_core.package_identification:_identify(Library/PackageCache/com.unity.modules.xr@1.0.0) by extension 'python'
[12.761s] Level 1:colcon.colcon_core.package_identification:_identify(Library/PackageCache/com.unity.modules.xr@1.0.0) by extensions ['python_setup_py']
[12.762s] Level 1:colcon.colcon_core.package_identification:_identify(Library/PackageCache/com.unity.modules.xr@1.0.0) by extension 'python_setup_py'
[12.768s] Level 1:colcon.colcon_core.package_identification:_identify(Library/PackageManager) by extensions ['ignore', 'ignore_ament_install']
[12.768s] Level 1:colcon.colcon_core.package_identification:_identify(Library/PackageManager) by extension 'ignore'
[12.770s] Level 1:colcon.colcon_core.package_identification:_identify(Library/PackageManager) by extension 'ignore_ament_install'
[12.773s] Level 1:colcon.colcon_core.package_identification:_identify(Library/PackageManager) by extensions ['colcon_pkg']
[12.773s] Level 1:colcon.colcon_core.package_identification:_identify(Library/PackageManager) by extension 'colcon_pkg'
[12.775s] Level 1:colcon.colcon_core.package_identification:_identify(Library/PackageManager) by extensions ['colcon_meta']
[12.776s] Level 1:colcon.colcon_core.package_identification:_identify(Library/PackageManager) by extension 'colcon_meta'
[12.778s] Level 1:colcon.colcon_core.package_identification:_identify(Library/PackageManager) by extensions ['ros']
[12.779s] Level 1:colcon.colcon_core.package_identification:_identify(Library/PackageManager) by extension 'ros'
[12.785s] Level 1:colcon.colcon_core.package_identification:_identify(Library/PackageManager) by extensions ['cmake', 'python']
[12.786s] Level 1:colcon.colcon_core.package_identification:_identify(Library/PackageManager) by extension 'cmake'
[12.788s] Level 1:colcon.colcon_core.package_identification:_identify(Library/PackageManager) by extension 'python'
[12.789s] Level 1:colcon.colcon_core.package_identification:_identify(Library/PackageManager) by extensions ['python_setup_py']
[12.790s] Level 1:colcon.colcon_core.package_identification:_identify(Library/PackageManager) by extension 'python_setup_py'
[12.796s] Level 1:colcon.colcon_core.package_identification:_identify(Library/ScriptAssemblies) by extensions ['ignore', 'ignore_ament_install']
[12.796s] Level 1:colcon.colcon_core.package_identification:_identify(Library/ScriptAssemblies) by extension 'ignore'
[12.798s] Level 1:colcon.colcon_core.package_identification:_identify(Library/ScriptAssemblies) by extension 'ignore_ament_install'
[12.800s] Level 1:colcon.colcon_core.package_identification:_identify(Library/ScriptAssemblies) by extensions ['colcon_pkg']
[12.801s] Level 1:colcon.colcon_core.package_identification:_identify(Library/ScriptAssemblies) by extension 'colcon_pkg'
[12.803s] Level 1:colcon.colcon_core.package_identification:_identify(Library/ScriptAssemblies) by extensions ['colcon_meta']
[12.803s] Level 1:colcon.colcon_core.package_identification:_identify(Library/ScriptAssemblies) by extension 'colcon_meta'
[12.805s] Level 1:colcon.colcon_core.package_identification:_identify(Library/ScriptAssemblies) by extensions ['ros']
[12.806s] Level 1:colcon.colcon_core.package_identification:_identify(Library/ScriptAssemblies) by extension 'ros'
[12.812s] Level 1:colcon.colcon_core.package_identification:_identify(Library/ScriptAssemblies) by extensions ['cmake', 'python']
[12.813s] Level 1:colcon.colcon_core.package_identification:_identify(Library/ScriptAssemblies) by extension 'cmake'
[12.815s] Level 1:colcon.colcon_core.package_identification:_identify(Library/ScriptAssemblies) by extension 'python'
[12.816s] Level 1:colcon.colcon_core.package_identification:_identify(Library/ScriptAssemblies) by extensions ['python_setup_py']
[12.817s] Level 1:colcon.colcon_core.package_identification:_identify(Library/ScriptAssemblies) by extension 'python_setup_py'
[12.821s] Level 1:colcon.colcon_core.package_identification:_identify(Library/ShaderCache) by extensions ['ignore', 'ignore_ament_install']
[12.822s] Level 1:colcon.colcon_core.package_identification:_identify(Library/ShaderCache) by extension 'ignore'
[12.824s] Level 1:colcon.colcon_core.package_identification:_identify(Library/ShaderCache) by extension 'ignore_ament_install'
[12.826s] Level 1:colcon.colcon_core.package_identification:_identify(Library/ShaderCache) by extensions ['colcon_pkg']
[12.826s] Level 1:colcon.colcon_core.package_identification:_identify(Library/ShaderCache) by extension 'colcon_pkg'
[12.828s] Level 1:colcon.colcon_core.package_identification:_identify(Library/ShaderCache) by extensions ['colcon_meta']
[12.828s] Level 1:colcon.colcon_core.package_identification:_identify(Library/ShaderCache) by extension 'colcon_meta'
[12.830s] Level 1:colcon.colcon_core.package_identification:_identify(Library/ShaderCache) by extensions ['ros']
[12.830s] Level 1:colcon.colcon_core.package_identification:_identify(Library/ShaderCache) by extension 'ros'
[12.835s] Level 1:colcon.colcon_core.package_identification:_identify(Library/ShaderCache) by extensions ['cmake', 'python']
[12.836s] Level 1:colcon.colcon_core.package_identification:_identify(Library/ShaderCache) by extension 'cmake'
[12.837s] Level 1:colcon.colcon_core.package_identification:_identify(Library/ShaderCache) by extension 'python'
[12.838s] Level 1:colcon.colcon_core.package_identification:_identify(Library/ShaderCache) by extensions ['python_setup_py']
[12.839s] Level 1:colcon.colcon_core.package_identification:_identify(Library/ShaderCache) by extension 'python_setup_py'
[12.843s] Level 1:colcon.colcon_core.package_identification:_identify(Library/TempArtifacts) by extensions ['ignore', 'ignore_ament_install']
[12.844s] Level 1:colcon.colcon_core.package_identification:_identify(Library/TempArtifacts) by extension 'ignore'
[12.845s] Level 1:colcon.colcon_core.package_identification:_identify(Library/TempArtifacts) by extension 'ignore_ament_install'
[12.846s] Level 1:colcon.colcon_core.package_identification:_identify(Library/TempArtifacts) by extensions ['colcon_pkg']
[12.847s] Level 1:colcon.colcon_core.package_identification:_identify(Library/TempArtifacts) by extension 'colcon_pkg'
[12.848s] Level 1:colcon.colcon_core.package_identification:_identify(Library/TempArtifacts) by extensions ['colcon_meta']
[12.848s] Level 1:colcon.colcon_core.package_identification:_identify(Library/TempArtifacts) by extension 'colcon_meta'
[12.850s] Level 1:colcon.colcon_core.package_identification:_identify(Library/TempArtifacts) by extensions ['ros']
[12.850s] Level 1:colcon.colcon_core.package_identification:_identify(Library/TempArtifacts) by extension 'ros'
[12.856s] Level 1:colcon.colcon_core.package_identification:_identify(Library/TempArtifacts) by extensions ['cmake', 'python']
[12.857s] Level 1:colcon.colcon_core.package_identification:_identify(Library/TempArtifacts) by extension 'cmake'
[12.859s] Level 1:colcon.colcon_core.package_identification:_identify(Library/TempArtifacts) by extension 'python'
[12.860s] Level 1:colcon.colcon_core.package_identification:_identify(Library/TempArtifacts) by extensions ['python_setup_py']
[12.861s] Level 1:colcon.colcon_core.package_identification:_identify(Library/TempArtifacts) by extension 'python_setup_py'
[12.869s] Level 1:colcon.colcon_core.package_identification:_identify(Library/TempArtifacts/Extra) by extensions ['ignore', 'ignore_ament_install']
[12.870s] Level 1:colcon.colcon_core.package_identification:_identify(Library/TempArtifacts/Extra) by extension 'ignore'
[12.871s] Level 1:colcon.colcon_core.package_identification:_identify(Library/TempArtifacts/Extra) by extension 'ignore_ament_install'
[12.875s] Level 1:colcon.colcon_core.package_identification:_identify(Library/TempArtifacts/Extra) by extensions ['colcon_pkg']
[12.876s] Level 1:colcon.colcon_core.package_identification:_identify(Library/TempArtifacts/Extra) by extension 'colcon_pkg'
[12.877s] Level 1:colcon.colcon_core.package_identification:_identify(Library/TempArtifacts/Extra) by extensions ['colcon_meta']
[12.878s] Level 1:colcon.colcon_core.package_identification:_identify(Library/TempArtifacts/Extra) by extension 'colcon_meta'
[12.882s] Level 1:colcon.colcon_core.package_identification:_identify(Library/TempArtifacts/Extra) by extensions ['ros']
[12.883s] Level 1:colcon.colcon_core.package_identification:_identify(Library/TempArtifacts/Extra) by extension 'ros'
[12.890s] Level 1:colcon.colcon_core.package_identification:_identify(Library/TempArtifacts/Extra) by extensions ['cmake', 'python']
[12.891s] Level 1:colcon.colcon_core.package_identification:_identify(Library/TempArtifacts/Extra) by extension 'cmake'
[12.892s] Level 1:colcon.colcon_core.package_identification:_identify(Library/TempArtifacts/Extra) by extension 'python'
[12.894s] Level 1:colcon.colcon_core.package_identification:_identify(Library/TempArtifacts/Extra) by extensions ['python_setup_py']
[12.895s] Level 1:colcon.colcon_core.package_identification:_identify(Library/TempArtifacts/Extra) by extension 'python_setup_py'
[12.902s] Level 1:colcon.colcon_core.package_identification:_identify(Library/TempArtifacts/Primary) by extensions ['ignore', 'ignore_ament_install']
[12.903s] Level 1:colcon.colcon_core.package_identification:_identify(Library/TempArtifacts/Primary) by extension 'ignore'
[12.905s] Level 1:colcon.colcon_core.package_identification:_identify(Library/TempArtifacts/Primary) by extension 'ignore_ament_install'
[12.908s] Level 1:colcon.colcon_core.package_identification:_identify(Library/TempArtifacts/Primary) by extensions ['colcon_pkg']
[12.909s] Level 1:colcon.colcon_core.package_identification:_identify(Library/TempArtifacts/Primary) by extension 'colcon_pkg'
[12.911s] Level 1:colcon.colcon_core.package_identification:_identify(Library/TempArtifacts/Primary) by extensions ['colcon_meta']
[12.912s] Level 1:colcon.colcon_core.package_identification:_identify(Library/TempArtifacts/Primary) by extension 'colcon_meta'
[12.916s] Level 1:colcon.colcon_core.package_identification:_identify(Library/TempArtifacts/Primary) by extensions ['ros']
[12.916s] Level 1:colcon.colcon_core.package_identification:_identify(Library/TempArtifacts/Primary) by extension 'ros'
[12.922s] Level 1:colcon.colcon_core.package_identification:_identify(Library/TempArtifacts/Primary) by extensions ['cmake', 'python']
[12.923s] Level 1:colcon.colcon_core.package_identification:_identify(Library/TempArtifacts/Primary) by extension 'cmake'
[12.925s] Level 1:colcon.colcon_core.package_identification:_identify(Library/TempArtifacts/Primary) by extension 'python'
[12.927s] Level 1:colcon.colcon_core.package_identification:_identify(Library/TempArtifacts/Primary) by extensions ['python_setup_py']
[12.928s] Level 1:colcon.colcon_core.package_identification:_identify(Library/TempArtifacts/Primary) by extension 'python_setup_py'
[12.933s] Level 1:colcon.colcon_core.package_identification:_identify(Logs) by extensions ['ignore', 'ignore_ament_install']
[12.933s] Level 1:colcon.colcon_core.package_identification:_identify(Logs) by extension 'ignore'
[12.935s] Level 1:colcon.colcon_core.package_identification:_identify(Logs) by extension 'ignore_ament_install'
[12.936s] Level 1:colcon.colcon_core.package_identification:_identify(Logs) by extensions ['colcon_pkg']
[12.936s] Level 1:colcon.colcon_core.package_identification:_identify(Logs) by extension 'colcon_pkg'
[12.938s] Level 1:colcon.colcon_core.package_identification:_identify(Logs) by extensions ['colcon_meta']
[12.938s] Level 1:colcon.colcon_core.package_identification:_identify(Logs) by extension 'colcon_meta'
[12.939s] Level 1:colcon.colcon_core.package_identification:_identify(Logs) by extensions ['ros']
[12.940s] Level 1:colcon.colcon_core.package_identification:_identify(Logs) by extension 'ros'
[12.944s] Level 1:colcon.colcon_core.package_identification:_identify(Logs) by extensions ['cmake', 'python']
[12.945s] Level 1:colcon.colcon_core.package_identification:_identify(Logs) by extension 'cmake'
[12.946s] Level 1:colcon.colcon_core.package_identification:_identify(Logs) by extension 'python'
[12.947s] Level 1:colcon.colcon_core.package_identification:_identify(Logs) by extensions ['python_setup_py']
[12.947s] Level 1:colcon.colcon_core.package_identification:_identify(Logs) by extension 'python_setup_py'
[12.951s] Level 1:colcon.colcon_core.package_identification:_identify(Packages) by extensions ['ignore', 'ignore_ament_install']
[12.952s] Level 1:colcon.colcon_core.package_identification:_identify(Packages) by extension 'ignore'
[12.953s] Level 1:colcon.colcon_core.package_identification:_identify(Packages) by extension 'ignore_ament_install'
[12.955s] Level 1:colcon.colcon_core.package_identification:_identify(Packages) by extensions ['colcon_pkg']
[12.955s] Level 1:colcon.colcon_core.package_identification:_identify(Packages) by extension 'colcon_pkg'
[12.956s] Level 1:colcon.colcon_core.package_identification:_identify(Packages) by extensions ['colcon_meta']
[12.957s] Level 1:colcon.colcon_core.package_identification:_identify(Packages) by extension 'colcon_meta'
[12.958s] Level 1:colcon.colcon_core.package_identification:_identify(Packages) by extensions ['ros']
[12.958s] Level 1:colcon.colcon_core.package_identification:_identify(Packages) by extension 'ros'
[12.961s] Level 1:colcon.colcon_core.package_identification:_identify(Packages) by extensions ['cmake', 'python']
[12.962s] Level 1:colcon.colcon_core.package_identification:_identify(Packages) by extension 'cmake'
[12.963s] Level 1:colcon.colcon_core.package_identification:_identify(Packages) by extension 'python'
[12.964s] Level 1:colcon.colcon_core.package_identification:_identify(Packages) by extensions ['python_setup_py']
[12.965s] Level 1:colcon.colcon_core.package_identification:_identify(Packages) by extension 'python_setup_py'
[12.969s] Level 1:colcon.colcon_core.package_identification:_identify(ProjectSettings) by extensions ['ignore', 'ignore_ament_install']
[12.970s] Level 1:colcon.colcon_core.package_identification:_identify(ProjectSettings) by extension 'ignore'
[12.971s] Level 1:colcon.colcon_core.package_identification:_identify(ProjectSettings) by extension 'ignore_ament_install'
[12.974s] Level 1:colcon.colcon_core.package_identification:_identify(ProjectSettings) by extensions ['colcon_pkg']
[12.974s] Level 1:colcon.colcon_core.package_identification:_identify(ProjectSettings) by extension 'colcon_pkg'
[12.975s] Level 1:colcon.colcon_core.package_identification:_identify(ProjectSettings) by extensions ['colcon_meta']
[12.976s] Level 1:colcon.colcon_core.package_identification:_identify(ProjectSettings) by extension 'colcon_meta'
[12.977s] Level 1:colcon.colcon_core.package_identification:_identify(ProjectSettings) by extensions ['ros']
[12.978s] Level 1:colcon.colcon_core.package_identification:_identify(ProjectSettings) by extension 'ros'
[12.982s] Level 1:colcon.colcon_core.package_identification:_identify(ProjectSettings) by extensions ['cmake', 'python']
[12.983s] Level 1:colcon.colcon_core.package_identification:_identify(ProjectSettings) by extension 'cmake'
[12.984s] Level 1:colcon.colcon_core.package_identification:_identify(ProjectSettings) by extension 'python'
[12.985s] Level 1:colcon.colcon_core.package_identification:_identify(ProjectSettings) by extensions ['python_setup_py']
[12.986s] Level 1:colcon.colcon_core.package_identification:_identify(ProjectSettings) by extension 'python_setup_py'
[12.989s] Level 1:colcon.colcon_core.package_identification:_identify(UserSettings) by extensions ['ignore', 'ignore_ament_install']
[12.990s] Level 1:colcon.colcon_core.package_identification:_identify(UserSettings) by extension 'ignore'
[12.991s] Level 1:colcon.colcon_core.package_identification:_identify(UserSettings) by extension 'ignore_ament_install'
[12.993s] Level 1:colcon.colcon_core.package_identification:_identify(UserSettings) by extensions ['colcon_pkg']
[12.994s] Level 1:colcon.colcon_core.package_identification:_identify(UserSettings) by extension 'colcon_pkg'
[12.995s] Level 1:colcon.colcon_core.package_identification:_identify(UserSettings) by extensions ['colcon_meta']
[12.996s] Level 1:colcon.colcon_core.package_identification:_identify(UserSettings) by extension 'colcon_meta'
[12.997s] Level 1:colcon.colcon_core.package_identification:_identify(UserSettings) by extensions ['ros']
[12.998s] Level 1:colcon.colcon_core.package_identification:_identify(UserSettings) by extension 'ros'
[13.001s] Level 1:colcon.colcon_core.package_identification:_identify(UserSettings) by extensions ['cmake', 'python']
[13.002s] Level 1:colcon.colcon_core.package_identification:_identify(UserSettings) by extension 'cmake'
[13.003s] Level 1:colcon.colcon_core.package_identification:_identify(UserSettings) by extension 'python'
[13.004s] Level 1:colcon.colcon_core.package_identification:_identify(UserSettings) by extensions ['python_setup_py']
[13.004s] Level 1:colcon.colcon_core.package_identification:_identify(UserSettings) by extension 'python_setup_py'
[13.009s] Level 1:colcon.colcon_core.package_identification:_identify(build) by extensions ['ignore', 'ignore_ament_install']
[13.009s] Level 1:colcon.colcon_core.package_identification:_identify(build) by extension 'ignore'
[13.011s] Level 1:colcon.colcon_core.package_identification:_identify(build) ignored
[13.013s] Level 1:colcon.colcon_core.package_identification:_identify(install) by extensions ['ignore', 'ignore_ament_install']
[13.014s] Level 1:colcon.colcon_core.package_identification:_identify(install) by extension 'ignore'
[13.016s] Level 1:colcon.colcon_core.package_identification:_identify(install) ignored
[13.020s] Level 1:colcon.colcon_core.package_identification:_identify(log) by extensions ['ignore', 'ignore_ament_install']
[13.021s] Level 1:colcon.colcon_core.package_identification:_identify(log) by extension 'ignore'
[13.023s] Level 1:colcon.colcon_core.package_identification:_identify(log) ignored
[13.026s] Level 1:colcon.colcon_core.package_identification:_identify(src) by extensions ['ignore', 'ignore_ament_install']
[13.027s] Level 1:colcon.colcon_core.package_identification:_identify(src) by extension 'ignore'
[13.028s] Level 1:colcon.colcon_core.package_identification:_identify(src) by extension 'ignore_ament_install'
[13.030s] Level 1:colcon.colcon_core.package_identification:_identify(src) by extensions ['colcon_pkg']
[13.031s] Level 1:colcon.colcon_core.package_identification:_identify(src) by extension 'colcon_pkg'
[13.032s] Level 1:colcon.colcon_core.package_identification:_identify(src) by extensions ['colcon_meta']
[13.032s] Level 1:colcon.colcon_core.package_identification:_identify(src) by extension 'colcon_meta'
[13.034s] Level 1:colcon.colcon_core.package_identification:_identify(src) by extensions ['ros']
[13.034s] Level 1:colcon.colcon_core.package_identification:_identify(src) by extension 'ros'
[13.038s] Level 1:colcon.colcon_core.package_identification:_identify(src) by extensions ['cmake', 'python']
[13.038s] Level 1:colcon.colcon_core.package_identification:_identify(src) by extension 'cmake'
[13.039s] Level 1:colcon.colcon_core.package_identification:_identify(src) by extension 'python'
[13.041s] Level 1:colcon.colcon_core.package_identification:_identify(src) by extensions ['python_setup_py']
[13.041s] Level 1:colcon.colcon_core.package_identification:_identify(src) by extension 'python_setup_py'
[13.047s] Level 1:colcon.colcon_core.package_identification:_identify(src/ROS-TCP-Endpoint) by extensions ['ignore', 'ignore_ament_install']
[13.048s] Level 1:colcon.colcon_core.package_identification:_identify(src/ROS-TCP-Endpoint) by extension 'ignore'
[13.049s] Level 1:colcon.colcon_core.package_identification:_identify(src/ROS-TCP-Endpoint) by extension 'ignore_ament_install'
[13.052s] Level 1:colcon.colcon_core.package_identification:_identify(src/ROS-TCP-Endpoint) by extensions ['colcon_pkg']
[13.053s] Level 1:colcon.colcon_core.package_identification:_identify(src/ROS-TCP-Endpoint) by extension 'colcon_pkg'
[13.055s] Level 1:colcon.colcon_core.package_identification:_identify(src/ROS-TCP-Endpoint) by extensions ['colcon_meta']
[13.055s] Level 1:colcon.colcon_core.package_identification:_identify(src/ROS-TCP-Endpoint) by extension 'colcon_meta'
[13.058s] Level 1:colcon.colcon_core.package_identification:_identify(src/ROS-TCP-Endpoint) by extensions ['ros']
[13.059s] Level 1:colcon.colcon_core.package_identification:_identify(src/ROS-TCP-Endpoint) by extension 'ros'
[13.070s] DEBUG:colcon.colcon_core.package_identification:Package 'src/ROS-TCP-Endpoint' with type 'ros.ament_python' and name 'ros_tcp_endpoint'
[13.074s] Level 1:colcon.colcon_core.package_identification:_identify(src/Universal_Robots_ROS2_Gazebo_Simulation) by extensions ['ignore', 'ignore_ament_install']
[13.075s] Level 1:colcon.colcon_core.package_identification:_identify(src/Universal_Robots_ROS2_Gazebo_Simulation) by extension 'ignore'
[13.076s] Level 1:colcon.colcon_core.package_identification:_identify(src/Universal_Robots_ROS2_Gazebo_Simulation) by extension 'ignore_ament_install'
[13.078s] Level 1:colcon.colcon_core.package_identification:_identify(src/Universal_Robots_ROS2_Gazebo_Simulation) by extensions ['colcon_pkg']
[13.078s] Level 1:colcon.colcon_core.package_identification:_identify(src/Universal_Robots_ROS2_Gazebo_Simulation) by extension 'colcon_pkg'
[13.079s] Level 1:colcon.colcon_core.package_identification:_identify(src/Universal_Robots_ROS2_Gazebo_Simulation) by extensions ['colcon_meta']
[13.080s] Level 1:colcon.colcon_core.package_identification:_identify(src/Universal_Robots_ROS2_Gazebo_Simulation) by extension 'colcon_meta'
[13.081s] Level 1:colcon.colcon_core.package_identification:_identify(src/Universal_Robots_ROS2_Gazebo_Simulation) by extensions ['ros']
[13.082s] Level 1:colcon.colcon_core.package_identification:_identify(src/Universal_Robots_ROS2_Gazebo_Simulation) by extension 'ros'
[13.086s] Level 1:colcon.colcon_core.package_identification:_identify(src/Universal_Robots_ROS2_Gazebo_Simulation) by extensions ['cmake', 'python']
[13.087s] Level 1:colcon.colcon_core.package_identification:_identify(src/Universal_Robots_ROS2_Gazebo_Simulation) by extension 'cmake'
[13.088s] Level 1:colcon.colcon_core.package_identification:_identify(src/Universal_Robots_ROS2_Gazebo_Simulation) by extension 'python'
[13.089s] Level 1:colcon.colcon_core.package_identification:_identify(src/Universal_Robots_ROS2_Gazebo_Simulation) by extensions ['python_setup_py']
[13.089s] Level 1:colcon.colcon_core.package_identification:_identify(src/Universal_Robots_ROS2_Gazebo_Simulation) by extension 'python_setup_py'
[13.094s] Level 1:colcon.colcon_core.package_identification:_identify(src/Universal_Robots_ROS2_Gazebo_Simulation/ur_simulation_gazebo) by extensions ['ignore', 'ignore_ament_install']
[13.095s] Level 1:colcon.colcon_core.package_identification:_identify(src/Universal_Robots_ROS2_Gazebo_Simulation/ur_simulation_gazebo) by extension 'ignore'
[13.098s] Level 1:colcon.colcon_core.package_identification:_identify(src/Universal_Robots_ROS2_Gazebo_Simulation/ur_simulation_gazebo) by extension 'ignore_ament_install'
[13.102s] Level 1:colcon.colcon_core.package_identification:_identify(src/Universal_Robots_ROS2_Gazebo_Simulation/ur_simulation_gazebo) by extensions ['colcon_pkg']
[13.103s] Level 1:colcon.colcon_core.package_identification:_identify(src/Universal_Robots_ROS2_Gazebo_Simulation/ur_simulation_gazebo) by extension 'colcon_pkg'
[13.105s] Level 1:colcon.colcon_core.package_identification:_identify(src/Universal_Robots_ROS2_Gazebo_Simulation/ur_simulation_gazebo) by extensions ['colcon_meta']
[13.105s] Level 1:colcon.colcon_core.package_identification:_identify(src/Universal_Robots_ROS2_Gazebo_Simulation/ur_simulation_gazebo) by extension 'colcon_meta'
[13.108s] Level 1:colcon.colcon_core.package_identification:_identify(src/Universal_Robots_ROS2_Gazebo_Simulation/ur_simulation_gazebo) by extensions ['ros']
[13.109s] Level 1:colcon.colcon_core.package_identification:_identify(src/Universal_Robots_ROS2_Gazebo_Simulation/ur_simulation_gazebo) by extension 'ros'
[13.127s] DEBUG:colcon.colcon_core.package_identification:Package 'src/Universal_Robots_ROS2_Gazebo_Simulation/ur_simulation_gazebo' with type 'ros.ament_cmake' and name 'ur_simulation_gazebo'
[13.132s] Level 1:colcon.colcon_core.package_identification:_identify(src/ur_lab) by extensions ['ignore', 'ignore_ament_install']
[13.133s] Level 1:colcon.colcon_core.package_identification:_identify(src/ur_lab) by extension 'ignore'
[13.135s] Level 1:colcon.colcon_core.package_identification:_identify(src/ur_lab) by extension 'ignore_ament_install'
[13.137s] Level 1:colcon.colcon_core.package_identification:_identify(src/ur_lab) by extensions ['colcon_pkg']
[13.138s] Level 1:colcon.colcon_core.package_identification:_identify(src/ur_lab) by extension 'colcon_pkg'
[13.139s] Level 1:colcon.colcon_core.package_identification:_identify(src/ur_lab) by extensions ['colcon_meta']
[13.140s] Level 1:colcon.colcon_core.package_identification:_identify(src/ur_lab) by extension 'colcon_meta'
[13.143s] Level 1:colcon.colcon_core.package_identification:_identify(src/ur_lab) by extensions ['ros']
[13.143s] Level 1:colcon.colcon_core.package_identification:_identify(src/ur_lab) by extension 'ros'
[13.155s] DEBUG:colcon.colcon_core.package_identification:Package 'src/ur_lab' with type 'ros.ament_python' and name 'ur_lab'
[13.160s] Level 1:colcon.colcon_core.package_identification:_identify(src/ur_lab_gazebo) by extensions ['ignore', 'ignore_ament_install']
[13.161s] Level 1:colcon.colcon_core.package_identification:_identify(src/ur_lab_gazebo) by extension 'ignore'
[13.163s] Level 1:colcon.colcon_core.package_identification:_identify(src/ur_lab_gazebo) by extension 'ignore_ament_install'
[13.165s] Level 1:colcon.colcon_core.package_identification:_identify(src/ur_lab_gazebo) by extensions ['colcon_pkg']
[13.166s] Level 1:colcon.colcon_core.package_identification:_identify(src/ur_lab_gazebo) by extension 'colcon_pkg'
[13.168s] Level 1:colcon.colcon_core.package_identification:_identify(src/ur_lab_gazebo) by extensions ['colcon_meta']
[13.168s] Level 1:colcon.colcon_core.package_identification:_identify(src/ur_lab_gazebo) by extension 'colcon_meta'
[13.170s] Level 1:colcon.colcon_core.package_identification:_identify(src/ur_lab_gazebo) by extensions ['ros']
[13.171s] Level 1:colcon.colcon_core.package_identification:_identify(src/ur_lab_gazebo) by extension 'ros'
[13.185s] DEBUG:colcon.colcon_core.package_identification:Package 'src/ur_lab_gazebo' with type 'ros.ament_cmake' and name 'ur_lab_gazebo'
[13.190s] Level 1:colcon.colcon_core.package_identification:_identify(src/ur_lab_unity_bridge) by extensions ['ignore', 'ignore_ament_install']
[13.190s] Level 1:colcon.colcon_core.package_identification:_identify(src/ur_lab_unity_bridge) by extension 'ignore'
[13.192s] Level 1:colcon.colcon_core.package_identification:_identify(src/ur_lab_unity_bridge) by extension 'ignore_ament_install'
[13.195s] Level 1:colcon.colcon_core.package_identification:_identify(src/ur_lab_unity_bridge) by extensions ['colcon_pkg']
[13.195s] Level 1:colcon.colcon_core.package_identification:_identify(src/ur_lab_unity_bridge) by extension 'colcon_pkg'
[13.197s] Level 1:colcon.colcon_core.package_identification:_identify(src/ur_lab_unity_bridge) by extensions ['colcon_meta']
[13.198s] Level 1:colcon.colcon_core.package_identification:_identify(src/ur_lab_unity_bridge) by extension 'colcon_meta'
[13.201s] Level 1:colcon.colcon_core.package_identification:_identify(src/ur_lab_unity_bridge) by extensions ['ros']
[13.201s] Level 1:colcon.colcon_core.package_identification:_identify(src/ur_lab_unity_bridge) by extension 'ros'
[13.212s] DEBUG:colcon.colcon_core.package_identification:Package 'src/ur_lab_unity_bridge' with type 'ros.ament_python' and name 'ur_lab_unity_bridge'
[13.213s] Level 1:colcon.colcon_core.package_discovery:discover_packages(recursive) using defaults
[13.213s] Level 1:colcon.colcon_core.package_discovery:discover_packages(ignore) discover
[13.214s] Level 1:colcon.colcon_core.package_discovery:discover_packages(ignore) using defaults
[13.214s] Level 1:colcon.colcon_core.package_discovery:discover_packages(path) discover
[13.215s] Level 1:colcon.colcon_core.package_discovery:discover_packages(path) using defaults
[13.352s] INFO:colcon.colcon_core.package_selection:Skipping not selected package 'ros_tcp_endpoint' in 'src/ROS-TCP-Endpoint'
[13.353s] INFO:colcon.colcon_core.package_selection:Skipping not selected package 'ur_lab' in 'src/ur_lab'
[13.354s] INFO:colcon.colcon_core.package_selection:Skipping not selected package 'ur_lab_gazebo' in 'src/ur_lab_gazebo'
[13.354s] INFO:colcon.colcon_core.package_selection:Skipping not selected package 'ur_simulation_gazebo' in 'src/Universal_Robots_ROS2_Gazebo_Simulation/ur_simulation_gazebo'
[13.355s] Level 1:colcon.colcon_core.package_discovery:discover_packages(prefix_path) check parameters
[13.356s] Level 1:colcon.colcon_core.package_discovery:discover_packages(prefix_path) discover
[13.428s] DEBUG:colcon.colcon_installed_package_information.package_discovery:Found 5 installed packages in /mnt/c/Users/Amir/Downloads/ros2_ws/install
[13.429s] DEBUG:colcon.colcon_installed_package_information.package_discovery:Found 343 installed packages in /opt/ros/humble
[13.431s] Level 1:colcon.colcon_core.package_discovery:discover_packages(prefix_path) using defaults
[13.517s] Level 5:colcon.colcon_core.verb:set package 'ur_lab_unity_bridge' build argument 'cmake_args' from command line to 'None'
[13.518s] Level 5:colcon.colcon_core.verb:set package 'ur_lab_unity_bridge' build argument 'cmake_target' from command line to 'None'
[13.519s] Level 5:colcon.colcon_core.verb:set package 'ur_lab_unity_bridge' build argument 'cmake_target_skip_unavailable' from command line to 'False'
[13.519s] Level 5:colcon.colcon_core.verb:set package 'ur_lab_unity_bridge' build argument 'cmake_clean_cache' from command line to 'False'
[13.519s] Level 5:colcon.colcon_core.verb:set package 'ur_lab_unity_bridge' build argument 'cmake_clean_first' from command line to 'False'
[13.520s] Level 5:colcon.colcon_core.verb:set package 'ur_lab_unity_bridge' build argument 'cmake_force_configure' from command line to 'False'
[13.520s] Level 5:colcon.colcon_core.verb:set package 'ur_lab_unity_bridge' build argument 'ament_cmake_args' from command line to 'None'
[13.521s] Level 5:colcon.colcon_core.verb:set package 'ur_lab_unity_bridge' build argument 'catkin_cmake_args' from command line to 'None'
[13.521s] Level 5:colcon.colcon_core.verb:set package 'ur_lab_unity_bridge' build argument 'catkin_skip_building_tests' from command line to 'False'
[13.521s] DEBUG:colcon.colcon_core.verb:Building package 'ur_lab_unity_bridge' with the following arguments: {'ament_cmake_args': None, 'build_base': '/mnt/c/Users/Amir/Downloads/ros2_ws/build/ur_lab_unity_bridge', 'catkin_cmake_args': None, 'catkin_skip_building_tests': False, 'cmake_args': None, 'cmake_clean_cache': False, 'cmake_clean_first': False, 'cmake_force_configure': False, 'cmake_target': None, 'cmake_target_skip_unavailable': False, 'install_base': '/mnt/c/Users/Amir/Downloads/ros2_ws/install/ur_lab_unity_bridge', 'merge_install': False, 'path': '/mnt/c/Users/Amir/Downloads/ros2_ws/src/ur_lab_unity_bridge', 'symlink_install': True, 'test_result_base': None}
[13.523s] INFO:colcon.colcon_core.executor:Executing jobs using 'parallel' executor
[13.524s] DEBUG:colcon.colcon_parallel_executor.executor.parallel:run_until_complete
[13.525s] INFO:colcon.colcon_ros.task.ament_python.build:Building ROS package in '/mnt/c/Users/Amir/Downloads/ros2_ws/src/ur_lab_unity_bridge' with build type 'ament_python'
[13.525s] Level 1:colcon.colcon_core.shell:create_environment_hook('ur_lab_unity_bridge', 'ament_prefix_path')
[13.537s] INFO:colcon.colcon_core.plugin_system:Skipping extension 'colcon_core.shell.bat': Not used on non-Windows systems
[13.538s] INFO:colcon.colcon_core.shell:Creating environment hook '/mnt/c/Users/Amir/Downloads/ros2_ws/install/ur_lab_unity_bridge/share/ur_lab_unity_bridge/hook/ament_prefix_path.ps1'
[13.556s] INFO:colcon.colcon_core.shell:Creating environment descriptor '/mnt/c/Users/Amir/Downloads/ros2_ws/install/ur_lab_unity_bridge/share/ur_lab_unity_bridge/hook/ament_prefix_path.dsv'
[13.569s] INFO:colcon.colcon_core.shell:Creating environment hook '/mnt/c/Users/Amir/Downloads/ros2_ws/install/ur_lab_unity_bridge/share/ur_lab_unity_bridge/hook/ament_prefix_path.sh'
[13.583s] INFO:colcon.colcon_core.shell:Skip shell extension 'powershell' for command environment: Not usable outside of PowerShell
[13.584s] DEBUG:colcon.colcon_core.shell:Skip shell extension 'dsv' for command environment
[17.923s] INFO:colcon.colcon_core.task.python.build:Building Python package in '/mnt/c/Users/Amir/Downloads/ros2_ws/src/ur_lab_unity_bridge'
[17.925s] INFO:colcon.colcon_core.shell:Skip shell extension 'powershell' for command environment: Not usable outside of PowerShell
[17.926s] DEBUG:colcon.colcon_core.shell:Skip shell extension 'dsv' for command environment
[20.205s] DEBUG:colcon.colcon_core.task.python.build:Available setuptools commands: build, bdist_rpm, build_py, build_scripts, install_headers, install_data, install_egg_info, setopt, install_scripts, sdist, upload_docs, extract_messages, clean, test, bdist_dumb, compile_catalog, build_clib, symlink_data, check, install_lib, rotate, bdist_egg, update_catalog, easy_install, saveopts, bdist, init_catalog, build_ext, develop, alias, dist_info, install, egg_info, upload, bdist_wheel, register
[21.897s] DEBUG:colcon.colcon_core.task.python.build:Available setuptools 'develop' options: --find-links, --optimize, --always-unzip, --prefix, --install-layout, --editable, --uninstall, --local-snapshots-ok, --quiet, --zip-ok, --site-dirs, --allow-hosts, --script-dir, --verbose, --build-directory, --upgrade, --exclude-scripts, --install-dir, --always-copy, --version, --no-user-cfg, --index-url, --multi-version, --no-find-links, --egg-path, --user, --force-installation-into-system-dir, --no-deps, --record, --help, --dry-run
[22.017s] DEBUG:colcon.colcon_core.event_handler.log_command:Invoking command in '/mnt/c/Users/Amir/Downloads/ros2_ws/build/ur_lab_unity_bridge': AMENT_PREFIX_PATH=/mnt/c/Users/Amir/Downloads/ros2_ws/install/ur_lab:/mnt/c/Users/Amir/Downloads/ros2_ws/install/ros_tcp_endpoint:/mnt/c/Users/Amir/Downloads/ros2_ws/install/ur_simulation_gazebo:/mnt/c/Users/Amir/Downloads/ros2_ws/install/ur_lab_gazebo:/opt/ros/humble PYTHONPATH=/mnt/c/Users/Amir/Downloads/ros2_ws/build/ur_lab_unity_bridge/prefix_override:/usr/lib/python3/dist-packages/colcon_core/task/python/colcon_distutils_commands:/mnt/c/Users/Amir/Downloads/ros2_ws/install/ur_lab_unity_bridge/lib/python3.10/site-packages:${PYTHONPATH} /usr/bin/python3 -W ignore:setup.py install is deprecated -W ignore:easy_install command is deprecated setup.py develop --editable --build-directory /mnt/c/Users/Amir/Downloads/ros2_ws/build/ur_lab_unity_bridge/build --no-deps symlink_data
[24.405s] Level 1:colcon.colcon_core.shell:create_environment_hook('ur_lab_unity_bridge', 'pythonpath_develop')
[24.406s] INFO:colcon.colcon_core.shell:Creating environment hook '/mnt/c/Users/Amir/Downloads/ros2_ws/build/ur_lab_unity_bridge/share/ur_lab_unity_bridge/hook/pythonpath_develop.ps1'
[24.408s] DEBUG:colcon.colcon_core.event_handler.log_command:Invoked command in '/mnt/c/Users/Amir/Downloads/ros2_ws/build/ur_lab_unity_bridge' returned '0': AMENT_PREFIX_PATH=/mnt/c/Users/Amir/Downloads/ros2_ws/install/ur_lab:/mnt/c/Users/Amir/Downloads/ros2_ws/install/ros_tcp_endpoint:/mnt/c/Users/Amir/Downloads/ros2_ws/install/ur_simulation_gazebo:/mnt/c/Users/Amir/Downloads/ros2_ws/install/ur_lab_gazebo:/opt/ros/humble PYTHONPATH=/mnt/c/Users/Amir/Downloads/ros2_ws/build/ur_lab_unity_bridge/prefix_override:/usr/lib/python3/dist-packages/colcon_core/task/python/colcon_distutils_commands:/mnt/c/Users/Amir/Downloads/ros2_ws/install/ur_lab_unity_bridge/lib/python3.10/site-packages:${PYTHONPATH} /usr/bin/python3 -W ignore:setup.py install is deprecated -W ignore:easy_install command is deprecated setup.py develop --editable --build-directory /mnt/c/Users/Amir/Downloads/ros2_ws/build/ur_lab_unity_bridge/build --no-deps symlink_data
[24.424s] INFO:colcon.colcon_core.shell:Creating environment descriptor '/mnt/c/Users/Amir/Downloads/ros2_ws/build/ur_lab_unity_bridge/share/ur_lab_unity_bridge/hook/pythonpath_develop.dsv'
[24.438s] INFO:colcon.colcon_core.shell:Creating environment hook '/mnt/c/Users/Amir/Downloads/ros2_ws/build/ur_lab_unity_bridge/share/ur_lab_unity_bridge/hook/pythonpath_develop.sh'
[24.470s] Level 1:colcon.colcon_core.environment:checking '/mnt/c/Users/Amir/Downloads/ros2_ws/install/ur_lab_unity_bridge' for CMake module files
[24.528s] Level 1:colcon.colcon_core.environment:checking '/mnt/c/Users/Amir/Downloads/ros2_ws/install/ur_lab_unity_bridge' for CMake config files
[24.620s] Level 1:colcon.colcon_core.environment:checking '/mnt/c/Users/Amir/Downloads/ros2_ws/install/ur_lab_unity_bridge/lib'
[24.626s] Level 1:colcon.colcon_core.environment:checking '/mnt/c/Users/Amir/Downloads/ros2_ws/install/ur_lab_unity_bridge/bin'
[24.632s] Level 1:colcon.colcon_core.shell:create_environment_hook('ur_lab_unity_bridge', 'path')
[24.633s] INFO:colcon.colcon_core.shell:Creating environment hook '/mnt/c/Users/Amir/Downloads/ros2_ws/install/ur_lab_unity_bridge/share/ur_lab_unity_bridge/hook/path.ps1'
[24.651s] INFO:colcon.colcon_core.shell:Creating environment descriptor '/mnt/c/Users/Amir/Downloads/ros2_ws/install/ur_lab_unity_bridge/share/ur_lab_unity_bridge/hook/path.dsv'
[24.665s] INFO:colcon.colcon_core.shell:Creating environment hook '/mnt/c/Users/Amir/Downloads/ros2_ws/install/ur_lab_unity_bridge/share/ur_lab_unity_bridge/hook/path.sh'
[24.676s] Level 1:colcon.colcon_core.environment:checking '/mnt/c/Users/Amir/Downloads/ros2_ws/install/ur_lab_unity_bridge/lib/pkgconfig/ur_lab_unity_bridge.pc'
[24.678s] Level 1:colcon.colcon_core.environment:checking '/mnt/c/Users/Amir/Downloads/ros2_ws/install/ur_lab_unity_bridge/lib/python3.10/site-packages'
[24.680s] Level 1:colcon.colcon_core.shell:create_environment_hook('ur_lab_unity_bridge', 'pythonpath')
[24.681s] INFO:colcon.colcon_core.shell:Creating environment hook '/mnt/c/Users/Amir/Downloads/ros2_ws/install/ur_lab_unity_bridge/share/ur_lab_unity_bridge/hook/pythonpath.ps1'
[24.695s] INFO:colcon.colcon_core.shell:Creating environment descriptor '/mnt/c/Users/Amir/Downloads/ros2_ws/install/ur_lab_unity_bridge/share/ur_lab_unity_bridge/hook/pythonpath.dsv'
[24.712s] INFO:colcon.colcon_core.shell:Creating environment hook '/mnt/c/Users/Amir/Downloads/ros2_ws/install/ur_lab_unity_bridge/share/ur_lab_unity_bridge/hook/pythonpath.sh'
[24.729s] Level 1:colcon.colcon_core.environment:checking '/mnt/c/Users/Amir/Downloads/ros2_ws/install/ur_lab_unity_bridge/bin'
[24.736s] Level 1:colcon.colcon_core.shell:create_environment_hook('ur_lab_unity_bridge', 'pythonscriptspath')
[24.737s] INFO:colcon.colcon_core.shell:Creating environment hook '/mnt/c/Users/Amir/Downloads/ros2_ws/install/ur_lab_unity_bridge/share/ur_lab_unity_bridge/hook/pythonscriptspath.ps1'
[24.751s] INFO:colcon.colcon_core.shell:Creating environment descriptor '/mnt/c/Users/Amir/Downloads/ros2_ws/install/ur_lab_unity_bridge/share/ur_lab_unity_bridge/hook/pythonscriptspath.dsv'
[24.765s] INFO:colcon.colcon_core.shell:Creating environment hook '/mnt/c/Users/Amir/Downloads/ros2_ws/install/ur_lab_unity_bridge/share/ur_lab_unity_bridge/hook/pythonscriptspath.sh'
[24.783s] Level 1:colcon.colcon_core.environment:create_environment_scripts_only(ur_lab_unity_bridge)
[24.784s] INFO:colcon.colcon_core.shell:Creating package script '/mnt/c/Users/Amir/Downloads/ros2_ws/install/ur_lab_unity_bridge/share/ur_lab_unity_bridge/package.ps1'
[24.802s] INFO:colcon.colcon_core.shell:Creating package descriptor '/mnt/c/Users/Amir/Downloads/ros2_ws/install/ur_lab_unity_bridge/share/ur_lab_unity_bridge/package.dsv'
[24.817s] INFO:colcon.colcon_core.shell:Creating package script '/mnt/c/Users/Amir/Downloads/ros2_ws/install/ur_lab_unity_bridge/share/ur_lab_unity_bridge/package.sh'
[24.833s] INFO:colcon.colcon_core.shell:Creating package script '/mnt/c/Users/Amir/Downloads/ros2_ws/install/ur_lab_unity_bridge/share/ur_lab_unity_bridge/package.bash'
[24.850s] INFO:colcon.colcon_core.shell:Creating package script '/mnt/c/Users/Amir/Downloads/ros2_ws/install/ur_lab_unity_bridge/share/ur_lab_unity_bridge/package.zsh'
[24.864s] Level 1:colcon.colcon_core.environment:create_file_with_runtime_dependencies(/mnt/c/Users/Amir/Downloads/ros2_ws/install/ur_lab_unity_bridge/share/colcon-core/packages/ur_lab_unity_bridge)
[24.879s] DEBUG:colcon.colcon_parallel_executor.executor.parallel:closing loop
[24.879s] DEBUG:colcon.colcon_parallel_executor.executor.parallel:loop closed
[24.880s] DEBUG:colcon.colcon_parallel_executor.executor.parallel:run_until_complete finished with '0'
[24.881s] DEBUG:colcon.colcon_core.event_reactor:joining thread
[24.932s] INFO:colcon.colcon_core.plugin_system:Skipping extension 'colcon_notification.desktop_notification.terminal_notifier': Not used on non-Darwin systems
[24.933s] INFO:colcon.colcon_core.plugin_system:Skipping extension 'colcon_notification.desktop_notification.win32': Not used on non-Windows systems
[24.934s] INFO:colcon.colcon_notification.desktop_notification:Sending desktop notification using 'notify2'
[24.936s] DEBUG:colcon.colcon_notification.desktop_notification.notify2:Failed to initialize notify2: org.freedesktop.DBus.Error.ServiceUnknown: The name org.freedesktop.Notifications was not provided by any .service files
[24.937s] DEBUG:colcon.colcon_core.event_reactor:joined thread
[24.938s] INFO:colcon.colcon_core.shell:Creating prefix script '/mnt/c/Users/Amir/Downloads/ros2_ws/install/local_setup.ps1'
[24.946s] INFO:colcon.colcon_core.shell:Creating prefix util module '/mnt/c/Users/Amir/Downloads/ros2_ws/install/_local_setup_util_ps1.py'
[24.953s] INFO:colcon.colcon_core.shell:Creating prefix chain script '/mnt/c/Users/Amir/Downloads/ros2_ws/install/setup.ps1'
[24.994s] INFO:colcon.colcon_core.shell:Creating prefix script '/mnt/c/Users/Amir/Downloads/ros2_ws/install/local_setup.sh'
[25.001s] INFO:colcon.colcon_core.shell:Creating prefix util module '/mnt/c/Users/Amir/Downloads/ros2_ws/install/_local_setup_util_sh.py'
[25.008s] INFO:colcon.colcon_core.shell:Creating prefix chain script '/mnt/c/Users/Amir/Downloads/ros2_ws/install/setup.sh'
[25.050s] INFO:colcon.colcon_core.shell:Creating prefix script '/mnt/c/Users/Amir/Downloads/ros2_ws/install/local_setup.bash'
[25.057s] INFO:colcon.colcon_core.shell:Creating prefix chain script '/mnt/c/Users/Amir/Downloads/ros2_ws/install/setup.bash'
[25.096s] INFO:colcon.colcon_core.shell:Creating prefix script '/mnt/c/Users/Amir/Downloads/ros2_ws/install/local_setup.zsh'
[25.103s] INFO:colcon.colcon_core.shell:Creating prefix chain script '/mnt/c/Users/Amir/Downloads/ros2_ws/install/setup.zsh'
