[0.714s] DEBUG:colcon:Command line arguments: ['/usr/bin/colcon', 'build', '--symlink-install', '--packages-select', 'ur_lab_unity_bridge']
[0.715s] DEBUG:colcon:Parsed command line arguments: Namespace(log_base=None, log_level=None, verb_name='build', build_base='build', install_base='install', merge_install=False, symlink_install=True, test_result_base=None, continue_on_error=False, executor='parallel', parallel_workers=16, event_handlers=None, ignore_user_meta=False, metas=['./colcon.meta'], base_paths=['.'], packages_ignore=None, packages_ignore_regex=None, paths=None, packages_up_to=None, packages_up_to_regex=None, packages_above=None, packages_above_and_dependencies=None, packages_above_depth=None, packages_select_by_dep=None, packages_skip_by_dep=None, packages_skip_up_to=None, packages_select_build_failed=False, packages_skip_build_finished=False, packages_select_test_failures=False, packages_skip_test_passed=False, packages_select=['ur_lab_unity_bridge'], packages_skip=None, packages_select_regex=None, packages_skip_regex=None, packages_start=None, packages_end=None, allow_overriding=[], cmake_args=None, cmake_target=None, cmake_target_skip_unavailable=False, cmake_clean_cache=False, cmake_clean_first=False, cmake_force_configure=False, ament_cmake_args=None, catkin_cmake_args=None, catkin_skip_building_tests=False, mixin_files=None, mixin=None, verb_parser=<colcon_mixin.mixin.mixin_argument.MixinArgumentDecorator object at 0x7b8ee6243370>, verb_extension=<colcon_core.verb.build.BuildVerb object at 0x7b8ee6388430>, main=<bound method BuildVerb.main of <colcon_core.verb.build.BuildVerb object at 0x7b8ee6388430>>, mixin_verb=('build',))
[1.100s] Level 1:colcon.colcon_core.package_discovery:discover_packages(colcon_meta) check parameters
[1.102s] Level 1:colcon.colcon_core.package_discovery:discover_packages(recursive) check parameters
[1.103s] Level 1:colcon.colcon_core.package_discovery:discover_packages(ignore) check parameters
[1.103s] Level 1:colcon.colcon_core.package_discovery:discover_packages(path) check parameters
[1.104s] Level 1:colcon.colcon_core.package_discovery:discover_packages(colcon_meta) discover
[1.105s] Level 1:colcon.colcon_core.package_discovery:discover_packages(recursive) discover
[1.106s] INFO:colcon.colcon_core.package_discovery:Crawling recursively for packages in '/mnt/c/Users/Amir/Downloads/ros2_ws'
[1.109s] Level 1:colcon.colcon_core.package_identification:_identify(.) by extensions ['ignore', 'ignore_ament_install']
[1.109s] Level 1:colcon.colcon_core.package_identification:_identify(.) by extension 'ignore'
[1.110s] Level 1:colcon.colcon_core.package_identification:_identify(.) by extension 'ignore_ament_install'
[1.111s] Level 1:colcon.colcon_core.package_identification:_identify(.) by extensions ['colcon_pkg']
[1.111s] Level 1:colcon.colcon_core.package_identification:_identify(.) by extension 'colcon_pkg'
[1.112s] Level 1:colcon.colcon_core.package_identification:_identify(.) by extensions ['colcon_meta']
[1.112s] Level 1:colcon.colcon_core.package_identification:_identify(.) by extension 'colcon_meta'
[1.113s] Level 1:colcon.colcon_core.package_identification:_identify(.) by extensions ['ros']
[1.113s] Level 1:colcon.colcon_core.package_identification:_identify(.) by extension 'ros'
[1.130s] Level 1:colcon.colcon_core.package_identification:_identify(.) by extensions ['cmake', 'python']
[1.131s] Level 1:colcon.colcon_core.package_identification:_identify(.) by extension 'cmake'
[1.133s] Level 1:colcon.colcon_core.package_identification:_identify(.) by extension 'python'
[1.134s] Level 1:colcon.colcon_core.package_identification:_identify(.) by extensions ['python_setup_py']
[1.135s] Level 1:colcon.colcon_core.package_identification:_identify(.) by extension 'python_setup_py'
[1.140s] Level 1:colcon.colcon_core.package_identification:_identify(Assets) by extensions ['ignore', 'ignore_ament_install']
[1.141s] Level 1:colcon.colcon_core.package_identification:_identify(Assets) by extension 'ignore'
[1.143s] Level 1:colcon.colcon_core.package_identification:_identify(Assets) by extension 'ignore_ament_install'
[1.145s] Level 1:colcon.colcon_core.package_identification:_identify(Assets) by extensions ['colcon_pkg']
[1.146s] Level 1:colcon.colcon_core.package_identification:_identify(Assets) by extension 'colcon_pkg'
[1.147s] Level 1:colcon.colcon_core.package_identification:_identify(Assets) by extensions ['colcon_meta']
[1.148s] Level 1:colcon.colcon_core.package_identification:_identify(Assets) by extension 'colcon_meta'
[1.149s] Level 1:colcon.colcon_core.package_identification:_identify(Assets) by extensions ['ros']
[1.150s] Level 1:colcon.colcon_core.package_identification:_identify(Assets) by extension 'ros'
[1.154s] Level 1:colcon.colcon_core.package_identification:_identify(Assets) by extensions ['cmake', 'python']
[1.155s] Level 1:colcon.colcon_core.package_identification:_identify(Assets) by extension 'cmake'
[1.156s] Level 1:colcon.colcon_core.package_identification:_identify(Assets) by extension 'python'
[1.158s] Level 1:colcon.colcon_core.package_identification:_identify(Assets) by extensions ['python_setup_py']
[1.159s] Level 1:colcon.colcon_core.package_identification:_identify(Assets) by extension 'python_setup_py'
[1.163s] Level 1:colcon.colcon_core.package_identification:_identify(Library) by extensions ['ignore', 'ignore_ament_install']
[1.164s] Level 1:colcon.colcon_core.package_identification:_identify(Library) by extension 'ignore'
[1.166s] Level 1:colcon.colcon_core.package_identification:_identify(Library) by extension 'ignore_ament_install'
[1.168s] Level 1:colcon.colcon_core.package_identification:_identify(Library) by extensions ['colcon_pkg']
[1.169s] Level 1:colcon.colcon_core.package_identification:_identify(Library) by extension 'colcon_pkg'
[1.170s] Level 1:colcon.colcon_core.package_identification:_identify(Library) by extensions ['colcon_meta']
[1.171s] Level 1:colcon.colcon_core.package_identification:_identify(Library) by extension 'colcon_meta'
[1.172s] Level 1:colcon.colcon_core.package_identification:_identify(Library) by extensions ['ros']
[1.173s] Level 1:colcon.colcon_core.package_identification:_identify(Library) by extension 'ros'
[1.177s] Level 1:colcon.colcon_core.package_identification:_identify(Library) by extensions ['cmake', 'python']
[1.178s] Level 1:colcon.colcon_core.package_identification:_identify(Library) by extension 'cmake'
[1.179s] Level 1:colcon.colcon_core.package_identification:_identify(Library) by extension 'python'
[1.180s] Level 1:colcon.colcon_core.package_identification:_identify(Library) by extensions ['python_setup_py']
[1.181s] Level 1:colcon.colcon_core.package_identification:_identify(Library) by extension 'python_setup_py'
[1.188s] Level 1:colcon.colcon_core.package_identification:_identify(Library/Artifacts) by extensions ['ignore', 'ignore_ament_install']
[1.189s] Level 1:colcon.colcon_core.package_identification:_identify(Library/Artifacts) by extension 'ignore'
[1.191s] Level 1:colcon.colcon_core.package_identification:_identify(Library/Artifacts) by extension 'ignore_ament_install'
[1.194s] Level 1:colcon.colcon_core.package_identification:_identify(Library/Artifacts) by extensions ['colcon_pkg']
[1.194s] Level 1:colcon.colcon_core.package_identification:_identify(Library/Artifacts) by extension 'colcon_pkg'
[1.196s] Level 1:colcon.colcon_core.package_identification:_identify(Library/Artifacts) by extensions ['colcon_meta']
[1.197s] Level 1:colcon.colcon_core.package_identification:_identify(Library/Artifacts) by extension 'colcon_meta'
[1.199s] Level 1:colcon.colcon_core.package_identification:_identify(Library/Artifacts) by extensions ['ros']
[1.200s] Level 1:colcon.colcon_core.package_identification:_identify(Library/Artifacts) by extension 'ros'
[1.205s] Level 1:colcon.colcon_core.package_identification:_identify(Library/Artifacts) by extensions ['cmake', 'python']
[1.206s] Level 1:colcon.colcon_core.package_identification:_identify(Library/Artifacts) by extension 'cmake'
[1.208s] Level 1:colcon.colcon_core.package_identification:_identify(Library/Artifacts) by extension 'python'
[1.209s] Level 1:colcon.colcon_core.package_identification:_identify(Library/Artifacts) by extensions ['python_setup_py']
[1.211s] Level 1:colcon.colcon_core.package_identification:_identify(Library/Artifacts) by extension 'python_setup_py'
[1.220s] Level 1:colcon.colcon_core.package_identification:_identify(Library/Artifacts/00) by extensions ['ignore', 'ignore_ament_install']
[1.221s] Level 1:colcon.colcon_core.package_identification:_identify(Library/Artifacts/00) by extension 'ignore'
[1.223s] Level 1:colcon.colcon_core.package_identification:_identify(Library/Artifacts/00) by extension 'ignore_ament_install'
[1.227s] Level 1:colcon.colcon_core.package_identification:_identify(Library/Artifacts/00) by extensions ['colcon_pkg']
[1.228s] Level 1:colcon.colcon_core.package_identification:_identify(Library/Artifacts/00) by extension 'colcon_pkg'
[1.230s] Level 1:colcon.colcon_core.package_identification:_identify(Library/Artifacts/00) by extensions ['colcon_meta']
[1.231s] Level 1:colcon.colcon_core.package_identification:_identify(Library/Artifacts/00) by extension 'colcon_meta'
[1.235s] Level 1:colcon.colcon_core.package_identification:_identify(Library/Artifacts/00) by extensions ['ros']
[1.236s] Level 1:colcon.colcon_core.package_identification:_identify(Library/Artifacts/00) by extension 'ros'
[1.245s] Level 1:colcon.colcon_core.package_identification:_identify(Library/Artifacts/00) by extensions ['cmake', 'python']
[1.246s] Level 1:colcon.colcon_core.package_identification:_identify(Library/Artifacts/00) by extension 'cmake'
[1.248s] Level 1:colcon.colcon_core.package_identification:_identify(Library/Artifacts/00) by extension 'python'
[1.250s] Level 1:colcon.colcon_core.package_identification:_identify(Library/Artifacts/00) by extensions ['python_setup_py']
[1.251s] Level 1:colcon.colcon_core.package_identification:_identify(Library/Artifacts/00) by extension 'python_setup_py'
[1.258s] Level 1:colcon.colcon_core.package_identification:_identify(Library/Artifacts/01) by extensions ['ignore', 'ignore_ament_install']
[1.259s] Level 1:colcon.colcon_core.package_identification:_identify(Library/Artifacts/01) by extension 'ignore'
[1.262s] Level 1:colcon.colcon_core.package_identification:_identify(Library/Artifacts/01) by extension 'ignore_ament_install'
[1.266s] Level 1:colcon.colcon_core.package_identification:_identify(Library/Artifacts/01) by extensions ['colcon_pkg']
[1.267s] Level 1:colcon.colcon_core.package_identification:_identify(Library/Artifacts/01) by extension 'colcon_pkg'
[1.269s] Level 1:colcon.colcon_core.package_identification:_identify(Library/Artifacts/01) by extensions ['colcon_meta']
[1.269s] Level 1:colcon.colcon_core.package_identification:_identify(Library/Artifacts/01) by extension 'colcon_meta'
[1.273s] Level 1:colcon.colcon_core.package_identification:_identify(Library/Artifacts/01) by extensions ['ros']
[1.274s] Level 1:colcon.colcon_core.package_identification:_identify(Library/Artifacts/01) by extension 'ros'
[1.281s] Level 1:colcon.colcon_core.package_identification:_identify(Library/Artifacts/01) by extensions ['cmake', 'python']
[1.282s] Level 1:colcon.colcon_core.package_identification:_identify(Library/Artifacts/01) by extension 'cmake'
[1.284s] Level 1:colcon.colcon_core.package_identification:_identify(Library/Artifacts/01) by extension 'python'
[1.286s] Level 1:colcon.colcon_core.package_identification:_identify(Library/Artifacts/01) by extensions ['python_setup_py']
[1.287s] Level 1:colcon.colcon_core.package_identification:_identify(Library/Artifacts/01) by extension 'python_setup_py'
[1.295s] Level 1:colcon.colcon_core.package_identification:_identify(Library/Artifacts/02) by extensions ['ignore', 'ignore_ament_install']
[1.295s] Level 1:colcon.colcon_core.package_identification:_identify(Library/Artifacts/02) by extension 'ignore'
[1.298s] Level 1:colcon.colcon_core.package_identification:_identify(Library/Artifacts/02) by extension 'ignore_ament_install'
[1.302s] Level 1:colcon.colcon_core.package_identification:_identify(Library/Artifacts/02) by extensions ['colcon_pkg']
[1.302s] Level 1:colcon.colcon_core.package_identification:_identify(Library/Artifacts/02) by extension 'colcon_pkg'
[1.305s] Level 1:colcon.colcon_core.package_identification:_identify(Library/Artifacts/02) by extensions ['colcon_meta']
[1.306s] Level 1:colcon.colcon_core.package_identification:_identify(Library/Artifacts/02) by extension 'colcon_meta'
[1.310s] Level 1:colcon.colcon_core.package_identification:_identify(Library/Artifacts/02) by extensions ['ros']
[1.311s] Level 1:colcon.colcon_core.package_identification:_identify(Library/Artifacts/02) by extension 'ros'
[1.320s] Level 1:colcon.colcon_core.package_identification:_identify(Library/Artifacts/02) by extensions ['cmake', 'python']
[1.321s] Level 1:colcon.colcon_core.package_identification:_identify(Library/Artifacts/02) by extension 'cmake'
[1.324s] Level 1:colcon.colcon_core.package_identification:_identify(Library/Artifacts/02) by extension 'python'
[1.327s] Level 1:colcon.colcon_core.package_identification:_identify(Library/Artifacts/02) by extensions ['python_setup_py']
[1.327s] Level 1:colcon.colcon_core.package_identification:_identify(Library/Artifacts/02) by extension 'python_setup_py'
[1.337s] Level 1:colcon.colcon_core.package_identification:_identify(Library/Artifacts/03) by extensions ['ignore', 'ignore_ament_install']
[1.338s] Level 1:colcon.colcon_core.package_identification:_identify(Library/Artifacts/03) by extension 'ignore'
[1.340s] Level 1:colcon.colcon_core.package_identification:_identify(Library/Artifacts/03) by extension 'ignore_ament_install'
[1.344s] Level 1:colcon.colcon_core.package_identification:_identify(Library/Artifacts/03) by extensions ['colcon_pkg']
[1.345s] Level 1:colcon.colcon_core.package_identification:_identify(Library/Artifacts/03) by extension 'colcon_pkg'
[1.348s] Level 1:colcon.colcon_core.package_identification:_identify(Library/Artifacts/03) by extensions ['colcon_meta']
[1.348s] Level 1:colcon.colcon_core.package_identification:_identify(Library/Artifacts/03) by extension 'colcon_meta'
[1.353s] Level 1:colcon.colcon_core.package_identification:_identify(Library/Artifacts/03) by extensions ['ros']
[1.354s] Level 1:colcon.colcon_core.package_identification:_identify(Library/Artifacts/03) by extension 'ros'
[1.363s] Level 1:colcon.colcon_core.package_identification:_identify(Library/Artifacts/03) by extensions ['cmake', 'python']
[1.364s] Level 1:colcon.colcon_core.package_identification:_identify(Library/Artifacts/03) by extension 'cmake'
[1.366s] Level 1:colcon.colcon_core.package_identification:_identify(Library/Artifacts/03) by extension 'python'
[1.369s] Level 1:colcon.colcon_core.package_identification:_identify(Library/Artifacts/03) by extensions ['python_setup_py']
[1.369s] Level 1:colcon.colcon_core.package_identification:_identify(Library/Artifacts/03) by extension 'python_setup_py'
[1.377s] Level 1:colcon.colcon_core.package_identification:_identify(Library/Artifacts/04) by extensions ['ignore', 'ignore_ament_install']
[1.377s] Level 1:colcon.colcon_core.package_identification:_identify(Library/Artifacts/04) by extension 'ignore'
[1.380s] Level 1:colcon.colcon_core.package_identification:_identify(Library/Artifacts/04) by extension 'ignore_ament_install'
[1.384s] Level 1:colcon.colcon_core.package_identification:_identify(Library/Artifacts/04) by extensions ['colcon_pkg']
[1.385s] Level 1:colcon.colcon_core.package_identification:_identify(Library/Artifacts/04) by extension 'colcon_pkg'
[1.387s] Level 1:colcon.colcon_core.package_identification:_identify(Library/Artifacts/04) by extensions ['colcon_meta']
[1.388s] Level 1:colcon.colcon_core.package_identification:_identify(Library/Artifacts/04) by extension 'colcon_meta'
[1.392s] Level 1:colcon.colcon_core.package_identification:_identify(Library/Artifacts/04) by extensions ['ros']
[1.393s] Level 1:colcon.colcon_core.package_identification:_identify(Library/Artifacts/04) by extension 'ros'
[1.401s] Level 1:colcon.colcon_core.package_identification:_identify(Library/Artifacts/04) by extensions ['cmake', 'python']
[1.402s] Level 1:colcon.colcon_core.package_identification:_identify(Library/Artifacts/04) by extension 'cmake'
[1.404s] Level 1:colcon.colcon_core.package_identification:_identify(Library/Artifacts/04) by extension 'python'
[1.408s] Level 1:colcon.colcon_core.package_identification:_identify(Library/Artifacts/04) by extensions ['python_setup_py']
[1.409s] Level 1:colcon.colcon_core.package_identification:_identify(Library/Artifacts/04) by extension 'python_setup_py'
[1.420s] Level 1:colcon.colcon_core.package_identification:_identify(Library/Artifacts/05) by extensions ['ignore', 'ignore_ament_install']
[1.421s] Level 1:colcon.colcon_core.package_identification:_identify(Library/Artifacts/05) by extension 'ignore'
[1.424s] Level 1:colcon.colcon_core.package_identification:_identify(Library/Artifacts/05) by extension 'ignore_ament_install'
[1.428s] Level 1:colcon.colcon_core.package_identification:_identify(Library/Artifacts/05) by extensions ['colcon_pkg']
[1.429s] Level 1:colcon.colcon_core.package_identification:_identify(Library/Artifacts/05) by extension 'colcon_pkg'
[1.431s] Level 1:colcon.colcon_core.package_identification:_identify(Library/Artifacts/05) by extensions ['colcon_meta']
[1.432s] Level 1:colcon.colcon_core.package_identification:_identify(Library/Artifacts/05) by extension 'colcon_meta'
[1.435s] Level 1:colcon.colcon_core.package_identification:_identify(Library/Artifacts/05) by extensions ['ros']
[1.435s] Level 1:colcon.colcon_core.package_identification:_identify(Library/Artifacts/05) by extension 'ros'
[1.445s] Level 1:colcon.colcon_core.package_identification:_identify(Library/Artifacts/05) by extensions ['cmake', 'python']
[1.446s] Level 1:colcon.colcon_core.package_identification:_identify(Library/Artifacts/05) by extension 'cmake'
[1.448s] Level 1:colcon.colcon_core.package_identification:_identify(Library/Artifacts/05) by extension 'python'
[1.451s] Level 1:colcon.colcon_core.package_identification:_identify(Library/Artifacts/05) by extensions ['python_setup_py']
[1.451s] Level 1:colcon.colcon_core.package_identification:_identify(Library/Artifacts/05) by extension 'python_setup_py'
[1.463s] Level 1:colcon.colcon_core.package_identification:_identify(Library/Artifacts/06) by extensions ['ignore', 'ignore_ament_install']
[1.464s] Level 1:colcon.colcon_core.package_identification:_identify(Library/Artifacts/06) by extension 'ignore'
[1.466s] Level 1:colcon.colcon_core.package_identification:_identify(Library/Artifacts/06) by extension 'ignore_ament_install'
[1.471s] Level 1:colcon.colcon_core.package_identification:_identify(Library/Artifacts/06) by extensions ['colcon_pkg']
[1.472s] Level 1:colcon.colcon_core.package_identification:_identify(Library/Artifacts/06) by extension 'colcon_pkg'
[1.475s] Level 1:colcon.colcon_core.package_identification:_identify(Library/Artifacts/06) by extensions ['colcon_meta']
[1.476s] Level 1:colcon.colcon_core.package_identification:_identify(Library/Artifacts/06) by extension 'colcon_meta'
[1.480s] Level 1:colcon.colcon_core.package_identification:_identify(Library/Artifacts/06) by extensions ['ros']
[1.481s] Level 1:colcon.colcon_core.package_identification:_identify(Library/Artifacts/06) by extension 'ros'
[1.493s] Level 1:colcon.colcon_core.package_identification:_identify(Library/Artifacts/06) by extensions ['cmake', 'python']
[1.494s] Level 1:colcon.colcon_core.package_identification:_identify(Library/Artifacts/06) by extension 'cmake'
[1.498s] Level 1:colcon.colcon_core.package_identification:_identify(Library/Artifacts/06) by extension 'python'
[1.500s] Level 1:colcon.colcon_core.package_identification:_identify(Library/Artifacts/06) by extensions ['python_setup_py']
[1.501s] Level 1:colcon.colcon_core.package_identification:_identify(Library/Artifacts/06) by extension 'python_setup_py'
[1.510s] Level 1:colcon.colcon_core.package_identification:_identify(Library/Artifacts/07) by extensions ['ignore', 'ignore_ament_install']
[1.511s] Level 1:colcon.colcon_core.package_identification:_identify(Library/Artifacts/07) by extension 'ignore'
[1.513s] Level 1:colcon.colcon_core.package_identification:_identify(Library/Artifacts/07) by extension 'ignore_ament_install'
[1.517s] Level 1:colcon.colcon_core.package_identification:_identify(Library/Artifacts/07) by extensions ['colcon_pkg']
[1.518s] Level 1:colcon.colcon_core.package_identification:_identify(Library/Artifacts/07) by extension 'colcon_pkg'
[1.521s] Level 1:colcon.colcon_core.package_identification:_identify(Library/Artifacts/07) by extensions ['colcon_meta']
[1.522s] Level 1:colcon.colcon_core.package_identification:_identify(Library/Artifacts/07) by extension 'colcon_meta'
[1.526s] Level 1:colcon.colcon_core.package_identification:_identify(Library/Artifacts/07) by extensions ['ros']
[1.527s] Level 1:colcon.colcon_core.package_identification:_identify(Library/Artifacts/07) by extension 'ros'
[1.536s] Level 1:colcon.colcon_core.package_identification:_identify(Library/Artifacts/07) by extensions ['cmake', 'python']
[1.537s] Level 1:colcon.colcon_core.package_identification:_identify(Library/Artifacts/07) by extension 'cmake'
[1.539s] Level 1:colcon.colcon_core.package_identification:_identify(Library/Artifacts/07) by extension 'python'
[1.542s] Level 1:colcon.colcon_core.package_identification:_identify(Library/Artifacts/07) by extensions ['python_setup_py']
[1.543s] Level 1:colcon.colcon_core.package_identification:_identify(Library/Artifacts/07) by extension 'python_setup_py'
[1.552s] Level 1:colcon.colcon_core.package_identification:_identify(Library/Artifacts/08) by extensions ['ignore', 'ignore_ament_install']
[1.553s] Level 1:colcon.colcon_core.package_identification:_identify(Library/Artifacts/08) by extension 'ignore'
[1.556s] Level 1:colcon.colcon_core.package_identification:_identify(Library/Artifacts/08) by extension 'ignore_ament_install'
[1.561s] Level 1:colcon.colcon_core.package_identification:_identify(Library/Artifacts/08) by extensions ['colcon_pkg']
[1.562s] Level 1:colcon.colcon_core.package_identification:_identify(Library/Artifacts/08) by extension 'colcon_pkg'
[1.564s] Level 1:colcon.colcon_core.package_identification:_identify(Library/Artifacts/08) by extensions ['colcon_meta']
[1.565s] Level 1:colcon.colcon_core.package_identification:_identify(Library/Artifacts/08) by extension 'colcon_meta'
[1.569s] Level 1:colcon.colcon_core.package_identification:_identify(Library/Artifacts/08) by extensions ['ros']
[1.570s] Level 1:colcon.colcon_core.package_identification:_identify(Library/Artifacts/08) by extension 'ros'
[1.580s] Level 1:colcon.colcon_core.package_identification:_identify(Library/Artifacts/08) by extensions ['cmake', 'python']
[1.580s] Level 1:colcon.colcon_core.package_identification:_identify(Library/Artifacts/08) by extension 'cmake'
[1.583s] Level 1:colcon.colcon_core.package_identification:_identify(Library/Artifacts/08) by extension 'python'
[1.585s] Level 1:colcon.colcon_core.package_identification:_identify(Library/Artifacts/08) by extensions ['python_setup_py']
[1.586s] Level 1:colcon.colcon_core.package_identification:_identify(Library/Artifacts/08) by extension 'python_setup_py'
[1.596s] Level 1:colcon.colcon_core.package_identification:_identify(Library/Artifacts/09) by extensions ['ignore', 'ignore_ament_install']
[1.597s] Level 1:colcon.colcon_core.package_identification:_identify(Library/Artifacts/09) by extension 'ignore'
[1.600s] Level 1:colcon.colcon_core.package_identification:_identify(Library/Artifacts/09) by extension 'ignore_ament_install'
[1.604s] Level 1:colcon.colcon_core.package_identification:_identify(Library/Artifacts/09) by extensions ['colcon_pkg']
[1.605s] Level 1:colcon.colcon_core.package_identification:_identify(Library/Artifacts/09) by extension 'colcon_pkg'
[1.607s] Level 1:colcon.colcon_core.package_identification:_identify(Library/Artifacts/09) by extensions ['colcon_meta']
[1.608s] Level 1:colcon.colcon_core.package_identification:_identify(Library/Artifacts/09) by extension 'colcon_meta'
[1.612s] Level 1:colcon.colcon_core.package_identification:_identify(Library/Artifacts/09) by extensions ['ros']
[1.613s] Level 1:colcon.colcon_core.package_identification:_identify(Library/Artifacts/09) by extension 'ros'
[1.622s] Level 1:colcon.colcon_core.package_identification:_identify(Library/Artifacts/09) by extensions ['cmake', 'python']
[1.623s] Level 1:colcon.colcon_core.package_identification:_identify(Library/Artifacts/09) by extension 'cmake'
[1.625s] Level 1:colcon.colcon_core.package_identification:_identify(Library/Artifacts/09) by extension 'python'
[1.628s] Level 1:colcon.colcon_core.package_identification:_identify(Library/Artifacts/09) by extensions ['python_setup_py']
[1.629s] Level 1:colcon.colcon_core.package_identification:_identify(Library/Artifacts/09) by extension 'python_setup_py'
[1.638s] Level 1:colcon.colcon_core.package_identification:_identify(Library/Artifacts/0a) by extensions ['ignore', 'ignore_ament_install']
[1.639s] Level 1:colcon.colcon_core.package_identification:_identify(Library/Artifacts/0a) by extension 'ignore'
[1.641s] Level 1:colcon.colcon_core.package_identification:_identify(Library/Artifacts/0a) by extension 'ignore_ament_install'
[1.645s] Level 1:colcon.colcon_core.package_identification:_identify(Library/Artifacts/0a) by extensions ['colcon_pkg']
[1.646s] Level 1:colcon.colcon_core.package_identification:_identify(Library/Artifacts/0a) by extension 'colcon_pkg'
[1.648s] Level 1:colcon.colcon_core.package_identification:_identify(Library/Artifacts/0a) by extensions ['colcon_meta']
[1.649s] Level 1:colcon.colcon_core.package_identification:_identify(Library/Artifacts/0a) by extension 'colcon_meta'
[1.654s] Level 1:colcon.colcon_core.package_identification:_identify(Library/Artifacts/0a) by extensions ['ros']
[1.655s] Level 1:colcon.colcon_core.package_identification:_identify(Library/Artifacts/0a) by extension 'ros'
[1.663s] Level 1:colcon.colcon_core.package_identification:_identify(Library/Artifacts/0a) by extensions ['cmake', 'python']
[1.664s] Level 1:colcon.colcon_core.package_identification:_identify(Library/Artifacts/0a) by extension 'cmake'
[1.667s] Level 1:colcon.colcon_core.package_identification:_identify(Library/Artifacts/0a) by extension 'python'
[1.669s] Level 1:colcon.colcon_core.package_identification:_identify(Library/Artifacts/0a) by extensions ['python_setup_py']
[1.670s] Level 1:colcon.colcon_core.package_identification:_identify(Library/Artifacts/0a) by extension 'python_setup_py'
[1.681s] Level 1:colcon.colcon_core.package_identification:_identify(Library/Artifacts/0b) by extensions ['ignore', 'ignore_ament_install']
[1.682s] Level 1:colcon.colcon_core.package_identification:_identify(Library/Artifacts/0b) by extension 'ignore'
[1.684s] Level 1:colcon.colcon_core.package_identification:_identify(Library/Artifacts/0b) by extension 'ignore_ament_install'
[1.689s] Level 1:colcon.colcon_core.package_identification:_identify(Library/Artifacts/0b) by extensions ['colcon_pkg']
[1.689s] Level 1:colcon.colcon_core.package_identification:_identify(Library/Artifacts/0b) by extension 'colcon_pkg'
[1.692s] Level 1:colcon.colcon_core.package_identification:_identify(Library/Artifacts/0b) by extensions ['colcon_meta']
[1.692s] Level 1:colcon.colcon_core.package_identification:_identify(Library/Artifacts/0b) by extension 'colcon_meta'
[1.696s] Level 1:colcon.colcon_core.package_identification:_identify(Library/Artifacts/0b) by extensions ['ros']
[1.696s] Level 1:colcon.colcon_core.package_identification:_identify(Library/Artifacts/0b) by extension 'ros'
[1.705s] Level 1:colcon.colcon_core.package_identification:_identify(Library/Artifacts/0b) by extensions ['cmake', 'python']
[1.705s] Level 1:colcon.colcon_core.package_identification:_identify(Library/Artifacts/0b) by extension 'cmake'
[1.708s] Level 1:colcon.colcon_core.package_identification:_identify(Library/Artifacts/0b) by extension 'python'
[1.710s] Level 1:colcon.colcon_core.package_identification:_identify(Library/Artifacts/0b) by extensions ['python_setup_py']
[1.711s] Level 1:colcon.colcon_core.package_identification:_identify(Library/Artifacts/0b) by extension 'python_setup_py'
[1.720s] Level 1:colcon.colcon_core.package_identification:_identify(Library/Artifacts/0c) by extensions ['ignore', 'ignore_ament_install']
[1.721s] Level 1:colcon.colcon_core.package_identification:_identify(Library/Artifacts/0c) by extension 'ignore'
[1.724s] Level 1:colcon.colcon_core.package_identification:_identify(Library/Artifacts/0c) by extension 'ignore_ament_install'
[1.728s] Level 1:colcon.colcon_core.package_identification:_identify(Library/Artifacts/0c) by extensions ['colcon_pkg']
[1.729s] Level 1:colcon.colcon_core.package_identification:_identify(Library/Artifacts/0c) by extension 'colcon_pkg'
[1.731s] Level 1:colcon.colcon_core.package_identification:_identify(Library/Artifacts/0c) by extensions ['colcon_meta']
[1.732s] Level 1:colcon.colcon_core.package_identification:_identify(Library/Artifacts/0c) by extension 'colcon_meta'
[1.737s] Level 1:colcon.colcon_core.package_identification:_identify(Library/Artifacts/0c) by extensions ['ros']
[1.738s] Level 1:colcon.colcon_core.package_identification:_identify(Library/Artifacts/0c) by extension 'ros'
[1.747s] Level 1:colcon.colcon_core.package_identification:_identify(Library/Artifacts/0c) by extensions ['cmake', 'python']
[1.748s] Level 1:colcon.colcon_core.package_identification:_identify(Library/Artifacts/0c) by extension 'cmake'
[1.750s] Level 1:colcon.colcon_core.package_identification:_identify(Library/Artifacts/0c) by extension 'python'
[1.753s] Level 1:colcon.colcon_core.package_identification:_identify(Library/Artifacts/0c) by extensions ['python_setup_py']
[1.753s] Level 1:colcon.colcon_core.package_identification:_identify(Library/Artifacts/0c) by extension 'python_setup_py'
[1.764s] Level 1:colcon.colcon_core.package_identification:_identify(Library/Artifacts/0d) by extensions ['ignore', 'ignore_ament_install']
[1.765s] Level 1:colcon.colcon_core.package_identification:_identify(Library/Artifacts/0d) by extension 'ignore'
[1.768s] Level 1:colcon.colcon_core.package_identification:_identify(Library/Artifacts/0d) by extension 'ignore_ament_install'
[1.772s] Level 1:colcon.colcon_core.package_identification:_identify(Library/Artifacts/0d) by extensions ['colcon_pkg']
[1.773s] Level 1:colcon.colcon_core.package_identification:_identify(Library/Artifacts/0d) by extension 'colcon_pkg'
[1.775s] Level 1:colcon.colcon_core.package_identification:_identify(Library/Artifacts/0d) by extensions ['colcon_meta']
[1.776s] Level 1:colcon.colcon_core.package_identification:_identify(Library/Artifacts/0d) by extension 'colcon_meta'
[1.781s] Level 1:colcon.colcon_core.package_identification:_identify(Library/Artifacts/0d) by extensions ['ros']
[1.782s] Level 1:colcon.colcon_core.package_identification:_identify(Library/Artifacts/0d) by extension 'ros'
[1.792s] Level 1:colcon.colcon_core.package_identification:_identify(Library/Artifacts/0d) by extensions ['cmake', 'python']
[1.793s] Level 1:colcon.colcon_core.package_identification:_identify(Library/Artifacts/0d) by extension 'cmake'
[1.795s] Level 1:colcon.colcon_core.package_identification:_identify(Library/Artifacts/0d) by extension 'python'
[1.798s] Level 1:colcon.colcon_core.package_identification:_identify(Library/Artifacts/0d) by extensions ['python_setup_py']
[1.798s] Level 1:colcon.colcon_core.package_identification:_identify(Library/Artifacts/0d) by extension 'python_setup_py'
[1.807s] Level 1:colcon.colcon_core.package_identification:_identify(Library/Artifacts/0e) by extensions ['ignore', 'ignore_ament_install']
[1.808s] Level 1:colcon.colcon_core.package_identification:_identify(Library/Artifacts/0e) by extension 'ignore'
[1.810s] Level 1:colcon.colcon_core.package_identification:_identify(Library/Artifacts/0e) by extension 'ignore_ament_install'
[1.814s] Level 1:colcon.colcon_core.package_identification:_identify(Library/Artifacts/0e) by extensions ['colcon_pkg']
[1.815s] Level 1:colcon.colcon_core.package_identification:_identify(Library/Artifacts/0e) by extension 'colcon_pkg'
[1.818s] Level 1:colcon.colcon_core.package_identification:_identify(Library/Artifacts/0e) by extensions ['colcon_meta']
[1.819s] Level 1:colcon.colcon_core.package_identification:_identify(Library/Artifacts/0e) by extension 'colcon_meta'
[1.823s] Level 1:colcon.colcon_core.package_identification:_identify(Library/Artifacts/0e) by extensions ['ros']
[1.824s] Level 1:colcon.colcon_core.package_identification:_identify(Library/Artifacts/0e) by extension 'ros'
[1.834s] Level 1:colcon.colcon_core.package_identification:_identify(Library/Artifacts/0e) by extensions ['cmake', 'python']
[1.834s] Level 1:colcon.colcon_core.package_identification:_identify(Library/Artifacts/0e) by extension 'cmake'
[1.837s] Level 1:colcon.colcon_core.package_identification:_identify(Library/Artifacts/0e) by extension 'python'
[1.839s] Level 1:colcon.colcon_core.package_identification:_identify(Library/Artifacts/0e) by extensions ['python_setup_py']
[1.841s] Level 1:colcon.colcon_core.package_identification:_identify(Library/Artifacts/0e) by extension 'python_setup_py'
[1.851s] Level 1:colcon.colcon_core.package_identification:_identify(Library/Artifacts/0f) by extensions ['ignore', 'ignore_ament_install']
[1.851s] Level 1:colcon.colcon_core.package_identification:_identify(Library/Artifacts/0f) by extension 'ignore'
[1.854s] Level 1:colcon.colcon_core.package_identification:_identify(Library/Artifacts/0f) by extension 'ignore_ament_install'
[1.858s] Level 1:colcon.colcon_core.package_identification:_identify(Library/Artifacts/0f) by extensions ['colcon_pkg']
[1.859s] Level 1:colcon.colcon_core.package_identification:_identify(Library/Artifacts/0f) by extension 'colcon_pkg'
[1.861s] Level 1:colcon.colcon_core.package_identification:_identify(Library/Artifacts/0f) by extensions ['colcon_meta']
[1.862s] Level 1:colcon.colcon_core.package_identification:_identify(Library/Artifacts/0f) by extension 'colcon_meta'
[1.867s] Level 1:colcon.colcon_core.package_identification:_identify(Library/Artifacts/0f) by extensions ['ros']
[1.868s] Level 1:colcon.colcon_core.package_identification:_identify(Library/Artifacts/0f) by extension 'ros'
[1.877s] Level 1:colcon.colcon_core.package_identification:_identify(Library/Artifacts/0f) by extensions ['cmake', 'python']
[1.878s] Level 1:colcon.colcon_core.package_identification:_identify(Library/Artifacts/0f) by extension 'cmake'
[1.880s] Level 1:colcon.colcon_core.package_identification:_identify(Library/Artifacts/0f) by extension 'python'
[1.883s] Level 1:colcon.colcon_core.package_identification:_identify(Library/Artifacts/0f) by extensions ['python_setup_py']
[1.884s] Level 1:colcon.colcon_core.package_identification:_identify(Library/Artifacts/0f) by extension 'python_setup_py'
[1.892s] Level 1:colcon.colcon_core.package_identification:_identify(Library/Artifacts/10) by extensions ['ignore', 'ignore_ament_install']
[1.893s] Level 1:colcon.colcon_core.package_identification:_identify(Library/Artifacts/10) by extension 'ignore'
[1.895s] Level 1:colcon.colcon_core.package_identification:_identify(Library/Artifacts/10) by extension 'ignore_ament_install'
[1.899s] Level 1:colcon.colcon_core.package_identification:_identify(Library/Artifacts/10) by extensions ['colcon_pkg']
[1.900s] Level 1:colcon.colcon_core.package_identification:_identify(Library/Artifacts/10) by extension 'colcon_pkg'
[1.903s] Level 1:colcon.colcon_core.package_identification:_identify(Library/Artifacts/10) by extensions ['colcon_meta']
[1.904s] Level 1:colcon.colcon_core.package_identification:_identify(Library/Artifacts/10) by extension 'colcon_meta'
[1.907s] Level 1:colcon.colcon_core.package_identification:_identify(Library/Artifacts/10) by extensions ['ros']
[1.908s] Level 1:colcon.colcon_core.package_identification:_identify(Library/Artifacts/10) by extension 'ros'
[1.916s] Level 1:colcon.colcon_core.package_identification:_identify(Library/Artifacts/10) by extensions ['cmake', 'python']
[1.917s] Level 1:colcon.colcon_core.package_identification:_identify(Library/Artifacts/10) by extension 'cmake'
[1.919s] Level 1:colcon.colcon_core.package_identification:_identify(Library/Artifacts/10) by extension 'python'
[1.921s] Level 1:colcon.colcon_core.package_identification:_identify(Library/Artifacts/10) by extensions ['python_setup_py']
[1.922s] Level 1:colcon.colcon_core.package_identification:_identify(Library/Artifacts/10) by extension 'python_setup_py'
[1.931s] Level 1:colcon.colcon_core.package_identification:_identify(Library/Artifacts/11) by extensions ['ignore', 'ignore_ament_install']
[1.932s] Level 1:colcon.colcon_core.package_identification:_identify(Library/Artifacts/11) by extension 'ignore'
[1.935s] Level 1:colcon.colcon_core.package_identification:_identify(Library/Artifacts/11) by extension 'ignore_ament_install'
[1.941s] Level 1:colcon.colcon_core.package_identification:_identify(Library/Artifacts/11) by extensions ['colcon_pkg']
[1.942s] Level 1:colcon.colcon_core.package_identification:_identify(Library/Artifacts/11) by extension 'colcon_pkg'
[1.945s] Level 1:colcon.colcon_core.package_identification:_identify(Library/Artifacts/11) by extensions ['colcon_meta']
[1.946s] Level 1:colcon.colcon_core.package_identification:_identify(Library/Artifacts/11) by extension 'colcon_meta'
[1.951s] Level 1:colcon.colcon_core.package_identification:_identify(Library/Artifacts/11) by extensions ['ros']
[1.952s] Level 1:colcon.colcon_core.package_identification:_identify(Library/Artifacts/11) by extension 'ros'
[1.963s] Level 1:colcon.colcon_core.package_identification:_identify(Library/Artifacts/11) by extensions ['cmake', 'python']
[1.964s] Level 1:colcon.colcon_core.package_identification:_identify(Library/Artifacts/11) by extension 'cmake'
[1.967s] Level 1:colcon.colcon_core.package_identification:_identify(Library/Artifacts/11) by extension 'python'
[1.970s] Level 1:colcon.colcon_core.package_identification:_identify(Library/Artifacts/11) by extensions ['python_setup_py']
[1.970s] Level 1:colcon.colcon_core.package_identification:_identify(Library/Artifacts/11) by extension 'python_setup_py'
[1.979s] Level 1:colcon.colcon_core.package_identification:_identify(Library/Artifacts/12) by extensions ['ignore', 'ignore_ament_install']
[1.980s] Level 1:colcon.colcon_core.package_identification:_identify(Library/Artifacts/12) by extension 'ignore'
[1.983s] Level 1:colcon.colcon_core.package_identification:_identify(Library/Artifacts/12) by extension 'ignore_ament_install'
[1.987s] Level 1:colcon.colcon_core.package_identification:_identify(Library/Artifacts/12) by extensions ['colcon_pkg']
[1.987s] Level 1:colcon.colcon_core.package_identification:_identify(Library/Artifacts/12) by extension 'colcon_pkg'
[1.990s] Level 1:colcon.colcon_core.package_identification:_identify(Library/Artifacts/12) by extensions ['colcon_meta']
[1.991s] Level 1:colcon.colcon_core.package_identification:_identify(Library/Artifacts/12) by extension 'colcon_meta'
[1.994s] Level 1:colcon.colcon_core.package_identification:_identify(Library/Artifacts/12) by extensions ['ros']
[1.995s] Level 1:colcon.colcon_core.package_identification:_identify(Library/Artifacts/12) by extension 'ros'
[2.003s] Level 1:colcon.colcon_core.package_identification:_identify(Library/Artifacts/12) by extensions ['cmake', 'python']
[2.003s] Level 1:colcon.colcon_core.package_identification:_identify(Library/Artifacts/12) by extension 'cmake'
[2.006s] Level 1:colcon.colcon_core.package_identification:_identify(Library/Artifacts/12) by extension 'python'
[2.008s] Level 1:colcon.colcon_core.package_identification:_identify(Library/Artifacts/12) by extensions ['python_setup_py']
[2.009s] Level 1:colcon.colcon_core.package_identification:_identify(Library/Artifacts/12) by extension 'python_setup_py'
[2.019s] Level 1:colcon.colcon_core.package_identification:_identify(Library/Artifacts/13) by extensions ['ignore', 'ignore_ament_install']
[2.020s] Level 1:colcon.colcon_core.package_identification:_identify(Library/Artifacts/13) by extension 'ignore'
[2.022s] Level 1:colcon.colcon_core.package_identification:_identify(Library/Artifacts/13) by extension 'ignore_ament_install'
[2.027s] Level 1:colcon.colcon_core.package_identification:_identify(Library/Artifacts/13) by extensions ['colcon_pkg']
[2.028s] Level 1:colcon.colcon_core.package_identification:_identify(Library/Artifacts/13) by extension 'colcon_pkg'
[2.031s] Level 1:colcon.colcon_core.package_identification:_identify(Library/Artifacts/13) by extensions ['colcon_meta']
[2.032s] Level 1:colcon.colcon_core.package_identification:_identify(Library/Artifacts/13) by extension 'colcon_meta'
[2.036s] Level 1:colcon.colcon_core.package_identification:_identify(Library/Artifacts/13) by extensions ['ros']
[2.037s] Level 1:colcon.colcon_core.package_identification:_identify(Library/Artifacts/13) by extension 'ros'
[2.046s] Level 1:colcon.colcon_core.package_identification:_identify(Library/Artifacts/13) by extensions ['cmake', 'python']
[2.047s] Level 1:colcon.colcon_core.package_identification:_identify(Library/Artifacts/13) by extension 'cmake'
[2.049s] Level 1:colcon.colcon_core.package_identification:_identify(Library/Artifacts/13) by extension 'python'
[2.051s] Level 1:colcon.colcon_core.package_identification:_identify(Library/Artifacts/13) by extensions ['python_setup_py']
[2.052s] Level 1:colcon.colcon_core.package_identification:_identify(Library/Artifacts/13) by extension 'python_setup_py'
[2.061s] Level 1:colcon.colcon_core.package_identification:_identify(Library/Artifacts/14) by extensions ['ignore', 'ignore_ament_install']
[2.062s] Level 1:colcon.colcon_core.package_identification:_identify(Library/Artifacts/14) by extension 'ignore'
[2.065s] Level 1:colcon.colcon_core.package_identification:_identify(Library/Artifacts/14) by extension 'ignore_ament_install'
[2.069s] Level 1:colcon.colcon_core.package_identification:_identify(Library/Artifacts/14) by extensions ['colcon_pkg']
[2.070s] Level 1:colcon.colcon_core.package_identification:_identify(Library/Artifacts/14) by extension 'colcon_pkg'
[2.072s] Level 1:colcon.colcon_core.package_identification:_identify(Library/Artifacts/14) by extensions ['colcon_meta']
[2.072s] Level 1:colcon.colcon_core.package_identification:_identify(Library/Artifacts/14) by extension 'colcon_meta'
[2.077s] Level 1:colcon.colcon_core.package_identification:_identify(Library/Artifacts/14) by extensions ['ros']
[2.077s] Level 1:colcon.colcon_core.package_identification:_identify(Library/Artifacts/14) by extension 'ros'
[2.087s] Level 1:colcon.colcon_core.package_identification:_identify(Library/Artifacts/14) by extensions ['cmake', 'python']
[2.088s] Level 1:colcon.colcon_core.package_identification:_identify(Library/Artifacts/14) by extension 'cmake'
[2.090s] Level 1:colcon.colcon_core.package_identification:_identify(Library/Artifacts/14) by extension 'python'
[2.093s] Level 1:colcon.colcon_core.package_identification:_identify(Library/Artifacts/14) by extensions ['python_setup_py']
[2.094s] Level 1:colcon.colcon_core.package_identification:_identify(Library/Artifacts/14) by extension 'python_setup_py'
[2.103s] Level 1:colcon.colcon_core.package_identification:_identify(Library/Artifacts/15) by extensions ['ignore', 'ignore_ament_install']
[2.104s] Level 1:colcon.colcon_core.package_identification:_identify(Library/Artifacts/15) by extension 'ignore'
[2.106s] Level 1:colcon.colcon_core.package_identification:_identify(Library/Artifacts/15) by extension 'ignore_ament_install'
[2.110s] Level 1:colcon.colcon_core.package_identification:_identify(Library/Artifacts/15) by extensions ['colcon_pkg']
[2.111s] Level 1:colcon.colcon_core.package_identification:_identify(Library/Artifacts/15) by extension 'colcon_pkg'
[2.113s] Level 1:colcon.colcon_core.package_identification:_identify(Library/Artifacts/15) by extensions ['colcon_meta']
[2.114s] Level 1:colcon.colcon_core.package_identification:_identify(Library/Artifacts/15) by extension 'colcon_meta'
[2.118s] Level 1:colcon.colcon_core.package_identification:_identify(Library/Artifacts/15) by extensions ['ros']
[2.119s] Level 1:colcon.colcon_core.package_identification:_identify(Library/Artifacts/15) by extension 'ros'
[2.127s] Level 1:colcon.colcon_core.package_identification:_identify(Library/Artifacts/15) by extensions ['cmake', 'python']
[2.127s] Level 1:colcon.colcon_core.package_identification:_identify(Library/Artifacts/15) by extension 'cmake'
[2.130s] Level 1:colcon.colcon_core.package_identification:_identify(Library/Artifacts/15) by extension 'python'
[2.132s] Level 1:colcon.colcon_core.package_identification:_identify(Library/Artifacts/15) by extensions ['python_setup_py']
[2.133s] Level 1:colcon.colcon_core.package_identification:_identify(Library/Artifacts/15) by extension 'python_setup_py'
[2.143s] Level 1:colcon.colcon_core.package_identification:_identify(Library/Artifacts/16) by extensions ['ignore', 'ignore_ament_install']
[2.143s] Level 1:colcon.colcon_core.package_identification:_identify(Library/Artifacts/16) by extension 'ignore'
[2.146s] Level 1:colcon.colcon_core.package_identification:_identify(Library/Artifacts/16) by extension 'ignore_ament_install'
[2.151s] Level 1:colcon.colcon_core.package_identification:_identify(Library/Artifacts/16) by extensions ['colcon_pkg']
[2.152s] Level 1:colcon.colcon_core.package_identification:_identify(Library/Artifacts/16) by extension 'colcon_pkg'
[2.155s] Level 1:colcon.colcon_core.package_identification:_identify(Library/Artifacts/16) by extensions ['colcon_meta']
[2.156s] Level 1:colcon.colcon_core.package_identification:_identify(Library/Artifacts/16) by extension 'colcon_meta'
[2.161s] Level 1:colcon.colcon_core.package_identification:_identify(Library/Artifacts/16) by extensions ['ros']
[2.162s] Level 1:colcon.colcon_core.package_identification:_identify(Library/Artifacts/16) by extension 'ros'
[2.171s] Level 1:colcon.colcon_core.package_identification:_identify(Library/Artifacts/16) by extensions ['cmake', 'python']
[2.172s] Level 1:colcon.colcon_core.package_identification:_identify(Library/Artifacts/16) by extension 'cmake'
[2.174s] Level 1:colcon.colcon_core.package_identification:_identify(Library/Artifacts/16) by extension 'python'
[2.176s] Level 1:colcon.colcon_core.package_identification:_identify(Library/Artifacts/16) by extensions ['python_setup_py']
[2.177s] Level 1:colcon.colcon_core.package_identification:_identify(Library/Artifacts/16) by extension 'python_setup_py'
[2.186s] Level 1:colcon.colcon_core.package_identification:_identify(Library/Artifacts/17) by extensions ['ignore', 'ignore_ament_install']
[2.187s] Level 1:colcon.colcon_core.package_identification:_identify(Library/Artifacts/17) by extension 'ignore'
[2.189s] Level 1:colcon.colcon_core.package_identification:_identify(Library/Artifacts/17) by extension 'ignore_ament_install'
[2.193s] Level 1:colcon.colcon_core.package_identification:_identify(Library/Artifacts/17) by extensions ['colcon_pkg']
[2.194s] Level 1:colcon.colcon_core.package_identification:_identify(Library/Artifacts/17) by extension 'colcon_pkg'
[2.196s] Level 1:colcon.colcon_core.package_identification:_identify(Library/Artifacts/17) by extensions ['colcon_meta']
[2.197s] Level 1:colcon.colcon_core.package_identification:_identify(Library/Artifacts/17) by extension 'colcon_meta'
[2.202s] Level 1:colcon.colcon_core.package_identification:_identify(Library/Artifacts/17) by extensions ['ros']
[2.202s] Level 1:colcon.colcon_core.package_identification:_identify(Library/Artifacts/17) by extension 'ros'
[2.212s] Level 1:colcon.colcon_core.package_identification:_identify(Library/Artifacts/17) by extensions ['cmake', 'python']
[2.213s] Level 1:colcon.colcon_core.package_identification:_identify(Library/Artifacts/17) by extension 'cmake'
[2.215s] Level 1:colcon.colcon_core.package_identification:_identify(Library/Artifacts/17) by extension 'python'
[2.218s] Level 1:colcon.colcon_core.package_identification:_identify(Library/Artifacts/17) by extensions ['python_setup_py']
[2.219s] Level 1:colcon.colcon_core.package_identification:_identify(Library/Artifacts/17) by extension 'python_setup_py'
[2.228s] Level 1:colcon.colcon_core.package_identification:_identify(Library/Artifacts/18) by extensions ['ignore', 'ignore_ament_install']
[2.229s] Level 1:colcon.colcon_core.package_identification:_identify(Library/Artifacts/18) by extension 'ignore'
[2.231s] Level 1:colcon.colcon_core.package_identification:_identify(Library/Artifacts/18) by extension 'ignore_ament_install'
[2.235s] Level 1:colcon.colcon_core.package_identification:_identify(Library/Artifacts/18) by extensions ['colcon_pkg']
[2.236s] Level 1:colcon.colcon_core.package_identification:_identify(Library/Artifacts/18) by extension 'colcon_pkg'
[2.239s] Level 1:colcon.colcon_core.package_identification:_identify(Library/Artifacts/18) by extensions ['colcon_meta']
[2.240s] Level 1:colcon.colcon_core.package_identification:_identify(Library/Artifacts/18) by extension 'colcon_meta'
[2.244s] Level 1:colcon.colcon_core.package_identification:_identify(Library/Artifacts/18) by extensions ['ros']
[2.245s] Level 1:colcon.colcon_core.package_identification:_identify(Library/Artifacts/18) by extension 'ros'
[2.255s] Level 1:colcon.colcon_core.package_identification:_identify(Library/Artifacts/18) by extensions ['cmake', 'python']
[2.255s] Level 1:colcon.colcon_core.package_identification:_identify(Library/Artifacts/18) by extension 'cmake'
[2.258s] Level 1:colcon.colcon_core.package_identification:_identify(Library/Artifacts/18) by extension 'python'
[2.260s] Level 1:colcon.colcon_core.package_identification:_identify(Library/Artifacts/18) by extensions ['python_setup_py']
[2.261s] Level 1:colcon.colcon_core.package_identification:_identify(Library/Artifacts/18) by extension 'python_setup_py'
[2.270s] Level 1:colcon.colcon_core.package_identification:_identify(Library/Artifacts/19) by extensions ['ignore', 'ignore_ament_install']
[2.271s] Level 1:colcon.colcon_core.package_identification:_identify(Library/Artifacts/19) by extension 'ignore'
[2.273s] Level 1:colcon.colcon_core.package_identification:_identify(Library/Artifacts/19) by extension 'ignore_ament_install'
[2.277s] Level 1:colcon.colcon_core.package_identification:_identify(Library/Artifacts/19) by extensions ['colcon_pkg']
[2.279s] Level 1:colcon.colcon_core.package_identification:_identify(Library/Artifacts/19) by extension 'colcon_pkg'
[2.282s] Level 1:colcon.colcon_core.package_identification:_identify(Library/Artifacts/19) by extensions ['colcon_meta']
[2.282s] Level 1:colcon.colcon_core.package_identification:_identify(Library/Artifacts/19) by extension 'colcon_meta'
[2.287s] Level 1:colcon.colcon_core.package_identification:_identify(Library/Artifacts/19) by extensions ['ros']
[2.288s] Level 1:colcon.colcon_core.package_identification:_identify(Library/Artifacts/19) by extension 'ros'
[2.297s] Level 1:colcon.colcon_core.package_identification:_identify(Library/Artifacts/19) by extensions ['cmake', 'python']
[2.297s] Level 1:colcon.colcon_core.package_identification:_identify(Library/Artifacts/19) by extension 'cmake'
[2.300s] Level 1:colcon.colcon_core.package_identification:_identify(Library/Artifacts/19) by extension 'python'
[2.302s] Level 1:colcon.colcon_core.package_identification:_identify(Library/Artifacts/19) by extensions ['python_setup_py']
[2.303s] Level 1:colcon.colcon_core.package_identification:_identify(Library/Artifacts/19) by extension 'python_setup_py'
[2.312s] Level 1:colcon.colcon_core.package_identification:_identify(Library/Artifacts/1a) by extensions ['ignore', 'ignore_ament_install']
[2.313s] Level 1:colcon.colcon_core.package_identification:_identify(Library/Artifacts/1a) by extension 'ignore'
[2.316s] Level 1:colcon.colcon_core.package_identification:_identify(Library/Artifacts/1a) by extension 'ignore_ament_install'
[2.320s] Level 1:colcon.colcon_core.package_identification:_identify(Library/Artifacts/1a) by extensions ['colcon_pkg']
[2.321s] Level 1:colcon.colcon_core.package_identification:_identify(Library/Artifacts/1a) by extension 'colcon_pkg'
[2.323s] Level 1:colcon.colcon_core.package_identification:_identify(Library/Artifacts/1a) by extensions ['colcon_meta']
[2.324s] Level 1:colcon.colcon_core.package_identification:_identify(Library/Artifacts/1a) by extension 'colcon_meta'
[2.328s] Level 1:colcon.colcon_core.package_identification:_identify(Library/Artifacts/1a) by extensions ['ros']
[2.328s] Level 1:colcon.colcon_core.package_identification:_identify(Library/Artifacts/1a) by extension 'ros'
[2.337s] Level 1:colcon.colcon_core.package_identification:_identify(Library/Artifacts/1a) by extensions ['cmake', 'python']
[2.338s] Level 1:colcon.colcon_core.package_identification:_identify(Library/Artifacts/1a) by extension 'cmake'
[2.341s] Level 1:colcon.colcon_core.package_identification:_identify(Library/Artifacts/1a) by extension 'python'
[2.344s] Level 1:colcon.colcon_core.package_identification:_identify(Library/Artifacts/1a) by extensions ['python_setup_py']
[2.345s] Level 1:colcon.colcon_core.package_identification:_identify(Library/Artifacts/1a) by extension 'python_setup_py'
[2.354s] Level 1:colcon.colcon_core.package_identification:_identify(Library/Artifacts/1b) by extensions ['ignore', 'ignore_ament_install']
[2.355s] Level 1:colcon.colcon_core.package_identification:_identify(Library/Artifacts/1b) by extension 'ignore'
[2.358s] Level 1:colcon.colcon_core.package_identification:_identify(Library/Artifacts/1b) by extension 'ignore_ament_install'
[2.362s] Level 1:colcon.colcon_core.package_identification:_identify(Library/Artifacts/1b) by extensions ['colcon_pkg']
[2.363s] Level 1:colcon.colcon_core.package_identification:_identify(Library/Artifacts/1b) by extension 'colcon_pkg'
[2.365s] Level 1:colcon.colcon_core.package_identification:_identify(Library/Artifacts/1b) by extensions ['colcon_meta']
[2.366s] Level 1:colcon.colcon_core.package_identification:_identify(Library/Artifacts/1b) by extension 'colcon_meta'
[2.370s] Level 1:colcon.colcon_core.package_identification:_identify(Library/Artifacts/1b) by extensions ['ros']
[2.371s] Level 1:colcon.colcon_core.package_identification:_identify(Library/Artifacts/1b) by extension 'ros'
[2.382s] Level 1:colcon.colcon_core.package_identification:_identify(Library/Artifacts/1b) by extensions ['cmake', 'python']
[2.383s] Level 1:colcon.colcon_core.package_identification:_identify(Library/Artifacts/1b) by extension 'cmake'
[2.385s] Level 1:colcon.colcon_core.package_identification:_identify(Library/Artifacts/1b) by extension 'python'
[2.388s] Level 1:colcon.colcon_core.package_identification:_identify(Library/Artifacts/1b) by extensions ['python_setup_py']
[2.389s] Level 1:colcon.colcon_core.package_identification:_identify(Library/Artifacts/1b) by extension 'python_setup_py'
[2.401s] Level 1:colcon.colcon_core.package_identification:_identify(Library/Artifacts/1c) by extensions ['ignore', 'ignore_ament_install']
[2.401s] Level 1:colcon.colcon_core.package_identification:_identify(Library/Artifacts/1c) by extension 'ignore'
[2.402s] Level 1:colcon.colcon_core.package_identification:_identify(Library/Artifacts/1c) by extension 'ignore_ament_install'
[2.405s] Level 1:colcon.colcon_core.package_identification:_identify(Library/Artifacts/1c) by extensions ['colcon_pkg']
[2.406s] Level 1:colcon.colcon_core.package_identification:_identify(Library/Artifacts/1c) by extension 'colcon_pkg'
[2.410s] Level 1:colcon.colcon_core.package_identification:_identify(Library/Artifacts/1c) by extensions ['colcon_meta']
[2.411s] Level 1:colcon.colcon_core.package_identification:_identify(Library/Artifacts/1c) by extension 'colcon_meta'
[2.416s] Level 1:colcon.colcon_core.package_identification:_identify(Library/Artifacts/1c) by extensions ['ros']
[2.417s] Level 1:colcon.colcon_core.package_identification:_identify(Library/Artifacts/1c) by extension 'ros'
[2.430s] Level 1:colcon.colcon_core.package_identification:_identify(Library/Artifacts/1c) by extensions ['cmake', 'python']
[2.430s] Level 1:colcon.colcon_core.package_identification:_identify(Library/Artifacts/1c) by extension 'cmake'
[2.434s] Level 1:colcon.colcon_core.package_identification:_identify(Library/Artifacts/1c) by extension 'python'
[2.438s] Level 1:colcon.colcon_core.package_identification:_identify(Library/Artifacts/1c) by extensions ['python_setup_py']
[2.439s] Level 1:colcon.colcon_core.package_identification:_identify(Library/Artifacts/1c) by extension 'python_setup_py'
[2.449s] Level 1:colcon.colcon_core.package_identification:_identify(Library/Artifacts/1d) by extensions ['ignore', 'ignore_ament_install']
[2.450s] Level 1:colcon.colcon_core.package_identification:_identify(Library/Artifacts/1d) by extension 'ignore'
[2.453s] Level 1:colcon.colcon_core.package_identification:_identify(Library/Artifacts/1d) by extension 'ignore_ament_install'
[2.457s] Level 1:colcon.colcon_core.package_identification:_identify(Library/Artifacts/1d) by extensions ['colcon_pkg']
[2.458s] Level 1:colcon.colcon_core.package_identification:_identify(Library/Artifacts/1d) by extension 'colcon_pkg'
[2.461s] Level 1:colcon.colcon_core.package_identification:_identify(Library/Artifacts/1d) by extensions ['colcon_meta']
[2.462s] Level 1:colcon.colcon_core.package_identification:_identify(Library/Artifacts/1d) by extension 'colcon_meta'
[2.466s] Level 1:colcon.colcon_core.package_identification:_identify(Library/Artifacts/1d) by extensions ['ros']
[2.467s] Level 1:colcon.colcon_core.package_identification:_identify(Library/Artifacts/1d) by extension 'ros'
[2.476s] Level 1:colcon.colcon_core.package_identification:_identify(Library/Artifacts/1d) by extensions ['cmake', 'python']
[2.477s] Level 1:colcon.colcon_core.package_identification:_identify(Library/Artifacts/1d) by extension 'cmake'
[2.480s] Level 1:colcon.colcon_core.package_identification:_identify(Library/Artifacts/1d) by extension 'python'
[2.482s] Level 1:colcon.colcon_core.package_identification:_identify(Library/Artifacts/1d) by extensions ['python_setup_py']
[2.483s] Level 1:colcon.colcon_core.package_identification:_identify(Library/Artifacts/1d) by extension 'python_setup_py'
[2.494s] Level 1:colcon.colcon_core.package_identification:_identify(Library/Artifacts/1e) by extensions ['ignore', 'ignore_ament_install']
[2.495s] Level 1:colcon.colcon_core.package_identification:_identify(Library/Artifacts/1e) by extension 'ignore'
[2.497s] Level 1:colcon.colcon_core.package_identification:_identify(Library/Artifacts/1e) by extension 'ignore_ament_install'
[2.502s] Level 1:colcon.colcon_core.package_identification:_identify(Library/Artifacts/1e) by extensions ['colcon_pkg']
[2.503s] Level 1:colcon.colcon_core.package_identification:_identify(Library/Artifacts/1e) by extension 'colcon_pkg'
[2.506s] Level 1:colcon.colcon_core.package_identification:_identify(Library/Artifacts/1e) by extensions ['colcon_meta']
[2.506s] Level 1:colcon.colcon_core.package_identification:_identify(Library/Artifacts/1e) by extension 'colcon_meta'
[2.511s] Level 1:colcon.colcon_core.package_identification:_identify(Library/Artifacts/1e) by extensions ['ros']
[2.511s] Level 1:colcon.colcon_core.package_identification:_identify(Library/Artifacts/1e) by extension 'ros'
[2.522s] Level 1:colcon.colcon_core.package_identification:_identify(Library/Artifacts/1e) by extensions ['cmake', 'python']
[2.523s] Level 1:colcon.colcon_core.package_identification:_identify(Library/Artifacts/1e) by extension 'cmake'
[2.526s] Level 1:colcon.colcon_core.package_identification:_identify(Library/Artifacts/1e) by extension 'python'
[2.528s] Level 1:colcon.colcon_core.package_identification:_identify(Library/Artifacts/1e) by extensions ['python_setup_py']
[2.529s] Level 1:colcon.colcon_core.package_identification:_identify(Library/Artifacts/1e) by extension 'python_setup_py'
[2.539s] Level 1:colcon.colcon_core.package_identification:_identify(Library/Artifacts/1f) by extensions ['ignore', 'ignore_ament_install']
[2.539s] Level 1:colcon.colcon_core.package_identification:_identify(Library/Artifacts/1f) by extension 'ignore'
[2.542s] Level 1:colcon.colcon_core.package_identification:_identify(Library/Artifacts/1f) by extension 'ignore_ament_install'
[2.546s] Level 1:colcon.colcon_core.package_identification:_identify(Library/Artifacts/1f) by extensions ['colcon_pkg']
[2.546s] Level 1:colcon.colcon_core.package_identification:_identify(Library/Artifacts/1f) by extension 'colcon_pkg'
[2.548s] Level 1:colcon.colcon_core.package_identification:_identify(Library/Artifacts/1f) by extensions ['colcon_meta']
[2.549s] Level 1:colcon.colcon_core.package_identification:_identify(Library/Artifacts/1f) by extension 'colcon_meta'
[2.553s] Level 1:colcon.colcon_core.package_identification:_identify(Library/Artifacts/1f) by extensions ['ros']
[2.554s] Level 1:colcon.colcon_core.package_identification:_identify(Library/Artifacts/1f) by extension 'ros'
[2.564s] Level 1:colcon.colcon_core.package_identification:_identify(Library/Artifacts/1f) by extensions ['cmake', 'python']
[2.565s] Level 1:colcon.colcon_core.package_identification:_identify(Library/Artifacts/1f) by extension 'cmake'
[2.567s] Level 1:colcon.colcon_core.package_identification:_identify(Library/Artifacts/1f) by extension 'python'
[2.571s] Level 1:colcon.colcon_core.package_identification:_identify(Library/Artifacts/1f) by extensions ['python_setup_py']
[2.572s] Level 1:colcon.colcon_core.package_identification:_identify(Library/Artifacts/1f) by extension 'python_setup_py'
[2.583s] Level 1:colcon.colcon_core.package_identification:_identify(Library/Artifacts/20) by extensions ['ignore', 'ignore_ament_install']
[2.583s] Level 1:colcon.colcon_core.package_identification:_identify(Library/Artifacts/20) by extension 'ignore'
[2.586s] Level 1:colcon.colcon_core.package_identification:_identify(Library/Artifacts/20) by extension 'ignore_ament_install'
[2.589s] Level 1:colcon.colcon_core.package_identification:_identify(Library/Artifacts/20) by extensions ['colcon_pkg']
[2.590s] Level 1:colcon.colcon_core.package_identification:_identify(Library/Artifacts/20) by extension 'colcon_pkg'
[2.592s] Level 1:colcon.colcon_core.package_identification:_identify(Library/Artifacts/20) by extensions ['colcon_meta']
[2.593s] Level 1:colcon.colcon_core.package_identification:_identify(Library/Artifacts/20) by extension 'colcon_meta'
[2.597s] Level 1:colcon.colcon_core.package_identification:_identify(Library/Artifacts/20) by extensions ['ros']
[2.598s] Level 1:colcon.colcon_core.package_identification:_identify(Library/Artifacts/20) by extension 'ros'
[2.606s] Level 1:colcon.colcon_core.package_identification:_identify(Library/Artifacts/20) by extensions ['cmake', 'python']
[2.607s] Level 1:colcon.colcon_core.package_identification:_identify(Library/Artifacts/20) by extension 'cmake'
[2.609s] Level 1:colcon.colcon_core.package_identification:_identify(Library/Artifacts/20) by extension 'python'
[2.612s] Level 1:colcon.colcon_core.package_identification:_identify(Library/Artifacts/20) by extensions ['python_setup_py']
[2.613s] Level 1:colcon.colcon_core.package_identification:_identify(Library/Artifacts/20) by extension 'python_setup_py'
[2.621s] Level 1:colcon.colcon_core.package_identification:_identify(Library/Artifacts/21) by extensions ['ignore', 'ignore_ament_install']
[2.622s] Level 1:colcon.colcon_core.package_identification:_identify(Library/Artifacts/21) by extension 'ignore'
[2.625s] Level 1:colcon.colcon_core.package_identification:_identify(Library/Artifacts/21) by extension 'ignore_ament_install'
[2.628s] Level 1:colcon.colcon_core.package_identification:_identify(Library/Artifacts/21) by extensions ['colcon_pkg']
[2.629s] Level 1:colcon.colcon_core.package_identification:_identify(Library/Artifacts/21) by extension 'colcon_pkg'
[2.632s] Level 1:colcon.colcon_core.package_identification:_identify(Library/Artifacts/21) by extensions ['colcon_meta']
[2.633s] Level 1:colcon.colcon_core.package_identification:_identify(Library/Artifacts/21) by extension 'colcon_meta'
[2.637s] Level 1:colcon.colcon_core.package_identification:_identify(Library/Artifacts/21) by extensions ['ros']
[2.638s] Level 1:colcon.colcon_core.package_identification:_identify(Library/Artifacts/21) by extension 'ros'
[2.646s] Level 1:colcon.colcon_core.package_identification:_identify(Library/Artifacts/21) by extensions ['cmake', 'python']
[2.647s] Level 1:colcon.colcon_core.package_identification:_identify(Library/Artifacts/21) by extension 'cmake'
[2.649s] Level 1:colcon.colcon_core.package_identification:_identify(Library/Artifacts/21) by extension 'python'
[2.652s] Level 1:colcon.colcon_core.package_identification:_identify(Library/Artifacts/21) by extensions ['python_setup_py']
[2.653s] Level 1:colcon.colcon_core.package_identification:_identify(Library/Artifacts/21) by extension 'python_setup_py'
[2.662s] Level 1:colcon.colcon_core.package_identification:_identify(Library/Artifacts/22) by extensions ['ignore', 'ignore_ament_install']
[2.663s] Level 1:colcon.colcon_core.package_identification:_identify(Library/Artifacts/22) by extension 'ignore'
[2.665s] Level 1:colcon.colcon_core.package_identification:_identify(Library/Artifacts/22) by extension 'ignore_ament_install'
[2.668s] Level 1:colcon.colcon_core.package_identification:_identify(Library/Artifacts/22) by extensions ['colcon_pkg']
[2.669s] Level 1:colcon.colcon_core.package_identification:_identify(Library/Artifacts/22) by extension 'colcon_pkg'
[2.672s] Level 1:colcon.colcon_core.package_identification:_identify(Library/Artifacts/22) by extensions ['colcon_meta']
[2.673s] Level 1:colcon.colcon_core.package_identification:_identify(Library/Artifacts/22) by extension 'colcon_meta'
[2.677s] Level 1:colcon.colcon_core.package_identification:_identify(Library/Artifacts/22) by extensions ['ros']
[2.678s] Level 1:colcon.colcon_core.package_identification:_identify(Library/Artifacts/22) by extension 'ros'
[2.686s] Level 1:colcon.colcon_core.package_identification:_identify(Library/Artifacts/22) by extensions ['cmake', 'python']
[2.687s] Level 1:colcon.colcon_core.package_identification:_identify(Library/Artifacts/22) by extension 'cmake'
[2.689s] Level 1:colcon.colcon_core.package_identification:_identify(Library/Artifacts/22) by extension 'python'
[2.692s] Level 1:colcon.colcon_core.package_identification:_identify(Library/Artifacts/22) by extensions ['python_setup_py']
[2.692s] Level 1:colcon.colcon_core.package_identification:_identify(Library/Artifacts/22) by extension 'python_setup_py'
[2.702s] Level 1:colcon.colcon_core.package_identification:_identify(Library/Artifacts/23) by extensions ['ignore', 'ignore_ament_install']
[2.703s] Level 1:colcon.colcon_core.package_identification:_identify(Library/Artifacts/23) by extension 'ignore'
[2.705s] Level 1:colcon.colcon_core.package_identification:_identify(Library/Artifacts/23) by extension 'ignore_ament_install'
[2.709s] Level 1:colcon.colcon_core.package_identification:_identify(Library/Artifacts/23) by extensions ['colcon_pkg']
[2.710s] Level 1:colcon.colcon_core.package_identification:_identify(Library/Artifacts/23) by extension 'colcon_pkg'
[2.711s] Level 1:colcon.colcon_core.package_identification:_identify(Library/Artifacts/23) by extensions ['colcon_meta']
[2.711s] Level 1:colcon.colcon_core.package_identification:_identify(Library/Artifacts/23) by extension 'colcon_meta'
[2.716s] Level 1:colcon.colcon_core.package_identification:_identify(Library/Artifacts/23) by extensions ['ros']
[2.716s] Level 1:colcon.colcon_core.package_identification:_identify(Library/Artifacts/23) by extension 'ros'
[2.725s] Level 1:colcon.colcon_core.package_identification:_identify(Library/Artifacts/23) by extensions ['cmake', 'python']
[2.726s] Level 1:colcon.colcon_core.package_identification:_identify(Library/Artifacts/23) by extension 'cmake'
[2.728s] Level 1:colcon.colcon_core.package_identification:_identify(Library/Artifacts/23) by extension 'python'
[2.730s] Level 1:colcon.colcon_core.package_identification:_identify(Library/Artifacts/23) by extensions ['python_setup_py']
[2.731s] Level 1:colcon.colcon_core.package_identification:_identify(Library/Artifacts/23) by extension 'python_setup_py'
[2.742s] Level 1:colcon.colcon_core.package_identification:_identify(Library/Artifacts/24) by extensions ['ignore', 'ignore_ament_install']
[2.743s] Level 1:colcon.colcon_core.package_identification:_identify(Library/Artifacts/24) by extension 'ignore'
[2.745s] Level 1:colcon.colcon_core.package_identification:_identify(Library/Artifacts/24) by extension 'ignore_ament_install'
[2.749s] Level 1:colcon.colcon_core.package_identification:_identify(Library/Artifacts/24) by extensions ['colcon_pkg']
[2.750s] Level 1:colcon.colcon_core.package_identification:_identify(Library/Artifacts/24) by extension 'colcon_pkg'
[2.753s] Level 1:colcon.colcon_core.package_identification:_identify(Library/Artifacts/24) by extensions ['colcon_meta']
[2.754s] Level 1:colcon.colcon_core.package_identification:_identify(Library/Artifacts/24) by extension 'colcon_meta'
[2.758s] Level 1:colcon.colcon_core.package_identification:_identify(Library/Artifacts/24) by extensions ['ros']
[2.759s] Level 1:colcon.colcon_core.package_identification:_identify(Library/Artifacts/24) by extension 'ros'
[2.768s] Level 1:colcon.colcon_core.package_identification:_identify(Library/Artifacts/24) by extensions ['cmake', 'python']
[2.769s] Level 1:colcon.colcon_core.package_identification:_identify(Library/Artifacts/24) by extension 'cmake'
[2.771s] Level 1:colcon.colcon_core.package_identification:_identify(Library/Artifacts/24) by extension 'python'
[2.774s] Level 1:colcon.colcon_core.package_identification:_identify(Library/Artifacts/24) by extensions ['python_setup_py']
[2.775s] Level 1:colcon.colcon_core.package_identification:_identify(Library/Artifacts/24) by extension 'python_setup_py'
[2.784s] Level 1:colcon.colcon_core.package_identification:_identify(Library/Artifacts/25) by extensions ['ignore', 'ignore_ament_install']
[2.785s] Level 1:colcon.colcon_core.package_identification:_identify(Library/Artifacts/25) by extension 'ignore'
[2.788s] Level 1:colcon.colcon_core.package_identification:_identify(Library/Artifacts/25) by extension 'ignore_ament_install'
[2.793s] Level 1:colcon.colcon_core.package_identification:_identify(Library/Artifacts/25) by extensions ['colcon_pkg']
[2.794s] Level 1:colcon.colcon_core.package_identification:_identify(Library/Artifacts/25) by extension 'colcon_pkg'
[2.796s] Level 1:colcon.colcon_core.package_identification:_identify(Library/Artifacts/25) by extensions ['colcon_meta']
[2.797s] Level 1:colcon.colcon_core.package_identification:_identify(Library/Artifacts/25) by extension 'colcon_meta'
[2.802s] Level 1:colcon.colcon_core.package_identification:_identify(Library/Artifacts/25) by extensions ['ros']
[2.803s] Level 1:colcon.colcon_core.package_identification:_identify(Library/Artifacts/25) by extension 'ros'
[2.812s] Level 1:colcon.colcon_core.package_identification:_identify(Library/Artifacts/25) by extensions ['cmake', 'python']
[2.812s] Level 1:colcon.colcon_core.package_identification:_identify(Library/Artifacts/25) by extension 'cmake'
[2.815s] Level 1:colcon.colcon_core.package_identification:_identify(Library/Artifacts/25) by extension 'python'
[2.818s] Level 1:colcon.colcon_core.package_identification:_identify(Library/Artifacts/25) by extensions ['python_setup_py']
[2.818s] Level 1:colcon.colcon_core.package_identification:_identify(Library/Artifacts/25) by extension 'python_setup_py'
[2.830s] Level 1:colcon.colcon_core.package_identification:_identify(Library/Artifacts/26) by extensions ['ignore', 'ignore_ament_install']
[2.831s] Level 1:colcon.colcon_core.package_identification:_identify(Library/Artifacts/26) by extension 'ignore'
[2.834s] Level 1:colcon.colcon_core.package_identification:_identify(Library/Artifacts/26) by extension 'ignore_ament_install'
[2.837s] Level 1:colcon.colcon_core.package_identification:_identify(Library/Artifacts/26) by extensions ['colcon_pkg']
[2.838s] Level 1:colcon.colcon_core.package_identification:_identify(Library/Artifacts/26) by extension 'colcon_pkg'
[2.840s] Level 1:colcon.colcon_core.package_identification:_identify(Library/Artifacts/26) by extensions ['colcon_meta']
[2.841s] Level 1:colcon.colcon_core.package_identification:_identify(Library/Artifacts/26) by extension 'colcon_meta'
[2.847s] Level 1:colcon.colcon_core.package_identification:_identify(Library/Artifacts/26) by extensions ['ros']
[2.848s] Level 1:colcon.colcon_core.package_identification:_identify(Library/Artifacts/26) by extension 'ros'
[2.857s] Level 1:colcon.colcon_core.package_identification:_identify(Library/Artifacts/26) by extensions ['cmake', 'python']
[2.858s] Level 1:colcon.colcon_core.package_identification:_identify(Library/Artifacts/26) by extension 'cmake'
[2.860s] Level 1:colcon.colcon_core.package_identification:_identify(Library/Artifacts/26) by extension 'python'
[2.863s] Level 1:colcon.colcon_core.package_identification:_identify(Library/Artifacts/26) by extensions ['python_setup_py']
[2.864s] Level 1:colcon.colcon_core.package_identification:_identify(Library/Artifacts/26) by extension 'python_setup_py'
[2.873s] Level 1:colcon.colcon_core.package_identification:_identify(Library/Artifacts/27) by extensions ['ignore', 'ignore_ament_install']
[2.874s] Level 1:colcon.colcon_core.package_identification:_identify(Library/Artifacts/27) by extension 'ignore'
[2.877s] Level 1:colcon.colcon_core.package_identification:_identify(Library/Artifacts/27) by extension 'ignore_ament_install'
[2.882s] Level 1:colcon.colcon_core.package_identification:_identify(Library/Artifacts/27) by extensions ['colcon_pkg']
[2.883s] Level 1:colcon.colcon_core.package_identification:_identify(Library/Artifacts/27) by extension 'colcon_pkg'
[2.886s] Level 1:colcon.colcon_core.package_identification:_identify(Library/Artifacts/27) by extensions ['colcon_meta']
[2.887s] Level 1:colcon.colcon_core.package_identification:_identify(Library/Artifacts/27) by extension 'colcon_meta'
[2.891s] Level 1:colcon.colcon_core.package_identification:_identify(Library/Artifacts/27) by extensions ['ros']
[2.892s] Level 1:colcon.colcon_core.package_identification:_identify(Library/Artifacts/27) by extension 'ros'
[2.901s] Level 1:colcon.colcon_core.package_identification:_identify(Library/Artifacts/27) by extensions ['cmake', 'python']
[2.902s] Level 1:colcon.colcon_core.package_identification:_identify(Library/Artifacts/27) by extension 'cmake'
[2.905s] Level 1:colcon.colcon_core.package_identification:_identify(Library/Artifacts/27) by extension 'python'
[2.908s] Level 1:colcon.colcon_core.package_identification:_identify(Library/Artifacts/27) by extensions ['python_setup_py']
[2.909s] Level 1:colcon.colcon_core.package_identification:_identify(Library/Artifacts/27) by extension 'python_setup_py'
[2.919s] Level 1:colcon.colcon_core.package_identification:_identify(Library/Artifacts/28) by extensions ['ignore', 'ignore_ament_install']
[2.920s] Level 1:colcon.colcon_core.package_identification:_identify(Library/Artifacts/28) by extension 'ignore'
[2.922s] Level 1:colcon.colcon_core.package_identification:_identify(Library/Artifacts/28) by extension 'ignore_ament_install'
[2.926s] Level 1:colcon.colcon_core.package_identification:_identify(Library/Artifacts/28) by extensions ['colcon_pkg']
[2.927s] Level 1:colcon.colcon_core.package_identification:_identify(Library/Artifacts/28) by extension 'colcon_pkg'
[2.929s] Level 1:colcon.colcon_core.package_identification:_identify(Library/Artifacts/28) by extensions ['colcon_meta']
[2.930s] Level 1:colcon.colcon_core.package_identification:_identify(Library/Artifacts/28) by extension 'colcon_meta'
[2.934s] Level 1:colcon.colcon_core.package_identification:_identify(Library/Artifacts/28) by extensions ['ros']
[2.935s] Level 1:colcon.colcon_core.package_identification:_identify(Library/Artifacts/28) by extension 'ros'
[2.944s] Level 1:colcon.colcon_core.package_identification:_identify(Library/Artifacts/28) by extensions ['cmake', 'python']
[2.945s] Level 1:colcon.colcon_core.package_identification:_identify(Library/Artifacts/28) by extension 'cmake'
[2.947s] Level 1:colcon.colcon_core.package_identification:_identify(Library/Artifacts/28) by extension 'python'
[2.950s] Level 1:colcon.colcon_core.package_identification:_identify(Library/Artifacts/28) by extensions ['python_setup_py']
[2.950s] Level 1:colcon.colcon_core.package_identification:_identify(Library/Artifacts/28) by extension 'python_setup_py'
[2.960s] Level 1:colcon.colcon_core.package_identification:_identify(Library/Artifacts/29) by extensions ['ignore', 'ignore_ament_install']
[2.961s] Level 1:colcon.colcon_core.package_identification:_identify(Library/Artifacts/29) by extension 'ignore'
[2.964s] Level 1:colcon.colcon_core.package_identification:_identify(Library/Artifacts/29) by extension 'ignore_ament_install'
[2.971s] Level 1:colcon.colcon_core.package_identification:_identify(Library/Artifacts/29) by extensions ['colcon_pkg']
[2.972s] Level 1:colcon.colcon_core.package_identification:_identify(Library/Artifacts/29) by extension 'colcon_pkg'
[2.976s] Level 1:colcon.colcon_core.package_identification:_identify(Library/Artifacts/29) by extensions ['colcon_meta']
[2.977s] Level 1:colcon.colcon_core.package_identification:_identify(Library/Artifacts/29) by extension 'colcon_meta'
[2.982s] Level 1:colcon.colcon_core.package_identification:_identify(Library/Artifacts/29) by extensions ['ros']
[2.983s] Level 1:colcon.colcon_core.package_identification:_identify(Library/Artifacts/29) by extension 'ros'
[2.992s] Level 1:colcon.colcon_core.package_identification:_identify(Library/Artifacts/29) by extensions ['cmake', 'python']
[2.993s] Level 1:colcon.colcon_core.package_identification:_identify(Library/Artifacts/29) by extension 'cmake'
[2.997s] Level 1:colcon.colcon_core.package_identification:_identify(Library/Artifacts/29) by extension 'python'
[3.000s] Level 1:colcon.colcon_core.package_identification:_identify(Library/Artifacts/29) by extensions ['python_setup_py']
[3.001s] Level 1:colcon.colcon_core.package_identification:_identify(Library/Artifacts/29) by extension 'python_setup_py'
[3.011s] Level 1:colcon.colcon_core.package_identification:_identify(Library/Artifacts/2a) by extensions ['ignore', 'ignore_ament_install']
[3.012s] Level 1:colcon.colcon_core.package_identification:_identify(Library/Artifacts/2a) by extension 'ignore'
[3.014s] Level 1:colcon.colcon_core.package_identification:_identify(Library/Artifacts/2a) by extension 'ignore_ament_install'
[3.020s] Level 1:colcon.colcon_core.package_identification:_identify(Library/Artifacts/2a) by extensions ['colcon_pkg']
[3.021s] Level 1:colcon.colcon_core.package_identification:_identify(Library/Artifacts/2a) by extension 'colcon_pkg'
[3.024s] Level 1:colcon.colcon_core.package_identification:_identify(Library/Artifacts/2a) by extensions ['colcon_meta']
[3.024s] Level 1:colcon.colcon_core.package_identification:_identify(Library/Artifacts/2a) by extension 'colcon_meta'
[3.028s] Level 1:colcon.colcon_core.package_identification:_identify(Library/Artifacts/2a) by extensions ['ros']
[3.029s] Level 1:colcon.colcon_core.package_identification:_identify(Library/Artifacts/2a) by extension 'ros'
[3.039s] Level 1:colcon.colcon_core.package_identification:_identify(Library/Artifacts/2a) by extensions ['cmake', 'python']
[3.040s] Level 1:colcon.colcon_core.package_identification:_identify(Library/Artifacts/2a) by extension 'cmake'
[3.045s] Level 1:colcon.colcon_core.package_identification:_identify(Library/Artifacts/2a) by extension 'python'
[3.047s] Level 1:colcon.colcon_core.package_identification:_identify(Library/Artifacts/2a) by extensions ['python_setup_py']
[3.048s] Level 1:colcon.colcon_core.package_identification:_identify(Library/Artifacts/2a) by extension 'python_setup_py'
[3.057s] Level 1:colcon.colcon_core.package_identification:_identify(Library/Artifacts/2b) by extensions ['ignore', 'ignore_ament_install']
[3.057s] Level 1:colcon.colcon_core.package_identification:_identify(Library/Artifacts/2b) by extension 'ignore'
[3.061s] Level 1:colcon.colcon_core.package_identification:_identify(Library/Artifacts/2b) by extension 'ignore_ament_install'
[3.065s] Level 1:colcon.colcon_core.package_identification:_identify(Library/Artifacts/2b) by extensions ['colcon_pkg']
[3.066s] Level 1:colcon.colcon_core.package_identification:_identify(Library/Artifacts/2b) by extension 'colcon_pkg'
[3.068s] Level 1:colcon.colcon_core.package_identification:_identify(Library/Artifacts/2b) by extensions ['colcon_meta']
[3.069s] Level 1:colcon.colcon_core.package_identification:_identify(Library/Artifacts/2b) by extension 'colcon_meta'
[3.074s] Level 1:colcon.colcon_core.package_identification:_identify(Library/Artifacts/2b) by extensions ['ros']
[3.075s] Level 1:colcon.colcon_core.package_identification:_identify(Library/Artifacts/2b) by extension 'ros'
[3.084s] Level 1:colcon.colcon_core.package_identification:_identify(Library/Artifacts/2b) by extensions ['cmake', 'python']
[3.085s] Level 1:colcon.colcon_core.package_identification:_identify(Library/Artifacts/2b) by extension 'cmake'
[3.087s] Level 1:colcon.colcon_core.package_identification:_identify(Library/Artifacts/2b) by extension 'python'
[3.089s] Level 1:colcon.colcon_core.package_identification:_identify(Library/Artifacts/2b) by extensions ['python_setup_py']
[3.090s] Level 1:colcon.colcon_core.package_identification:_identify(Library/Artifacts/2b) by extension 'python_setup_py'
[3.098s] Level 1:colcon.colcon_core.package_identification:_identify(Library/Artifacts/2c) by extensions ['ignore', 'ignore_ament_install']
[3.099s] Level 1:colcon.colcon_core.package_identification:_identify(Library/Artifacts/2c) by extension 'ignore'
[3.102s] Level 1:colcon.colcon_core.package_identification:_identify(Library/Artifacts/2c) by extension 'ignore_ament_install'
[3.106s] Level 1:colcon.colcon_core.package_identification:_identify(Library/Artifacts/2c) by extensions ['colcon_pkg']
[3.107s] Level 1:colcon.colcon_core.package_identification:_identify(Library/Artifacts/2c) by extension 'colcon_pkg'
[3.109s] Level 1:colcon.colcon_core.package_identification:_identify(Library/Artifacts/2c) by extensions ['colcon_meta']
[3.110s] Level 1:colcon.colcon_core.package_identification:_identify(Library/Artifacts/2c) by extension 'colcon_meta'
[3.113s] Level 1:colcon.colcon_core.package_identification:_identify(Library/Artifacts/2c) by extensions ['ros']
[3.114s] Level 1:colcon.colcon_core.package_identification:_identify(Library/Artifacts/2c) by extension 'ros'
[3.123s] Level 1:colcon.colcon_core.package_identification:_identify(Library/Artifacts/2c) by extensions ['cmake', 'python']
[3.124s] Level 1:colcon.colcon_core.package_identification:_identify(Library/Artifacts/2c) by extension 'cmake'
[3.126s] Level 1:colcon.colcon_core.package_identification:_identify(Library/Artifacts/2c) by extension 'python'
[3.128s] Level 1:colcon.colcon_core.package_identification:_identify(Library/Artifacts/2c) by extensions ['python_setup_py']
[3.129s] Level 1:colcon.colcon_core.package_identification:_identify(Library/Artifacts/2c) by extension 'python_setup_py'
[3.139s] Level 1:colcon.colcon_core.package_identification:_identify(Library/Artifacts/2d) by extensions ['ignore', 'ignore_ament_install']
[3.140s] Level 1:colcon.colcon_core.package_identification:_identify(Library/Artifacts/2d) by extension 'ignore'
[3.143s] Level 1:colcon.colcon_core.package_identification:_identify(Library/Artifacts/2d) by extension 'ignore_ament_install'
[3.146s] Level 1:colcon.colcon_core.package_identification:_identify(Library/Artifacts/2d) by extensions ['colcon_pkg']
[3.147s] Level 1:colcon.colcon_core.package_identification:_identify(Library/Artifacts/2d) by extension 'colcon_pkg'
[3.149s] Level 1:colcon.colcon_core.package_identification:_identify(Library/Artifacts/2d) by extensions ['colcon_meta']
[3.149s] Level 1:colcon.colcon_core.package_identification:_identify(Library/Artifacts/2d) by extension 'colcon_meta'
[3.153s] Level 1:colcon.colcon_core.package_identification:_identify(Library/Artifacts/2d) by extensions ['ros']
[3.154s] Level 1:colcon.colcon_core.package_identification:_identify(Library/Artifacts/2d) by extension 'ros'
[3.163s] Level 1:colcon.colcon_core.package_identification:_identify(Library/Artifacts/2d) by extensions ['cmake', 'python']
[3.165s] Level 1:colcon.colcon_core.package_identification:_identify(Library/Artifacts/2d) by extension 'cmake'
[3.167s] Level 1:colcon.colcon_core.package_identification:_identify(Library/Artifacts/2d) by extension 'python'
[3.170s] Level 1:colcon.colcon_core.package_identification:_identify(Library/Artifacts/2d) by extensions ['python_setup_py']
[3.171s] Level 1:colcon.colcon_core.package_identification:_identify(Library/Artifacts/2d) by extension 'python_setup_py'
[3.179s] Level 1:colcon.colcon_core.package_identification:_identify(Library/Artifacts/2e) by extensions ['ignore', 'ignore_ament_install']
[3.180s] Level 1:colcon.colcon_core.package_identification:_identify(Library/Artifacts/2e) by extension 'ignore'
[3.182s] Level 1:colcon.colcon_core.package_identification:_identify(Library/Artifacts/2e) by extension 'ignore_ament_install'
[3.188s] Level 1:colcon.colcon_core.package_identification:_identify(Library/Artifacts/2e) by extensions ['colcon_pkg']
[3.189s] Level 1:colcon.colcon_core.package_identification:_identify(Library/Artifacts/2e) by extension 'colcon_pkg'
[3.192s] Level 1:colcon.colcon_core.package_identification:_identify(Library/Artifacts/2e) by extensions ['colcon_meta']
[3.193s] Level 1:colcon.colcon_core.package_identification:_identify(Library/Artifacts/2e) by extension 'colcon_meta'
[3.197s] Level 1:colcon.colcon_core.package_identification:_identify(Library/Artifacts/2e) by extensions ['ros']
[3.198s] Level 1:colcon.colcon_core.package_identification:_identify(Library/Artifacts/2e) by extension 'ros'
[3.207s] Level 1:colcon.colcon_core.package_identification:_identify(Library/Artifacts/2e) by extensions ['cmake', 'python']
[3.208s] Level 1:colcon.colcon_core.package_identification:_identify(Library/Artifacts/2e) by extension 'cmake'
[3.210s] Level 1:colcon.colcon_core.package_identification:_identify(Library/Artifacts/2e) by extension 'python'
[3.213s] Level 1:colcon.colcon_core.package_identification:_identify(Library/Artifacts/2e) by extensions ['python_setup_py']
[3.213s] Level 1:colcon.colcon_core.package_identification:_identify(Library/Artifacts/2e) by extension 'python_setup_py'
[3.222s] Level 1:colcon.colcon_core.package_identification:_identify(Library/Artifacts/2f) by extensions ['ignore', 'ignore_ament_install']
[3.223s] Level 1:colcon.colcon_core.package_identification:_identify(Library/Artifacts/2f) by extension 'ignore'
[3.225s] Level 1:colcon.colcon_core.package_identification:_identify(Library/Artifacts/2f) by extension 'ignore_ament_install'
[3.230s] Level 1:colcon.colcon_core.package_identification:_identify(Library/Artifacts/2f) by extensions ['colcon_pkg']
[3.230s] Level 1:colcon.colcon_core.package_identification:_identify(Library/Artifacts/2f) by extension 'colcon_pkg'
[3.232s] Level 1:colcon.colcon_core.package_identification:_identify(Library/Artifacts/2f) by extensions ['colcon_meta']
[3.233s] Level 1:colcon.colcon_core.package_identification:_identify(Library/Artifacts/2f) by extension 'colcon_meta'
[3.238s] Level 1:colcon.colcon_core.package_identification:_identify(Library/Artifacts/2f) by extensions ['ros']
[3.239s] Level 1:colcon.colcon_core.package_identification:_identify(Library/Artifacts/2f) by extension 'ros'
[3.247s] Level 1:colcon.colcon_core.package_identification:_identify(Library/Artifacts/2f) by extensions ['cmake', 'python']
[3.248s] Level 1:colcon.colcon_core.package_identification:_identify(Library/Artifacts/2f) by extension 'cmake'
[3.251s] Level 1:colcon.colcon_core.package_identification:_identify(Library/Artifacts/2f) by extension 'python'
[3.253s] Level 1:colcon.colcon_core.package_identification:_identify(Library/Artifacts/2f) by extensions ['python_setup_py']
[3.254s] Level 1:colcon.colcon_core.package_identification:_identify(Library/Artifacts/2f) by extension 'python_setup_py'
[3.263s] Level 1:colcon.colcon_core.package_identification:_identify(Library/Artifacts/30) by extensions ['ignore', 'ignore_ament_install']
[3.264s] Level 1:colcon.colcon_core.package_identification:_identify(Library/Artifacts/30) by extension 'ignore'
[3.266s] Level 1:colcon.colcon_core.package_identification:_identify(Library/Artifacts/30) by extension 'ignore_ament_install'
[3.270s] Level 1:colcon.colcon_core.package_identification:_identify(Library/Artifacts/30) by extensions ['colcon_pkg']
[3.270s] Level 1:colcon.colcon_core.package_identification:_identify(Library/Artifacts/30) by extension 'colcon_pkg'
[3.273s] Level 1:colcon.colcon_core.package_identification:_identify(Library/Artifacts/30) by extensions ['colcon_meta']
[3.273s] Level 1:colcon.colcon_core.package_identification:_identify(Library/Artifacts/30) by extension 'colcon_meta'
[3.278s] Level 1:colcon.colcon_core.package_identification:_identify(Library/Artifacts/30) by extensions ['ros']
[3.279s] Level 1:colcon.colcon_core.package_identification:_identify(Library/Artifacts/30) by extension 'ros'
[3.287s] Level 1:colcon.colcon_core.package_identification:_identify(Library/Artifacts/30) by extensions ['cmake', 'python']
[3.288s] Level 1:colcon.colcon_core.package_identification:_identify(Library/Artifacts/30) by extension 'cmake'
[3.291s] Level 1:colcon.colcon_core.package_identification:_identify(Library/Artifacts/30) by extension 'python'
[3.293s] Level 1:colcon.colcon_core.package_identification:_identify(Library/Artifacts/30) by extensions ['python_setup_py']
[3.294s] Level 1:colcon.colcon_core.package_identification:_identify(Library/Artifacts/30) by extension 'python_setup_py'
[3.303s] Level 1:colcon.colcon_core.package_identification:_identify(Library/Artifacts/31) by extensions ['ignore', 'ignore_ament_install']
[3.303s] Level 1:colcon.colcon_core.package_identification:_identify(Library/Artifacts/31) by extension 'ignore'
[3.306s] Level 1:colcon.colcon_core.package_identification:_identify(Library/Artifacts/31) by extension 'ignore_ament_install'
[3.309s] Level 1:colcon.colcon_core.package_identification:_identify(Library/Artifacts/31) by extensions ['colcon_pkg']
[3.310s] Level 1:colcon.colcon_core.package_identification:_identify(Library/Artifacts/31) by extension 'colcon_pkg'
[3.312s] Level 1:colcon.colcon_core.package_identification:_identify(Library/Artifacts/31) by extensions ['colcon_meta']
[3.313s] Level 1:colcon.colcon_core.package_identification:_identify(Library/Artifacts/31) by extension 'colcon_meta'
[3.317s] Level 1:colcon.colcon_core.package_identification:_identify(Library/Artifacts/31) by extensions ['ros']
[3.318s] Level 1:colcon.colcon_core.package_identification:_identify(Library/Artifacts/31) by extension 'ros'
[3.326s] Level 1:colcon.colcon_core.package_identification:_identify(Library/Artifacts/31) by extensions ['cmake', 'python']
[3.327s] Level 1:colcon.colcon_core.package_identification:_identify(Library/Artifacts/31) by extension 'cmake'
[3.330s] Level 1:colcon.colcon_core.package_identification:_identify(Library/Artifacts/31) by extension 'python'
[3.332s] Level 1:colcon.colcon_core.package_identification:_identify(Library/Artifacts/31) by extensions ['python_setup_py']
[3.332s] Level 1:colcon.colcon_core.package_identification:_identify(Library/Artifacts/31) by extension 'python_setup_py'
[3.342s] Level 1:colcon.colcon_core.package_identification:_identify(Library/Artifacts/32) by extensions ['ignore', 'ignore_ament_install']
[3.343s] Level 1:colcon.colcon_core.package_identification:_identify(Library/Artifacts/32) by extension 'ignore'
[3.346s] Level 1:colcon.colcon_core.package_identification:_identify(Library/Artifacts/32) by extension 'ignore_ament_install'
[3.350s] Level 1:colcon.colcon_core.package_identification:_identify(Library/Artifacts/32) by extensions ['colcon_pkg']
[3.351s] Level 1:colcon.colcon_core.package_identification:_identify(Library/Artifacts/32) by extension 'colcon_pkg'
[3.353s] Level 1:colcon.colcon_core.package_identification:_identify(Library/Artifacts/32) by extensions ['colcon_meta']
[3.354s] Level 1:colcon.colcon_core.package_identification:_identify(Library/Artifacts/32) by extension 'colcon_meta'
[3.359s] Level 1:colcon.colcon_core.package_identification:_identify(Library/Artifacts/32) by extensions ['ros']
[3.360s] Level 1:colcon.colcon_core.package_identification:_identify(Library/Artifacts/32) by extension 'ros'
[3.368s] Level 1:colcon.colcon_core.package_identification:_identify(Library/Artifacts/32) by extensions ['cmake', 'python']
[3.369s] Level 1:colcon.colcon_core.package_identification:_identify(Library/Artifacts/32) by extension 'cmake'
[3.372s] Level 1:colcon.colcon_core.package_identification:_identify(Library/Artifacts/32) by extension 'python'
[3.375s] Level 1:colcon.colcon_core.package_identification:_identify(Library/Artifacts/32) by extensions ['python_setup_py']
[3.376s] Level 1:colcon.colcon_core.package_identification:_identify(Library/Artifacts/32) by extension 'python_setup_py'
[3.385s] Level 1:colcon.colcon_core.package_identification:_identify(Library/Artifacts/33) by extensions ['ignore', 'ignore_ament_install']
[3.385s] Level 1:colcon.colcon_core.package_identification:_identify(Library/Artifacts/33) by extension 'ignore'
[3.388s] Level 1:colcon.colcon_core.package_identification:_identify(Library/Artifacts/33) by extension 'ignore_ament_install'
[3.392s] Level 1:colcon.colcon_core.package_identification:_identify(Library/Artifacts/33) by extensions ['colcon_pkg']
[3.393s] Level 1:colcon.colcon_core.package_identification:_identify(Library/Artifacts/33) by extension 'colcon_pkg'
[3.395s] Level 1:colcon.colcon_core.package_identification:_identify(Library/Artifacts/33) by extensions ['colcon_meta']
[3.396s] Level 1:colcon.colcon_core.package_identification:_identify(Library/Artifacts/33) by extension 'colcon_meta'
[3.400s] Level 1:colcon.colcon_core.package_identification:_identify(Library/Artifacts/33) by extensions ['ros']
[3.401s] Level 1:colcon.colcon_core.package_identification:_identify(Library/Artifacts/33) by extension 'ros'
[3.409s] Level 1:colcon.colcon_core.package_identification:_identify(Library/Artifacts/33) by extensions ['cmake', 'python']
[3.410s] Level 1:colcon.colcon_core.package_identification:_identify(Library/Artifacts/33) by extension 'cmake'
[3.412s] Level 1:colcon.colcon_core.package_identification:_identify(Library/Artifacts/33) by extension 'python'
[3.415s] Level 1:colcon.colcon_core.package_identification:_identify(Library/Artifacts/33) by extensions ['python_setup_py']
[3.415s] Level 1:colcon.colcon_core.package_identification:_identify(Library/Artifacts/33) by extension 'python_setup_py'
[3.425s] Level 1:colcon.colcon_core.package_identification:_identify(Library/Artifacts/34) by extensions ['ignore', 'ignore_ament_install']
[3.426s] Level 1:colcon.colcon_core.package_identification:_identify(Library/Artifacts/34) by extension 'ignore'
[3.428s] Level 1:colcon.colcon_core.package_identification:_identify(Library/Artifacts/34) by extension 'ignore_ament_install'
[3.434s] Level 1:colcon.colcon_core.package_identification:_identify(Library/Artifacts/34) by extensions ['colcon_pkg']
[3.435s] Level 1:colcon.colcon_core.package_identification:_identify(Library/Artifacts/34) by extension 'colcon_pkg'
[3.437s] Level 1:colcon.colcon_core.package_identification:_identify(Library/Artifacts/34) by extensions ['colcon_meta']
[3.438s] Level 1:colcon.colcon_core.package_identification:_identify(Library/Artifacts/34) by extension 'colcon_meta'
[3.442s] Level 1:colcon.colcon_core.package_identification:_identify(Library/Artifacts/34) by extensions ['ros']
[3.443s] Level 1:colcon.colcon_core.package_identification:_identify(Library/Artifacts/34) by extension 'ros'
[3.452s] Level 1:colcon.colcon_core.package_identification:_identify(Library/Artifacts/34) by extensions ['cmake', 'python']
[3.453s] Level 1:colcon.colcon_core.package_identification:_identify(Library/Artifacts/34) by extension 'cmake'
[3.457s] Level 1:colcon.colcon_core.package_identification:_identify(Library/Artifacts/34) by extension 'python'
[3.459s] Level 1:colcon.colcon_core.package_identification:_identify(Library/Artifacts/34) by extensions ['python_setup_py']
[3.459s] Level 1:colcon.colcon_core.package_identification:_identify(Library/Artifacts/34) by extension 'python_setup_py'
[3.469s] Level 1:colcon.colcon_core.package_identification:_identify(Library/Artifacts/35) by extensions ['ignore', 'ignore_ament_install']
[3.470s] Level 1:colcon.colcon_core.package_identification:_identify(Library/Artifacts/35) by extension 'ignore'
[3.472s] Level 1:colcon.colcon_core.package_identification:_identify(Library/Artifacts/35) by extension 'ignore_ament_install'
[3.476s] Level 1:colcon.colcon_core.package_identification:_identify(Library/Artifacts/35) by extensions ['colcon_pkg']
[3.476s] Level 1:colcon.colcon_core.package_identification:_identify(Library/Artifacts/35) by extension 'colcon_pkg'
[3.479s] Level 1:colcon.colcon_core.package_identification:_identify(Library/Artifacts/35) by extensions ['colcon_meta']
[3.479s] Level 1:colcon.colcon_core.package_identification:_identify(Library/Artifacts/35) by extension 'colcon_meta'
[3.484s] Level 1:colcon.colcon_core.package_identification:_identify(Library/Artifacts/35) by extensions ['ros']
[3.484s] Level 1:colcon.colcon_core.package_identification:_identify(Library/Artifacts/35) by extension 'ros'
[3.493s] Level 1:colcon.colcon_core.package_identification:_identify(Library/Artifacts/35) by extensions ['cmake', 'python']
[3.494s] Level 1:colcon.colcon_core.package_identification:_identify(Library/Artifacts/35) by extension 'cmake'
[3.496s] Level 1:colcon.colcon_core.package_identification:_identify(Library/Artifacts/35) by extension 'python'
[3.499s] Level 1:colcon.colcon_core.package_identification:_identify(Library/Artifacts/35) by extensions ['python_setup_py']
[3.500s] Level 1:colcon.colcon_core.package_identification:_identify(Library/Artifacts/35) by extension 'python_setup_py'
[3.508s] Level 1:colcon.colcon_core.package_identification:_identify(Library/Artifacts/36) by extensions ['ignore', 'ignore_ament_install']
[3.509s] Level 1:colcon.colcon_core.package_identification:_identify(Library/Artifacts/36) by extension 'ignore'
[3.511s] Level 1:colcon.colcon_core.package_identification:_identify(Library/Artifacts/36) by extension 'ignore_ament_install'
[3.515s] Level 1:colcon.colcon_core.package_identification:_identify(Library/Artifacts/36) by extensions ['colcon_pkg']
[3.515s] Level 1:colcon.colcon_core.package_identification:_identify(Library/Artifacts/36) by extension 'colcon_pkg'
[3.517s] Level 1:colcon.colcon_core.package_identification:_identify(Library/Artifacts/36) by extensions ['colcon_meta']
[3.518s] Level 1:colcon.colcon_core.package_identification:_identify(Library/Artifacts/36) by extension 'colcon_meta'
[3.522s] Level 1:colcon.colcon_core.package_identification:_identify(Library/Artifacts/36) by extensions ['ros']
[3.523s] Level 1:colcon.colcon_core.package_identification:_identify(Library/Artifacts/36) by extension 'ros'
[3.533s] Level 1:colcon.colcon_core.package_identification:_identify(Library/Artifacts/36) by extensions ['cmake', 'python']
[3.534s] Level 1:colcon.colcon_core.package_identification:_identify(Library/Artifacts/36) by extension 'cmake'
[3.536s] Level 1:colcon.colcon_core.package_identification:_identify(Library/Artifacts/36) by extension 'python'
[3.539s] Level 1:colcon.colcon_core.package_identification:_identify(Library/Artifacts/36) by extensions ['python_setup_py']
[3.540s] Level 1:colcon.colcon_core.package_identification:_identify(Library/Artifacts/36) by extension 'python_setup_py'
[3.549s] Level 1:colcon.colcon_core.package_identification:_identify(Library/Artifacts/37) by extensions ['ignore', 'ignore_ament_install']
[3.549s] Level 1:colcon.colcon_core.package_identification:_identify(Library/Artifacts/37) by extension 'ignore'
[3.552s] Level 1:colcon.colcon_core.package_identification:_identify(Library/Artifacts/37) by extension 'ignore_ament_install'
[3.557s] Level 1:colcon.colcon_core.package_identification:_identify(Library/Artifacts/37) by extensions ['colcon_pkg']
[3.558s] Level 1:colcon.colcon_core.package_identification:_identify(Library/Artifacts/37) by extension 'colcon_pkg'
[3.561s] Level 1:colcon.colcon_core.package_identification:_identify(Library/Artifacts/37) by extensions ['colcon_meta']
[3.562s] Level 1:colcon.colcon_core.package_identification:_identify(Library/Artifacts/37) by extension 'colcon_meta'
[3.565s] Level 1:colcon.colcon_core.package_identification:_identify(Library/Artifacts/37) by extensions ['ros']
[3.566s] Level 1:colcon.colcon_core.package_identification:_identify(Library/Artifacts/37) by extension 'ros'
[3.574s] Level 1:colcon.colcon_core.package_identification:_identify(Library/Artifacts/37) by extensions ['cmake', 'python']
[3.574s] Level 1:colcon.colcon_core.package_identification:_identify(Library/Artifacts/37) by extension 'cmake'
[3.576s] Level 1:colcon.colcon_core.package_identification:_identify(Library/Artifacts/37) by extension 'python'
[3.578s] Level 1:colcon.colcon_core.package_identification:_identify(Library/Artifacts/37) by extensions ['python_setup_py']
[3.579s] Level 1:colcon.colcon_core.package_identification:_identify(Library/Artifacts/37) by extension 'python_setup_py'
[3.588s] Level 1:colcon.colcon_core.package_identification:_identify(Library/Artifacts/38) by extensions ['ignore', 'ignore_ament_install']
[3.589s] Level 1:colcon.colcon_core.package_identification:_identify(Library/Artifacts/38) by extension 'ignore'
[3.592s] Level 1:colcon.colcon_core.package_identification:_identify(Library/Artifacts/38) by extension 'ignore_ament_install'
[3.596s] Level 1:colcon.colcon_core.package_identification:_identify(Library/Artifacts/38) by extensions ['colcon_pkg']
[3.597s] Level 1:colcon.colcon_core.package_identification:_identify(Library/Artifacts/38) by extension 'colcon_pkg'
[3.599s] Level 1:colcon.colcon_core.package_identification:_identify(Library/Artifacts/38) by extensions ['colcon_meta']
[3.600s] Level 1:colcon.colcon_core.package_identification:_identify(Library/Artifacts/38) by extension 'colcon_meta'
[3.605s] Level 1:colcon.colcon_core.package_identification:_identify(Library/Artifacts/38) by extensions ['ros']
[3.606s] Level 1:colcon.colcon_core.package_identification:_identify(Library/Artifacts/38) by extension 'ros'
[3.619s] Level 1:colcon.colcon_core.package_identification:_identify(Library/Artifacts/38) by extensions ['cmake', 'python']
[3.619s] Level 1:colcon.colcon_core.package_identification:_identify(Library/Artifacts/38) by extension 'cmake'
[3.622s] Level 1:colcon.colcon_core.package_identification:_identify(Library/Artifacts/38) by extension 'python'
[3.626s] Level 1:colcon.colcon_core.package_identification:_identify(Library/Artifacts/38) by extensions ['python_setup_py']
[3.627s] Level 1:colcon.colcon_core.package_identification:_identify(Library/Artifacts/38) by extension 'python_setup_py'
[3.639s] Level 1:colcon.colcon_core.package_identification:_identify(Library/Artifacts/39) by extensions ['ignore', 'ignore_ament_install']
[3.641s] Level 1:colcon.colcon_core.package_identification:_identify(Library/Artifacts/39) by extension 'ignore'
[3.643s] Level 1:colcon.colcon_core.package_identification:_identify(Library/Artifacts/39) by extension 'ignore_ament_install'
[3.647s] Level 1:colcon.colcon_core.package_identification:_identify(Library/Artifacts/39) by extensions ['colcon_pkg']
[3.648s] Level 1:colcon.colcon_core.package_identification:_identify(Library/Artifacts/39) by extension 'colcon_pkg'
[3.650s] Level 1:colcon.colcon_core.package_identification:_identify(Library/Artifacts/39) by extensions ['colcon_meta']
[3.651s] Level 1:colcon.colcon_core.package_identification:_identify(Library/Artifacts/39) by extension 'colcon_meta'
[3.655s] Level 1:colcon.colcon_core.package_identification:_identify(Library/Artifacts/39) by extensions ['ros']
[3.655s] Level 1:colcon.colcon_core.package_identification:_identify(Library/Artifacts/39) by extension 'ros'
[3.665s] Level 1:colcon.colcon_core.package_identification:_identify(Library/Artifacts/39) by extensions ['cmake', 'python']
[3.665s] Level 1:colcon.colcon_core.package_identification:_identify(Library/Artifacts/39) by extension 'cmake'
[3.667s] Level 1:colcon.colcon_core.package_identification:_identify(Library/Artifacts/39) by extension 'python'
[3.670s] Level 1:colcon.colcon_core.package_identification:_identify(Library/Artifacts/39) by extensions ['python_setup_py']
[3.670s] Level 1:colcon.colcon_core.package_identification:_identify(Library/Artifacts/39) by extension 'python_setup_py'
[3.679s] Level 1:colcon.colcon_core.package_identification:_identify(Library/Artifacts/3a) by extensions ['ignore', 'ignore_ament_install']
[3.680s] Level 1:colcon.colcon_core.package_identification:_identify(Library/Artifacts/3a) by extension 'ignore'
[3.682s] Level 1:colcon.colcon_core.package_identification:_identify(Library/Artifacts/3a) by extension 'ignore_ament_install'
[3.687s] Level 1:colcon.colcon_core.package_identification:_identify(Library/Artifacts/3a) by extensions ['colcon_pkg']
[3.688s] Level 1:colcon.colcon_core.package_identification:_identify(Library/Artifacts/3a) by extension 'colcon_pkg'
[3.691s] Level 1:colcon.colcon_core.package_identification:_identify(Library/Artifacts/3a) by extensions ['colcon_meta']
[3.692s] Level 1:colcon.colcon_core.package_identification:_identify(Library/Artifacts/3a) by extension 'colcon_meta'
[3.696s] Level 1:colcon.colcon_core.package_identification:_identify(Library/Artifacts/3a) by extensions ['ros']
[3.697s] Level 1:colcon.colcon_core.package_identification:_identify(Library/Artifacts/3a) by extension 'ros'
[3.707s] Level 1:colcon.colcon_core.package_identification:_identify(Library/Artifacts/3a) by extensions ['cmake', 'python']
[3.708s] Level 1:colcon.colcon_core.package_identification:_identify(Library/Artifacts/3a) by extension 'cmake'
[3.711s] Level 1:colcon.colcon_core.package_identification:_identify(Library/Artifacts/3a) by extension 'python'
[3.714s] Level 1:colcon.colcon_core.package_identification:_identify(Library/Artifacts/3a) by extensions ['python_setup_py']
[3.715s] Level 1:colcon.colcon_core.package_identification:_identify(Library/Artifacts/3a) by extension 'python_setup_py'
[3.724s] Level 1:colcon.colcon_core.package_identification:_identify(Library/Artifacts/3b) by extensions ['ignore', 'ignore_ament_install']
[3.725s] Level 1:colcon.colcon_core.package_identification:_identify(Library/Artifacts/3b) by extension 'ignore'
[3.728s] Level 1:colcon.colcon_core.package_identification:_identify(Library/Artifacts/3b) by extension 'ignore_ament_install'
[3.732s] Level 1:colcon.colcon_core.package_identification:_identify(Library/Artifacts/3b) by extensions ['colcon_pkg']
[3.733s] Level 1:colcon.colcon_core.package_identification:_identify(Library/Artifacts/3b) by extension 'colcon_pkg'
[3.736s] Level 1:colcon.colcon_core.package_identification:_identify(Library/Artifacts/3b) by extensions ['colcon_meta']
[3.737s] Level 1:colcon.colcon_core.package_identification:_identify(Library/Artifacts/3b) by extension 'colcon_meta'
[3.741s] Level 1:colcon.colcon_core.package_identification:_identify(Library/Artifacts/3b) by extensions ['ros']
[3.741s] Level 1:colcon.colcon_core.package_identification:_identify(Library/Artifacts/3b) by extension 'ros'
[3.750s] Level 1:colcon.colcon_core.package_identification:_identify(Library/Artifacts/3b) by extensions ['cmake', 'python']
[3.751s] Level 1:colcon.colcon_core.package_identification:_identify(Library/Artifacts/3b) by extension 'cmake'
[3.754s] Level 1:colcon.colcon_core.package_identification:_identify(Library/Artifacts/3b) by extension 'python'
[3.757s] Level 1:colcon.colcon_core.package_identification:_identify(Library/Artifacts/3b) by extensions ['python_setup_py']
[3.758s] Level 1:colcon.colcon_core.package_identification:_identify(Library/Artifacts/3b) by extension 'python_setup_py'
[3.766s] Level 1:colcon.colcon_core.package_identification:_identify(Library/Artifacts/3c) by extensions ['ignore', 'ignore_ament_install']
[3.767s] Level 1:colcon.colcon_core.package_identification:_identify(Library/Artifacts/3c) by extension 'ignore'
[3.769s] Level 1:colcon.colcon_core.package_identification:_identify(Library/Artifacts/3c) by extension 'ignore_ament_install'
[3.773s] Level 1:colcon.colcon_core.package_identification:_identify(Library/Artifacts/3c) by extensions ['colcon_pkg']
[3.774s] Level 1:colcon.colcon_core.package_identification:_identify(Library/Artifacts/3c) by extension 'colcon_pkg'
[3.776s] Level 1:colcon.colcon_core.package_identification:_identify(Library/Artifacts/3c) by extensions ['colcon_meta']
[3.777s] Level 1:colcon.colcon_core.package_identification:_identify(Library/Artifacts/3c) by extension 'colcon_meta'
[3.781s] Level 1:colcon.colcon_core.package_identification:_identify(Library/Artifacts/3c) by extensions ['ros']
[3.782s] Level 1:colcon.colcon_core.package_identification:_identify(Library/Artifacts/3c) by extension 'ros'
[3.791s] Level 1:colcon.colcon_core.package_identification:_identify(Library/Artifacts/3c) by extensions ['cmake', 'python']
[3.792s] Level 1:colcon.colcon_core.package_identification:_identify(Library/Artifacts/3c) by extension 'cmake'
[3.794s] Level 1:colcon.colcon_core.package_identification:_identify(Library/Artifacts/3c) by extension 'python'
[3.797s] Level 1:colcon.colcon_core.package_identification:_identify(Library/Artifacts/3c) by extensions ['python_setup_py']
[3.798s] Level 1:colcon.colcon_core.package_identification:_identify(Library/Artifacts/3c) by extension 'python_setup_py'
[3.807s] Level 1:colcon.colcon_core.package_identification:_identify(Library/Artifacts/3d) by extensions ['ignore', 'ignore_ament_install']
[3.808s] Level 1:colcon.colcon_core.package_identification:_identify(Library/Artifacts/3d) by extension 'ignore'
[3.810s] Level 1:colcon.colcon_core.package_identification:_identify(Library/Artifacts/3d) by extension 'ignore_ament_install'
[3.814s] Level 1:colcon.colcon_core.package_identification:_identify(Library/Artifacts/3d) by extensions ['colcon_pkg']
[3.815s] Level 1:colcon.colcon_core.package_identification:_identify(Library/Artifacts/3d) by extension 'colcon_pkg'
[3.817s] Level 1:colcon.colcon_core.package_identification:_identify(Library/Artifacts/3d) by extensions ['colcon_meta']
[3.818s] Level 1:colcon.colcon_core.package_identification:_identify(Library/Artifacts/3d) by extension 'colcon_meta'
[3.822s] Level 1:colcon.colcon_core.package_identification:_identify(Library/Artifacts/3d) by extensions ['ros']
[3.823s] Level 1:colcon.colcon_core.package_identification:_identify(Library/Artifacts/3d) by extension 'ros'
[3.831s] Level 1:colcon.colcon_core.package_identification:_identify(Library/Artifacts/3d) by extensions ['cmake', 'python']
[3.832s] Level 1:colcon.colcon_core.package_identification:_identify(Library/Artifacts/3d) by extension 'cmake'
[3.835s] Level 1:colcon.colcon_core.package_identification:_identify(Library/Artifacts/3d) by extension 'python'
[3.837s] Level 1:colcon.colcon_core.package_identification:_identify(Library/Artifacts/3d) by extensions ['python_setup_py']
[3.837s] Level 1:colcon.colcon_core.package_identification:_identify(Library/Artifacts/3d) by extension 'python_setup_py'
[3.846s] Level 1:colcon.colcon_core.package_identification:_identify(Library/Artifacts/3e) by extensions ['ignore', 'ignore_ament_install']
[3.847s] Level 1:colcon.colcon_core.package_identification:_identify(Library/Artifacts/3e) by extension 'ignore'
[3.850s] Level 1:colcon.colcon_core.package_identification:_identify(Library/Artifacts/3e) by extension 'ignore_ament_install'
[3.856s] Level 1:colcon.colcon_core.package_identification:_identify(Library/Artifacts/3e) by extensions ['colcon_pkg']
[3.857s] Level 1:colcon.colcon_core.package_identification:_identify(Library/Artifacts/3e) by extension 'colcon_pkg'
[3.859s] Level 1:colcon.colcon_core.package_identification:_identify(Library/Artifacts/3e) by extensions ['colcon_meta']
[3.860s] Level 1:colcon.colcon_core.package_identification:_identify(Library/Artifacts/3e) by extension 'colcon_meta'
[3.865s] Level 1:colcon.colcon_core.package_identification:_identify(Library/Artifacts/3e) by extensions ['ros']
[3.866s] Level 1:colcon.colcon_core.package_identification:_identify(Library/Artifacts/3e) by extension 'ros'
[3.876s] Level 1:colcon.colcon_core.package_identification:_identify(Library/Artifacts/3e) by extensions ['cmake', 'python']
[3.877s] Level 1:colcon.colcon_core.package_identification:_identify(Library/Artifacts/3e) by extension 'cmake'
[3.880s] Level 1:colcon.colcon_core.package_identification:_identify(Library/Artifacts/3e) by extension 'python'
[3.883s] Level 1:colcon.colcon_core.package_identification:_identify(Library/Artifacts/3e) by extensions ['python_setup_py']
[3.884s] Level 1:colcon.colcon_core.package_identification:_identify(Library/Artifacts/3e) by extension 'python_setup_py'
[3.893s] Level 1:colcon.colcon_core.package_identification:_identify(Library/Artifacts/3f) by extensions ['ignore', 'ignore_ament_install']
[3.895s] Level 1:colcon.colcon_core.package_identification:_identify(Library/Artifacts/3f) by extension 'ignore'
[3.898s] Level 1:colcon.colcon_core.package_identification:_identify(Library/Artifacts/3f) by extension 'ignore_ament_install'
[3.902s] Level 1:colcon.colcon_core.package_identification:_identify(Library/Artifacts/3f) by extensions ['colcon_pkg']
[3.902s] Level 1:colcon.colcon_core.package_identification:_identify(Library/Artifacts/3f) by extension 'colcon_pkg'
[3.905s] Level 1:colcon.colcon_core.package_identification:_identify(Library/Artifacts/3f) by extensions ['colcon_meta']
[3.905s] Level 1:colcon.colcon_core.package_identification:_identify(Library/Artifacts/3f) by extension 'colcon_meta'
[3.910s] Level 1:colcon.colcon_core.package_identification:_identify(Library/Artifacts/3f) by extensions ['ros']
[3.910s] Level 1:colcon.colcon_core.package_identification:_identify(Library/Artifacts/3f) by extension 'ros'
[3.919s] Level 1:colcon.colcon_core.package_identification:_identify(Library/Artifacts/3f) by extensions ['cmake', 'python']
[3.920s] Level 1:colcon.colcon_core.package_identification:_identify(Library/Artifacts/3f) by extension 'cmake'
[3.923s] Level 1:colcon.colcon_core.package_identification:_identify(Library/Artifacts/3f) by extension 'python'
[3.925s] Level 1:colcon.colcon_core.package_identification:_identify(Library/Artifacts/3f) by extensions ['python_setup_py']
[3.926s] Level 1:colcon.colcon_core.package_identification:_identify(Library/Artifacts/3f) by extension 'python_setup_py'
[3.935s] Level 1:colcon.colcon_core.package_identification:_identify(Library/Artifacts/40) by extensions ['ignore', 'ignore_ament_install']
[3.935s] Level 1:colcon.colcon_core.package_identification:_identify(Library/Artifacts/40) by extension 'ignore'
[3.938s] Level 1:colcon.colcon_core.package_identification:_identify(Library/Artifacts/40) by extension 'ignore_ament_install'
[3.942s] Level 1:colcon.colcon_core.package_identification:_identify(Library/Artifacts/40) by extensions ['colcon_pkg']
[3.943s] Level 1:colcon.colcon_core.package_identification:_identify(Library/Artifacts/40) by extension 'colcon_pkg'
[3.945s] Level 1:colcon.colcon_core.package_identification:_identify(Library/Artifacts/40) by extensions ['colcon_meta']
[3.946s] Level 1:colcon.colcon_core.package_identification:_identify(Library/Artifacts/40) by extension 'colcon_meta'
[3.950s] Level 1:colcon.colcon_core.package_identification:_identify(Library/Artifacts/40) by extensions ['ros']
[3.951s] Level 1:colcon.colcon_core.package_identification:_identify(Library/Artifacts/40) by extension 'ros'
[3.962s] Level 1:colcon.colcon_core.package_identification:_identify(Library/Artifacts/40) by extensions ['cmake', 'python']
[3.963s] Level 1:colcon.colcon_core.package_identification:_identify(Library/Artifacts/40) by extension 'cmake'
[3.967s] Level 1:colcon.colcon_core.package_identification:_identify(Library/Artifacts/40) by extension 'python'
[3.970s] Level 1:colcon.colcon_core.package_identification:_identify(Library/Artifacts/40) by extensions ['python_setup_py']
[3.971s] Level 1:colcon.colcon_core.package_identification:_identify(Library/Artifacts/40) by extension 'python_setup_py'
[3.980s] Level 1:colcon.colcon_core.package_identification:_identify(Library/Artifacts/41) by extensions ['ignore', 'ignore_ament_install']
[3.981s] Level 1:colcon.colcon_core.package_identification:_identify(Library/Artifacts/41) by extension 'ignore'
[3.983s] Level 1:colcon.colcon_core.package_identification:_identify(Library/Artifacts/41) by extension 'ignore_ament_install'
[3.988s] Level 1:colcon.colcon_core.package_identification:_identify(Library/Artifacts/41) by extensions ['colcon_pkg']
[3.989s] Level 1:colcon.colcon_core.package_identification:_identify(Library/Artifacts/41) by extension 'colcon_pkg'
[3.992s] Level 1:colcon.colcon_core.package_identification:_identify(Library/Artifacts/41) by extensions ['colcon_meta']
[3.993s] Level 1:colcon.colcon_core.package_identification:_identify(Library/Artifacts/41) by extension 'colcon_meta'
[3.996s] Level 1:colcon.colcon_core.package_identification:_identify(Library/Artifacts/41) by extensions ['ros']
[3.997s] Level 1:colcon.colcon_core.package_identification:_identify(Library/Artifacts/41) by extension 'ros'
[4.007s] Level 1:colcon.colcon_core.package_identification:_identify(Library/Artifacts/41) by extensions ['cmake', 'python']
[4.008s] Level 1:colcon.colcon_core.package_identification:_identify(Library/Artifacts/41) by extension 'cmake'
[4.010s] Level 1:colcon.colcon_core.package_identification:_identify(Library/Artifacts/41) by extension 'python'
[4.012s] Level 1:colcon.colcon_core.package_identification:_identify(Library/Artifacts/41) by extensions ['python_setup_py']
[4.013s] Level 1:colcon.colcon_core.package_identification:_identify(Library/Artifacts/41) by extension 'python_setup_py'
[4.024s] Level 1:colcon.colcon_core.package_identification:_identify(Library/Artifacts/42) by extensions ['ignore', 'ignore_ament_install']
[4.024s] Level 1:colcon.colcon_core.package_identification:_identify(Library/Artifacts/42) by extension 'ignore'
[4.027s] Level 1:colcon.colcon_core.package_identification:_identify(Library/Artifacts/42) by extension 'ignore_ament_install'
[4.031s] Level 1:colcon.colcon_core.package_identification:_identify(Library/Artifacts/42) by extensions ['colcon_pkg']
[4.032s] Level 1:colcon.colcon_core.package_identification:_identify(Library/Artifacts/42) by extension 'colcon_pkg'
[4.035s] Level 1:colcon.colcon_core.package_identification:_identify(Library/Artifacts/42) by extensions ['colcon_meta']
[4.036s] Level 1:colcon.colcon_core.package_identification:_identify(Library/Artifacts/42) by extension 'colcon_meta'
[4.040s] Level 1:colcon.colcon_core.package_identification:_identify(Library/Artifacts/42) by extensions ['ros']
[4.041s] Level 1:colcon.colcon_core.package_identification:_identify(Library/Artifacts/42) by extension 'ros'
[4.052s] Level 1:colcon.colcon_core.package_identification:_identify(Library/Artifacts/42) by extensions ['cmake', 'python']
[4.052s] Level 1:colcon.colcon_core.package_identification:_identify(Library/Artifacts/42) by extension 'cmake'
[4.056s] Level 1:colcon.colcon_core.package_identification:_identify(Library/Artifacts/42) by extension 'python'
[4.059s] Level 1:colcon.colcon_core.package_identification:_identify(Library/Artifacts/42) by extensions ['python_setup_py']
[4.060s] Level 1:colcon.colcon_core.package_identification:_identify(Library/Artifacts/42) by extension 'python_setup_py'
[4.069s] Level 1:colcon.colcon_core.package_identification:_identify(Library/Artifacts/43) by extensions ['ignore', 'ignore_ament_install']
[4.070s] Level 1:colcon.colcon_core.package_identification:_identify(Library/Artifacts/43) by extension 'ignore'
[4.073s] Level 1:colcon.colcon_core.package_identification:_identify(Library/Artifacts/43) by extension 'ignore_ament_install'
[4.078s] Level 1:colcon.colcon_core.package_identification:_identify(Library/Artifacts/43) by extensions ['colcon_pkg']
[4.079s] Level 1:colcon.colcon_core.package_identification:_identify(Library/Artifacts/43) by extension 'colcon_pkg'
[4.082s] Level 1:colcon.colcon_core.package_identification:_identify(Library/Artifacts/43) by extensions ['colcon_meta']
[4.083s] Level 1:colcon.colcon_core.package_identification:_identify(Library/Artifacts/43) by extension 'colcon_meta'
[4.087s] Level 1:colcon.colcon_core.package_identification:_identify(Library/Artifacts/43) by extensions ['ros']
[4.088s] Level 1:colcon.colcon_core.package_identification:_identify(Library/Artifacts/43) by extension 'ros'
[4.097s] Level 1:colcon.colcon_core.package_identification:_identify(Library/Artifacts/43) by extensions ['cmake', 'python']
[4.098s] Level 1:colcon.colcon_core.package_identification:_identify(Library/Artifacts/43) by extension 'cmake'
[4.100s] Level 1:colcon.colcon_core.package_identification:_identify(Library/Artifacts/43) by extension 'python'
[4.103s] Level 1:colcon.colcon_core.package_identification:_identify(Library/Artifacts/43) by extensions ['python_setup_py']
[4.104s] Level 1:colcon.colcon_core.package_identification:_identify(Library/Artifacts/43) by extension 'python_setup_py'
[4.114s] Level 1:colcon.colcon_core.package_identification:_identify(Library/Artifacts/44) by extensions ['ignore', 'ignore_ament_install']
[4.114s] Level 1:colcon.colcon_core.package_identification:_identify(Library/Artifacts/44) by extension 'ignore'
[4.117s] Level 1:colcon.colcon_core.package_identification:_identify(Library/Artifacts/44) by extension 'ignore_ament_install'
[4.121s] Level 1:colcon.colcon_core.package_identification:_identify(Library/Artifacts/44) by extensions ['colcon_pkg']
[4.122s] Level 1:colcon.colcon_core.package_identification:_identify(Library/Artifacts/44) by extension 'colcon_pkg'
[4.125s] Level 1:colcon.colcon_core.package_identification:_identify(Library/Artifacts/44) by extensions ['colcon_meta']
[4.125s] Level 1:colcon.colcon_core.package_identification:_identify(Library/Artifacts/44) by extension 'colcon_meta'
[4.130s] Level 1:colcon.colcon_core.package_identification:_identify(Library/Artifacts/44) by extensions ['ros']
[4.131s] Level 1:colcon.colcon_core.package_identification:_identify(Library/Artifacts/44) by extension 'ros'
[4.142s] Level 1:colcon.colcon_core.package_identification:_identify(Library/Artifacts/44) by extensions ['cmake', 'python']
[4.143s] Level 1:colcon.colcon_core.package_identification:_identify(Library/Artifacts/44) by extension 'cmake'
[4.146s] Level 1:colcon.colcon_core.package_identification:_identify(Library/Artifacts/44) by extension 'python'
[4.149s] Level 1:colcon.colcon_core.package_identification:_identify(Library/Artifacts/44) by extensions ['python_setup_py']
[4.150s] Level 1:colcon.colcon_core.package_identification:_identify(Library/Artifacts/44) by extension 'python_setup_py'
[4.159s] Level 1:colcon.colcon_core.package_identification:_identify(Library/Artifacts/45) by extensions ['ignore', 'ignore_ament_install']
[4.160s] Level 1:colcon.colcon_core.package_identification:_identify(Library/Artifacts/45) by extension 'ignore'
[4.164s] Level 1:colcon.colcon_core.package_identification:_identify(Library/Artifacts/45) by extension 'ignore_ament_install'
[4.167s] Level 1:colcon.colcon_core.package_identification:_identify(Library/Artifacts/45) by extensions ['colcon_pkg']
[4.168s] Level 1:colcon.colcon_core.package_identification:_identify(Library/Artifacts/45) by extension 'colcon_pkg'
[4.170s] Level 1:colcon.colcon_core.package_identification:_identify(Library/Artifacts/45) by extensions ['colcon_meta']
[4.171s] Level 1:colcon.colcon_core.package_identification:_identify(Library/Artifacts/45) by extension 'colcon_meta'
[4.175s] Level 1:colcon.colcon_core.package_identification:_identify(Library/Artifacts/45) by extensions ['ros']
[4.176s] Level 1:colcon.colcon_core.package_identification:_identify(Library/Artifacts/45) by extension 'ros'
[4.184s] Level 1:colcon.colcon_core.package_identification:_identify(Library/Artifacts/45) by extensions ['cmake', 'python']
[4.185s] Level 1:colcon.colcon_core.package_identification:_identify(Library/Artifacts/45) by extension 'cmake'
[4.188s] Level 1:colcon.colcon_core.package_identification:_identify(Library/Artifacts/45) by extension 'python'
[4.191s] Level 1:colcon.colcon_core.package_identification:_identify(Library/Artifacts/45) by extensions ['python_setup_py']
[4.191s] Level 1:colcon.colcon_core.package_identification:_identify(Library/Artifacts/45) by extension 'python_setup_py'
[4.201s] Level 1:colcon.colcon_core.package_identification:_identify(Library/Artifacts/46) by extensions ['ignore', 'ignore_ament_install']
[4.202s] Level 1:colcon.colcon_core.package_identification:_identify(Library/Artifacts/46) by extension 'ignore'
[4.204s] Level 1:colcon.colcon_core.package_identification:_identify(Library/Artifacts/46) by extension 'ignore_ament_install'
[4.208s] Level 1:colcon.colcon_core.package_identification:_identify(Library/Artifacts/46) by extensions ['colcon_pkg']
[4.209s] Level 1:colcon.colcon_core.package_identification:_identify(Library/Artifacts/46) by extension 'colcon_pkg'
[4.212s] Level 1:colcon.colcon_core.package_identification:_identify(Library/Artifacts/46) by extensions ['colcon_meta']
[4.213s] Level 1:colcon.colcon_core.package_identification:_identify(Library/Artifacts/46) by extension 'colcon_meta'
[4.217s] Level 1:colcon.colcon_core.package_identification:_identify(Library/Artifacts/46) by extensions ['ros']
[4.218s] Level 1:colcon.colcon_core.package_identification:_identify(Library/Artifacts/46) by extension 'ros'
[4.226s] Level 1:colcon.colcon_core.package_identification:_identify(Library/Artifacts/46) by extensions ['cmake', 'python']
[4.227s] Level 1:colcon.colcon_core.package_identification:_identify(Library/Artifacts/46) by extension 'cmake'
[4.232s] Level 1:colcon.colcon_core.package_identification:_identify(Library/Artifacts/46) by extension 'python'
[4.236s] Level 1:colcon.colcon_core.package_identification:_identify(Library/Artifacts/46) by extensions ['python_setup_py']
[4.237s] Level 1:colcon.colcon_core.package_identification:_identify(Library/Artifacts/46) by extension 'python_setup_py'
[4.249s] Level 1:colcon.colcon_core.package_identification:_identify(Library/Artifacts/47) by extensions ['ignore', 'ignore_ament_install']
[4.250s] Level 1:colcon.colcon_core.package_identification:_identify(Library/Artifacts/47) by extension 'ignore'
[4.254s] Level 1:colcon.colcon_core.package_identification:_identify(Library/Artifacts/47) by extension 'ignore_ament_install'
[4.258s] Level 1:colcon.colcon_core.package_identification:_identify(Library/Artifacts/47) by extensions ['colcon_pkg']
[4.259s] Level 1:colcon.colcon_core.package_identification:_identify(Library/Artifacts/47) by extension 'colcon_pkg'
[4.261s] Level 1:colcon.colcon_core.package_identification:_identify(Library/Artifacts/47) by extensions ['colcon_meta']
[4.261s] Level 1:colcon.colcon_core.package_identification:_identify(Library/Artifacts/47) by extension 'colcon_meta'
[4.265s] Level 1:colcon.colcon_core.package_identification:_identify(Library/Artifacts/47) by extensions ['ros']
[4.266s] Level 1:colcon.colcon_core.package_identification:_identify(Library/Artifacts/47) by extension 'ros'
[4.274s] Level 1:colcon.colcon_core.package_identification:_identify(Library/Artifacts/47) by extensions ['cmake', 'python']
[4.275s] Level 1:colcon.colcon_core.package_identification:_identify(Library/Artifacts/47) by extension 'cmake'
[4.278s] Level 1:colcon.colcon_core.package_identification:_identify(Library/Artifacts/47) by extension 'python'
[4.280s] Level 1:colcon.colcon_core.package_identification:_identify(Library/Artifacts/47) by extensions ['python_setup_py']
[4.281s] Level 1:colcon.colcon_core.package_identification:_identify(Library/Artifacts/47) by extension 'python_setup_py'
[4.289s] Level 1:colcon.colcon_core.package_identification:_identify(Library/Artifacts/48) by extensions ['ignore', 'ignore_ament_install']
[4.290s] Level 1:colcon.colcon_core.package_identification:_identify(Library/Artifacts/48) by extension 'ignore'
[4.293s] Level 1:colcon.colcon_core.package_identification:_identify(Library/Artifacts/48) by extension 'ignore_ament_install'
[4.297s] Level 1:colcon.colcon_core.package_identification:_identify(Library/Artifacts/48) by extensions ['colcon_pkg']
[4.298s] Level 1:colcon.colcon_core.package_identification:_identify(Library/Artifacts/48) by extension 'colcon_pkg'
[4.300s] Level 1:colcon.colcon_core.package_identification:_identify(Library/Artifacts/48) by extensions ['colcon_meta']
[4.301s] Level 1:colcon.colcon_core.package_identification:_identify(Library/Artifacts/48) by extension 'colcon_meta'
[4.306s] Level 1:colcon.colcon_core.package_identification:_identify(Library/Artifacts/48) by extensions ['ros']
[4.307s] Level 1:colcon.colcon_core.package_identification:_identify(Library/Artifacts/48) by extension 'ros'
[4.316s] Level 1:colcon.colcon_core.package_identification:_identify(Library/Artifacts/48) by extensions ['cmake', 'python']
[4.316s] Level 1:colcon.colcon_core.package_identification:_identify(Library/Artifacts/48) by extension 'cmake'
[4.319s] Level 1:colcon.colcon_core.package_identification:_identify(Library/Artifacts/48) by extension 'python'
[4.322s] Level 1:colcon.colcon_core.package_identification:_identify(Library/Artifacts/48) by extensions ['python_setup_py']
[4.322s] Level 1:colcon.colcon_core.package_identification:_identify(Library/Artifacts/48) by extension 'python_setup_py'
[4.331s] Level 1:colcon.colcon_core.package_identification:_identify(Library/Artifacts/49) by extensions ['ignore', 'ignore_ament_install']
[4.332s] Level 1:colcon.colcon_core.package_identification:_identify(Library/Artifacts/49) by extension 'ignore'
[4.335s] Level 1:colcon.colcon_core.package_identification:_identify(Library/Artifacts/49) by extension 'ignore_ament_install'
[4.340s] Level 1:colcon.colcon_core.package_identification:_identify(Library/Artifacts/49) by extensions ['colcon_pkg']
[4.341s] Level 1:colcon.colcon_core.package_identification:_identify(Library/Artifacts/49) by extension 'colcon_pkg'
[4.344s] Level 1:colcon.colcon_core.package_identification:_identify(Library/Artifacts/49) by extensions ['colcon_meta']
[4.344s] Level 1:colcon.colcon_core.package_identification:_identify(Library/Artifacts/49) by extension 'colcon_meta'
[4.349s] Level 1:colcon.colcon_core.package_identification:_identify(Library/Artifacts/49) by extensions ['ros']
[4.349s] Level 1:colcon.colcon_core.package_identification:_identify(Library/Artifacts/49) by extension 'ros'
[4.358s] Level 1:colcon.colcon_core.package_identification:_identify(Library/Artifacts/49) by extensions ['cmake', 'python']
[4.359s] Level 1:colcon.colcon_core.package_identification:_identify(Library/Artifacts/49) by extension 'cmake'
[4.362s] Level 1:colcon.colcon_core.package_identification:_identify(Library/Artifacts/49) by extension 'python'
[4.364s] Level 1:colcon.colcon_core.package_identification:_identify(Library/Artifacts/49) by extensions ['python_setup_py']
[4.365s] Level 1:colcon.colcon_core.package_identification:_identify(Library/Artifacts/49) by extension 'python_setup_py'
[4.374s] Level 1:colcon.colcon_core.package_identification:_identify(Library/Artifacts/4a) by extensions ['ignore', 'ignore_ament_install']
[4.375s] Level 1:colcon.colcon_core.package_identification:_identify(Library/Artifacts/4a) by extension 'ignore'
[4.378s] Level 1:colcon.colcon_core.package_identification:_identify(Library/Artifacts/4a) by extension 'ignore_ament_install'
[4.382s] Level 1:colcon.colcon_core.package_identification:_identify(Library/Artifacts/4a) by extensions ['colcon_pkg']
[4.382s] Level 1:colcon.colcon_core.package_identification:_identify(Library/Artifacts/4a) by extension 'colcon_pkg'
[4.385s] Level 1:colcon.colcon_core.package_identification:_identify(Library/Artifacts/4a) by extensions ['colcon_meta']
[4.385s] Level 1:colcon.colcon_core.package_identification:_identify(Library/Artifacts/4a) by extension 'colcon_meta'
[4.389s] Level 1:colcon.colcon_core.package_identification:_identify(Library/Artifacts/4a) by extensions ['ros']
[4.390s] Level 1:colcon.colcon_core.package_identification:_identify(Library/Artifacts/4a) by extension 'ros'
[4.398s] Level 1:colcon.colcon_core.package_identification:_identify(Library/Artifacts/4a) by extensions ['cmake', 'python']
[4.399s] Level 1:colcon.colcon_core.package_identification:_identify(Library/Artifacts/4a) by extension 'cmake'
[4.402s] Level 1:colcon.colcon_core.package_identification:_identify(Library/Artifacts/4a) by extension 'python'
[4.404s] Level 1:colcon.colcon_core.package_identification:_identify(Library/Artifacts/4a) by extensions ['python_setup_py']
[4.404s] Level 1:colcon.colcon_core.package_identification:_identify(Library/Artifacts/4a) by extension 'python_setup_py'
[4.416s] Level 1:colcon.colcon_core.package_identification:_identify(Library/Artifacts/4b) by extensions ['ignore', 'ignore_ament_install']
[4.416s] Level 1:colcon.colcon_core.package_identification:_identify(Library/Artifacts/4b) by extension 'ignore'
[4.419s] Level 1:colcon.colcon_core.package_identification:_identify(Library/Artifacts/4b) by extension 'ignore_ament_install'
[4.423s] Level 1:colcon.colcon_core.package_identification:_identify(Library/Artifacts/4b) by extensions ['colcon_pkg']
[4.424s] Level 1:colcon.colcon_core.package_identification:_identify(Library/Artifacts/4b) by extension 'colcon_pkg'
[4.426s] Level 1:colcon.colcon_core.package_identification:_identify(Library/Artifacts/4b) by extensions ['colcon_meta']
[4.427s] Level 1:colcon.colcon_core.package_identification:_identify(Library/Artifacts/4b) by extension 'colcon_meta'
[4.431s] Level 1:colcon.colcon_core.package_identification:_identify(Library/Artifacts/4b) by extensions ['ros']
[4.432s] Level 1:colcon.colcon_core.package_identification:_identify(Library/Artifacts/4b) by extension 'ros'
[4.440s] Level 1:colcon.colcon_core.package_identification:_identify(Library/Artifacts/4b) by extensions ['cmake', 'python']
[4.441s] Level 1:colcon.colcon_core.package_identification:_identify(Library/Artifacts/4b) by extension 'cmake'
[4.443s] Level 1:colcon.colcon_core.package_identification:_identify(Library/Artifacts/4b) by extension 'python'
[4.444s] Level 1:colcon.colcon_core.package_identification:_identify(Library/Artifacts/4b) by extensions ['python_setup_py']
[4.445s] Level 1:colcon.colcon_core.package_identification:_identify(Library/Artifacts/4b) by extension 'python_setup_py'
[4.454s] Level 1:colcon.colcon_core.package_identification:_identify(Library/Artifacts/4c) by extensions ['ignore', 'ignore_ament_install']
[4.455s] Level 1:colcon.colcon_core.package_identification:_identify(Library/Artifacts/4c) by extension 'ignore'
[4.458s] Level 1:colcon.colcon_core.package_identification:_identify(Library/Artifacts/4c) by extension 'ignore_ament_install'
[4.462s] Level 1:colcon.colcon_core.package_identification:_identify(Library/Artifacts/4c) by extensions ['colcon_pkg']
[4.463s] Level 1:colcon.colcon_core.package_identification:_identify(Library/Artifacts/4c) by extension 'colcon_pkg'
[4.465s] Level 1:colcon.colcon_core.package_identification:_identify(Library/Artifacts/4c) by extensions ['colcon_meta']
[4.466s] Level 1:colcon.colcon_core.package_identification:_identify(Library/Artifacts/4c) by extension 'colcon_meta'
[4.470s] Level 1:colcon.colcon_core.package_identification:_identify(Library/Artifacts/4c) by extensions ['ros']
[4.470s] Level 1:colcon.colcon_core.package_identification:_identify(Library/Artifacts/4c) by extension 'ros'
[4.480s] Level 1:colcon.colcon_core.package_identification:_identify(Library/Artifacts/4c) by extensions ['cmake', 'python']
[4.480s] Level 1:colcon.colcon_core.package_identification:_identify(Library/Artifacts/4c) by extension 'cmake'
[4.483s] Level 1:colcon.colcon_core.package_identification:_identify(Library/Artifacts/4c) by extension 'python'
[4.485s] Level 1:colcon.colcon_core.package_identification:_identify(Library/Artifacts/4c) by extensions ['python_setup_py']
[4.486s] Level 1:colcon.colcon_core.package_identification:_identify(Library/Artifacts/4c) by extension 'python_setup_py'
[4.495s] Level 1:colcon.colcon_core.package_identification:_identify(Library/Artifacts/4d) by extensions ['ignore', 'ignore_ament_install']
[4.496s] Level 1:colcon.colcon_core.package_identification:_identify(Library/Artifacts/4d) by extension 'ignore'
[4.497s] Level 1:colcon.colcon_core.package_identification:_identify(Library/Artifacts/4d) by extension 'ignore_ament_install'
[4.501s] Level 1:colcon.colcon_core.package_identification:_identify(Library/Artifacts/4d) by extensions ['colcon_pkg']
[4.502s] Level 1:colcon.colcon_core.package_identification:_identify(Library/Artifacts/4d) by extension 'colcon_pkg'
[4.504s] Level 1:colcon.colcon_core.package_identification:_identify(Library/Artifacts/4d) by extensions ['colcon_meta']
[4.505s] Level 1:colcon.colcon_core.package_identification:_identify(Library/Artifacts/4d) by extension 'colcon_meta'
[4.509s] Level 1:colcon.colcon_core.package_identification:_identify(Library/Artifacts/4d) by extensions ['ros']
[4.509s] Level 1:colcon.colcon_core.package_identification:_identify(Library/Artifacts/4d) by extension 'ros'
[4.519s] Level 1:colcon.colcon_core.package_identification:_identify(Library/Artifacts/4d) by extensions ['cmake', 'python']
[4.520s] Level 1:colcon.colcon_core.package_identification:_identify(Library/Artifacts/4d) by extension 'cmake'
[4.522s] Level 1:colcon.colcon_core.package_identification:_identify(Library/Artifacts/4d) by extension 'python'
[4.524s] Level 1:colcon.colcon_core.package_identification:_identify(Library/Artifacts/4d) by extensions ['python_setup_py']
[4.524s] Level 1:colcon.colcon_core.package_identification:_identify(Library/Artifacts/4d) by extension 'python_setup_py'
[4.531s] Level 1:colcon.colcon_core.package_identification:_identify(Library/Artifacts/4e) by extensions ['ignore', 'ignore_ament_install']
[4.531s] Level 1:colcon.colcon_core.package_identification:_identify(Library/Artifacts/4e) by extension 'ignore'
[4.534s] Level 1:colcon.colcon_core.package_identification:_identify(Library/Artifacts/4e) by extension 'ignore_ament_install'
[4.537s] Level 1:colcon.colcon_core.package_identification:_identify(Library/Artifacts/4e) by extensions ['colcon_pkg']
[4.538s] Level 1:colcon.colcon_core.package_identification:_identify(Library/Artifacts/4e) by extension 'colcon_pkg'
[4.540s] Level 1:colcon.colcon_core.package_identification:_identify(Library/Artifacts/4e) by extensions ['colcon_meta']
[4.541s] Level 1:colcon.colcon_core.package_identification:_identify(Library/Artifacts/4e) by extension 'colcon_meta'
[4.545s] Level 1:colcon.colcon_core.package_identification:_identify(Library/Artifacts/4e) by extensions ['ros']
[4.545s] Level 1:colcon.colcon_core.package_identification:_identify(Library/Artifacts/4e) by extension 'ros'
[4.553s] Level 1:colcon.colcon_core.package_identification:_identify(Library/Artifacts/4e) by extensions ['cmake', 'python']
[4.554s] Level 1:colcon.colcon_core.package_identification:_identify(Library/Artifacts/4e) by extension 'cmake'
[4.556s] Level 1:colcon.colcon_core.package_identification:_identify(Library/Artifacts/4e) by extension 'python'
[4.558s] Level 1:colcon.colcon_core.package_identification:_identify(Library/Artifacts/4e) by extensions ['python_setup_py']
[4.558s] Level 1:colcon.colcon_core.package_identification:_identify(Library/Artifacts/4e) by extension 'python_setup_py'
[4.567s] Level 1:colcon.colcon_core.package_identification:_identify(Library/Artifacts/4f) by extensions ['ignore', 'ignore_ament_install']
[4.568s] Level 1:colcon.colcon_core.package_identification:_identify(Library/Artifacts/4f) by extension 'ignore'
[4.571s] Level 1:colcon.colcon_core.package_identification:_identify(Library/Artifacts/4f) by extension 'ignore_ament_install'
[4.576s] Level 1:colcon.colcon_core.package_identification:_identify(Library/Artifacts/4f) by extensions ['colcon_pkg']
[4.576s] Level 1:colcon.colcon_core.package_identification:_identify(Library/Artifacts/4f) by extension 'colcon_pkg'
[4.579s] Level 1:colcon.colcon_core.package_identification:_identify(Library/Artifacts/4f) by extensions ['colcon_meta']
[4.580s] Level 1:colcon.colcon_core.package_identification:_identify(Library/Artifacts/4f) by extension 'colcon_meta'
[4.584s] Level 1:colcon.colcon_core.package_identification:_identify(Library/Artifacts/4f) by extensions ['ros']
[4.585s] Level 1:colcon.colcon_core.package_identification:_identify(Library/Artifacts/4f) by extension 'ros'
[4.594s] Level 1:colcon.colcon_core.package_identification:_identify(Library/Artifacts/4f) by extensions ['cmake', 'python']
[4.595s] Level 1:colcon.colcon_core.package_identification:_identify(Library/Artifacts/4f) by extension 'cmake'
[4.598s] Level 1:colcon.colcon_core.package_identification:_identify(Library/Artifacts/4f) by extension 'python'
[4.601s] Level 1:colcon.colcon_core.package_identification:_identify(Library/Artifacts/4f) by extensions ['python_setup_py']
[4.601s] Level 1:colcon.colcon_core.package_identification:_identify(Library/Artifacts/4f) by extension 'python_setup_py'
[4.614s] Level 1:colcon.colcon_core.package_identification:_identify(Library/Artifacts/50) by extensions ['ignore', 'ignore_ament_install']
[4.615s] Level 1:colcon.colcon_core.package_identification:_identify(Library/Artifacts/50) by extension 'ignore'
[4.618s] Level 1:colcon.colcon_core.package_identification:_identify(Library/Artifacts/50) by extension 'ignore_ament_install'
[4.623s] Level 1:colcon.colcon_core.package_identification:_identify(Library/Artifacts/50) by extensions ['colcon_pkg']
[4.623s] Level 1:colcon.colcon_core.package_identification:_identify(Library/Artifacts/50) by extension 'colcon_pkg'
[4.625s] Level 1:colcon.colcon_core.package_identification:_identify(Library/Artifacts/50) by extensions ['colcon_meta']
[4.626s] Level 1:colcon.colcon_core.package_identification:_identify(Library/Artifacts/50) by extension 'colcon_meta'
[4.630s] Level 1:colcon.colcon_core.package_identification:_identify(Library/Artifacts/50) by extensions ['ros']
[4.631s] Level 1:colcon.colcon_core.package_identification:_identify(Library/Artifacts/50) by extension 'ros'
[4.640s] Level 1:colcon.colcon_core.package_identification:_identify(Library/Artifacts/50) by extensions ['cmake', 'python']
[4.641s] Level 1:colcon.colcon_core.package_identification:_identify(Library/Artifacts/50) by extension 'cmake'
[4.643s] Level 1:colcon.colcon_core.package_identification:_identify(Library/Artifacts/50) by extension 'python'
[4.645s] Level 1:colcon.colcon_core.package_identification:_identify(Library/Artifacts/50) by extensions ['python_setup_py']
[4.647s] Level 1:colcon.colcon_core.package_identification:_identify(Library/Artifacts/50) by extension 'python_setup_py'
[4.655s] Level 1:colcon.colcon_core.package_identification:_identify(Library/Artifacts/51) by extensions ['ignore', 'ignore_ament_install']
[4.656s] Level 1:colcon.colcon_core.package_identification:_identify(Library/Artifacts/51) by extension 'ignore'
[4.659s] Level 1:colcon.colcon_core.package_identification:_identify(Library/Artifacts/51) by extension 'ignore_ament_install'
[4.663s] Level 1:colcon.colcon_core.package_identification:_identify(Library/Artifacts/51) by extensions ['colcon_pkg']
[4.664s] Level 1:colcon.colcon_core.package_identification:_identify(Library/Artifacts/51) by extension 'colcon_pkg'
[4.666s] Level 1:colcon.colcon_core.package_identification:_identify(Library/Artifacts/51) by extensions ['colcon_meta']
[4.667s] Level 1:colcon.colcon_core.package_identification:_identify(Library/Artifacts/51) by extension 'colcon_meta'
[4.671s] Level 1:colcon.colcon_core.package_identification:_identify(Library/Artifacts/51) by extensions ['ros']
[4.672s] Level 1:colcon.colcon_core.package_identification:_identify(Library/Artifacts/51) by extension 'ros'
[4.682s] Level 1:colcon.colcon_core.package_identification:_identify(Library/Artifacts/51) by extensions ['cmake', 'python']
[4.683s] Level 1:colcon.colcon_core.package_identification:_identify(Library/Artifacts/51) by extension 'cmake'
[4.685s] Level 1:colcon.colcon_core.package_identification:_identify(Library/Artifacts/51) by extension 'python'
[4.687s] Level 1:colcon.colcon_core.package_identification:_identify(Library/Artifacts/51) by extensions ['python_setup_py']
[4.688s] Level 1:colcon.colcon_core.package_identification:_identify(Library/Artifacts/51) by extension 'python_setup_py'
[4.697s] Level 1:colcon.colcon_core.package_identification:_identify(Library/Artifacts/52) by extensions ['ignore', 'ignore_ament_install']
[4.698s] Level 1:colcon.colcon_core.package_identification:_identify(Library/Artifacts/52) by extension 'ignore'
[4.700s] Level 1:colcon.colcon_core.package_identification:_identify(Library/Artifacts/52) by extension 'ignore_ament_install'
[4.705s] Level 1:colcon.colcon_core.package_identification:_identify(Library/Artifacts/52) by extensions ['colcon_pkg']
[4.705s] Level 1:colcon.colcon_core.package_identification:_identify(Library/Artifacts/52) by extension 'colcon_pkg'
[4.708s] Level 1:colcon.colcon_core.package_identification:_identify(Library/Artifacts/52) by extensions ['colcon_meta']
[4.709s] Level 1:colcon.colcon_core.package_identification:_identify(Library/Artifacts/52) by extension 'colcon_meta'
[4.713s] Level 1:colcon.colcon_core.package_identification:_identify(Library/Artifacts/52) by extensions ['ros']
[4.714s] Level 1:colcon.colcon_core.package_identification:_identify(Library/Artifacts/52) by extension 'ros'
[4.723s] Level 1:colcon.colcon_core.package_identification:_identify(Library/Artifacts/52) by extensions ['cmake', 'python']
[4.724s] Level 1:colcon.colcon_core.package_identification:_identify(Library/Artifacts/52) by extension 'cmake'
[4.726s] Level 1:colcon.colcon_core.package_identification:_identify(Library/Artifacts/52) by extension 'python'
[4.729s] Level 1:colcon.colcon_core.package_identification:_identify(Library/Artifacts/52) by extensions ['python_setup_py']
[4.729s] Level 1:colcon.colcon_core.package_identification:_identify(Library/Artifacts/52) by extension 'python_setup_py'
[4.738s] Level 1:colcon.colcon_core.package_identification:_identify(Library/Artifacts/53) by extensions ['ignore', 'ignore_ament_install']
[4.739s] Level 1:colcon.colcon_core.package_identification:_identify(Library/Artifacts/53) by extension 'ignore'
[4.742s] Level 1:colcon.colcon_core.package_identification:_identify(Library/Artifacts/53) by extension 'ignore_ament_install'
[4.747s] Level 1:colcon.colcon_core.package_identification:_identify(Library/Artifacts/53) by extensions ['colcon_pkg']
[4.748s] Level 1:colcon.colcon_core.package_identification:_identify(Library/Artifacts/53) by extension 'colcon_pkg'
[4.750s] Level 1:colcon.colcon_core.package_identification:_identify(Library/Artifacts/53) by extensions ['colcon_meta']
[4.751s] Level 1:colcon.colcon_core.package_identification:_identify(Library/Artifacts/53) by extension 'colcon_meta'
[4.755s] Level 1:colcon.colcon_core.package_identification:_identify(Library/Artifacts/53) by extensions ['ros']
[4.756s] Level 1:colcon.colcon_core.package_identification:_identify(Library/Artifacts/53) by extension 'ros'
[4.766s] Level 1:colcon.colcon_core.package_identification:_identify(Library/Artifacts/53) by extensions ['cmake', 'python']
[4.767s] Level 1:colcon.colcon_core.package_identification:_identify(Library/Artifacts/53) by extension 'cmake'
[4.770s] Level 1:colcon.colcon_core.package_identification:_identify(Library/Artifacts/53) by extension 'python'
[4.772s] Level 1:colcon.colcon_core.package_identification:_identify(Library/Artifacts/53) by extensions ['python_setup_py']
[4.773s] Level 1:colcon.colcon_core.package_identification:_identify(Library/Artifacts/53) by extension 'python_setup_py'
[4.782s] Level 1:colcon.colcon_core.package_identification:_identify(Library/Artifacts/54) by extensions ['ignore', 'ignore_ament_install']
[4.783s] Level 1:colcon.colcon_core.package_identification:_identify(Library/Artifacts/54) by extension 'ignore'
[4.786s] Level 1:colcon.colcon_core.package_identification:_identify(Library/Artifacts/54) by extension 'ignore_ament_install'
[4.789s] Level 1:colcon.colcon_core.package_identification:_identify(Library/Artifacts/54) by extensions ['colcon_pkg']
[4.790s] Level 1:colcon.colcon_core.package_identification:_identify(Library/Artifacts/54) by extension 'colcon_pkg'
[4.793s] Level 1:colcon.colcon_core.package_identification:_identify(Library/Artifacts/54) by extensions ['colcon_meta']
[4.794s] Level 1:colcon.colcon_core.package_identification:_identify(Library/Artifacts/54) by extension 'colcon_meta'
[4.798s] Level 1:colcon.colcon_core.package_identification:_identify(Library/Artifacts/54) by extensions ['ros']
[4.799s] Level 1:colcon.colcon_core.package_identification:_identify(Library/Artifacts/54) by extension 'ros'
[4.807s] Level 1:colcon.colcon_core.package_identification:_identify(Library/Artifacts/54) by extensions ['cmake', 'python']
[4.808s] Level 1:colcon.colcon_core.package_identification:_identify(Library/Artifacts/54) by extension 'cmake'
[4.811s] Level 1:colcon.colcon_core.package_identification:_identify(Library/Artifacts/54) by extension 'python'
[4.814s] Level 1:colcon.colcon_core.package_identification:_identify(Library/Artifacts/54) by extensions ['python_setup_py']
[4.815s] Level 1:colcon.colcon_core.package_identification:_identify(Library/Artifacts/54) by extension 'python_setup_py'
[4.825s] Level 1:colcon.colcon_core.package_identification:_identify(Library/Artifacts/55) by extensions ['ignore', 'ignore_ament_install']
[4.826s] Level 1:colcon.colcon_core.package_identification:_identify(Library/Artifacts/55) by extension 'ignore'
[4.828s] Level 1:colcon.colcon_core.package_identification:_identify(Library/Artifacts/55) by extension 'ignore_ament_install'
[4.831s] Level 1:colcon.colcon_core.package_identification:_identify(Library/Artifacts/55) by extensions ['colcon_pkg']
[4.832s] Level 1:colcon.colcon_core.package_identification:_identify(Library/Artifacts/55) by extension 'colcon_pkg'
[4.835s] Level 1:colcon.colcon_core.package_identification:_identify(Library/Artifacts/55) by extensions ['colcon_meta']
[4.835s] Level 1:colcon.colcon_core.package_identification:_identify(Library/Artifacts/55) by extension 'colcon_meta'
[4.839s] Level 1:colcon.colcon_core.package_identification:_identify(Library/Artifacts/55) by extensions ['ros']
[4.840s] Level 1:colcon.colcon_core.package_identification:_identify(Library/Artifacts/55) by extension 'ros'
[4.846s] Level 1:colcon.colcon_core.package_identification:_identify(Library/Artifacts/55) by extensions ['cmake', 'python']
[4.847s] Level 1:colcon.colcon_core.package_identification:_identify(Library/Artifacts/55) by extension 'cmake'
[4.849s] Level 1:colcon.colcon_core.package_identification:_identify(Library/Artifacts/55) by extension 'python'
[4.852s] Level 1:colcon.colcon_core.package_identification:_identify(Library/Artifacts/55) by extensions ['python_setup_py']
[4.853s] Level 1:colcon.colcon_core.package_identification:_identify(Library/Artifacts/55) by extension 'python_setup_py'
[4.863s] Level 1:colcon.colcon_core.package_identification:_identify(Library/Artifacts/56) by extensions ['ignore', 'ignore_ament_install']
[4.864s] Level 1:colcon.colcon_core.package_identification:_identify(Library/Artifacts/56) by extension 'ignore'
[4.866s] Level 1:colcon.colcon_core.package_identification:_identify(Library/Artifacts/56) by extension 'ignore_ament_install'
[4.870s] Level 1:colcon.colcon_core.package_identification:_identify(Library/Artifacts/56) by extensions ['colcon_pkg']
[4.870s] Level 1:colcon.colcon_core.package_identification:_identify(Library/Artifacts/56) by extension 'colcon_pkg'
[4.873s] Level 1:colcon.colcon_core.package_identification:_identify(Library/Artifacts/56) by extensions ['colcon_meta']
[4.874s] Level 1:colcon.colcon_core.package_identification:_identify(Library/Artifacts/56) by extension 'colcon_meta'
[4.878s] Level 1:colcon.colcon_core.package_identification:_identify(Library/Artifacts/56) by extensions ['ros']
[4.878s] Level 1:colcon.colcon_core.package_identification:_identify(Library/Artifacts/56) by extension 'ros'
[4.888s] Level 1:colcon.colcon_core.package_identification:_identify(Library/Artifacts/56) by extensions ['cmake', 'python']
[4.889s] Level 1:colcon.colcon_core.package_identification:_identify(Library/Artifacts/56) by extension 'cmake'
[4.891s] Level 1:colcon.colcon_core.package_identification:_identify(Library/Artifacts/56) by extension 'python'
[4.894s] Level 1:colcon.colcon_core.package_identification:_identify(Library/Artifacts/56) by extensions ['python_setup_py']
[4.894s] Level 1:colcon.colcon_core.package_identification:_identify(Library/Artifacts/56) by extension 'python_setup_py'
[4.903s] Level 1:colcon.colcon_core.package_identification:_identify(Library/Artifacts/57) by extensions ['ignore', 'ignore_ament_install']
[4.904s] Level 1:colcon.colcon_core.package_identification:_identify(Library/Artifacts/57) by extension 'ignore'
[4.907s] Level 1:colcon.colcon_core.package_identification:_identify(Library/Artifacts/57) by extension 'ignore_ament_install'
[4.911s] Level 1:colcon.colcon_core.package_identification:_identify(Library/Artifacts/57) by extensions ['colcon_pkg']
[4.911s] Level 1:colcon.colcon_core.package_identification:_identify(Library/Artifacts/57) by extension 'colcon_pkg'
[4.914s] Level 1:colcon.colcon_core.package_identification:_identify(Library/Artifacts/57) by extensions ['colcon_meta']
[4.915s] Level 1:colcon.colcon_core.package_identification:_identify(Library/Artifacts/57) by extension 'colcon_meta'
[4.919s] Level 1:colcon.colcon_core.package_identification:_identify(Library/Artifacts/57) by extensions ['ros']
[4.920s] Level 1:colcon.colcon_core.package_identification:_identify(Library/Artifacts/57) by extension 'ros'
[4.929s] Level 1:colcon.colcon_core.package_identification:_identify(Library/Artifacts/57) by extensions ['cmake', 'python']
[4.929s] Level 1:colcon.colcon_core.package_identification:_identify(Library/Artifacts/57) by extension 'cmake'
[4.932s] Level 1:colcon.colcon_core.package_identification:_identify(Library/Artifacts/57) by extension 'python'
[4.934s] Level 1:colcon.colcon_core.package_identification:_identify(Library/Artifacts/57) by extensions ['python_setup_py']
[4.935s] Level 1:colcon.colcon_core.package_identification:_identify(Library/Artifacts/57) by extension 'python_setup_py'
[4.944s] Level 1:colcon.colcon_core.package_identification:_identify(Library/Artifacts/58) by extensions ['ignore', 'ignore_ament_install']
[4.945s] Level 1:colcon.colcon_core.package_identification:_identify(Library/Artifacts/58) by extension 'ignore'
[4.947s] Level 1:colcon.colcon_core.package_identification:_identify(Library/Artifacts/58) by extension 'ignore_ament_install'
[4.951s] Level 1:colcon.colcon_core.package_identification:_identify(Library/Artifacts/58) by extensions ['colcon_pkg']
[4.951s] Level 1:colcon.colcon_core.package_identification:_identify(Library/Artifacts/58) by extension 'colcon_pkg'
[4.953s] Level 1:colcon.colcon_core.package_identification:_identify(Library/Artifacts/58) by extensions ['colcon_meta']
[4.954s] Level 1:colcon.colcon_core.package_identification:_identify(Library/Artifacts/58) by extension 'colcon_meta'
[4.959s] Level 1:colcon.colcon_core.package_identification:_identify(Library/Artifacts/58) by extensions ['ros']
[4.959s] Level 1:colcon.colcon_core.package_identification:_identify(Library/Artifacts/58) by extension 'ros'
[4.968s] Level 1:colcon.colcon_core.package_identification:_identify(Library/Artifacts/58) by extensions ['cmake', 'python']
[4.969s] Level 1:colcon.colcon_core.package_identification:_identify(Library/Artifacts/58) by extension 'cmake'
[4.971s] Level 1:colcon.colcon_core.package_identification:_identify(Library/Artifacts/58) by extension 'python'
[4.973s] Level 1:colcon.colcon_core.package_identification:_identify(Library/Artifacts/58) by extensions ['python_setup_py']
[4.974s] Level 1:colcon.colcon_core.package_identification:_identify(Library/Artifacts/58) by extension 'python_setup_py'
[4.983s] Level 1:colcon.colcon_core.package_identification:_identify(Library/Artifacts/59) by extensions ['ignore', 'ignore_ament_install']
[4.984s] Level 1:colcon.colcon_core.package_identification:_identify(Library/Artifacts/59) by extension 'ignore'
[4.987s] Level 1:colcon.colcon_core.package_identification:_identify(Library/Artifacts/59) by extension 'ignore_ament_install'
[4.991s] Level 1:colcon.colcon_core.package_identification:_identify(Library/Artifacts/59) by extensions ['colcon_pkg']
[4.991s] Level 1:colcon.colcon_core.package_identification:_identify(Library/Artifacts/59) by extension 'colcon_pkg'
[4.994s] Level 1:colcon.colcon_core.package_identification:_identify(Library/Artifacts/59) by extensions ['colcon_meta']
[4.995s] Level 1:colcon.colcon_core.package_identification:_identify(Library/Artifacts/59) by extension 'colcon_meta'
[4.999s] Level 1:colcon.colcon_core.package_identification:_identify(Library/Artifacts/59) by extensions ['ros']
[5.000s] Level 1:colcon.colcon_core.package_identification:_identify(Library/Artifacts/59) by extension 'ros'
[5.009s] Level 1:colcon.colcon_core.package_identification:_identify(Library/Artifacts/59) by extensions ['cmake', 'python']
[5.010s] Level 1:colcon.colcon_core.package_identification:_identify(Library/Artifacts/59) by extension 'cmake'
[5.013s] Level 1:colcon.colcon_core.package_identification:_identify(Library/Artifacts/59) by extension 'python'
[5.015s] Level 1:colcon.colcon_core.package_identification:_identify(Library/Artifacts/59) by extensions ['python_setup_py']
[5.016s] Level 1:colcon.colcon_core.package_identification:_identify(Library/Artifacts/59) by extension 'python_setup_py'
[5.026s] Level 1:colcon.colcon_core.package_identification:_identify(Library/Artifacts/5a) by extensions ['ignore', 'ignore_ament_install']
[5.027s] Level 1:colcon.colcon_core.package_identification:_identify(Library/Artifacts/5a) by extension 'ignore'
[5.030s] Level 1:colcon.colcon_core.package_identification:_identify(Library/Artifacts/5a) by extension 'ignore_ament_install'
[5.036s] Level 1:colcon.colcon_core.package_identification:_identify(Library/Artifacts/5a) by extensions ['colcon_pkg']
[5.037s] Level 1:colcon.colcon_core.package_identification:_identify(Library/Artifacts/5a) by extension 'colcon_pkg'
[5.040s] Level 1:colcon.colcon_core.package_identification:_identify(Library/Artifacts/5a) by extensions ['colcon_meta']
[5.040s] Level 1:colcon.colcon_core.package_identification:_identify(Library/Artifacts/5a) by extension 'colcon_meta'
[5.045s] Level 1:colcon.colcon_core.package_identification:_identify(Library/Artifacts/5a) by extensions ['ros']
[5.046s] Level 1:colcon.colcon_core.package_identification:_identify(Library/Artifacts/5a) by extension 'ros'
[5.054s] Level 1:colcon.colcon_core.package_identification:_identify(Library/Artifacts/5a) by extensions ['cmake', 'python']
[5.055s] Level 1:colcon.colcon_core.package_identification:_identify(Library/Artifacts/5a) by extension 'cmake'
[5.056s] Level 1:colcon.colcon_core.package_identification:_identify(Library/Artifacts/5a) by extension 'python'
[5.059s] Level 1:colcon.colcon_core.package_identification:_identify(Library/Artifacts/5a) by extensions ['python_setup_py']
[5.060s] Level 1:colcon.colcon_core.package_identification:_identify(Library/Artifacts/5a) by extension 'python_setup_py'
[5.069s] Level 1:colcon.colcon_core.package_identification:_identify(Library/Artifacts/5b) by extensions ['ignore', 'ignore_ament_install']
[5.070s] Level 1:colcon.colcon_core.package_identification:_identify(Library/Artifacts/5b) by extension 'ignore'
[5.072s] Level 1:colcon.colcon_core.package_identification:_identify(Library/Artifacts/5b) by extension 'ignore_ament_install'
[5.077s] Level 1:colcon.colcon_core.package_identification:_identify(Library/Artifacts/5b) by extensions ['colcon_pkg']
[5.078s] Level 1:colcon.colcon_core.package_identification:_identify(Library/Artifacts/5b) by extension 'colcon_pkg'
[5.080s] Level 1:colcon.colcon_core.package_identification:_identify(Library/Artifacts/5b) by extensions ['colcon_meta']
[5.081s] Level 1:colcon.colcon_core.package_identification:_identify(Library/Artifacts/5b) by extension 'colcon_meta'
[5.085s] Level 1:colcon.colcon_core.package_identification:_identify(Library/Artifacts/5b) by extensions ['ros']
[5.086s] Level 1:colcon.colcon_core.package_identification:_identify(Library/Artifacts/5b) by extension 'ros'
[5.095s] Level 1:colcon.colcon_core.package_identification:_identify(Library/Artifacts/5b) by extensions ['cmake', 'python']
[5.096s] Level 1:colcon.colcon_core.package_identification:_identify(Library/Artifacts/5b) by extension 'cmake'
[5.098s] Level 1:colcon.colcon_core.package_identification:_identify(Library/Artifacts/5b) by extension 'python'
[5.101s] Level 1:colcon.colcon_core.package_identification:_identify(Library/Artifacts/5b) by extensions ['python_setup_py']
[5.101s] Level 1:colcon.colcon_core.package_identification:_identify(Library/Artifacts/5b) by extension 'python_setup_py'
[5.110s] Level 1:colcon.colcon_core.package_identification:_identify(Library/Artifacts/5c) by extensions ['ignore', 'ignore_ament_install']
[5.111s] Level 1:colcon.colcon_core.package_identification:_identify(Library/Artifacts/5c) by extension 'ignore'
[5.114s] Level 1:colcon.colcon_core.package_identification:_identify(Library/Artifacts/5c) by extension 'ignore_ament_install'
[5.117s] Level 1:colcon.colcon_core.package_identification:_identify(Library/Artifacts/5c) by extensions ['colcon_pkg']
[5.118s] Level 1:colcon.colcon_core.package_identification:_identify(Library/Artifacts/5c) by extension 'colcon_pkg'
[5.120s] Level 1:colcon.colcon_core.package_identification:_identify(Library/Artifacts/5c) by extensions ['colcon_meta']
[5.121s] Level 1:colcon.colcon_core.package_identification:_identify(Library/Artifacts/5c) by extension 'colcon_meta'
[5.124s] Level 1:colcon.colcon_core.package_identification:_identify(Library/Artifacts/5c) by extensions ['ros']
[5.125s] Level 1:colcon.colcon_core.package_identification:_identify(Library/Artifacts/5c) by extension 'ros'
[5.134s] Level 1:colcon.colcon_core.package_identification:_identify(Library/Artifacts/5c) by extensions ['cmake', 'python']
[5.135s] Level 1:colcon.colcon_core.package_identification:_identify(Library/Artifacts/5c) by extension 'cmake'
[5.138s] Level 1:colcon.colcon_core.package_identification:_identify(Library/Artifacts/5c) by extension 'python'
[5.140s] Level 1:colcon.colcon_core.package_identification:_identify(Library/Artifacts/5c) by extensions ['python_setup_py']
[5.141s] Level 1:colcon.colcon_core.package_identification:_identify(Library/Artifacts/5c) by extension 'python_setup_py'
[5.151s] Level 1:colcon.colcon_core.package_identification:_identify(Library/Artifacts/5d) by extensions ['ignore', 'ignore_ament_install']
[5.152s] Level 1:colcon.colcon_core.package_identification:_identify(Library/Artifacts/5d) by extension 'ignore'
[5.155s] Level 1:colcon.colcon_core.package_identification:_identify(Library/Artifacts/5d) by extension 'ignore_ament_install'
[5.160s] Level 1:colcon.colcon_core.package_identification:_identify(Library/Artifacts/5d) by extensions ['colcon_pkg']
[5.160s] Level 1:colcon.colcon_core.package_identification:_identify(Library/Artifacts/5d) by extension 'colcon_pkg'
[5.163s] Level 1:colcon.colcon_core.package_identification:_identify(Library/Artifacts/5d) by extensions ['colcon_meta']
[5.164s] Level 1:colcon.colcon_core.package_identification:_identify(Library/Artifacts/5d) by extension 'colcon_meta'
[5.168s] Level 1:colcon.colcon_core.package_identification:_identify(Library/Artifacts/5d) by extensions ['ros']
[5.169s] Level 1:colcon.colcon_core.package_identification:_identify(Library/Artifacts/5d) by extension 'ros'
[5.178s] Level 1:colcon.colcon_core.package_identification:_identify(Library/Artifacts/5d) by extensions ['cmake', 'python']
[5.178s] Level 1:colcon.colcon_core.package_identification:_identify(Library/Artifacts/5d) by extension 'cmake'
[5.181s] Level 1:colcon.colcon_core.package_identification:_identify(Library/Artifacts/5d) by extension 'python'
[5.183s] Level 1:colcon.colcon_core.package_identification:_identify(Library/Artifacts/5d) by extensions ['python_setup_py']
[5.183s] Level 1:colcon.colcon_core.package_identification:_identify(Library/Artifacts/5d) by extension 'python_setup_py'
[5.191s] Level 1:colcon.colcon_core.package_identification:_identify(Library/Artifacts/5e) by extensions ['ignore', 'ignore_ament_install']
[5.192s] Level 1:colcon.colcon_core.package_identification:_identify(Library/Artifacts/5e) by extension 'ignore'
[5.195s] Level 1:colcon.colcon_core.package_identification:_identify(Library/Artifacts/5e) by extension 'ignore_ament_install'
[5.201s] Level 1:colcon.colcon_core.package_identification:_identify(Library/Artifacts/5e) by extensions ['colcon_pkg']
[5.202s] Level 1:colcon.colcon_core.package_identification:_identify(Library/Artifacts/5e) by extension 'colcon_pkg'
[5.204s] Level 1:colcon.colcon_core.package_identification:_identify(Library/Artifacts/5e) by extensions ['colcon_meta']
[5.204s] Level 1:colcon.colcon_core.package_identification:_identify(Library/Artifacts/5e) by extension 'colcon_meta'
[5.208s] Level 1:colcon.colcon_core.package_identification:_identify(Library/Artifacts/5e) by extensions ['ros']
[5.209s] Level 1:colcon.colcon_core.package_identification:_identify(Library/Artifacts/5e) by extension 'ros'
[5.221s] Level 1:colcon.colcon_core.package_identification:_identify(Library/Artifacts/5e) by extensions ['cmake', 'python']
[5.222s] Level 1:colcon.colcon_core.package_identification:_identify(Library/Artifacts/5e) by extension 'cmake'
[5.225s] Level 1:colcon.colcon_core.package_identification:_identify(Library/Artifacts/5e) by extension 'python'
[5.227s] Level 1:colcon.colcon_core.package_identification:_identify(Library/Artifacts/5e) by extensions ['python_setup_py']
[5.228s] Level 1:colcon.colcon_core.package_identification:_identify(Library/Artifacts/5e) by extension 'python_setup_py'
[5.237s] Level 1:colcon.colcon_core.package_identification:_identify(Library/Artifacts/5f) by extensions ['ignore', 'ignore_ament_install']
[5.238s] Level 1:colcon.colcon_core.package_identification:_identify(Library/Artifacts/5f) by extension 'ignore'
[5.241s] Level 1:colcon.colcon_core.package_identification:_identify(Library/Artifacts/5f) by extension 'ignore_ament_install'
[5.245s] Level 1:colcon.colcon_core.package_identification:_identify(Library/Artifacts/5f) by extensions ['colcon_pkg']
[5.246s] Level 1:colcon.colcon_core.package_identification:_identify(Library/Artifacts/5f) by extension 'colcon_pkg'
[5.249s] Level 1:colcon.colcon_core.package_identification:_identify(Library/Artifacts/5f) by extensions ['colcon_meta']
[5.249s] Level 1:colcon.colcon_core.package_identification:_identify(Library/Artifacts/5f) by extension 'colcon_meta'
[5.254s] Level 1:colcon.colcon_core.package_identification:_identify(Library/Artifacts/5f) by extensions ['ros']
[5.255s] Level 1:colcon.colcon_core.package_identification:_identify(Library/Artifacts/5f) by extension 'ros'
[5.264s] Level 1:colcon.colcon_core.package_identification:_identify(Library/Artifacts/5f) by extensions ['cmake', 'python']
[5.265s] Level 1:colcon.colcon_core.package_identification:_identify(Library/Artifacts/5f) by extension 'cmake'
[5.268s] Level 1:colcon.colcon_core.package_identification:_identify(Library/Artifacts/5f) by extension 'python'
[5.270s] Level 1:colcon.colcon_core.package_identification:_identify(Library/Artifacts/5f) by extensions ['python_setup_py']
[5.271s] Level 1:colcon.colcon_core.package_identification:_identify(Library/Artifacts/5f) by extension 'python_setup_py'
[5.282s] Level 1:colcon.colcon_core.package_identification:_identify(Library/Artifacts/60) by extensions ['ignore', 'ignore_ament_install']
[5.283s] Level 1:colcon.colcon_core.package_identification:_identify(Library/Artifacts/60) by extension 'ignore'
[5.286s] Level 1:colcon.colcon_core.package_identification:_identify(Library/Artifacts/60) by extension 'ignore_ament_install'
[5.290s] Level 1:colcon.colcon_core.package_identification:_identify(Library/Artifacts/60) by extensions ['colcon_pkg']
[5.291s] Level 1:colcon.colcon_core.package_identification:_identify(Library/Artifacts/60) by extension 'colcon_pkg'
[5.293s] Level 1:colcon.colcon_core.package_identification:_identify(Library/Artifacts/60) by extensions ['colcon_meta']
[5.294s] Level 1:colcon.colcon_core.package_identification:_identify(Library/Artifacts/60) by extension 'colcon_meta'
[5.299s] Level 1:colcon.colcon_core.package_identification:_identify(Library/Artifacts/60) by extensions ['ros']
[5.300s] Level 1:colcon.colcon_core.package_identification:_identify(Library/Artifacts/60) by extension 'ros'
[5.309s] Level 1:colcon.colcon_core.package_identification:_identify(Library/Artifacts/60) by extensions ['cmake', 'python']
[5.310s] Level 1:colcon.colcon_core.package_identification:_identify(Library/Artifacts/60) by extension 'cmake'
[5.312s] Level 1:colcon.colcon_core.package_identification:_identify(Library/Artifacts/60) by extension 'python'
[5.315s] Level 1:colcon.colcon_core.package_identification:_identify(Library/Artifacts/60) by extensions ['python_setup_py']
[5.316s] Level 1:colcon.colcon_core.package_identification:_identify(Library/Artifacts/60) by extension 'python_setup_py'
[5.324s] Level 1:colcon.colcon_core.package_identification:_identify(Library/Artifacts/61) by extensions ['ignore', 'ignore_ament_install']
[5.325s] Level 1:colcon.colcon_core.package_identification:_identify(Library/Artifacts/61) by extension 'ignore'
[5.327s] Level 1:colcon.colcon_core.package_identification:_identify(Library/Artifacts/61) by extension 'ignore_ament_install'
[5.332s] Level 1:colcon.colcon_core.package_identification:_identify(Library/Artifacts/61) by extensions ['colcon_pkg']
[5.333s] Level 1:colcon.colcon_core.package_identification:_identify(Library/Artifacts/61) by extension 'colcon_pkg'
[5.335s] Level 1:colcon.colcon_core.package_identification:_identify(Library/Artifacts/61) by extensions ['colcon_meta']
[5.336s] Level 1:colcon.colcon_core.package_identification:_identify(Library/Artifacts/61) by extension 'colcon_meta'
[5.340s] Level 1:colcon.colcon_core.package_identification:_identify(Library/Artifacts/61) by extensions ['ros']
[5.341s] Level 1:colcon.colcon_core.package_identification:_identify(Library/Artifacts/61) by extension 'ros'
[5.352s] Level 1:colcon.colcon_core.package_identification:_identify(Library/Artifacts/61) by extensions ['cmake', 'python']
[5.353s] Level 1:colcon.colcon_core.package_identification:_identify(Library/Artifacts/61) by extension 'cmake'
[5.356s] Level 1:colcon.colcon_core.package_identification:_identify(Library/Artifacts/61) by extension 'python'
[5.359s] Level 1:colcon.colcon_core.package_identification:_identify(Library/Artifacts/61) by extensions ['python_setup_py']
[5.360s] Level 1:colcon.colcon_core.package_identification:_identify(Library/Artifacts/61) by extension 'python_setup_py'
[5.370s] Level 1:colcon.colcon_core.package_identification:_identify(Library/Artifacts/62) by extensions ['ignore', 'ignore_ament_install']
[5.371s] Level 1:colcon.colcon_core.package_identification:_identify(Library/Artifacts/62) by extension 'ignore'
[5.374s] Level 1:colcon.colcon_core.package_identification:_identify(Library/Artifacts/62) by extension 'ignore_ament_install'
[5.379s] Level 1:colcon.colcon_core.package_identification:_identify(Library/Artifacts/62) by extensions ['colcon_pkg']
[5.380s] Level 1:colcon.colcon_core.package_identification:_identify(Library/Artifacts/62) by extension 'colcon_pkg'
[5.382s] Level 1:colcon.colcon_core.package_identification:_identify(Library/Artifacts/62) by extensions ['colcon_meta']
[5.382s] Level 1:colcon.colcon_core.package_identification:_identify(Library/Artifacts/62) by extension 'colcon_meta'
[5.387s] Level 1:colcon.colcon_core.package_identification:_identify(Library/Artifacts/62) by extensions ['ros']
[5.388s] Level 1:colcon.colcon_core.package_identification:_identify(Library/Artifacts/62) by extension 'ros'
[5.397s] Level 1:colcon.colcon_core.package_identification:_identify(Library/Artifacts/62) by extensions ['cmake', 'python']
[5.397s] Level 1:colcon.colcon_core.package_identification:_identify(Library/Artifacts/62) by extension 'cmake'
[5.400s] Level 1:colcon.colcon_core.package_identification:_identify(Library/Artifacts/62) by extension 'python'
[5.404s] Level 1:colcon.colcon_core.package_identification:_identify(Library/Artifacts/62) by extensions ['python_setup_py']
[5.404s] Level 1:colcon.colcon_core.package_identification:_identify(Library/Artifacts/62) by extension 'python_setup_py'
[5.414s] Level 1:colcon.colcon_core.package_identification:_identify(Library/Artifacts/63) by extensions ['ignore', 'ignore_ament_install']
[5.415s] Level 1:colcon.colcon_core.package_identification:_identify(Library/Artifacts/63) by extension 'ignore'
[5.418s] Level 1:colcon.colcon_core.package_identification:_identify(Library/Artifacts/63) by extension 'ignore_ament_install'
[5.422s] Level 1:colcon.colcon_core.package_identification:_identify(Library/Artifacts/63) by extensions ['colcon_pkg']
[5.423s] Level 1:colcon.colcon_core.package_identification:_identify(Library/Artifacts/63) by extension 'colcon_pkg'
[5.426s] Level 1:colcon.colcon_core.package_identification:_identify(Library/Artifacts/63) by extensions ['colcon_meta']
[5.427s] Level 1:colcon.colcon_core.package_identification:_identify(Library/Artifacts/63) by extension 'colcon_meta'
[5.431s] Level 1:colcon.colcon_core.package_identification:_identify(Library/Artifacts/63) by extensions ['ros']
[5.432s] Level 1:colcon.colcon_core.package_identification:_identify(Library/Artifacts/63) by extension 'ros'
[5.443s] Level 1:colcon.colcon_core.package_identification:_identify(Library/Artifacts/63) by extensions ['cmake', 'python']
[5.443s] Level 1:colcon.colcon_core.package_identification:_identify(Library/Artifacts/63) by extension 'cmake'
[5.446s] Level 1:colcon.colcon_core.package_identification:_identify(Library/Artifacts/63) by extension 'python'
[5.448s] Level 1:colcon.colcon_core.package_identification:_identify(Library/Artifacts/63) by extensions ['python_setup_py']
[5.449s] Level 1:colcon.colcon_core.package_identification:_identify(Library/Artifacts/63) by extension 'python_setup_py'
[5.459s] Level 1:colcon.colcon_core.package_identification:_identify(Library/Artifacts/64) by extensions ['ignore', 'ignore_ament_install']
[5.460s] Level 1:colcon.colcon_core.package_identification:_identify(Library/Artifacts/64) by extension 'ignore'
[5.463s] Level 1:colcon.colcon_core.package_identification:_identify(Library/Artifacts/64) by extension 'ignore_ament_install'
[5.468s] Level 1:colcon.colcon_core.package_identification:_identify(Library/Artifacts/64) by extensions ['colcon_pkg']
[5.468s] Level 1:colcon.colcon_core.package_identification:_identify(Library/Artifacts/64) by extension 'colcon_pkg'
[5.471s] Level 1:colcon.colcon_core.package_identification:_identify(Library/Artifacts/64) by extensions ['colcon_meta']
[5.471s] Level 1:colcon.colcon_core.package_identification:_identify(Library/Artifacts/64) by extension 'colcon_meta'
[5.475s] Level 1:colcon.colcon_core.package_identification:_identify(Library/Artifacts/64) by extensions ['ros']
[5.476s] Level 1:colcon.colcon_core.package_identification:_identify(Library/Artifacts/64) by extension 'ros'
[5.485s] Level 1:colcon.colcon_core.package_identification:_identify(Library/Artifacts/64) by extensions ['cmake', 'python']
[5.486s] Level 1:colcon.colcon_core.package_identification:_identify(Library/Artifacts/64) by extension 'cmake'
[5.488s] Level 1:colcon.colcon_core.package_identification:_identify(Library/Artifacts/64) by extension 'python'
[5.492s] Level 1:colcon.colcon_core.package_identification:_identify(Library/Artifacts/64) by extensions ['python_setup_py']
[5.492s] Level 1:colcon.colcon_core.package_identification:_identify(Library/Artifacts/64) by extension 'python_setup_py'
[5.502s] Level 1:colcon.colcon_core.package_identification:_identify(Library/Artifacts/65) by extensions ['ignore', 'ignore_ament_install']
[5.502s] Level 1:colcon.colcon_core.package_identification:_identify(Library/Artifacts/65) by extension 'ignore'
[5.505s] Level 1:colcon.colcon_core.package_identification:_identify(Library/Artifacts/65) by extension 'ignore_ament_install'
[5.509s] Level 1:colcon.colcon_core.package_identification:_identify(Library/Artifacts/65) by extensions ['colcon_pkg']
[5.510s] Level 1:colcon.colcon_core.package_identification:_identify(Library/Artifacts/65) by extension 'colcon_pkg'
[5.512s] Level 1:colcon.colcon_core.package_identification:_identify(Library/Artifacts/65) by extensions ['colcon_meta']
[5.513s] Level 1:colcon.colcon_core.package_identification:_identify(Library/Artifacts/65) by extension 'colcon_meta'
[5.517s] Level 1:colcon.colcon_core.package_identification:_identify(Library/Artifacts/65) by extensions ['ros']
[5.518s] Level 1:colcon.colcon_core.package_identification:_identify(Library/Artifacts/65) by extension 'ros'
[5.527s] Level 1:colcon.colcon_core.package_identification:_identify(Library/Artifacts/65) by extensions ['cmake', 'python']
[5.528s] Level 1:colcon.colcon_core.package_identification:_identify(Library/Artifacts/65) by extension 'cmake'
[5.531s] Level 1:colcon.colcon_core.package_identification:_identify(Library/Artifacts/65) by extension 'python'
[5.534s] Level 1:colcon.colcon_core.package_identification:_identify(Library/Artifacts/65) by extensions ['python_setup_py']
[5.535s] Level 1:colcon.colcon_core.package_identification:_identify(Library/Artifacts/65) by extension 'python_setup_py'
[5.545s] Level 1:colcon.colcon_core.package_identification:_identify(Library/Artifacts/66) by extensions ['ignore', 'ignore_ament_install']
[5.546s] Level 1:colcon.colcon_core.package_identification:_identify(Library/Artifacts/66) by extension 'ignore'
[5.549s] Level 1:colcon.colcon_core.package_identification:_identify(Library/Artifacts/66) by extension 'ignore_ament_install'
[5.554s] Level 1:colcon.colcon_core.package_identification:_identify(Library/Artifacts/66) by extensions ['colcon_pkg']
[5.555s] Level 1:colcon.colcon_core.package_identification:_identify(Library/Artifacts/66) by extension 'colcon_pkg'
[5.557s] Level 1:colcon.colcon_core.package_identification:_identify(Library/Artifacts/66) by extensions ['colcon_meta']
[5.559s] Level 1:colcon.colcon_core.package_identification:_identify(Library/Artifacts/66) by extension 'colcon_meta'
[5.563s] Level 1:colcon.colcon_core.package_identification:_identify(Library/Artifacts/66) by extensions ['ros']
[5.564s] Level 1:colcon.colcon_core.package_identification:_identify(Library/Artifacts/66) by extension 'ros'
[5.572s] Level 1:colcon.colcon_core.package_identification:_identify(Library/Artifacts/66) by extensions ['cmake', 'python']
[5.573s] Level 1:colcon.colcon_core.package_identification:_identify(Library/Artifacts/66) by extension 'cmake'
[5.576s] Level 1:colcon.colcon_core.package_identification:_identify(Library/Artifacts/66) by extension 'python'
[5.579s] Level 1:colcon.colcon_core.package_identification:_identify(Library/Artifacts/66) by extensions ['python_setup_py']
[5.580s] Level 1:colcon.colcon_core.package_identification:_identify(Library/Artifacts/66) by extension 'python_setup_py'
[5.588s] Level 1:colcon.colcon_core.package_identification:_identify(Library/Artifacts/67) by extensions ['ignore', 'ignore_ament_install']
[5.589s] Level 1:colcon.colcon_core.package_identification:_identify(Library/Artifacts/67) by extension 'ignore'
[5.592s] Level 1:colcon.colcon_core.package_identification:_identify(Library/Artifacts/67) by extension 'ignore_ament_install'
[5.596s] Level 1:colcon.colcon_core.package_identification:_identify(Library/Artifacts/67) by extensions ['colcon_pkg']
[5.597s] Level 1:colcon.colcon_core.package_identification:_identify(Library/Artifacts/67) by extension 'colcon_pkg'
[5.600s] Level 1:colcon.colcon_core.package_identification:_identify(Library/Artifacts/67) by extensions ['colcon_meta']
[5.600s] Level 1:colcon.colcon_core.package_identification:_identify(Library/Artifacts/67) by extension 'colcon_meta'
[5.604s] Level 1:colcon.colcon_core.package_identification:_identify(Library/Artifacts/67) by extensions ['ros']
[5.605s] Level 1:colcon.colcon_core.package_identification:_identify(Library/Artifacts/67) by extension 'ros'
[5.613s] Level 1:colcon.colcon_core.package_identification:_identify(Library/Artifacts/67) by extensions ['cmake', 'python']
[5.614s] Level 1:colcon.colcon_core.package_identification:_identify(Library/Artifacts/67) by extension 'cmake'
[5.617s] Level 1:colcon.colcon_core.package_identification:_identify(Library/Artifacts/67) by extension 'python'
[5.619s] Level 1:colcon.colcon_core.package_identification:_identify(Library/Artifacts/67) by extensions ['python_setup_py']
[5.620s] Level 1:colcon.colcon_core.package_identification:_identify(Library/Artifacts/67) by extension 'python_setup_py'
[5.630s] Level 1:colcon.colcon_core.package_identification:_identify(Library/Artifacts/68) by extensions ['ignore', 'ignore_ament_install']
[5.631s] Level 1:colcon.colcon_core.package_identification:_identify(Library/Artifacts/68) by extension 'ignore'
[5.634s] Level 1:colcon.colcon_core.package_identification:_identify(Library/Artifacts/68) by extension 'ignore_ament_install'
[5.639s] Level 1:colcon.colcon_core.package_identification:_identify(Library/Artifacts/68) by extensions ['colcon_pkg']
[5.640s] Level 1:colcon.colcon_core.package_identification:_identify(Library/Artifacts/68) by extension 'colcon_pkg'
[5.641s] Level 1:colcon.colcon_core.package_identification:_identify(Library/Artifacts/68) by extensions ['colcon_meta']
[5.642s] Level 1:colcon.colcon_core.package_identification:_identify(Library/Artifacts/68) by extension 'colcon_meta'
[5.647s] Level 1:colcon.colcon_core.package_identification:_identify(Library/Artifacts/68) by extensions ['ros']
[5.648s] Level 1:colcon.colcon_core.package_identification:_identify(Library/Artifacts/68) by extension 'ros'
[5.658s] Level 1:colcon.colcon_core.package_identification:_identify(Library/Artifacts/68) by extensions ['cmake', 'python']
[5.659s] Level 1:colcon.colcon_core.package_identification:_identify(Library/Artifacts/68) by extension 'cmake'
[5.661s] Level 1:colcon.colcon_core.package_identification:_identify(Library/Artifacts/68) by extension 'python'
[5.663s] Level 1:colcon.colcon_core.package_identification:_identify(Library/Artifacts/68) by extensions ['python_setup_py']
[5.664s] Level 1:colcon.colcon_core.package_identification:_identify(Library/Artifacts/68) by extension 'python_setup_py'
[5.672s] Level 1:colcon.colcon_core.package_identification:_identify(Library/Artifacts/69) by extensions ['ignore', 'ignore_ament_install']
[5.673s] Level 1:colcon.colcon_core.package_identification:_identify(Library/Artifacts/69) by extension 'ignore'
[5.675s] Level 1:colcon.colcon_core.package_identification:_identify(Library/Artifacts/69) by extension 'ignore_ament_install'
[5.679s] Level 1:colcon.colcon_core.package_identification:_identify(Library/Artifacts/69) by extensions ['colcon_pkg']
[5.680s] Level 1:colcon.colcon_core.package_identification:_identify(Library/Artifacts/69) by extension 'colcon_pkg'
[5.683s] Level 1:colcon.colcon_core.package_identification:_identify(Library/Artifacts/69) by extensions ['colcon_meta']
[5.683s] Level 1:colcon.colcon_core.package_identification:_identify(Library/Artifacts/69) by extension 'colcon_meta'
[5.688s] Level 1:colcon.colcon_core.package_identification:_identify(Library/Artifacts/69) by extensions ['ros']
[5.688s] Level 1:colcon.colcon_core.package_identification:_identify(Library/Artifacts/69) by extension 'ros'
[5.697s] Level 1:colcon.colcon_core.package_identification:_identify(Library/Artifacts/69) by extensions ['cmake', 'python']
[5.698s] Level 1:colcon.colcon_core.package_identification:_identify(Library/Artifacts/69) by extension 'cmake'
[5.700s] Level 1:colcon.colcon_core.package_identification:_identify(Library/Artifacts/69) by extension 'python'
[5.703s] Level 1:colcon.colcon_core.package_identification:_identify(Library/Artifacts/69) by extensions ['python_setup_py']
[5.703s] Level 1:colcon.colcon_core.package_identification:_identify(Library/Artifacts/69) by extension 'python_setup_py'
[5.712s] Level 1:colcon.colcon_core.package_identification:_identify(Library/Artifacts/6a) by extensions ['ignore', 'ignore_ament_install']
[5.712s] Level 1:colcon.colcon_core.package_identification:_identify(Library/Artifacts/6a) by extension 'ignore'
[5.715s] Level 1:colcon.colcon_core.package_identification:_identify(Library/Artifacts/6a) by extension 'ignore_ament_install'
[5.719s] Level 1:colcon.colcon_core.package_identification:_identify(Library/Artifacts/6a) by extensions ['colcon_pkg']
[5.720s] Level 1:colcon.colcon_core.package_identification:_identify(Library/Artifacts/6a) by extension 'colcon_pkg'
[5.722s] Level 1:colcon.colcon_core.package_identification:_identify(Library/Artifacts/6a) by extensions ['colcon_meta']
[5.723s] Level 1:colcon.colcon_core.package_identification:_identify(Library/Artifacts/6a) by extension 'colcon_meta'
[5.727s] Level 1:colcon.colcon_core.package_identification:_identify(Library/Artifacts/6a) by extensions ['ros']
[5.728s] Level 1:colcon.colcon_core.package_identification:_identify(Library/Artifacts/6a) by extension 'ros'
[5.736s] Level 1:colcon.colcon_core.package_identification:_identify(Library/Artifacts/6a) by extensions ['cmake', 'python']
[5.737s] Level 1:colcon.colcon_core.package_identification:_identify(Library/Artifacts/6a) by extension 'cmake'
[5.739s] Level 1:colcon.colcon_core.package_identification:_identify(Library/Artifacts/6a) by extension 'python'
[5.741s] Level 1:colcon.colcon_core.package_identification:_identify(Library/Artifacts/6a) by extensions ['python_setup_py']
[5.741s] Level 1:colcon.colcon_core.package_identification:_identify(Library/Artifacts/6a) by extension 'python_setup_py'
[5.749s] Level 1:colcon.colcon_core.package_identification:_identify(Library/Artifacts/6b) by extensions ['ignore', 'ignore_ament_install']
[5.750s] Level 1:colcon.colcon_core.package_identification:_identify(Library/Artifacts/6b) by extension 'ignore'
[5.754s] Level 1:colcon.colcon_core.package_identification:_identify(Library/Artifacts/6b) by extension 'ignore_ament_install'
[5.758s] Level 1:colcon.colcon_core.package_identification:_identify(Library/Artifacts/6b) by extensions ['colcon_pkg']
[5.759s] Level 1:colcon.colcon_core.package_identification:_identify(Library/Artifacts/6b) by extension 'colcon_pkg'
[5.763s] Level 1:colcon.colcon_core.package_identification:_identify(Library/Artifacts/6b) by extensions ['colcon_meta']
[5.764s] Level 1:colcon.colcon_core.package_identification:_identify(Library/Artifacts/6b) by extension 'colcon_meta'
[5.770s] Level 1:colcon.colcon_core.package_identification:_identify(Library/Artifacts/6b) by extensions ['ros']
[5.771s] Level 1:colcon.colcon_core.package_identification:_identify(Library/Artifacts/6b) by extension 'ros'
[5.778s] Level 1:colcon.colcon_core.package_identification:_identify(Library/Artifacts/6b) by extensions ['cmake', 'python']
[5.779s] Level 1:colcon.colcon_core.package_identification:_identify(Library/Artifacts/6b) by extension 'cmake'
[5.781s] Level 1:colcon.colcon_core.package_identification:_identify(Library/Artifacts/6b) by extension 'python'
[5.784s] Level 1:colcon.colcon_core.package_identification:_identify(Library/Artifacts/6b) by extensions ['python_setup_py']
[5.785s] Level 1:colcon.colcon_core.package_identification:_identify(Library/Artifacts/6b) by extension 'python_setup_py'
[5.794s] Level 1:colcon.colcon_core.package_identification:_identify(Library/Artifacts/6c) by extensions ['ignore', 'ignore_ament_install']
[5.795s] Level 1:colcon.colcon_core.package_identification:_identify(Library/Artifacts/6c) by extension 'ignore'
[5.798s] Level 1:colcon.colcon_core.package_identification:_identify(Library/Artifacts/6c) by extension 'ignore_ament_install'
[5.802s] Level 1:colcon.colcon_core.package_identification:_identify(Library/Artifacts/6c) by extensions ['colcon_pkg']
[5.802s] Level 1:colcon.colcon_core.package_identification:_identify(Library/Artifacts/6c) by extension 'colcon_pkg'
[5.805s] Level 1:colcon.colcon_core.package_identification:_identify(Library/Artifacts/6c) by extensions ['colcon_meta']
[5.806s] Level 1:colcon.colcon_core.package_identification:_identify(Library/Artifacts/6c) by extension 'colcon_meta'
[5.810s] Level 1:colcon.colcon_core.package_identification:_identify(Library/Artifacts/6c) by extensions ['ros']
[5.811s] Level 1:colcon.colcon_core.package_identification:_identify(Library/Artifacts/6c) by extension 'ros'
[5.821s] Level 1:colcon.colcon_core.package_identification:_identify(Library/Artifacts/6c) by extensions ['cmake', 'python']
[5.821s] Level 1:colcon.colcon_core.package_identification:_identify(Library/Artifacts/6c) by extension 'cmake'
[5.824s] Level 1:colcon.colcon_core.package_identification:_identify(Library/Artifacts/6c) by extension 'python'
[5.827s] Level 1:colcon.colcon_core.package_identification:_identify(Library/Artifacts/6c) by extensions ['python_setup_py']
[5.828s] Level 1:colcon.colcon_core.package_identification:_identify(Library/Artifacts/6c) by extension 'python_setup_py'
[5.838s] Level 1:colcon.colcon_core.package_identification:_identify(Library/Artifacts/6d) by extensions ['ignore', 'ignore_ament_install']
[5.839s] Level 1:colcon.colcon_core.package_identification:_identify(Library/Artifacts/6d) by extension 'ignore'
[5.841s] Level 1:colcon.colcon_core.package_identification:_identify(Library/Artifacts/6d) by extension 'ignore_ament_install'
[5.845s] Level 1:colcon.colcon_core.package_identification:_identify(Library/Artifacts/6d) by extensions ['colcon_pkg']
[5.846s] Level 1:colcon.colcon_core.package_identification:_identify(Library/Artifacts/6d) by extension 'colcon_pkg'
[5.848s] Level 1:colcon.colcon_core.package_identification:_identify(Library/Artifacts/6d) by extensions ['colcon_meta']
[5.849s] Level 1:colcon.colcon_core.package_identification:_identify(Library/Artifacts/6d) by extension 'colcon_meta'
[5.853s] Level 1:colcon.colcon_core.package_identification:_identify(Library/Artifacts/6d) by extensions ['ros']
[5.853s] Level 1:colcon.colcon_core.package_identification:_identify(Library/Artifacts/6d) by extension 'ros'
[5.862s] Level 1:colcon.colcon_core.package_identification:_identify(Library/Artifacts/6d) by extensions ['cmake', 'python']
[5.862s] Level 1:colcon.colcon_core.package_identification:_identify(Library/Artifacts/6d) by extension 'cmake'
[5.864s] Level 1:colcon.colcon_core.package_identification:_identify(Library/Artifacts/6d) by extension 'python'
[5.866s] Level 1:colcon.colcon_core.package_identification:_identify(Library/Artifacts/6d) by extensions ['python_setup_py']
[5.867s] Level 1:colcon.colcon_core.package_identification:_identify(Library/Artifacts/6d) by extension 'python_setup_py'
[5.876s] Level 1:colcon.colcon_core.package_identification:_identify(Library/Artifacts/6e) by extensions ['ignore', 'ignore_ament_install']
[5.877s] Level 1:colcon.colcon_core.package_identification:_identify(Library/Artifacts/6e) by extension 'ignore'
[5.879s] Level 1:colcon.colcon_core.package_identification:_identify(Library/Artifacts/6e) by extension 'ignore_ament_install'
[5.883s] Level 1:colcon.colcon_core.package_identification:_identify(Library/Artifacts/6e) by extensions ['colcon_pkg']
[5.884s] Level 1:colcon.colcon_core.package_identification:_identify(Library/Artifacts/6e) by extension 'colcon_pkg'
[5.886s] Level 1:colcon.colcon_core.package_identification:_identify(Library/Artifacts/6e) by extensions ['colcon_meta']
[5.887s] Level 1:colcon.colcon_core.package_identification:_identify(Library/Artifacts/6e) by extension 'colcon_meta'
[5.892s] Level 1:colcon.colcon_core.package_identification:_identify(Library/Artifacts/6e) by extensions ['ros']
[5.892s] Level 1:colcon.colcon_core.package_identification:_identify(Library/Artifacts/6e) by extension 'ros'
[5.902s] Level 1:colcon.colcon_core.package_identification:_identify(Library/Artifacts/6e) by extensions ['cmake', 'python']
[5.902s] Level 1:colcon.colcon_core.package_identification:_identify(Library/Artifacts/6e) by extension 'cmake'
[5.905s] Level 1:colcon.colcon_core.package_identification:_identify(Library/Artifacts/6e) by extension 'python'
[5.908s] Level 1:colcon.colcon_core.package_identification:_identify(Library/Artifacts/6e) by extensions ['python_setup_py']
[5.908s] Level 1:colcon.colcon_core.package_identification:_identify(Library/Artifacts/6e) by extension 'python_setup_py'
[5.916s] Level 1:colcon.colcon_core.package_identification:_identify(Library/Artifacts/6f) by extensions ['ignore', 'ignore_ament_install']
[5.917s] Level 1:colcon.colcon_core.package_identification:_identify(Library/Artifacts/6f) by extension 'ignore'
[5.920s] Level 1:colcon.colcon_core.package_identification:_identify(Library/Artifacts/6f) by extension 'ignore_ament_install'
[5.924s] Level 1:colcon.colcon_core.package_identification:_identify(Library/Artifacts/6f) by extensions ['colcon_pkg']
[5.925s] Level 1:colcon.colcon_core.package_identification:_identify(Library/Artifacts/6f) by extension 'colcon_pkg'
[5.927s] Level 1:colcon.colcon_core.package_identification:_identify(Library/Artifacts/6f) by extensions ['colcon_meta']
[5.928s] Level 1:colcon.colcon_core.package_identification:_identify(Library/Artifacts/6f) by extension 'colcon_meta'
[5.932s] Level 1:colcon.colcon_core.package_identification:_identify(Library/Artifacts/6f) by extensions ['ros']
[5.933s] Level 1:colcon.colcon_core.package_identification:_identify(Library/Artifacts/6f) by extension 'ros'
[5.942s] Level 1:colcon.colcon_core.package_identification:_identify(Library/Artifacts/6f) by extensions ['cmake', 'python']
[5.942s] Level 1:colcon.colcon_core.package_identification:_identify(Library/Artifacts/6f) by extension 'cmake'
[5.945s] Level 1:colcon.colcon_core.package_identification:_identify(Library/Artifacts/6f) by extension 'python'
[5.949s] Level 1:colcon.colcon_core.package_identification:_identify(Library/Artifacts/6f) by extensions ['python_setup_py']
[5.950s] Level 1:colcon.colcon_core.package_identification:_identify(Library/Artifacts/6f) by extension 'python_setup_py'
[5.959s] Level 1:colcon.colcon_core.package_identification:_identify(Library/Artifacts/70) by extensions ['ignore', 'ignore_ament_install']
[5.960s] Level 1:colcon.colcon_core.package_identification:_identify(Library/Artifacts/70) by extension 'ignore'
[5.963s] Level 1:colcon.colcon_core.package_identification:_identify(Library/Artifacts/70) by extension 'ignore_ament_install'
[5.968s] Level 1:colcon.colcon_core.package_identification:_identify(Library/Artifacts/70) by extensions ['colcon_pkg']
[5.969s] Level 1:colcon.colcon_core.package_identification:_identify(Library/Artifacts/70) by extension 'colcon_pkg'
[5.971s] Level 1:colcon.colcon_core.package_identification:_identify(Library/Artifacts/70) by extensions ['colcon_meta']
[5.972s] Level 1:colcon.colcon_core.package_identification:_identify(Library/Artifacts/70) by extension 'colcon_meta'
[5.977s] Level 1:colcon.colcon_core.package_identification:_identify(Library/Artifacts/70) by extensions ['ros']
[5.978s] Level 1:colcon.colcon_core.package_identification:_identify(Library/Artifacts/70) by extension 'ros'
[5.987s] Level 1:colcon.colcon_core.package_identification:_identify(Library/Artifacts/70) by extensions ['cmake', 'python']
[5.987s] Level 1:colcon.colcon_core.package_identification:_identify(Library/Artifacts/70) by extension 'cmake'
[5.990s] Level 1:colcon.colcon_core.package_identification:_identify(Library/Artifacts/70) by extension 'python'
[5.993s] Level 1:colcon.colcon_core.package_identification:_identify(Library/Artifacts/70) by extensions ['python_setup_py']
[5.994s] Level 1:colcon.colcon_core.package_identification:_identify(Library/Artifacts/70) by extension 'python_setup_py'
[6.003s] Level 1:colcon.colcon_core.package_identification:_identify(Library/Artifacts/71) by extensions ['ignore', 'ignore_ament_install']
[6.004s] Level 1:colcon.colcon_core.package_identification:_identify(Library/Artifacts/71) by extension 'ignore'
[6.007s] Level 1:colcon.colcon_core.package_identification:_identify(Library/Artifacts/71) by extension 'ignore_ament_install'
[6.011s] Level 1:colcon.colcon_core.package_identification:_identify(Library/Artifacts/71) by extensions ['colcon_pkg']
[6.012s] Level 1:colcon.colcon_core.package_identification:_identify(Library/Artifacts/71) by extension 'colcon_pkg'
[6.014s] Level 1:colcon.colcon_core.package_identification:_identify(Library/Artifacts/71) by extensions ['colcon_meta']
[6.015s] Level 1:colcon.colcon_core.package_identification:_identify(Library/Artifacts/71) by extension 'colcon_meta'
[6.020s] Level 1:colcon.colcon_core.package_identification:_identify(Library/Artifacts/71) by extensions ['ros']
[6.021s] Level 1:colcon.colcon_core.package_identification:_identify(Library/Artifacts/71) by extension 'ros'
[6.029s] Level 1:colcon.colcon_core.package_identification:_identify(Library/Artifacts/71) by extensions ['cmake', 'python']
[6.030s] Level 1:colcon.colcon_core.package_identification:_identify(Library/Artifacts/71) by extension 'cmake'
[6.032s] Level 1:colcon.colcon_core.package_identification:_identify(Library/Artifacts/71) by extension 'python'
[6.034s] Level 1:colcon.colcon_core.package_identification:_identify(Library/Artifacts/71) by extensions ['python_setup_py']
[6.035s] Level 1:colcon.colcon_core.package_identification:_identify(Library/Artifacts/71) by extension 'python_setup_py'
[6.044s] Level 1:colcon.colcon_core.package_identification:_identify(Library/Artifacts/72) by extensions ['ignore', 'ignore_ament_install']
[6.045s] Level 1:colcon.colcon_core.package_identification:_identify(Library/Artifacts/72) by extension 'ignore'
[6.047s] Level 1:colcon.colcon_core.package_identification:_identify(Library/Artifacts/72) by extension 'ignore_ament_install'
[6.051s] Level 1:colcon.colcon_core.package_identification:_identify(Library/Artifacts/72) by extensions ['colcon_pkg']
[6.052s] Level 1:colcon.colcon_core.package_identification:_identify(Library/Artifacts/72) by extension 'colcon_pkg'
[6.054s] Level 1:colcon.colcon_core.package_identification:_identify(Library/Artifacts/72) by extensions ['colcon_meta']
[6.055s] Level 1:colcon.colcon_core.package_identification:_identify(Library/Artifacts/72) by extension 'colcon_meta'
[6.059s] Level 1:colcon.colcon_core.package_identification:_identify(Library/Artifacts/72) by extensions ['ros']
[6.059s] Level 1:colcon.colcon_core.package_identification:_identify(Library/Artifacts/72) by extension 'ros'
[6.068s] Level 1:colcon.colcon_core.package_identification:_identify(Library/Artifacts/72) by extensions ['cmake', 'python']
[6.069s] Level 1:colcon.colcon_core.package_identification:_identify(Library/Artifacts/72) by extension 'cmake'
[6.072s] Level 1:colcon.colcon_core.package_identification:_identify(Library/Artifacts/72) by extension 'python'
[6.074s] Level 1:colcon.colcon_core.package_identification:_identify(Library/Artifacts/72) by extensions ['python_setup_py']
[6.075s] Level 1:colcon.colcon_core.package_identification:_identify(Library/Artifacts/72) by extension 'python_setup_py'
[6.084s] Level 1:colcon.colcon_core.package_identification:_identify(Library/Artifacts/73) by extensions ['ignore', 'ignore_ament_install']
[6.085s] Level 1:colcon.colcon_core.package_identification:_identify(Library/Artifacts/73) by extension 'ignore'
[6.087s] Level 1:colcon.colcon_core.package_identification:_identify(Library/Artifacts/73) by extension 'ignore_ament_install'
[6.091s] Level 1:colcon.colcon_core.package_identification:_identify(Library/Artifacts/73) by extensions ['colcon_pkg']
[6.092s] Level 1:colcon.colcon_core.package_identification:_identify(Library/Artifacts/73) by extension 'colcon_pkg'
[6.094s] Level 1:colcon.colcon_core.package_identification:_identify(Library/Artifacts/73) by extensions ['colcon_meta']
[6.095s] Level 1:colcon.colcon_core.package_identification:_identify(Library/Artifacts/73) by extension 'colcon_meta'
[6.099s] Level 1:colcon.colcon_core.package_identification:_identify(Library/Artifacts/73) by extensions ['ros']
[6.100s] Level 1:colcon.colcon_core.package_identification:_identify(Library/Artifacts/73) by extension 'ros'
[6.109s] Level 1:colcon.colcon_core.package_identification:_identify(Library/Artifacts/73) by extensions ['cmake', 'python']
[6.109s] Level 1:colcon.colcon_core.package_identification:_identify(Library/Artifacts/73) by extension 'cmake'
[6.112s] Level 1:colcon.colcon_core.package_identification:_identify(Library/Artifacts/73) by extension 'python'
[6.114s] Level 1:colcon.colcon_core.package_identification:_identify(Library/Artifacts/73) by extensions ['python_setup_py']
[6.115s] Level 1:colcon.colcon_core.package_identification:_identify(Library/Artifacts/73) by extension 'python_setup_py'
[6.124s] Level 1:colcon.colcon_core.package_identification:_identify(Library/Artifacts/74) by extensions ['ignore', 'ignore_ament_install']
[6.125s] Level 1:colcon.colcon_core.package_identification:_identify(Library/Artifacts/74) by extension 'ignore'
[6.128s] Level 1:colcon.colcon_core.package_identification:_identify(Library/Artifacts/74) by extension 'ignore_ament_install'
[6.131s] Level 1:colcon.colcon_core.package_identification:_identify(Library/Artifacts/74) by extensions ['colcon_pkg']
[6.132s] Level 1:colcon.colcon_core.package_identification:_identify(Library/Artifacts/74) by extension 'colcon_pkg'
[6.134s] Level 1:colcon.colcon_core.package_identification:_identify(Library/Artifacts/74) by extensions ['colcon_meta']
[6.135s] Level 1:colcon.colcon_core.package_identification:_identify(Library/Artifacts/74) by extension 'colcon_meta'
[6.139s] Level 1:colcon.colcon_core.package_identification:_identify(Library/Artifacts/74) by extensions ['ros']
[6.140s] Level 1:colcon.colcon_core.package_identification:_identify(Library/Artifacts/74) by extension 'ros'
[6.151s] Level 1:colcon.colcon_core.package_identification:_identify(Library/Artifacts/74) by extensions ['cmake', 'python']
[6.152s] Level 1:colcon.colcon_core.package_identification:_identify(Library/Artifacts/74) by extension 'cmake'
[6.154s] Level 1:colcon.colcon_core.package_identification:_identify(Library/Artifacts/74) by extension 'python'
[6.157s] Level 1:colcon.colcon_core.package_identification:_identify(Library/Artifacts/74) by extensions ['python_setup_py']
[6.158s] Level 1:colcon.colcon_core.package_identification:_identify(Library/Artifacts/74) by extension 'python_setup_py'
[6.171s] Level 1:colcon.colcon_core.package_identification:_identify(Library/Artifacts/75) by extensions ['ignore', 'ignore_ament_install']
[6.172s] Level 1:colcon.colcon_core.package_identification:_identify(Library/Artifacts/75) by extension 'ignore'
[6.174s] Level 1:colcon.colcon_core.package_identification:_identify(Library/Artifacts/75) by extension 'ignore_ament_install'
[6.178s] Level 1:colcon.colcon_core.package_identification:_identify(Library/Artifacts/75) by extensions ['colcon_pkg']
[6.179s] Level 1:colcon.colcon_core.package_identification:_identify(Library/Artifacts/75) by extension 'colcon_pkg'
[6.182s] Level 1:colcon.colcon_core.package_identification:_identify(Library/Artifacts/75) by extensions ['colcon_meta']
[6.182s] Level 1:colcon.colcon_core.package_identification:_identify(Library/Artifacts/75) by extension 'colcon_meta'
[6.187s] Level 1:colcon.colcon_core.package_identification:_identify(Library/Artifacts/75) by extensions ['ros']
[6.187s] Level 1:colcon.colcon_core.package_identification:_identify(Library/Artifacts/75) by extension 'ros'
[6.196s] Level 1:colcon.colcon_core.package_identification:_identify(Library/Artifacts/75) by extensions ['cmake', 'python']
[6.197s] Level 1:colcon.colcon_core.package_identification:_identify(Library/Artifacts/75) by extension 'cmake'
[6.200s] Level 1:colcon.colcon_core.package_identification:_identify(Library/Artifacts/75) by extension 'python'
[6.203s] Level 1:colcon.colcon_core.package_identification:_identify(Library/Artifacts/75) by extensions ['python_setup_py']
[6.204s] Level 1:colcon.colcon_core.package_identification:_identify(Library/Artifacts/75) by extension 'python_setup_py'
[6.213s] Level 1:colcon.colcon_core.package_identification:_identify(Library/Artifacts/76) by extensions ['ignore', 'ignore_ament_install']
[6.214s] Level 1:colcon.colcon_core.package_identification:_identify(Library/Artifacts/76) by extension 'ignore'
[6.217s] Level 1:colcon.colcon_core.package_identification:_identify(Library/Artifacts/76) by extension 'ignore_ament_install'
[6.222s] Level 1:colcon.colcon_core.package_identification:_identify(Library/Artifacts/76) by extensions ['colcon_pkg']
[6.223s] Level 1:colcon.colcon_core.package_identification:_identify(Library/Artifacts/76) by extension 'colcon_pkg'
[6.226s] Level 1:colcon.colcon_core.package_identification:_identify(Library/Artifacts/76) by extensions ['colcon_meta']
[6.227s] Level 1:colcon.colcon_core.package_identification:_identify(Library/Artifacts/76) by extension 'colcon_meta'
[6.233s] Level 1:colcon.colcon_core.package_identification:_identify(Library/Artifacts/76) by extensions ['ros']
[6.234s] Level 1:colcon.colcon_core.package_identification:_identify(Library/Artifacts/76) by extension 'ros'
[6.242s] Level 1:colcon.colcon_core.package_identification:_identify(Library/Artifacts/76) by extensions ['cmake', 'python']
[6.243s] Level 1:colcon.colcon_core.package_identification:_identify(Library/Artifacts/76) by extension 'cmake'
[6.245s] Level 1:colcon.colcon_core.package_identification:_identify(Library/Artifacts/76) by extension 'python'
[6.248s] Level 1:colcon.colcon_core.package_identification:_identify(Library/Artifacts/76) by extensions ['python_setup_py']
[6.249s] Level 1:colcon.colcon_core.package_identification:_identify(Library/Artifacts/76) by extension 'python_setup_py'
[6.259s] Level 1:colcon.colcon_core.package_identification:_identify(Library/Artifacts/77) by extensions ['ignore', 'ignore_ament_install']
[6.260s] Level 1:colcon.colcon_core.package_identification:_identify(Library/Artifacts/77) by extension 'ignore'
[6.263s] Level 1:colcon.colcon_core.package_identification:_identify(Library/Artifacts/77) by extension 'ignore_ament_install'
[6.268s] Level 1:colcon.colcon_core.package_identification:_identify(Library/Artifacts/77) by extensions ['colcon_pkg']
[6.269s] Level 1:colcon.colcon_core.package_identification:_identify(Library/Artifacts/77) by extension 'colcon_pkg'
[6.272s] Level 1:colcon.colcon_core.package_identification:_identify(Library/Artifacts/77) by extensions ['colcon_meta']
[6.272s] Level 1:colcon.colcon_core.package_identification:_identify(Library/Artifacts/77) by extension 'colcon_meta'
[6.277s] Level 1:colcon.colcon_core.package_identification:_identify(Library/Artifacts/77) by extensions ['ros']
[6.278s] Level 1:colcon.colcon_core.package_identification:_identify(Library/Artifacts/77) by extension 'ros'
[6.287s] Level 1:colcon.colcon_core.package_identification:_identify(Library/Artifacts/77) by extensions ['cmake', 'python']
[6.288s] Level 1:colcon.colcon_core.package_identification:_identify(Library/Artifacts/77) by extension 'cmake'
[6.291s] Level 1:colcon.colcon_core.package_identification:_identify(Library/Artifacts/77) by extension 'python'
[6.295s] Level 1:colcon.colcon_core.package_identification:_identify(Library/Artifacts/77) by extensions ['python_setup_py']
[6.296s] Level 1:colcon.colcon_core.package_identification:_identify(Library/Artifacts/77) by extension 'python_setup_py'
[6.306s] Level 1:colcon.colcon_core.package_identification:_identify(Library/Artifacts/78) by extensions ['ignore', 'ignore_ament_install']
[6.307s] Level 1:colcon.colcon_core.package_identification:_identify(Library/Artifacts/78) by extension 'ignore'
[6.310s] Level 1:colcon.colcon_core.package_identification:_identify(Library/Artifacts/78) by extension 'ignore_ament_install'
[6.315s] Level 1:colcon.colcon_core.package_identification:_identify(Library/Artifacts/78) by extensions ['colcon_pkg']
[6.316s] Level 1:colcon.colcon_core.package_identification:_identify(Library/Artifacts/78) by extension 'colcon_pkg'
[6.319s] Level 1:colcon.colcon_core.package_identification:_identify(Library/Artifacts/78) by extensions ['colcon_meta']
[6.319s] Level 1:colcon.colcon_core.package_identification:_identify(Library/Artifacts/78) by extension 'colcon_meta'
[6.323s] Level 1:colcon.colcon_core.package_identification:_identify(Library/Artifacts/78) by extensions ['ros']
[6.324s] Level 1:colcon.colcon_core.package_identification:_identify(Library/Artifacts/78) by extension 'ros'
[6.335s] Level 1:colcon.colcon_core.package_identification:_identify(Library/Artifacts/78) by extensions ['cmake', 'python']
[6.336s] Level 1:colcon.colcon_core.package_identification:_identify(Library/Artifacts/78) by extension 'cmake'
[6.338s] Level 1:colcon.colcon_core.package_identification:_identify(Library/Artifacts/78) by extension 'python'
[6.340s] Level 1:colcon.colcon_core.package_identification:_identify(Library/Artifacts/78) by extensions ['python_setup_py']
[6.341s] Level 1:colcon.colcon_core.package_identification:_identify(Library/Artifacts/78) by extension 'python_setup_py'
[6.353s] Level 1:colcon.colcon_core.package_identification:_identify(Library/Artifacts/79) by extensions ['ignore', 'ignore_ament_install']
[6.354s] Level 1:colcon.colcon_core.package_identification:_identify(Library/Artifacts/79) by extension 'ignore'
[6.356s] Level 1:colcon.colcon_core.package_identification:_identify(Library/Artifacts/79) by extension 'ignore_ament_install'
[6.360s] Level 1:colcon.colcon_core.package_identification:_identify(Library/Artifacts/79) by extensions ['colcon_pkg']
[6.361s] Level 1:colcon.colcon_core.package_identification:_identify(Library/Artifacts/79) by extension 'colcon_pkg'
[6.364s] Level 1:colcon.colcon_core.package_identification:_identify(Library/Artifacts/79) by extensions ['colcon_meta']
[6.364s] Level 1:colcon.colcon_core.package_identification:_identify(Library/Artifacts/79) by extension 'colcon_meta'
[6.369s] Level 1:colcon.colcon_core.package_identification:_identify(Library/Artifacts/79) by extensions ['ros']
[6.369s] Level 1:colcon.colcon_core.package_identification:_identify(Library/Artifacts/79) by extension 'ros'
[6.378s] Level 1:colcon.colcon_core.package_identification:_identify(Library/Artifacts/79) by extensions ['cmake', 'python']
[6.379s] Level 1:colcon.colcon_core.package_identification:_identify(Library/Artifacts/79) by extension 'cmake'
[6.381s] Level 1:colcon.colcon_core.package_identification:_identify(Library/Artifacts/79) by extension 'python'
[6.384s] Level 1:colcon.colcon_core.package_identification:_identify(Library/Artifacts/79) by extensions ['python_setup_py']
[6.385s] Level 1:colcon.colcon_core.package_identification:_identify(Library/Artifacts/79) by extension 'python_setup_py'
[6.394s] Level 1:colcon.colcon_core.package_identification:_identify(Library/Artifacts/7a) by extensions ['ignore', 'ignore_ament_install']
[6.395s] Level 1:colcon.colcon_core.package_identification:_identify(Library/Artifacts/7a) by extension 'ignore'
[6.397s] Level 1:colcon.colcon_core.package_identification:_identify(Library/Artifacts/7a) by extension 'ignore_ament_install'
[6.402s] Level 1:colcon.colcon_core.package_identification:_identify(Library/Artifacts/7a) by extensions ['colcon_pkg']
[6.402s] Level 1:colcon.colcon_core.package_identification:_identify(Library/Artifacts/7a) by extension 'colcon_pkg'
[6.405s] Level 1:colcon.colcon_core.package_identification:_identify(Library/Artifacts/7a) by extensions ['colcon_meta']
[6.406s] Level 1:colcon.colcon_core.package_identification:_identify(Library/Artifacts/7a) by extension 'colcon_meta'
[6.410s] Level 1:colcon.colcon_core.package_identification:_identify(Library/Artifacts/7a) by extensions ['ros']
[6.410s] Level 1:colcon.colcon_core.package_identification:_identify(Library/Artifacts/7a) by extension 'ros'
[6.419s] Level 1:colcon.colcon_core.package_identification:_identify(Library/Artifacts/7a) by extensions ['cmake', 'python']
[6.420s] Level 1:colcon.colcon_core.package_identification:_identify(Library/Artifacts/7a) by extension 'cmake'
[6.422s] Level 1:colcon.colcon_core.package_identification:_identify(Library/Artifacts/7a) by extension 'python'
[6.424s] Level 1:colcon.colcon_core.package_identification:_identify(Library/Artifacts/7a) by extensions ['python_setup_py']
[6.425s] Level 1:colcon.colcon_core.package_identification:_identify(Library/Artifacts/7a) by extension 'python_setup_py'
[6.434s] Level 1:colcon.colcon_core.package_identification:_identify(Library/Artifacts/7b) by extensions ['ignore', 'ignore_ament_install']
[6.435s] Level 1:colcon.colcon_core.package_identification:_identify(Library/Artifacts/7b) by extension 'ignore'
[6.437s] Level 1:colcon.colcon_core.package_identification:_identify(Library/Artifacts/7b) by extension 'ignore_ament_install'
[6.441s] Level 1:colcon.colcon_core.package_identification:_identify(Library/Artifacts/7b) by extensions ['colcon_pkg']
[6.442s] Level 1:colcon.colcon_core.package_identification:_identify(Library/Artifacts/7b) by extension 'colcon_pkg'
[6.444s] Level 1:colcon.colcon_core.package_identification:_identify(Library/Artifacts/7b) by extensions ['colcon_meta']
[6.444s] Level 1:colcon.colcon_core.package_identification:_identify(Library/Artifacts/7b) by extension 'colcon_meta'
[6.449s] Level 1:colcon.colcon_core.package_identification:_identify(Library/Artifacts/7b) by extensions ['ros']
[6.449s] Level 1:colcon.colcon_core.package_identification:_identify(Library/Artifacts/7b) by extension 'ros'
[6.457s] Level 1:colcon.colcon_core.package_identification:_identify(Library/Artifacts/7b) by extensions ['cmake', 'python']
[6.457s] Level 1:colcon.colcon_core.package_identification:_identify(Library/Artifacts/7b) by extension 'cmake'
[6.460s] Level 1:colcon.colcon_core.package_identification:_identify(Library/Artifacts/7b) by extension 'python'
[6.463s] Level 1:colcon.colcon_core.package_identification:_identify(Library/Artifacts/7b) by extensions ['python_setup_py']
[6.464s] Level 1:colcon.colcon_core.package_identification:_identify(Library/Artifacts/7b) by extension 'python_setup_py'
[6.473s] Level 1:colcon.colcon_core.package_identification:_identify(Library/Artifacts/7c) by extensions ['ignore', 'ignore_ament_install']
[6.474s] Level 1:colcon.colcon_core.package_identification:_identify(Library/Artifacts/7c) by extension 'ignore'
[6.476s] Level 1:colcon.colcon_core.package_identification:_identify(Library/Artifacts/7c) by extension 'ignore_ament_install'
[6.481s] Level 1:colcon.colcon_core.package_identification:_identify(Library/Artifacts/7c) by extensions ['colcon_pkg']
[6.481s] Level 1:colcon.colcon_core.package_identification:_identify(Library/Artifacts/7c) by extension 'colcon_pkg'
[6.484s] Level 1:colcon.colcon_core.package_identification:_identify(Library/Artifacts/7c) by extensions ['colcon_meta']
[6.484s] Level 1:colcon.colcon_core.package_identification:_identify(Library/Artifacts/7c) by extension 'colcon_meta'
[6.488s] Level 1:colcon.colcon_core.package_identification:_identify(Library/Artifacts/7c) by extensions ['ros']
[6.489s] Level 1:colcon.colcon_core.package_identification:_identify(Library/Artifacts/7c) by extension 'ros'
[6.499s] Level 1:colcon.colcon_core.package_identification:_identify(Library/Artifacts/7c) by extensions ['cmake', 'python']
[6.499s] Level 1:colcon.colcon_core.package_identification:_identify(Library/Artifacts/7c) by extension 'cmake'
[6.502s] Level 1:colcon.colcon_core.package_identification:_identify(Library/Artifacts/7c) by extension 'python'
[6.505s] Level 1:colcon.colcon_core.package_identification:_identify(Library/Artifacts/7c) by extensions ['python_setup_py']
[6.505s] Level 1:colcon.colcon_core.package_identification:_identify(Library/Artifacts/7c) by extension 'python_setup_py'
[6.513s] Level 1:colcon.colcon_core.package_identification:_identify(Library/Artifacts/7d) by extensions ['ignore', 'ignore_ament_install']
[6.514s] Level 1:colcon.colcon_core.package_identification:_identify(Library/Artifacts/7d) by extension 'ignore'
[6.517s] Level 1:colcon.colcon_core.package_identification:_identify(Library/Artifacts/7d) by extension 'ignore_ament_install'
[6.521s] Level 1:colcon.colcon_core.package_identification:_identify(Library/Artifacts/7d) by extensions ['colcon_pkg']
[6.521s] Level 1:colcon.colcon_core.package_identification:_identify(Library/Artifacts/7d) by extension 'colcon_pkg'
[6.524s] Level 1:colcon.colcon_core.package_identification:_identify(Library/Artifacts/7d) by extensions ['colcon_meta']
[6.525s] Level 1:colcon.colcon_core.package_identification:_identify(Library/Artifacts/7d) by extension 'colcon_meta'
[6.530s] Level 1:colcon.colcon_core.package_identification:_identify(Library/Artifacts/7d) by extensions ['ros']
[6.531s] Level 1:colcon.colcon_core.package_identification:_identify(Library/Artifacts/7d) by extension 'ros'
[6.540s] Level 1:colcon.colcon_core.package_identification:_identify(Library/Artifacts/7d) by extensions ['cmake', 'python']
[6.540s] Level 1:colcon.colcon_core.package_identification:_identify(Library/Artifacts/7d) by extension 'cmake'
[6.543s] Level 1:colcon.colcon_core.package_identification:_identify(Library/Artifacts/7d) by extension 'python'
[6.546s] Level 1:colcon.colcon_core.package_identification:_identify(Library/Artifacts/7d) by extensions ['python_setup_py']
[6.547s] Level 1:colcon.colcon_core.package_identification:_identify(Library/Artifacts/7d) by extension 'python_setup_py'
[6.556s] Level 1:colcon.colcon_core.package_identification:_identify(Library/Artifacts/7e) by extensions ['ignore', 'ignore_ament_install']
[6.557s] Level 1:colcon.colcon_core.package_identification:_identify(Library/Artifacts/7e) by extension 'ignore'
[6.559s] Level 1:colcon.colcon_core.package_identification:_identify(Library/Artifacts/7e) by extension 'ignore_ament_install'
[6.563s] Level 1:colcon.colcon_core.package_identification:_identify(Library/Artifacts/7e) by extensions ['colcon_pkg']
[6.564s] Level 1:colcon.colcon_core.package_identification:_identify(Library/Artifacts/7e) by extension 'colcon_pkg'
[6.566s] Level 1:colcon.colcon_core.package_identification:_identify(Library/Artifacts/7e) by extensions ['colcon_meta']
[6.566s] Level 1:colcon.colcon_core.package_identification:_identify(Library/Artifacts/7e) by extension 'colcon_meta'
[6.570s] Level 1:colcon.colcon_core.package_identification:_identify(Library/Artifacts/7e) by extensions ['ros']
[6.571s] Level 1:colcon.colcon_core.package_identification:_identify(Library/Artifacts/7e) by extension 'ros'
[6.579s] Level 1:colcon.colcon_core.package_identification:_identify(Library/Artifacts/7e) by extensions ['cmake', 'python']
[6.580s] Level 1:colcon.colcon_core.package_identification:_identify(Library/Artifacts/7e) by extension 'cmake'
[6.582s] Level 1:colcon.colcon_core.package_identification:_identify(Library/Artifacts/7e) by extension 'python'
[6.585s] Level 1:colcon.colcon_core.package_identification:_identify(Library/Artifacts/7e) by extensions ['python_setup_py']
[6.586s] Level 1:colcon.colcon_core.package_identification:_identify(Library/Artifacts/7e) by extension 'python_setup_py'
[6.594s] Level 1:colcon.colcon_core.package_identification:_identify(Library/Artifacts/7f) by extensions ['ignore', 'ignore_ament_install']
[6.595s] Level 1:colcon.colcon_core.package_identification:_identify(Library/Artifacts/7f) by extension 'ignore'
[6.597s] Level 1:colcon.colcon_core.package_identification:_identify(Library/Artifacts/7f) by extension 'ignore_ament_install'
[6.601s] Level 1:colcon.colcon_core.package_identification:_identify(Library/Artifacts/7f) by extensions ['colcon_pkg']
[6.602s] Level 1:colcon.colcon_core.package_identification:_identify(Library/Artifacts/7f) by extension 'colcon_pkg'
[6.604s] Level 1:colcon.colcon_core.package_identification:_identify(Library/Artifacts/7f) by extensions ['colcon_meta']
[6.605s] Level 1:colcon.colcon_core.package_identification:_identify(Library/Artifacts/7f) by extension 'colcon_meta'
[6.609s] Level 1:colcon.colcon_core.package_identification:_identify(Library/Artifacts/7f) by extensions ['ros']
[6.610s] Level 1:colcon.colcon_core.package_identification:_identify(Library/Artifacts/7f) by extension 'ros'
[6.620s] Level 1:colcon.colcon_core.package_identification:_identify(Library/Artifacts/7f) by extensions ['cmake', 'python']
[6.620s] Level 1:colcon.colcon_core.package_identification:_identify(Library/Artifacts/7f) by extension 'cmake'
[6.622s] Level 1:colcon.colcon_core.package_identification:_identify(Library/Artifacts/7f) by extension 'python'
[6.624s] Level 1:colcon.colcon_core.package_identification:_identify(Library/Artifacts/7f) by extensions ['python_setup_py']
[6.624s] Level 1:colcon.colcon_core.package_identification:_identify(Library/Artifacts/7f) by extension 'python_setup_py'
[6.634s] Level 1:colcon.colcon_core.package_identification:_identify(Library/Artifacts/80) by extensions ['ignore', 'ignore_ament_install']
[6.635s] Level 1:colcon.colcon_core.package_identification:_identify(Library/Artifacts/80) by extension 'ignore'
[6.637s] Level 1:colcon.colcon_core.package_identification:_identify(Library/Artifacts/80) by extension 'ignore_ament_install'
[6.641s] Level 1:colcon.colcon_core.package_identification:_identify(Library/Artifacts/80) by extensions ['colcon_pkg']
[6.642s] Level 1:colcon.colcon_core.package_identification:_identify(Library/Artifacts/80) by extension 'colcon_pkg'
[6.644s] Level 1:colcon.colcon_core.package_identification:_identify(Library/Artifacts/80) by extensions ['colcon_meta']
[6.645s] Level 1:colcon.colcon_core.package_identification:_identify(Library/Artifacts/80) by extension 'colcon_meta'
[6.648s] Level 1:colcon.colcon_core.package_identification:_identify(Library/Artifacts/80) by extensions ['ros']
[6.649s] Level 1:colcon.colcon_core.package_identification:_identify(Library/Artifacts/80) by extension 'ros'
[6.657s] Level 1:colcon.colcon_core.package_identification:_identify(Library/Artifacts/80) by extensions ['cmake', 'python']
[6.658s] Level 1:colcon.colcon_core.package_identification:_identify(Library/Artifacts/80) by extension 'cmake'
[6.661s] Level 1:colcon.colcon_core.package_identification:_identify(Library/Artifacts/80) by extension 'python'
[6.663s] Level 1:colcon.colcon_core.package_identification:_identify(Library/Artifacts/80) by extensions ['python_setup_py']
[6.664s] Level 1:colcon.colcon_core.package_identification:_identify(Library/Artifacts/80) by extension 'python_setup_py'
[6.671s] Level 1:colcon.colcon_core.package_identification:_identify(Library/Artifacts/81) by extensions ['ignore', 'ignore_ament_install']
[6.672s] Level 1:colcon.colcon_core.package_identification:_identify(Library/Artifacts/81) by extension 'ignore'
[6.674s] Level 1:colcon.colcon_core.package_identification:_identify(Library/Artifacts/81) by extension 'ignore_ament_install'
[6.679s] Level 1:colcon.colcon_core.package_identification:_identify(Library/Artifacts/81) by extensions ['colcon_pkg']
[6.680s] Level 1:colcon.colcon_core.package_identification:_identify(Library/Artifacts/81) by extension 'colcon_pkg'
[6.682s] Level 1:colcon.colcon_core.package_identification:_identify(Library/Artifacts/81) by extensions ['colcon_meta']
[6.683s] Level 1:colcon.colcon_core.package_identification:_identify(Library/Artifacts/81) by extension 'colcon_meta'
[6.688s] Level 1:colcon.colcon_core.package_identification:_identify(Library/Artifacts/81) by extensions ['ros']
[6.688s] Level 1:colcon.colcon_core.package_identification:_identify(Library/Artifacts/81) by extension 'ros'
[6.697s] Level 1:colcon.colcon_core.package_identification:_identify(Library/Artifacts/81) by extensions ['cmake', 'python']
[6.698s] Level 1:colcon.colcon_core.package_identification:_identify(Library/Artifacts/81) by extension 'cmake'
[6.700s] Level 1:colcon.colcon_core.package_identification:_identify(Library/Artifacts/81) by extension 'python'
[6.703s] Level 1:colcon.colcon_core.package_identification:_identify(Library/Artifacts/81) by extensions ['python_setup_py']
[6.704s] Level 1:colcon.colcon_core.package_identification:_identify(Library/Artifacts/81) by extension 'python_setup_py'
[6.714s] Level 1:colcon.colcon_core.package_identification:_identify(Library/Artifacts/82) by extensions ['ignore', 'ignore_ament_install']
[6.714s] Level 1:colcon.colcon_core.package_identification:_identify(Library/Artifacts/82) by extension 'ignore'
[6.717s] Level 1:colcon.colcon_core.package_identification:_identify(Library/Artifacts/82) by extension 'ignore_ament_install'
[6.721s] Level 1:colcon.colcon_core.package_identification:_identify(Library/Artifacts/82) by extensions ['colcon_pkg']
[6.722s] Level 1:colcon.colcon_core.package_identification:_identify(Library/Artifacts/82) by extension 'colcon_pkg'
[6.724s] Level 1:colcon.colcon_core.package_identification:_identify(Library/Artifacts/82) by extensions ['colcon_meta']
[6.725s] Level 1:colcon.colcon_core.package_identification:_identify(Library/Artifacts/82) by extension 'colcon_meta'
[6.730s] Level 1:colcon.colcon_core.package_identification:_identify(Library/Artifacts/82) by extensions ['ros']
[6.731s] Level 1:colcon.colcon_core.package_identification:_identify(Library/Artifacts/82) by extension 'ros'
[6.740s] Level 1:colcon.colcon_core.package_identification:_identify(Library/Artifacts/82) by extensions ['cmake', 'python']
[6.741s] Level 1:colcon.colcon_core.package_identification:_identify(Library/Artifacts/82) by extension 'cmake'
[6.744s] Level 1:colcon.colcon_core.package_identification:_identify(Library/Artifacts/82) by extension 'python'
[6.746s] Level 1:colcon.colcon_core.package_identification:_identify(Library/Artifacts/82) by extensions ['python_setup_py']
[6.747s] Level 1:colcon.colcon_core.package_identification:_identify(Library/Artifacts/82) by extension 'python_setup_py'
[6.759s] Level 1:colcon.colcon_core.package_identification:_identify(Library/Artifacts/83) by extensions ['ignore', 'ignore_ament_install']
[6.760s] Level 1:colcon.colcon_core.package_identification:_identify(Library/Artifacts/83) by extension 'ignore'
[6.763s] Level 1:colcon.colcon_core.package_identification:_identify(Library/Artifacts/83) by extension 'ignore_ament_install'
[6.768s] Level 1:colcon.colcon_core.package_identification:_identify(Library/Artifacts/83) by extensions ['colcon_pkg']
[6.768s] Level 1:colcon.colcon_core.package_identification:_identify(Library/Artifacts/83) by extension 'colcon_pkg'
[6.772s] Level 1:colcon.colcon_core.package_identification:_identify(Library/Artifacts/83) by extensions ['colcon_meta']
[6.773s] Level 1:colcon.colcon_core.package_identification:_identify(Library/Artifacts/83) by extension 'colcon_meta'
[6.778s] Level 1:colcon.colcon_core.package_identification:_identify(Library/Artifacts/83) by extensions ['ros']
[6.779s] Level 1:colcon.colcon_core.package_identification:_identify(Library/Artifacts/83) by extension 'ros'
[6.788s] Level 1:colcon.colcon_core.package_identification:_identify(Library/Artifacts/83) by extensions ['cmake', 'python']
[6.788s] Level 1:colcon.colcon_core.package_identification:_identify(Library/Artifacts/83) by extension 'cmake'
[6.791s] Level 1:colcon.colcon_core.package_identification:_identify(Library/Artifacts/83) by extension 'python'
[6.793s] Level 1:colcon.colcon_core.package_identification:_identify(Library/Artifacts/83) by extensions ['python_setup_py']
[6.794s] Level 1:colcon.colcon_core.package_identification:_identify(Library/Artifacts/83) by extension 'python_setup_py'
[6.803s] Level 1:colcon.colcon_core.package_identification:_identify(Library/Artifacts/84) by extensions ['ignore', 'ignore_ament_install']
[6.803s] Level 1:colcon.colcon_core.package_identification:_identify(Library/Artifacts/84) by extension 'ignore'
[6.807s] Level 1:colcon.colcon_core.package_identification:_identify(Library/Artifacts/84) by extension 'ignore_ament_install'
[6.810s] Level 1:colcon.colcon_core.package_identification:_identify(Library/Artifacts/84) by extensions ['colcon_pkg']
[6.811s] Level 1:colcon.colcon_core.package_identification:_identify(Library/Artifacts/84) by extension 'colcon_pkg'
[6.813s] Level 1:colcon.colcon_core.package_identification:_identify(Library/Artifacts/84) by extensions ['colcon_meta']
[6.814s] Level 1:colcon.colcon_core.package_identification:_identify(Library/Artifacts/84) by extension 'colcon_meta'
[6.819s] Level 1:colcon.colcon_core.package_identification:_identify(Library/Artifacts/84) by extensions ['ros']
[6.820s] Level 1:colcon.colcon_core.package_identification:_identify(Library/Artifacts/84) by extension 'ros'
[6.830s] Level 1:colcon.colcon_core.package_identification:_identify(Library/Artifacts/84) by extensions ['cmake', 'python']
[6.831s] Level 1:colcon.colcon_core.package_identification:_identify(Library/Artifacts/84) by extension 'cmake'
[6.835s] Level 1:colcon.colcon_core.package_identification:_identify(Library/Artifacts/84) by extension 'python'
[6.838s] Level 1:colcon.colcon_core.package_identification:_identify(Library/Artifacts/84) by extensions ['python_setup_py']
[6.839s] Level 1:colcon.colcon_core.package_identification:_identify(Library/Artifacts/84) by extension 'python_setup_py'
[6.846s] Level 1:colcon.colcon_core.package_identification:_identify(Library/Artifacts/85) by extensions ['ignore', 'ignore_ament_install']
[6.847s] Level 1:colcon.colcon_core.package_identification:_identify(Library/Artifacts/85) by extension 'ignore'
[6.849s] Level 1:colcon.colcon_core.package_identification:_identify(Library/Artifacts/85) by extension 'ignore_ament_install'
[6.852s] Level 1:colcon.colcon_core.package_identification:_identify(Library/Artifacts/85) by extensions ['colcon_pkg']
[6.853s] Level 1:colcon.colcon_core.package_identification:_identify(Library/Artifacts/85) by extension 'colcon_pkg'
[6.855s] Level 1:colcon.colcon_core.package_identification:_identify(Library/Artifacts/85) by extensions ['colcon_meta']
[6.856s] Level 1:colcon.colcon_core.package_identification:_identify(Library/Artifacts/85) by extension 'colcon_meta'
[6.860s] Level 1:colcon.colcon_core.package_identification:_identify(Library/Artifacts/85) by extensions ['ros']
[6.860s] Level 1:colcon.colcon_core.package_identification:_identify(Library/Artifacts/85) by extension 'ros'
[6.873s] Level 1:colcon.colcon_core.package_identification:_identify(Library/Artifacts/85) by extensions ['cmake', 'python']
[6.873s] Level 1:colcon.colcon_core.package_identification:_identify(Library/Artifacts/85) by extension 'cmake'
[6.876s] Level 1:colcon.colcon_core.package_identification:_identify(Library/Artifacts/85) by extension 'python'
[6.878s] Level 1:colcon.colcon_core.package_identification:_identify(Library/Artifacts/85) by extensions ['python_setup_py']
[6.879s] Level 1:colcon.colcon_core.package_identification:_identify(Library/Artifacts/85) by extension 'python_setup_py'
[6.889s] Level 1:colcon.colcon_core.package_identification:_identify(Library/Artifacts/86) by extensions ['ignore', 'ignore_ament_install']
[6.890s] Level 1:colcon.colcon_core.package_identification:_identify(Library/Artifacts/86) by extension 'ignore'
[6.892s] Level 1:colcon.colcon_core.package_identification:_identify(Library/Artifacts/86) by extension 'ignore_ament_install'
[6.896s] Level 1:colcon.colcon_core.package_identification:_identify(Library/Artifacts/86) by extensions ['colcon_pkg']
[6.897s] Level 1:colcon.colcon_core.package_identification:_identify(Library/Artifacts/86) by extension 'colcon_pkg'
[6.899s] Level 1:colcon.colcon_core.package_identification:_identify(Library/Artifacts/86) by extensions ['colcon_meta']
[6.900s] Level 1:colcon.colcon_core.package_identification:_identify(Library/Artifacts/86) by extension 'colcon_meta'
[6.904s] Level 1:colcon.colcon_core.package_identification:_identify(Library/Artifacts/86) by extensions ['ros']
[6.904s] Level 1:colcon.colcon_core.package_identification:_identify(Library/Artifacts/86) by extension 'ros'
[6.913s] Level 1:colcon.colcon_core.package_identification:_identify(Library/Artifacts/86) by extensions ['cmake', 'python']
[6.913s] Level 1:colcon.colcon_core.package_identification:_identify(Library/Artifacts/86) by extension 'cmake'
[6.916s] Level 1:colcon.colcon_core.package_identification:_identify(Library/Artifacts/86) by extension 'python'
[6.918s] Level 1:colcon.colcon_core.package_identification:_identify(Library/Artifacts/86) by extensions ['python_setup_py']
[6.919s] Level 1:colcon.colcon_core.package_identification:_identify(Library/Artifacts/86) by extension 'python_setup_py'
[6.932s] Level 1:colcon.colcon_core.package_identification:_identify(Library/Artifacts/87) by extensions ['ignore', 'ignore_ament_install']
[6.933s] Level 1:colcon.colcon_core.package_identification:_identify(Library/Artifacts/87) by extension 'ignore'
[6.936s] Level 1:colcon.colcon_core.package_identification:_identify(Library/Artifacts/87) by extension 'ignore_ament_install'
[6.940s] Level 1:colcon.colcon_core.package_identification:_identify(Library/Artifacts/87) by extensions ['colcon_pkg']
[6.941s] Level 1:colcon.colcon_core.package_identification:_identify(Library/Artifacts/87) by extension 'colcon_pkg'
[6.943s] Level 1:colcon.colcon_core.package_identification:_identify(Library/Artifacts/87) by extensions ['colcon_meta']
[6.944s] Level 1:colcon.colcon_core.package_identification:_identify(Library/Artifacts/87) by extension 'colcon_meta'
[6.949s] Level 1:colcon.colcon_core.package_identification:_identify(Library/Artifacts/87) by extensions ['ros']
[6.949s] Level 1:colcon.colcon_core.package_identification:_identify(Library/Artifacts/87) by extension 'ros'
[6.959s] Level 1:colcon.colcon_core.package_identification:_identify(Library/Artifacts/87) by extensions ['cmake', 'python']
[6.960s] Level 1:colcon.colcon_core.package_identification:_identify(Library/Artifacts/87) by extension 'cmake'
[6.964s] Level 1:colcon.colcon_core.package_identification:_identify(Library/Artifacts/87) by extension 'python'
[6.969s] Level 1:colcon.colcon_core.package_identification:_identify(Library/Artifacts/87) by extensions ['python_setup_py']
[6.969s] Level 1:colcon.colcon_core.package_identification:_identify(Library/Artifacts/87) by extension 'python_setup_py'
[6.978s] Level 1:colcon.colcon_core.package_identification:_identify(Library/Artifacts/88) by extensions ['ignore', 'ignore_ament_install']
[6.979s] Level 1:colcon.colcon_core.package_identification:_identify(Library/Artifacts/88) by extension 'ignore'
[6.982s] Level 1:colcon.colcon_core.package_identification:_identify(Library/Artifacts/88) by extension 'ignore_ament_install'
[6.991s] Level 1:colcon.colcon_core.package_identification:_identify(Library/Artifacts/88) by extensions ['colcon_pkg']
[6.991s] Level 1:colcon.colcon_core.package_identification:_identify(Library/Artifacts/88) by extension 'colcon_pkg'
[6.993s] Level 1:colcon.colcon_core.package_identification:_identify(Library/Artifacts/88) by extensions ['colcon_meta']
[6.994s] Level 1:colcon.colcon_core.package_identification:_identify(Library/Artifacts/88) by extension 'colcon_meta'
[6.997s] Level 1:colcon.colcon_core.package_identification:_identify(Library/Artifacts/88) by extensions ['ros']
[6.998s] Level 1:colcon.colcon_core.package_identification:_identify(Library/Artifacts/88) by extension 'ros'
[7.004s] Level 1:colcon.colcon_core.package_identification:_identify(Library/Artifacts/88) by extensions ['cmake', 'python']
[7.005s] Level 1:colcon.colcon_core.package_identification:_identify(Library/Artifacts/88) by extension 'cmake'
[7.007s] Level 1:colcon.colcon_core.package_identification:_identify(Library/Artifacts/88) by extension 'python'
[7.009s] Level 1:colcon.colcon_core.package_identification:_identify(Library/Artifacts/88) by extensions ['python_setup_py']
[7.010s] Level 1:colcon.colcon_core.package_identification:_identify(Library/Artifacts/88) by extension 'python_setup_py'
[7.017s] Level 1:colcon.colcon_core.package_identification:_identify(Library/Artifacts/89) by extensions ['ignore', 'ignore_ament_install']
[7.018s] Level 1:colcon.colcon_core.package_identification:_identify(Library/Artifacts/89) by extension 'ignore'
[7.020s] Level 1:colcon.colcon_core.package_identification:_identify(Library/Artifacts/89) by extension 'ignore_ament_install'
[7.024s] Level 1:colcon.colcon_core.package_identification:_identify(Library/Artifacts/89) by extensions ['colcon_pkg']
[7.025s] Level 1:colcon.colcon_core.package_identification:_identify(Library/Artifacts/89) by extension 'colcon_pkg'
[7.027s] Level 1:colcon.colcon_core.package_identification:_identify(Library/Artifacts/89) by extensions ['colcon_meta']
[7.028s] Level 1:colcon.colcon_core.package_identification:_identify(Library/Artifacts/89) by extension 'colcon_meta'
[7.032s] Level 1:colcon.colcon_core.package_identification:_identify(Library/Artifacts/89) by extensions ['ros']
[7.033s] Level 1:colcon.colcon_core.package_identification:_identify(Library/Artifacts/89) by extension 'ros'
[7.042s] Level 1:colcon.colcon_core.package_identification:_identify(Library/Artifacts/89) by extensions ['cmake', 'python']
[7.043s] Level 1:colcon.colcon_core.package_identification:_identify(Library/Artifacts/89) by extension 'cmake'
[7.045s] Level 1:colcon.colcon_core.package_identification:_identify(Library/Artifacts/89) by extension 'python'
[7.048s] Level 1:colcon.colcon_core.package_identification:_identify(Library/Artifacts/89) by extensions ['python_setup_py']
[7.049s] Level 1:colcon.colcon_core.package_identification:_identify(Library/Artifacts/89) by extension 'python_setup_py'
[7.057s] Level 1:colcon.colcon_core.package_identification:_identify(Library/Artifacts/8a) by extensions ['ignore', 'ignore_ament_install']
[7.058s] Level 1:colcon.colcon_core.package_identification:_identify(Library/Artifacts/8a) by extension 'ignore'
[7.061s] Level 1:colcon.colcon_core.package_identification:_identify(Library/Artifacts/8a) by extension 'ignore_ament_install'
[7.065s] Level 1:colcon.colcon_core.package_identification:_identify(Library/Artifacts/8a) by extensions ['colcon_pkg']
[7.066s] Level 1:colcon.colcon_core.package_identification:_identify(Library/Artifacts/8a) by extension 'colcon_pkg'
[7.068s] Level 1:colcon.colcon_core.package_identification:_identify(Library/Artifacts/8a) by extensions ['colcon_meta']
[7.069s] Level 1:colcon.colcon_core.package_identification:_identify(Library/Artifacts/8a) by extension 'colcon_meta'
[7.072s] Level 1:colcon.colcon_core.package_identification:_identify(Library/Artifacts/8a) by extensions ['ros']
[7.072s] Level 1:colcon.colcon_core.package_identification:_identify(Library/Artifacts/8a) by extension 'ros'
[7.078s] Level 1:colcon.colcon_core.package_identification:_identify(Library/Artifacts/8a) by extensions ['cmake', 'python']
[7.078s] Level 1:colcon.colcon_core.package_identification:_identify(Library/Artifacts/8a) by extension 'cmake'
[7.080s] Level 1:colcon.colcon_core.package_identification:_identify(Library/Artifacts/8a) by extension 'python'
[7.082s] Level 1:colcon.colcon_core.package_identification:_identify(Library/Artifacts/8a) by extensions ['python_setup_py']
[7.082s] Level 1:colcon.colcon_core.package_identification:_identify(Library/Artifacts/8a) by extension 'python_setup_py'
[7.087s] Level 1:colcon.colcon_core.package_identification:_identify(Library/Artifacts/8b) by extensions ['ignore', 'ignore_ament_install']
[7.088s] Level 1:colcon.colcon_core.package_identification:_identify(Library/Artifacts/8b) by extension 'ignore'
[7.090s] Level 1:colcon.colcon_core.package_identification:_identify(Library/Artifacts/8b) by extension 'ignore_ament_install'
[7.093s] Level 1:colcon.colcon_core.package_identification:_identify(Library/Artifacts/8b) by extensions ['colcon_pkg']
[7.093s] Level 1:colcon.colcon_core.package_identification:_identify(Library/Artifacts/8b) by extension 'colcon_pkg'
[7.095s] Level 1:colcon.colcon_core.package_identification:_identify(Library/Artifacts/8b) by extensions ['colcon_meta']
[7.095s] Level 1:colcon.colcon_core.package_identification:_identify(Library/Artifacts/8b) by extension 'colcon_meta'
[7.098s] Level 1:colcon.colcon_core.package_identification:_identify(Library/Artifacts/8b) by extensions ['ros']
[7.099s] Level 1:colcon.colcon_core.package_identification:_identify(Library/Artifacts/8b) by extension 'ros'
[7.110s] Level 1:colcon.colcon_core.package_identification:_identify(Library/Artifacts/8b) by extensions ['cmake', 'python']
[7.111s] Level 1:colcon.colcon_core.package_identification:_identify(Library/Artifacts/8b) by extension 'cmake'
[7.114s] Level 1:colcon.colcon_core.package_identification:_identify(Library/Artifacts/8b) by extension 'python'
[7.116s] Level 1:colcon.colcon_core.package_identification:_identify(Library/Artifacts/8b) by extensions ['python_setup_py']
[7.117s] Level 1:colcon.colcon_core.package_identification:_identify(Library/Artifacts/8b) by extension 'python_setup_py'
[7.127s] Level 1:colcon.colcon_core.package_identification:_identify(Library/Artifacts/8c) by extensions ['ignore', 'ignore_ament_install']
[7.128s] Level 1:colcon.colcon_core.package_identification:_identify(Library/Artifacts/8c) by extension 'ignore'
[7.131s] Level 1:colcon.colcon_core.package_identification:_identify(Library/Artifacts/8c) by extension 'ignore_ament_install'
[7.135s] Level 1:colcon.colcon_core.package_identification:_identify(Library/Artifacts/8c) by extensions ['colcon_pkg']
[7.135s] Level 1:colcon.colcon_core.package_identification:_identify(Library/Artifacts/8c) by extension 'colcon_pkg'
[7.137s] Level 1:colcon.colcon_core.package_identification:_identify(Library/Artifacts/8c) by extensions ['colcon_meta']
[7.138s] Level 1:colcon.colcon_core.package_identification:_identify(Library/Artifacts/8c) by extension 'colcon_meta'
[7.142s] Level 1:colcon.colcon_core.package_identification:_identify(Library/Artifacts/8c) by extensions ['ros']
[7.143s] Level 1:colcon.colcon_core.package_identification:_identify(Library/Artifacts/8c) by extension 'ros'
[7.152s] Level 1:colcon.colcon_core.package_identification:_identify(Library/Artifacts/8c) by extensions ['cmake', 'python']
[7.153s] Level 1:colcon.colcon_core.package_identification:_identify(Library/Artifacts/8c) by extension 'cmake'
[7.156s] Level 1:colcon.colcon_core.package_identification:_identify(Library/Artifacts/8c) by extension 'python'
[7.159s] Level 1:colcon.colcon_core.package_identification:_identify(Library/Artifacts/8c) by extensions ['python_setup_py']
[7.159s] Level 1:colcon.colcon_core.package_identification:_identify(Library/Artifacts/8c) by extension 'python_setup_py'
[7.169s] Level 1:colcon.colcon_core.package_identification:_identify(Library/Artifacts/8d) by extensions ['ignore', 'ignore_ament_install']
[7.170s] Level 1:colcon.colcon_core.package_identification:_identify(Library/Artifacts/8d) by extension 'ignore'
[7.173s] Level 1:colcon.colcon_core.package_identification:_identify(Library/Artifacts/8d) by extension 'ignore_ament_install'
[7.177s] Level 1:colcon.colcon_core.package_identification:_identify(Library/Artifacts/8d) by extensions ['colcon_pkg']
[7.178s] Level 1:colcon.colcon_core.package_identification:_identify(Library/Artifacts/8d) by extension 'colcon_pkg'
[7.180s] Level 1:colcon.colcon_core.package_identification:_identify(Library/Artifacts/8d) by extensions ['colcon_meta']
[7.181s] Level 1:colcon.colcon_core.package_identification:_identify(Library/Artifacts/8d) by extension 'colcon_meta'
[7.186s] Level 1:colcon.colcon_core.package_identification:_identify(Library/Artifacts/8d) by extensions ['ros']
[7.187s] Level 1:colcon.colcon_core.package_identification:_identify(Library/Artifacts/8d) by extension 'ros'
[7.198s] Level 1:colcon.colcon_core.package_identification:_identify(Library/Artifacts/8d) by extensions ['cmake', 'python']
[7.199s] Level 1:colcon.colcon_core.package_identification:_identify(Library/Artifacts/8d) by extension 'cmake'
[7.201s] Level 1:colcon.colcon_core.package_identification:_identify(Library/Artifacts/8d) by extension 'python'
[7.204s] Level 1:colcon.colcon_core.package_identification:_identify(Library/Artifacts/8d) by extensions ['python_setup_py']
[7.205s] Level 1:colcon.colcon_core.package_identification:_identify(Library/Artifacts/8d) by extension 'python_setup_py'
[7.214s] Level 1:colcon.colcon_core.package_identification:_identify(Library/Artifacts/8e) by extensions ['ignore', 'ignore_ament_install']
[7.214s] Level 1:colcon.colcon_core.package_identification:_identify(Library/Artifacts/8e) by extension 'ignore'
[7.217s] Level 1:colcon.colcon_core.package_identification:_identify(Library/Artifacts/8e) by extension 'ignore_ament_install'
[7.221s] Level 1:colcon.colcon_core.package_identification:_identify(Library/Artifacts/8e) by extensions ['colcon_pkg']
[7.221s] Level 1:colcon.colcon_core.package_identification:_identify(Library/Artifacts/8e) by extension 'colcon_pkg'
[7.224s] Level 1:colcon.colcon_core.package_identification:_identify(Library/Artifacts/8e) by extensions ['colcon_meta']
[7.224s] Level 1:colcon.colcon_core.package_identification:_identify(Library/Artifacts/8e) by extension 'colcon_meta'
[7.228s] Level 1:colcon.colcon_core.package_identification:_identify(Library/Artifacts/8e) by extensions ['ros']
[7.229s] Level 1:colcon.colcon_core.package_identification:_identify(Library/Artifacts/8e) by extension 'ros'
[7.237s] Level 1:colcon.colcon_core.package_identification:_identify(Library/Artifacts/8e) by extensions ['cmake', 'python']
[7.238s] Level 1:colcon.colcon_core.package_identification:_identify(Library/Artifacts/8e) by extension 'cmake'
[7.240s] Level 1:colcon.colcon_core.package_identification:_identify(Library/Artifacts/8e) by extension 'python'
[7.243s] Level 1:colcon.colcon_core.package_identification:_identify(Library/Artifacts/8e) by extensions ['python_setup_py']
[7.244s] Level 1:colcon.colcon_core.package_identification:_identify(Library/Artifacts/8e) by extension 'python_setup_py'
[7.253s] Level 1:colcon.colcon_core.package_identification:_identify(Library/Artifacts/8f) by extensions ['ignore', 'ignore_ament_install']
[7.254s] Level 1:colcon.colcon_core.package_identification:_identify(Library/Artifacts/8f) by extension 'ignore'
[7.256s] Level 1:colcon.colcon_core.package_identification:_identify(Library/Artifacts/8f) by extension 'ignore_ament_install'
[7.261s] Level 1:colcon.colcon_core.package_identification:_identify(Library/Artifacts/8f) by extensions ['colcon_pkg']
[7.262s] Level 1:colcon.colcon_core.package_identification:_identify(Library/Artifacts/8f) by extension 'colcon_pkg'
[7.264s] Level 1:colcon.colcon_core.package_identification:_identify(Library/Artifacts/8f) by extensions ['colcon_meta']
[7.265s] Level 1:colcon.colcon_core.package_identification:_identify(Library/Artifacts/8f) by extension 'colcon_meta'
[7.269s] Level 1:colcon.colcon_core.package_identification:_identify(Library/Artifacts/8f) by extensions ['ros']
[7.270s] Level 1:colcon.colcon_core.package_identification:_identify(Library/Artifacts/8f) by extension 'ros'
[7.279s] Level 1:colcon.colcon_core.package_identification:_identify(Library/Artifacts/8f) by extensions ['cmake', 'python']
[7.280s] Level 1:colcon.colcon_core.package_identification:_identify(Library/Artifacts/8f) by extension 'cmake'
[7.282s] Level 1:colcon.colcon_core.package_identification:_identify(Library/Artifacts/8f) by extension 'python'
[7.285s] Level 1:colcon.colcon_core.package_identification:_identify(Library/Artifacts/8f) by extensions ['python_setup_py']
[7.288s] Level 1:colcon.colcon_core.package_identification:_identify(Library/Artifacts/8f) by extension 'python_setup_py'
[7.297s] Level 1:colcon.colcon_core.package_identification:_identify(Library/Artifacts/90) by extensions ['ignore', 'ignore_ament_install']
[7.298s] Level 1:colcon.colcon_core.package_identification:_identify(Library/Artifacts/90) by extension 'ignore'
[7.300s] Level 1:colcon.colcon_core.package_identification:_identify(Library/Artifacts/90) by extension 'ignore_ament_install'
[7.304s] Level 1:colcon.colcon_core.package_identification:_identify(Library/Artifacts/90) by extensions ['colcon_pkg']
[7.305s] Level 1:colcon.colcon_core.package_identification:_identify(Library/Artifacts/90) by extension 'colcon_pkg'
[7.307s] Level 1:colcon.colcon_core.package_identification:_identify(Library/Artifacts/90) by extensions ['colcon_meta']
[7.307s] Level 1:colcon.colcon_core.package_identification:_identify(Library/Artifacts/90) by extension 'colcon_meta'
[7.311s] Level 1:colcon.colcon_core.package_identification:_identify(Library/Artifacts/90) by extensions ['ros']
[7.312s] Level 1:colcon.colcon_core.package_identification:_identify(Library/Artifacts/90) by extension 'ros'
[7.320s] Level 1:colcon.colcon_core.package_identification:_identify(Library/Artifacts/90) by extensions ['cmake', 'python']
[7.320s] Level 1:colcon.colcon_core.package_identification:_identify(Library/Artifacts/90) by extension 'cmake'
[7.323s] Level 1:colcon.colcon_core.package_identification:_identify(Library/Artifacts/90) by extension 'python'
[7.325s] Level 1:colcon.colcon_core.package_identification:_identify(Library/Artifacts/90) by extensions ['python_setup_py']
[7.326s] Level 1:colcon.colcon_core.package_identification:_identify(Library/Artifacts/90) by extension 'python_setup_py'
[7.334s] Level 1:colcon.colcon_core.package_identification:_identify(Library/Artifacts/91) by extensions ['ignore', 'ignore_ament_install']
[7.335s] Level 1:colcon.colcon_core.package_identification:_identify(Library/Artifacts/91) by extension 'ignore'
[7.337s] Level 1:colcon.colcon_core.package_identification:_identify(Library/Artifacts/91) by extension 'ignore_ament_install'
[7.341s] Level 1:colcon.colcon_core.package_identification:_identify(Library/Artifacts/91) by extensions ['colcon_pkg']
[7.342s] Level 1:colcon.colcon_core.package_identification:_identify(Library/Artifacts/91) by extension 'colcon_pkg'
[7.344s] Level 1:colcon.colcon_core.package_identification:_identify(Library/Artifacts/91) by extensions ['colcon_meta']
[7.345s] Level 1:colcon.colcon_core.package_identification:_identify(Library/Artifacts/91) by extension 'colcon_meta'
[7.349s] Level 1:colcon.colcon_core.package_identification:_identify(Library/Artifacts/91) by extensions ['ros']
[7.349s] Level 1:colcon.colcon_core.package_identification:_identify(Library/Artifacts/91) by extension 'ros'
[7.358s] Level 1:colcon.colcon_core.package_identification:_identify(Library/Artifacts/91) by extensions ['cmake', 'python']
[7.359s] Level 1:colcon.colcon_core.package_identification:_identify(Library/Artifacts/91) by extension 'cmake'
[7.362s] Level 1:colcon.colcon_core.package_identification:_identify(Library/Artifacts/91) by extension 'python'
[7.363s] Level 1:colcon.colcon_core.package_identification:_identify(Library/Artifacts/91) by extensions ['python_setup_py']
[7.364s] Level 1:colcon.colcon_core.package_identification:_identify(Library/Artifacts/91) by extension 'python_setup_py'
[7.373s] Level 1:colcon.colcon_core.package_identification:_identify(Library/Artifacts/92) by extensions ['ignore', 'ignore_ament_install']
[7.374s] Level 1:colcon.colcon_core.package_identification:_identify(Library/Artifacts/92) by extension 'ignore'
[7.377s] Level 1:colcon.colcon_core.package_identification:_identify(Library/Artifacts/92) by extension 'ignore_ament_install'
[7.381s] Level 1:colcon.colcon_core.package_identification:_identify(Library/Artifacts/92) by extensions ['colcon_pkg']
[7.381s] Level 1:colcon.colcon_core.package_identification:_identify(Library/Artifacts/92) by extension 'colcon_pkg'
[7.384s] Level 1:colcon.colcon_core.package_identification:_identify(Library/Artifacts/92) by extensions ['colcon_meta']
[7.390s] Level 1:colcon.colcon_core.package_identification:_identify(Library/Artifacts/92) by extension 'colcon_meta'
[7.393s] Level 1:colcon.colcon_core.package_identification:_identify(Library/Artifacts/92) by extensions ['ros']
[7.394s] Level 1:colcon.colcon_core.package_identification:_identify(Library/Artifacts/92) by extension 'ros'
[7.407s] Level 1:colcon.colcon_core.package_identification:_identify(Library/Artifacts/92) by extensions ['cmake', 'python']
[7.408s] Level 1:colcon.colcon_core.package_identification:_identify(Library/Artifacts/92) by extension 'cmake'
[7.411s] Level 1:colcon.colcon_core.package_identification:_identify(Library/Artifacts/92) by extension 'python'
[7.414s] Level 1:colcon.colcon_core.package_identification:_identify(Library/Artifacts/92) by extensions ['python_setup_py']
[7.415s] Level 1:colcon.colcon_core.package_identification:_identify(Library/Artifacts/92) by extension 'python_setup_py'
[7.423s] Level 1:colcon.colcon_core.package_identification:_identify(Library/Artifacts/93) by extensions ['ignore', 'ignore_ament_install']
[7.424s] Level 1:colcon.colcon_core.package_identification:_identify(Library/Artifacts/93) by extension 'ignore'
[7.427s] Level 1:colcon.colcon_core.package_identification:_identify(Library/Artifacts/93) by extension 'ignore_ament_install'
[7.432s] Level 1:colcon.colcon_core.package_identification:_identify(Library/Artifacts/93) by extensions ['colcon_pkg']
[7.433s] Level 1:colcon.colcon_core.package_identification:_identify(Library/Artifacts/93) by extension 'colcon_pkg'
[7.435s] Level 1:colcon.colcon_core.package_identification:_identify(Library/Artifacts/93) by extensions ['colcon_meta']
[7.436s] Level 1:colcon.colcon_core.package_identification:_identify(Library/Artifacts/93) by extension 'colcon_meta'
[7.440s] Level 1:colcon.colcon_core.package_identification:_identify(Library/Artifacts/93) by extensions ['ros']
[7.441s] Level 1:colcon.colcon_core.package_identification:_identify(Library/Artifacts/93) by extension 'ros'
[7.451s] Level 1:colcon.colcon_core.package_identification:_identify(Library/Artifacts/93) by extensions ['cmake', 'python']
[7.452s] Level 1:colcon.colcon_core.package_identification:_identify(Library/Artifacts/93) by extension 'cmake'
[7.454s] Level 1:colcon.colcon_core.package_identification:_identify(Library/Artifacts/93) by extension 'python'
[7.456s] Level 1:colcon.colcon_core.package_identification:_identify(Library/Artifacts/93) by extensions ['python_setup_py']
[7.457s] Level 1:colcon.colcon_core.package_identification:_identify(Library/Artifacts/93) by extension 'python_setup_py'
[7.466s] Level 1:colcon.colcon_core.package_identification:_identify(Library/Artifacts/94) by extensions ['ignore', 'ignore_ament_install']
[7.467s] Level 1:colcon.colcon_core.package_identification:_identify(Library/Artifacts/94) by extension 'ignore'
[7.469s] Level 1:colcon.colcon_core.package_identification:_identify(Library/Artifacts/94) by extension 'ignore_ament_install'
[7.473s] Level 1:colcon.colcon_core.package_identification:_identify(Library/Artifacts/94) by extensions ['colcon_pkg']
[7.474s] Level 1:colcon.colcon_core.package_identification:_identify(Library/Artifacts/94) by extension 'colcon_pkg'
[7.476s] Level 1:colcon.colcon_core.package_identification:_identify(Library/Artifacts/94) by extensions ['colcon_meta']
[7.477s] Level 1:colcon.colcon_core.package_identification:_identify(Library/Artifacts/94) by extension 'colcon_meta'
[7.481s] Level 1:colcon.colcon_core.package_identification:_identify(Library/Artifacts/94) by extensions ['ros']
[7.482s] Level 1:colcon.colcon_core.package_identification:_identify(Library/Artifacts/94) by extension 'ros'
[7.491s] Level 1:colcon.colcon_core.package_identification:_identify(Library/Artifacts/94) by extensions ['cmake', 'python']
[7.492s] Level 1:colcon.colcon_core.package_identification:_identify(Library/Artifacts/94) by extension 'cmake'
[7.495s] Level 1:colcon.colcon_core.package_identification:_identify(Library/Artifacts/94) by extension 'python'
[7.498s] Level 1:colcon.colcon_core.package_identification:_identify(Library/Artifacts/94) by extensions ['python_setup_py']
[7.499s] Level 1:colcon.colcon_core.package_identification:_identify(Library/Artifacts/94) by extension 'python_setup_py'
[7.507s] Level 1:colcon.colcon_core.package_identification:_identify(Library/Artifacts/95) by extensions ['ignore', 'ignore_ament_install']
[7.508s] Level 1:colcon.colcon_core.package_identification:_identify(Library/Artifacts/95) by extension 'ignore'
[7.511s] Level 1:colcon.colcon_core.package_identification:_identify(Library/Artifacts/95) by extension 'ignore_ament_install'
[7.515s] Level 1:colcon.colcon_core.package_identification:_identify(Library/Artifacts/95) by extensions ['colcon_pkg']
[7.516s] Level 1:colcon.colcon_core.package_identification:_identify(Library/Artifacts/95) by extension 'colcon_pkg'
[7.518s] Level 1:colcon.colcon_core.package_identification:_identify(Library/Artifacts/95) by extensions ['colcon_meta']
[7.519s] Level 1:colcon.colcon_core.package_identification:_identify(Library/Artifacts/95) by extension 'colcon_meta'
[7.523s] Level 1:colcon.colcon_core.package_identification:_identify(Library/Artifacts/95) by extensions ['ros']
[7.523s] Level 1:colcon.colcon_core.package_identification:_identify(Library/Artifacts/95) by extension 'ros'
[7.532s] Level 1:colcon.colcon_core.package_identification:_identify(Library/Artifacts/95) by extensions ['cmake', 'python']
[7.533s] Level 1:colcon.colcon_core.package_identification:_identify(Library/Artifacts/95) by extension 'cmake'
[7.535s] Level 1:colcon.colcon_core.package_identification:_identify(Library/Artifacts/95) by extension 'python'
[7.537s] Level 1:colcon.colcon_core.package_identification:_identify(Library/Artifacts/95) by extensions ['python_setup_py']
[7.538s] Level 1:colcon.colcon_core.package_identification:_identify(Library/Artifacts/95) by extension 'python_setup_py'
[7.546s] Level 1:colcon.colcon_core.package_identification:_identify(Library/Artifacts/96) by extensions ['ignore', 'ignore_ament_install']
[7.547s] Level 1:colcon.colcon_core.package_identification:_identify(Library/Artifacts/96) by extension 'ignore'
[7.549s] Level 1:colcon.colcon_core.package_identification:_identify(Library/Artifacts/96) by extension 'ignore_ament_install'
[7.554s] Level 1:colcon.colcon_core.package_identification:_identify(Library/Artifacts/96) by extensions ['colcon_pkg']
[7.555s] Level 1:colcon.colcon_core.package_identification:_identify(Library/Artifacts/96) by extension 'colcon_pkg'
[7.557s] Level 1:colcon.colcon_core.package_identification:_identify(Library/Artifacts/96) by extensions ['colcon_meta']
[7.558s] Level 1:colcon.colcon_core.package_identification:_identify(Library/Artifacts/96) by extension 'colcon_meta'
[7.562s] Level 1:colcon.colcon_core.package_identification:_identify(Library/Artifacts/96) by extensions ['ros']
[7.563s] Level 1:colcon.colcon_core.package_identification:_identify(Library/Artifacts/96) by extension 'ros'
[7.572s] Level 1:colcon.colcon_core.package_identification:_identify(Library/Artifacts/96) by extensions ['cmake', 'python']
[7.572s] Level 1:colcon.colcon_core.package_identification:_identify(Library/Artifacts/96) by extension 'cmake'
[7.574s] Level 1:colcon.colcon_core.package_identification:_identify(Library/Artifacts/96) by extension 'python'
[7.577s] Level 1:colcon.colcon_core.package_identification:_identify(Library/Artifacts/96) by extensions ['python_setup_py']
[7.578s] Level 1:colcon.colcon_core.package_identification:_identify(Library/Artifacts/96) by extension 'python_setup_py'
[7.586s] Level 1:colcon.colcon_core.package_identification:_identify(Library/Artifacts/97) by extensions ['ignore', 'ignore_ament_install']
[7.587s] Level 1:colcon.colcon_core.package_identification:_identify(Library/Artifacts/97) by extension 'ignore'
[7.590s] Level 1:colcon.colcon_core.package_identification:_identify(Library/Artifacts/97) by extension 'ignore_ament_install'
[7.594s] Level 1:colcon.colcon_core.package_identification:_identify(Library/Artifacts/97) by extensions ['colcon_pkg']
[7.594s] Level 1:colcon.colcon_core.package_identification:_identify(Library/Artifacts/97) by extension 'colcon_pkg'
[7.597s] Level 1:colcon.colcon_core.package_identification:_identify(Library/Artifacts/97) by extensions ['colcon_meta']
[7.598s] Level 1:colcon.colcon_core.package_identification:_identify(Library/Artifacts/97) by extension 'colcon_meta'
[7.602s] Level 1:colcon.colcon_core.package_identification:_identify(Library/Artifacts/97) by extensions ['ros']
[7.603s] Level 1:colcon.colcon_core.package_identification:_identify(Library/Artifacts/97) by extension 'ros'
[7.611s] Level 1:colcon.colcon_core.package_identification:_identify(Library/Artifacts/97) by extensions ['cmake', 'python']
[7.611s] Level 1:colcon.colcon_core.package_identification:_identify(Library/Artifacts/97) by extension 'cmake'
[7.614s] Level 1:colcon.colcon_core.package_identification:_identify(Library/Artifacts/97) by extension 'python'
[7.616s] Level 1:colcon.colcon_core.package_identification:_identify(Library/Artifacts/97) by extensions ['python_setup_py']
[7.617s] Level 1:colcon.colcon_core.package_identification:_identify(Library/Artifacts/97) by extension 'python_setup_py'
[7.628s] Level 1:colcon.colcon_core.package_identification:_identify(Library/Artifacts/98) by extensions ['ignore', 'ignore_ament_install']
[7.629s] Level 1:colcon.colcon_core.package_identification:_identify(Library/Artifacts/98) by extension 'ignore'
[7.631s] Level 1:colcon.colcon_core.package_identification:_identify(Library/Artifacts/98) by extension 'ignore_ament_install'
[7.635s] Level 1:colcon.colcon_core.package_identification:_identify(Library/Artifacts/98) by extensions ['colcon_pkg']
[7.636s] Level 1:colcon.colcon_core.package_identification:_identify(Library/Artifacts/98) by extension 'colcon_pkg'
[7.639s] Level 1:colcon.colcon_core.package_identification:_identify(Library/Artifacts/98) by extensions ['colcon_meta']
[7.640s] Level 1:colcon.colcon_core.package_identification:_identify(Library/Artifacts/98) by extension 'colcon_meta'
[7.644s] Level 1:colcon.colcon_core.package_identification:_identify(Library/Artifacts/98) by extensions ['ros']
[7.645s] Level 1:colcon.colcon_core.package_identification:_identify(Library/Artifacts/98) by extension 'ros'
[7.655s] Level 1:colcon.colcon_core.package_identification:_identify(Library/Artifacts/98) by extensions ['cmake', 'python']
[7.655s] Level 1:colcon.colcon_core.package_identification:_identify(Library/Artifacts/98) by extension 'cmake'
[7.658s] Level 1:colcon.colcon_core.package_identification:_identify(Library/Artifacts/98) by extension 'python'
[7.660s] Level 1:colcon.colcon_core.package_identification:_identify(Library/Artifacts/98) by extensions ['python_setup_py']
[7.660s] Level 1:colcon.colcon_core.package_identification:_identify(Library/Artifacts/98) by extension 'python_setup_py'
[7.669s] Level 1:colcon.colcon_core.package_identification:_identify(Library/Artifacts/99) by extensions ['ignore', 'ignore_ament_install']
[7.670s] Level 1:colcon.colcon_core.package_identification:_identify(Library/Artifacts/99) by extension 'ignore'
[7.671s] Level 1:colcon.colcon_core.package_identification:_identify(Library/Artifacts/99) by extension 'ignore_ament_install'
[7.675s] Level 1:colcon.colcon_core.package_identification:_identify(Library/Artifacts/99) by extensions ['colcon_pkg']
[7.675s] Level 1:colcon.colcon_core.package_identification:_identify(Library/Artifacts/99) by extension 'colcon_pkg'
[7.678s] Level 1:colcon.colcon_core.package_identification:_identify(Library/Artifacts/99) by extensions ['colcon_meta']
[7.679s] Level 1:colcon.colcon_core.package_identification:_identify(Library/Artifacts/99) by extension 'colcon_meta'
[7.682s] Level 1:colcon.colcon_core.package_identification:_identify(Library/Artifacts/99) by extensions ['ros']
[7.683s] Level 1:colcon.colcon_core.package_identification:_identify(Library/Artifacts/99) by extension 'ros'
[7.691s] Level 1:colcon.colcon_core.package_identification:_identify(Library/Artifacts/99) by extensions ['cmake', 'python']
[7.692s] Level 1:colcon.colcon_core.package_identification:_identify(Library/Artifacts/99) by extension 'cmake'
[7.694s] Level 1:colcon.colcon_core.package_identification:_identify(Library/Artifacts/99) by extension 'python'
[7.696s] Level 1:colcon.colcon_core.package_identification:_identify(Library/Artifacts/99) by extensions ['python_setup_py']
[7.697s] Level 1:colcon.colcon_core.package_identification:_identify(Library/Artifacts/99) by extension 'python_setup_py'
[7.706s] Level 1:colcon.colcon_core.package_identification:_identify(Library/Artifacts/9a) by extensions ['ignore', 'ignore_ament_install']
[7.707s] Level 1:colcon.colcon_core.package_identification:_identify(Library/Artifacts/9a) by extension 'ignore'
[7.709s] Level 1:colcon.colcon_core.package_identification:_identify(Library/Artifacts/9a) by extension 'ignore_ament_install'
[7.714s] Level 1:colcon.colcon_core.package_identification:_identify(Library/Artifacts/9a) by extensions ['colcon_pkg']
[7.715s] Level 1:colcon.colcon_core.package_identification:_identify(Library/Artifacts/9a) by extension 'colcon_pkg'
[7.718s] Level 1:colcon.colcon_core.package_identification:_identify(Library/Artifacts/9a) by extensions ['colcon_meta']
[7.718s] Level 1:colcon.colcon_core.package_identification:_identify(Library/Artifacts/9a) by extension 'colcon_meta'
[7.722s] Level 1:colcon.colcon_core.package_identification:_identify(Library/Artifacts/9a) by extensions ['ros']
[7.723s] Level 1:colcon.colcon_core.package_identification:_identify(Library/Artifacts/9a) by extension 'ros'
[7.732s] Level 1:colcon.colcon_core.package_identification:_identify(Library/Artifacts/9a) by extensions ['cmake', 'python']
[7.733s] Level 1:colcon.colcon_core.package_identification:_identify(Library/Artifacts/9a) by extension 'cmake'
[7.735s] Level 1:colcon.colcon_core.package_identification:_identify(Library/Artifacts/9a) by extension 'python'
[7.737s] Level 1:colcon.colcon_core.package_identification:_identify(Library/Artifacts/9a) by extensions ['python_setup_py']
[7.738s] Level 1:colcon.colcon_core.package_identification:_identify(Library/Artifacts/9a) by extension 'python_setup_py'
[7.747s] Level 1:colcon.colcon_core.package_identification:_identify(Library/Artifacts/9b) by extensions ['ignore', 'ignore_ament_install']
[7.748s] Level 1:colcon.colcon_core.package_identification:_identify(Library/Artifacts/9b) by extension 'ignore'
[7.751s] Level 1:colcon.colcon_core.package_identification:_identify(Library/Artifacts/9b) by extension 'ignore_ament_install'
[7.755s] Level 1:colcon.colcon_core.package_identification:_identify(Library/Artifacts/9b) by extensions ['colcon_pkg']
[7.756s] Level 1:colcon.colcon_core.package_identification:_identify(Library/Artifacts/9b) by extension 'colcon_pkg'
[7.759s] Level 1:colcon.colcon_core.package_identification:_identify(Library/Artifacts/9b) by extensions ['colcon_meta']
[7.760s] Level 1:colcon.colcon_core.package_identification:_identify(Library/Artifacts/9b) by extension 'colcon_meta'
[7.764s] Level 1:colcon.colcon_core.package_identification:_identify(Library/Artifacts/9b) by extensions ['ros']
[7.765s] Level 1:colcon.colcon_core.package_identification:_identify(Library/Artifacts/9b) by extension 'ros'
[7.774s] Level 1:colcon.colcon_core.package_identification:_identify(Library/Artifacts/9b) by extensions ['cmake', 'python']
[7.775s] Level 1:colcon.colcon_core.package_identification:_identify(Library/Artifacts/9b) by extension 'cmake'
[7.778s] Level 1:colcon.colcon_core.package_identification:_identify(Library/Artifacts/9b) by extension 'python'
[7.780s] Level 1:colcon.colcon_core.package_identification:_identify(Library/Artifacts/9b) by extensions ['python_setup_py']
[7.780s] Level 1:colcon.colcon_core.package_identification:_identify(Library/Artifacts/9b) by extension 'python_setup_py'
[7.794s] Level 1:colcon.colcon_core.package_identification:_identify(Library/Artifacts/9c) by extensions ['ignore', 'ignore_ament_install']
[7.795s] Level 1:colcon.colcon_core.package_identification:_identify(Library/Artifacts/9c) by extension 'ignore'
[7.797s] Level 1:colcon.colcon_core.package_identification:_identify(Library/Artifacts/9c) by extension 'ignore_ament_install'
[7.800s] Level 1:colcon.colcon_core.package_identification:_identify(Library/Artifacts/9c) by extensions ['colcon_pkg']
[7.801s] Level 1:colcon.colcon_core.package_identification:_identify(Library/Artifacts/9c) by extension 'colcon_pkg'
[7.803s] Level 1:colcon.colcon_core.package_identification:_identify(Library/Artifacts/9c) by extensions ['colcon_meta']
[7.804s] Level 1:colcon.colcon_core.package_identification:_identify(Library/Artifacts/9c) by extension 'colcon_meta'
[7.807s] Level 1:colcon.colcon_core.package_identification:_identify(Library/Artifacts/9c) by extensions ['ros']
[7.808s] Level 1:colcon.colcon_core.package_identification:_identify(Library/Artifacts/9c) by extension 'ros'
[7.814s] Level 1:colcon.colcon_core.package_identification:_identify(Library/Artifacts/9c) by extensions ['cmake', 'python']
[7.815s] Level 1:colcon.colcon_core.package_identification:_identify(Library/Artifacts/9c) by extension 'cmake'
[7.817s] Level 1:colcon.colcon_core.package_identification:_identify(Library/Artifacts/9c) by extension 'python'
[7.818s] Level 1:colcon.colcon_core.package_identification:_identify(Library/Artifacts/9c) by extensions ['python_setup_py']
[7.819s] Level 1:colcon.colcon_core.package_identification:_identify(Library/Artifacts/9c) by extension 'python_setup_py'
[7.826s] Level 1:colcon.colcon_core.package_identification:_identify(Library/Artifacts/9d) by extensions ['ignore', 'ignore_ament_install']
[7.827s] Level 1:colcon.colcon_core.package_identification:_identify(Library/Artifacts/9d) by extension 'ignore'
[7.829s] Level 1:colcon.colcon_core.package_identification:_identify(Library/Artifacts/9d) by extension 'ignore_ament_install'
[7.832s] Level 1:colcon.colcon_core.package_identification:_identify(Library/Artifacts/9d) by extensions ['colcon_pkg']
[7.833s] Level 1:colcon.colcon_core.package_identification:_identify(Library/Artifacts/9d) by extension 'colcon_pkg'
[7.836s] Level 1:colcon.colcon_core.package_identification:_identify(Library/Artifacts/9d) by extensions ['colcon_meta']
[7.837s] Level 1:colcon.colcon_core.package_identification:_identify(Library/Artifacts/9d) by extension 'colcon_meta'
[7.840s] Level 1:colcon.colcon_core.package_identification:_identify(Library/Artifacts/9d) by extensions ['ros']
[7.841s] Level 1:colcon.colcon_core.package_identification:_identify(Library/Artifacts/9d) by extension 'ros'
[7.850s] Level 1:colcon.colcon_core.package_identification:_identify(Library/Artifacts/9d) by extensions ['cmake', 'python']
[7.851s] Level 1:colcon.colcon_core.package_identification:_identify(Library/Artifacts/9d) by extension 'cmake'
[7.853s] Level 1:colcon.colcon_core.package_identification:_identify(Library/Artifacts/9d) by extension 'python'
[7.856s] Level 1:colcon.colcon_core.package_identification:_identify(Library/Artifacts/9d) by extensions ['python_setup_py']
[7.856s] Level 1:colcon.colcon_core.package_identification:_identify(Library/Artifacts/9d) by extension 'python_setup_py'
[7.865s] Level 1:colcon.colcon_core.package_identification:_identify(Library/Artifacts/9e) by extensions ['ignore', 'ignore_ament_install']
[7.866s] Level 1:colcon.colcon_core.package_identification:_identify(Library/Artifacts/9e) by extension 'ignore'
[7.868s] Level 1:colcon.colcon_core.package_identification:_identify(Library/Artifacts/9e) by extension 'ignore_ament_install'
[7.872s] Level 1:colcon.colcon_core.package_identification:_identify(Library/Artifacts/9e) by extensions ['colcon_pkg']
[7.873s] Level 1:colcon.colcon_core.package_identification:_identify(Library/Artifacts/9e) by extension 'colcon_pkg'
[7.876s] Level 1:colcon.colcon_core.package_identification:_identify(Library/Artifacts/9e) by extensions ['colcon_meta']
[7.877s] Level 1:colcon.colcon_core.package_identification:_identify(Library/Artifacts/9e) by extension 'colcon_meta'
[7.880s] Level 1:colcon.colcon_core.package_identification:_identify(Library/Artifacts/9e) by extensions ['ros']
[7.881s] Level 1:colcon.colcon_core.package_identification:_identify(Library/Artifacts/9e) by extension 'ros'
[7.890s] Level 1:colcon.colcon_core.package_identification:_identify(Library/Artifacts/9e) by extensions ['cmake', 'python']
[7.891s] Level 1:colcon.colcon_core.package_identification:_identify(Library/Artifacts/9e) by extension 'cmake'
[7.893s] Level 1:colcon.colcon_core.package_identification:_identify(Library/Artifacts/9e) by extension 'python'
[7.895s] Level 1:colcon.colcon_core.package_identification:_identify(Library/Artifacts/9e) by extensions ['python_setup_py']
[7.896s] Level 1:colcon.colcon_core.package_identification:_identify(Library/Artifacts/9e) by extension 'python_setup_py'
[7.904s] Level 1:colcon.colcon_core.package_identification:_identify(Library/Artifacts/9f) by extensions ['ignore', 'ignore_ament_install']
[7.905s] Level 1:colcon.colcon_core.package_identification:_identify(Library/Artifacts/9f) by extension 'ignore'
[7.907s] Level 1:colcon.colcon_core.package_identification:_identify(Library/Artifacts/9f) by extension 'ignore_ament_install'
[7.912s] Level 1:colcon.colcon_core.package_identification:_identify(Library/Artifacts/9f) by extensions ['colcon_pkg']
[7.912s] Level 1:colcon.colcon_core.package_identification:_identify(Library/Artifacts/9f) by extension 'colcon_pkg'
[7.915s] Level 1:colcon.colcon_core.package_identification:_identify(Library/Artifacts/9f) by extensions ['colcon_meta']
[7.915s] Level 1:colcon.colcon_core.package_identification:_identify(Library/Artifacts/9f) by extension 'colcon_meta'
[7.920s] Level 1:colcon.colcon_core.package_identification:_identify(Library/Artifacts/9f) by extensions ['ros']
[7.920s] Level 1:colcon.colcon_core.package_identification:_identify(Library/Artifacts/9f) by extension 'ros'
[7.929s] Level 1:colcon.colcon_core.package_identification:_identify(Library/Artifacts/9f) by extensions ['cmake', 'python']
[7.930s] Level 1:colcon.colcon_core.package_identification:_identify(Library/Artifacts/9f) by extension 'cmake'
[7.932s] Level 1:colcon.colcon_core.package_identification:_identify(Library/Artifacts/9f) by extension 'python'
[7.934s] Level 1:colcon.colcon_core.package_identification:_identify(Library/Artifacts/9f) by extensions ['python_setup_py']
[7.935s] Level 1:colcon.colcon_core.package_identification:_identify(Library/Artifacts/9f) by extension 'python_setup_py'
[7.944s] Level 1:colcon.colcon_core.package_identification:_identify(Library/Artifacts/a0) by extensions ['ignore', 'ignore_ament_install']
[7.945s] Level 1:colcon.colcon_core.package_identification:_identify(Library/Artifacts/a0) by extension 'ignore'
[7.947s] Level 1:colcon.colcon_core.package_identification:_identify(Library/Artifacts/a0) by extension 'ignore_ament_install'
[7.952s] Level 1:colcon.colcon_core.package_identification:_identify(Library/Artifacts/a0) by extensions ['colcon_pkg']
[7.952s] Level 1:colcon.colcon_core.package_identification:_identify(Library/Artifacts/a0) by extension 'colcon_pkg'
[7.955s] Level 1:colcon.colcon_core.package_identification:_identify(Library/Artifacts/a0) by extensions ['colcon_meta']
[7.955s] Level 1:colcon.colcon_core.package_identification:_identify(Library/Artifacts/a0) by extension 'colcon_meta'
[7.960s] Level 1:colcon.colcon_core.package_identification:_identify(Library/Artifacts/a0) by extensions ['ros']
[7.961s] Level 1:colcon.colcon_core.package_identification:_identify(Library/Artifacts/a0) by extension 'ros'
[7.969s] Level 1:colcon.colcon_core.package_identification:_identify(Library/Artifacts/a0) by extensions ['cmake', 'python']
[7.970s] Level 1:colcon.colcon_core.package_identification:_identify(Library/Artifacts/a0) by extension 'cmake'
[7.972s] Level 1:colcon.colcon_core.package_identification:_identify(Library/Artifacts/a0) by extension 'python'
[7.975s] Level 1:colcon.colcon_core.package_identification:_identify(Library/Artifacts/a0) by extensions ['python_setup_py']
[7.975s] Level 1:colcon.colcon_core.package_identification:_identify(Library/Artifacts/a0) by extension 'python_setup_py'
[7.983s] Level 1:colcon.colcon_core.package_identification:_identify(Library/Artifacts/a1) by extensions ['ignore', 'ignore_ament_install']
[7.984s] Level 1:colcon.colcon_core.package_identification:_identify(Library/Artifacts/a1) by extension 'ignore'
[7.986s] Level 1:colcon.colcon_core.package_identification:_identify(Library/Artifacts/a1) by extension 'ignore_ament_install'
[7.990s] Level 1:colcon.colcon_core.package_identification:_identify(Library/Artifacts/a1) by extensions ['colcon_pkg']
[7.991s] Level 1:colcon.colcon_core.package_identification:_identify(Library/Artifacts/a1) by extension 'colcon_pkg'
[7.993s] Level 1:colcon.colcon_core.package_identification:_identify(Library/Artifacts/a1) by extensions ['colcon_meta']
[7.994s] Level 1:colcon.colcon_core.package_identification:_identify(Library/Artifacts/a1) by extension 'colcon_meta'
[7.998s] Level 1:colcon.colcon_core.package_identification:_identify(Library/Artifacts/a1) by extensions ['ros']
[7.999s] Level 1:colcon.colcon_core.package_identification:_identify(Library/Artifacts/a1) by extension 'ros'
[8.007s] Level 1:colcon.colcon_core.package_identification:_identify(Library/Artifacts/a1) by extensions ['cmake', 'python']
[8.008s] Level 1:colcon.colcon_core.package_identification:_identify(Library/Artifacts/a1) by extension 'cmake'
[8.010s] Level 1:colcon.colcon_core.package_identification:_identify(Library/Artifacts/a1) by extension 'python'
[8.013s] Level 1:colcon.colcon_core.package_identification:_identify(Library/Artifacts/a1) by extensions ['python_setup_py']
[8.014s] Level 1:colcon.colcon_core.package_identification:_identify(Library/Artifacts/a1) by extension 'python_setup_py'
[8.022s] Level 1:colcon.colcon_core.package_identification:_identify(Library/Artifacts/a2) by extensions ['ignore', 'ignore_ament_install']
[8.023s] Level 1:colcon.colcon_core.package_identification:_identify(Library/Artifacts/a2) by extension 'ignore'
[8.025s] Level 1:colcon.colcon_core.package_identification:_identify(Library/Artifacts/a2) by extension 'ignore_ament_install'
[8.029s] Level 1:colcon.colcon_core.package_identification:_identify(Library/Artifacts/a2) by extensions ['colcon_pkg']
[8.030s] Level 1:colcon.colcon_core.package_identification:_identify(Library/Artifacts/a2) by extension 'colcon_pkg'
[8.032s] Level 1:colcon.colcon_core.package_identification:_identify(Library/Artifacts/a2) by extensions ['colcon_meta']
[8.033s] Level 1:colcon.colcon_core.package_identification:_identify(Library/Artifacts/a2) by extension 'colcon_meta'
[8.037s] Level 1:colcon.colcon_core.package_identification:_identify(Library/Artifacts/a2) by extensions ['ros']
[8.038s] Level 1:colcon.colcon_core.package_identification:_identify(Library/Artifacts/a2) by extension 'ros'
[8.047s] Level 1:colcon.colcon_core.package_identification:_identify(Library/Artifacts/a2) by extensions ['cmake', 'python']
[8.048s] Level 1:colcon.colcon_core.package_identification:_identify(Library/Artifacts/a2) by extension 'cmake'
[8.050s] Level 1:colcon.colcon_core.package_identification:_identify(Library/Artifacts/a2) by extension 'python'
[8.052s] Level 1:colcon.colcon_core.package_identification:_identify(Library/Artifacts/a2) by extensions ['python_setup_py']
[8.053s] Level 1:colcon.colcon_core.package_identification:_identify(Library/Artifacts/a2) by extension 'python_setup_py'
[8.063s] Level 1:colcon.colcon_core.package_identification:_identify(Library/Artifacts/a3) by extensions ['ignore', 'ignore_ament_install']
[8.064s] Level 1:colcon.colcon_core.package_identification:_identify(Library/Artifacts/a3) by extension 'ignore'
[8.066s] Level 1:colcon.colcon_core.package_identification:_identify(Library/Artifacts/a3) by extension 'ignore_ament_install'
[8.070s] Level 1:colcon.colcon_core.package_identification:_identify(Library/Artifacts/a3) by extensions ['colcon_pkg']
[8.071s] Level 1:colcon.colcon_core.package_identification:_identify(Library/Artifacts/a3) by extension 'colcon_pkg'
[8.073s] Level 1:colcon.colcon_core.package_identification:_identify(Library/Artifacts/a3) by extensions ['colcon_meta']
[8.074s] Level 1:colcon.colcon_core.package_identification:_identify(Library/Artifacts/a3) by extension 'colcon_meta'
[8.078s] Level 1:colcon.colcon_core.package_identification:_identify(Library/Artifacts/a3) by extensions ['ros']
[8.079s] Level 1:colcon.colcon_core.package_identification:_identify(Library/Artifacts/a3) by extension 'ros'
[8.087s] Level 1:colcon.colcon_core.package_identification:_identify(Library/Artifacts/a3) by extensions ['cmake', 'python']
[8.087s] Level 1:colcon.colcon_core.package_identification:_identify(Library/Artifacts/a3) by extension 'cmake'
[8.089s] Level 1:colcon.colcon_core.package_identification:_identify(Library/Artifacts/a3) by extension 'python'
[8.091s] Level 1:colcon.colcon_core.package_identification:_identify(Library/Artifacts/a3) by extensions ['python_setup_py']
[8.092s] Level 1:colcon.colcon_core.package_identification:_identify(Library/Artifacts/a3) by extension 'python_setup_py'
[8.102s] Level 1:colcon.colcon_core.package_identification:_identify(Library/Artifacts/a4) by extensions ['ignore', 'ignore_ament_install']
[8.103s] Level 1:colcon.colcon_core.package_identification:_identify(Library/Artifacts/a4) by extension 'ignore'
[8.105s] Level 1:colcon.colcon_core.package_identification:_identify(Library/Artifacts/a4) by extension 'ignore_ament_install'
[8.109s] Level 1:colcon.colcon_core.package_identification:_identify(Library/Artifacts/a4) by extensions ['colcon_pkg']
[8.109s] Level 1:colcon.colcon_core.package_identification:_identify(Library/Artifacts/a4) by extension 'colcon_pkg'
[8.112s] Level 1:colcon.colcon_core.package_identification:_identify(Library/Artifacts/a4) by extensions ['colcon_meta']
[8.112s] Level 1:colcon.colcon_core.package_identification:_identify(Library/Artifacts/a4) by extension 'colcon_meta'
[8.116s] Level 1:colcon.colcon_core.package_identification:_identify(Library/Artifacts/a4) by extensions ['ros']
[8.117s] Level 1:colcon.colcon_core.package_identification:_identify(Library/Artifacts/a4) by extension 'ros'
[8.126s] Level 1:colcon.colcon_core.package_identification:_identify(Library/Artifacts/a4) by extensions ['cmake', 'python']
[8.127s] Level 1:colcon.colcon_core.package_identification:_identify(Library/Artifacts/a4) by extension 'cmake'
[8.129s] Level 1:colcon.colcon_core.package_identification:_identify(Library/Artifacts/a4) by extension 'python'
[8.131s] Level 1:colcon.colcon_core.package_identification:_identify(Library/Artifacts/a4) by extensions ['python_setup_py']
[8.132s] Level 1:colcon.colcon_core.package_identification:_identify(Library/Artifacts/a4) by extension 'python_setup_py'
[8.140s] Level 1:colcon.colcon_core.package_identification:_identify(Library/Artifacts/a5) by extensions ['ignore', 'ignore_ament_install']
[8.140s] Level 1:colcon.colcon_core.package_identification:_identify(Library/Artifacts/a5) by extension 'ignore'
[8.143s] Level 1:colcon.colcon_core.package_identification:_identify(Library/Artifacts/a5) by extension 'ignore_ament_install'
[8.148s] Level 1:colcon.colcon_core.package_identification:_identify(Library/Artifacts/a5) by extensions ['colcon_pkg']
[8.149s] Level 1:colcon.colcon_core.package_identification:_identify(Library/Artifacts/a5) by extension 'colcon_pkg'
[8.152s] Level 1:colcon.colcon_core.package_identification:_identify(Library/Artifacts/a5) by extensions ['colcon_meta']
[8.152s] Level 1:colcon.colcon_core.package_identification:_identify(Library/Artifacts/a5) by extension 'colcon_meta'
[8.156s] Level 1:colcon.colcon_core.package_identification:_identify(Library/Artifacts/a5) by extensions ['ros']
[8.157s] Level 1:colcon.colcon_core.package_identification:_identify(Library/Artifacts/a5) by extension 'ros'
[8.166s] Level 1:colcon.colcon_core.package_identification:_identify(Library/Artifacts/a5) by extensions ['cmake', 'python']
[8.166s] Level 1:colcon.colcon_core.package_identification:_identify(Library/Artifacts/a5) by extension 'cmake'
[8.169s] Level 1:colcon.colcon_core.package_identification:_identify(Library/Artifacts/a5) by extension 'python'
[8.172s] Level 1:colcon.colcon_core.package_identification:_identify(Library/Artifacts/a5) by extensions ['python_setup_py']
[8.173s] Level 1:colcon.colcon_core.package_identification:_identify(Library/Artifacts/a5) by extension 'python_setup_py'
[8.185s] Level 1:colcon.colcon_core.package_identification:_identify(Library/Artifacts/a6) by extensions ['ignore', 'ignore_ament_install']
[8.186s] Level 1:colcon.colcon_core.package_identification:_identify(Library/Artifacts/a6) by extension 'ignore'
[8.188s] Level 1:colcon.colcon_core.package_identification:_identify(Library/Artifacts/a6) by extension 'ignore_ament_install'
[8.193s] Level 1:colcon.colcon_core.package_identification:_identify(Library/Artifacts/a6) by extensions ['colcon_pkg']
[8.194s] Level 1:colcon.colcon_core.package_identification:_identify(Library/Artifacts/a6) by extension 'colcon_pkg'
[8.197s] Level 1:colcon.colcon_core.package_identification:_identify(Library/Artifacts/a6) by extensions ['colcon_meta']
[8.197s] Level 1:colcon.colcon_core.package_identification:_identify(Library/Artifacts/a6) by extension 'colcon_meta'
[8.202s] Level 1:colcon.colcon_core.package_identification:_identify(Library/Artifacts/a6) by extensions ['ros']
[8.202s] Level 1:colcon.colcon_core.package_identification:_identify(Library/Artifacts/a6) by extension 'ros'
[8.211s] Level 1:colcon.colcon_core.package_identification:_identify(Library/Artifacts/a6) by extensions ['cmake', 'python']
[8.212s] Level 1:colcon.colcon_core.package_identification:_identify(Library/Artifacts/a6) by extension 'cmake'
[8.216s] Level 1:colcon.colcon_core.package_identification:_identify(Library/Artifacts/a6) by extension 'python'
[8.219s] Level 1:colcon.colcon_core.package_identification:_identify(Library/Artifacts/a6) by extensions ['python_setup_py']
[8.219s] Level 1:colcon.colcon_core.package_identification:_identify(Library/Artifacts/a6) by extension 'python_setup_py'
[8.229s] Level 1:colcon.colcon_core.package_identification:_identify(Library/Artifacts/a7) by extensions ['ignore', 'ignore_ament_install']
[8.230s] Level 1:colcon.colcon_core.package_identification:_identify(Library/Artifacts/a7) by extension 'ignore'
[8.232s] Level 1:colcon.colcon_core.package_identification:_identify(Library/Artifacts/a7) by extension 'ignore_ament_install'
[8.236s] Level 1:colcon.colcon_core.package_identification:_identify(Library/Artifacts/a7) by extensions ['colcon_pkg']
[8.237s] Level 1:colcon.colcon_core.package_identification:_identify(Library/Artifacts/a7) by extension 'colcon_pkg'
[8.240s] Level 1:colcon.colcon_core.package_identification:_identify(Library/Artifacts/a7) by extensions ['colcon_meta']
[8.241s] Level 1:colcon.colcon_core.package_identification:_identify(Library/Artifacts/a7) by extension 'colcon_meta'
[8.247s] Level 1:colcon.colcon_core.package_identification:_identify(Library/Artifacts/a7) by extensions ['ros']
[8.247s] Level 1:colcon.colcon_core.package_identification:_identify(Library/Artifacts/a7) by extension 'ros'
[8.259s] Level 1:colcon.colcon_core.package_identification:_identify(Library/Artifacts/a7) by extensions ['cmake', 'python']
[8.259s] Level 1:colcon.colcon_core.package_identification:_identify(Library/Artifacts/a7) by extension 'cmake'
[8.261s] Level 1:colcon.colcon_core.package_identification:_identify(Library/Artifacts/a7) by extension 'python'
[8.264s] Level 1:colcon.colcon_core.package_identification:_identify(Library/Artifacts/a7) by extensions ['python_setup_py']
[8.265s] Level 1:colcon.colcon_core.package_identification:_identify(Library/Artifacts/a7) by extension 'python_setup_py'
[8.274s] Level 1:colcon.colcon_core.package_identification:_identify(Library/Artifacts/a8) by extensions ['ignore', 'ignore_ament_install']
[8.275s] Level 1:colcon.colcon_core.package_identification:_identify(Library/Artifacts/a8) by extension 'ignore'
[8.277s] Level 1:colcon.colcon_core.package_identification:_identify(Library/Artifacts/a8) by extension 'ignore_ament_install'
[8.281s] Level 1:colcon.colcon_core.package_identification:_identify(Library/Artifacts/a8) by extensions ['colcon_pkg']
[8.282s] Level 1:colcon.colcon_core.package_identification:_identify(Library/Artifacts/a8) by extension 'colcon_pkg'
[8.284s] Level 1:colcon.colcon_core.package_identification:_identify(Library/Artifacts/a8) by extensions ['colcon_meta']
[8.285s] Level 1:colcon.colcon_core.package_identification:_identify(Library/Artifacts/a8) by extension 'colcon_meta'
[8.288s] Level 1:colcon.colcon_core.package_identification:_identify(Library/Artifacts/a8) by extensions ['ros']
[8.288s] Level 1:colcon.colcon_core.package_identification:_identify(Library/Artifacts/a8) by extension 'ros'
[8.296s] Level 1:colcon.colcon_core.package_identification:_identify(Library/Artifacts/a8) by extensions ['cmake', 'python']
[8.296s] Level 1:colcon.colcon_core.package_identification:_identify(Library/Artifacts/a8) by extension 'cmake'
[8.299s] Level 1:colcon.colcon_core.package_identification:_identify(Library/Artifacts/a8) by extension 'python'
[8.301s] Level 1:colcon.colcon_core.package_identification:_identify(Library/Artifacts/a8) by extensions ['python_setup_py']
[8.302s] Level 1:colcon.colcon_core.package_identification:_identify(Library/Artifacts/a8) by extension 'python_setup_py'
[8.311s] Level 1:colcon.colcon_core.package_identification:_identify(Library/Artifacts/a9) by extensions ['ignore', 'ignore_ament_install']
[8.312s] Level 1:colcon.colcon_core.package_identification:_identify(Library/Artifacts/a9) by extension 'ignore'
[8.314s] Level 1:colcon.colcon_core.package_identification:_identify(Library/Artifacts/a9) by extension 'ignore_ament_install'
[8.316s] Level 1:colcon.colcon_core.package_identification:_identify(Library/Artifacts/a9) by extensions ['colcon_pkg']
[8.316s] Level 1:colcon.colcon_core.package_identification:_identify(Library/Artifacts/a9) by extension 'colcon_pkg'
[8.318s] Level 1:colcon.colcon_core.package_identification:_identify(Library/Artifacts/a9) by extensions ['colcon_meta']
[8.319s] Level 1:colcon.colcon_core.package_identification:_identify(Library/Artifacts/a9) by extension 'colcon_meta'
[8.321s] Level 1:colcon.colcon_core.package_identification:_identify(Library/Artifacts/a9) by extensions ['ros']
[8.321s] Level 1:colcon.colcon_core.package_identification:_identify(Library/Artifacts/a9) by extension 'ros'
[8.326s] Level 1:colcon.colcon_core.package_identification:_identify(Library/Artifacts/a9) by extensions ['cmake', 'python']
[8.326s] Level 1:colcon.colcon_core.package_identification:_identify(Library/Artifacts/a9) by extension 'cmake'
[8.328s] Level 1:colcon.colcon_core.package_identification:_identify(Library/Artifacts/a9) by extension 'python'
[8.329s] Level 1:colcon.colcon_core.package_identification:_identify(Library/Artifacts/a9) by extensions ['python_setup_py']
[8.330s] Level 1:colcon.colcon_core.package_identification:_identify(Library/Artifacts/a9) by extension 'python_setup_py'
[8.335s] Level 1:colcon.colcon_core.package_identification:_identify(Library/Artifacts/aa) by extensions ['ignore', 'ignore_ament_install']
[8.336s] Level 1:colcon.colcon_core.package_identification:_identify(Library/Artifacts/aa) by extension 'ignore'
[8.337s] Level 1:colcon.colcon_core.package_identification:_identify(Library/Artifacts/aa) by extension 'ignore_ament_install'
[8.340s] Level 1:colcon.colcon_core.package_identification:_identify(Library/Artifacts/aa) by extensions ['colcon_pkg']
[8.340s] Level 1:colcon.colcon_core.package_identification:_identify(Library/Artifacts/aa) by extension 'colcon_pkg'
[8.344s] Level 1:colcon.colcon_core.package_identification:_identify(Library/Artifacts/aa) by extensions ['colcon_meta']
[8.345s] Level 1:colcon.colcon_core.package_identification:_identify(Library/Artifacts/aa) by extension 'colcon_meta'
[8.350s] Level 1:colcon.colcon_core.package_identification:_identify(Library/Artifacts/aa) by extensions ['ros']
[8.351s] Level 1:colcon.colcon_core.package_identification:_identify(Library/Artifacts/aa) by extension 'ros'
[8.363s] Level 1:colcon.colcon_core.package_identification:_identify(Library/Artifacts/aa) by extensions ['cmake', 'python']
[8.364s] Level 1:colcon.colcon_core.package_identification:_identify(Library/Artifacts/aa) by extension 'cmake'
[8.367s] Level 1:colcon.colcon_core.package_identification:_identify(Library/Artifacts/aa) by extension 'python'
[8.369s] Level 1:colcon.colcon_core.package_identification:_identify(Library/Artifacts/aa) by extensions ['python_setup_py']
[8.370s] Level 1:colcon.colcon_core.package_identification:_identify(Library/Artifacts/aa) by extension 'python_setup_py'
[8.379s] Level 1:colcon.colcon_core.package_identification:_identify(Library/Artifacts/ab) by extensions ['ignore', 'ignore_ament_install']
[8.380s] Level 1:colcon.colcon_core.package_identification:_identify(Library/Artifacts/ab) by extension 'ignore'
[8.383s] Level 1:colcon.colcon_core.package_identification:_identify(Library/Artifacts/ab) by extension 'ignore_ament_install'
[8.387s] Level 1:colcon.colcon_core.package_identification:_identify(Library/Artifacts/ab) by extensions ['colcon_pkg']
[8.388s] Level 1:colcon.colcon_core.package_identification:_identify(Library/Artifacts/ab) by extension 'colcon_pkg'
[8.391s] Level 1:colcon.colcon_core.package_identification:_identify(Library/Artifacts/ab) by extensions ['colcon_meta']
[8.392s] Level 1:colcon.colcon_core.package_identification:_identify(Library/Artifacts/ab) by extension 'colcon_meta'
[8.397s] Level 1:colcon.colcon_core.package_identification:_identify(Library/Artifacts/ab) by extensions ['ros']
[8.397s] Level 1:colcon.colcon_core.package_identification:_identify(Library/Artifacts/ab) by extension 'ros'
[8.407s] Level 1:colcon.colcon_core.package_identification:_identify(Library/Artifacts/ab) by extensions ['cmake', 'python']
[8.407s] Level 1:colcon.colcon_core.package_identification:_identify(Library/Artifacts/ab) by extension 'cmake'
[8.410s] Level 1:colcon.colcon_core.package_identification:_identify(Library/Artifacts/ab) by extension 'python'
[8.413s] Level 1:colcon.colcon_core.package_identification:_identify(Library/Artifacts/ab) by extensions ['python_setup_py']
[8.414s] Level 1:colcon.colcon_core.package_identification:_identify(Library/Artifacts/ab) by extension 'python_setup_py'
[8.425s] Level 1:colcon.colcon_core.package_identification:_identify(Library/Artifacts/ac) by extensions ['ignore', 'ignore_ament_install']
[8.426s] Level 1:colcon.colcon_core.package_identification:_identify(Library/Artifacts/ac) by extension 'ignore'
[8.430s] Level 1:colcon.colcon_core.package_identification:_identify(Library/Artifacts/ac) by extension 'ignore_ament_install'
[8.434s] Level 1:colcon.colcon_core.package_identification:_identify(Library/Artifacts/ac) by extensions ['colcon_pkg']
[8.435s] Level 1:colcon.colcon_core.package_identification:_identify(Library/Artifacts/ac) by extension 'colcon_pkg'
[8.438s] Level 1:colcon.colcon_core.package_identification:_identify(Library/Artifacts/ac) by extensions ['colcon_meta']
[8.438s] Level 1:colcon.colcon_core.package_identification:_identify(Library/Artifacts/ac) by extension 'colcon_meta'
[8.443s] Level 1:colcon.colcon_core.package_identification:_identify(Library/Artifacts/ac) by extensions ['ros']
[8.443s] Level 1:colcon.colcon_core.package_identification:_identify(Library/Artifacts/ac) by extension 'ros'
[8.452s] Level 1:colcon.colcon_core.package_identification:_identify(Library/Artifacts/ac) by extensions ['cmake', 'python']
[8.453s] Level 1:colcon.colcon_core.package_identification:_identify(Library/Artifacts/ac) by extension 'cmake'
[8.456s] Level 1:colcon.colcon_core.package_identification:_identify(Library/Artifacts/ac) by extension 'python'
[8.458s] Level 1:colcon.colcon_core.package_identification:_identify(Library/Artifacts/ac) by extensions ['python_setup_py']
[8.459s] Level 1:colcon.colcon_core.package_identification:_identify(Library/Artifacts/ac) by extension 'python_setup_py'
[8.467s] Level 1:colcon.colcon_core.package_identification:_identify(Library/Artifacts/ad) by extensions ['ignore', 'ignore_ament_install']
[8.468s] Level 1:colcon.colcon_core.package_identification:_identify(Library/Artifacts/ad) by extension 'ignore'
[8.470s] Level 1:colcon.colcon_core.package_identification:_identify(Library/Artifacts/ad) by extension 'ignore_ament_install'
[8.474s] Level 1:colcon.colcon_core.package_identification:_identify(Library/Artifacts/ad) by extensions ['colcon_pkg']
[8.474s] Level 1:colcon.colcon_core.package_identification:_identify(Library/Artifacts/ad) by extension 'colcon_pkg'
[8.477s] Level 1:colcon.colcon_core.package_identification:_identify(Library/Artifacts/ad) by extensions ['colcon_meta']
[8.477s] Level 1:colcon.colcon_core.package_identification:_identify(Library/Artifacts/ad) by extension 'colcon_meta'
[8.481s] Level 1:colcon.colcon_core.package_identification:_identify(Library/Artifacts/ad) by extensions ['ros']
[8.482s] Level 1:colcon.colcon_core.package_identification:_identify(Library/Artifacts/ad) by extension 'ros'
[8.491s] Level 1:colcon.colcon_core.package_identification:_identify(Library/Artifacts/ad) by extensions ['cmake', 'python']
[8.492s] Level 1:colcon.colcon_core.package_identification:_identify(Library/Artifacts/ad) by extension 'cmake'
[8.494s] Level 1:colcon.colcon_core.package_identification:_identify(Library/Artifacts/ad) by extension 'python'
[8.496s] Level 1:colcon.colcon_core.package_identification:_identify(Library/Artifacts/ad) by extensions ['python_setup_py']
[8.497s] Level 1:colcon.colcon_core.package_identification:_identify(Library/Artifacts/ad) by extension 'python_setup_py'
[8.504s] Level 1:colcon.colcon_core.package_identification:_identify(Library/Artifacts/ae) by extensions ['ignore', 'ignore_ament_install']
[8.505s] Level 1:colcon.colcon_core.package_identification:_identify(Library/Artifacts/ae) by extension 'ignore'
[8.507s] Level 1:colcon.colcon_core.package_identification:_identify(Library/Artifacts/ae) by extension 'ignore_ament_install'
[8.511s] Level 1:colcon.colcon_core.package_identification:_identify(Library/Artifacts/ae) by extensions ['colcon_pkg']
[8.511s] Level 1:colcon.colcon_core.package_identification:_identify(Library/Artifacts/ae) by extension 'colcon_pkg'
[8.514s] Level 1:colcon.colcon_core.package_identification:_identify(Library/Artifacts/ae) by extensions ['colcon_meta']
[8.514s] Level 1:colcon.colcon_core.package_identification:_identify(Library/Artifacts/ae) by extension 'colcon_meta'
[8.519s] Level 1:colcon.colcon_core.package_identification:_identify(Library/Artifacts/ae) by extensions ['ros']
[8.520s] Level 1:colcon.colcon_core.package_identification:_identify(Library/Artifacts/ae) by extension 'ros'
[8.527s] Level 1:colcon.colcon_core.package_identification:_identify(Library/Artifacts/ae) by extensions ['cmake', 'python']
[8.528s] Level 1:colcon.colcon_core.package_identification:_identify(Library/Artifacts/ae) by extension 'cmake'
[8.530s] Level 1:colcon.colcon_core.package_identification:_identify(Library/Artifacts/ae) by extension 'python'
[8.533s] Level 1:colcon.colcon_core.package_identification:_identify(Library/Artifacts/ae) by extensions ['python_setup_py']
[8.533s] Level 1:colcon.colcon_core.package_identification:_identify(Library/Artifacts/ae) by extension 'python_setup_py'
[8.542s] Level 1:colcon.colcon_core.package_identification:_identify(Library/Artifacts/af) by extensions ['ignore', 'ignore_ament_install']
[8.544s] Level 1:colcon.colcon_core.package_identification:_identify(Library/Artifacts/af) by extension 'ignore'
[8.546s] Level 1:colcon.colcon_core.package_identification:_identify(Library/Artifacts/af) by extension 'ignore_ament_install'
[8.551s] Level 1:colcon.colcon_core.package_identification:_identify(Library/Artifacts/af) by extensions ['colcon_pkg']
[8.552s] Level 1:colcon.colcon_core.package_identification:_identify(Library/Artifacts/af) by extension 'colcon_pkg'
[8.554s] Level 1:colcon.colcon_core.package_identification:_identify(Library/Artifacts/af) by extensions ['colcon_meta']
[8.555s] Level 1:colcon.colcon_core.package_identification:_identify(Library/Artifacts/af) by extension 'colcon_meta'
[8.560s] Level 1:colcon.colcon_core.package_identification:_identify(Library/Artifacts/af) by extensions ['ros']
[8.561s] Level 1:colcon.colcon_core.package_identification:_identify(Library/Artifacts/af) by extension 'ros'
[8.570s] Level 1:colcon.colcon_core.package_identification:_identify(Library/Artifacts/af) by extensions ['cmake', 'python']
[8.571s] Level 1:colcon.colcon_core.package_identification:_identify(Library/Artifacts/af) by extension 'cmake'
[8.573s] Level 1:colcon.colcon_core.package_identification:_identify(Library/Artifacts/af) by extension 'python'
[8.576s] Level 1:colcon.colcon_core.package_identification:_identify(Library/Artifacts/af) by extensions ['python_setup_py']
[8.577s] Level 1:colcon.colcon_core.package_identification:_identify(Library/Artifacts/af) by extension 'python_setup_py'
[8.585s] Level 1:colcon.colcon_core.package_identification:_identify(Library/Artifacts/b0) by extensions ['ignore', 'ignore_ament_install']
[8.586s] Level 1:colcon.colcon_core.package_identification:_identify(Library/Artifacts/b0) by extension 'ignore'
[8.590s] Level 1:colcon.colcon_core.package_identification:_identify(Library/Artifacts/b0) by extension 'ignore_ament_install'
[8.594s] Level 1:colcon.colcon_core.package_identification:_identify(Library/Artifacts/b0) by extensions ['colcon_pkg']
[8.595s] Level 1:colcon.colcon_core.package_identification:_identify(Library/Artifacts/b0) by extension 'colcon_pkg'
[8.597s] Level 1:colcon.colcon_core.package_identification:_identify(Library/Artifacts/b0) by extensions ['colcon_meta']
[8.598s] Level 1:colcon.colcon_core.package_identification:_identify(Library/Artifacts/b0) by extension 'colcon_meta'
[8.602s] Level 1:colcon.colcon_core.package_identification:_identify(Library/Artifacts/b0) by extensions ['ros']
[8.603s] Level 1:colcon.colcon_core.package_identification:_identify(Library/Artifacts/b0) by extension 'ros'
[8.613s] Level 1:colcon.colcon_core.package_identification:_identify(Library/Artifacts/b0) by extensions ['cmake', 'python']
[8.614s] Level 1:colcon.colcon_core.package_identification:_identify(Library/Artifacts/b0) by extension 'cmake'
[8.615s] Level 1:colcon.colcon_core.package_identification:_identify(Library/Artifacts/b0) by extension 'python'
[8.617s] Level 1:colcon.colcon_core.package_identification:_identify(Library/Artifacts/b0) by extensions ['python_setup_py']
[8.618s] Level 1:colcon.colcon_core.package_identification:_identify(Library/Artifacts/b0) by extension 'python_setup_py'
[8.627s] Level 1:colcon.colcon_core.package_identification:_identify(Library/Artifacts/b1) by extensions ['ignore', 'ignore_ament_install']
[8.628s] Level 1:colcon.colcon_core.package_identification:_identify(Library/Artifacts/b1) by extension 'ignore'
[8.630s] Level 1:colcon.colcon_core.package_identification:_identify(Library/Artifacts/b1) by extension 'ignore_ament_install'
[8.634s] Level 1:colcon.colcon_core.package_identification:_identify(Library/Artifacts/b1) by extensions ['colcon_pkg']
[8.635s] Level 1:colcon.colcon_core.package_identification:_identify(Library/Artifacts/b1) by extension 'colcon_pkg'
[8.637s] Level 1:colcon.colcon_core.package_identification:_identify(Library/Artifacts/b1) by extensions ['colcon_meta']
[8.637s] Level 1:colcon.colcon_core.package_identification:_identify(Library/Artifacts/b1) by extension 'colcon_meta'
[8.641s] Level 1:colcon.colcon_core.package_identification:_identify(Library/Artifacts/b1) by extensions ['ros']
[8.642s] Level 1:colcon.colcon_core.package_identification:_identify(Library/Artifacts/b1) by extension 'ros'
[8.651s] Level 1:colcon.colcon_core.package_identification:_identify(Library/Artifacts/b1) by extensions ['cmake', 'python']
[8.652s] Level 1:colcon.colcon_core.package_identification:_identify(Library/Artifacts/b1) by extension 'cmake'
[8.654s] Level 1:colcon.colcon_core.package_identification:_identify(Library/Artifacts/b1) by extension 'python'
[8.656s] Level 1:colcon.colcon_core.package_identification:_identify(Library/Artifacts/b1) by extensions ['python_setup_py']
[8.657s] Level 1:colcon.colcon_core.package_identification:_identify(Library/Artifacts/b1) by extension 'python_setup_py'
[8.667s] Level 1:colcon.colcon_core.package_identification:_identify(Library/Artifacts/b2) by extensions ['ignore', 'ignore_ament_install']
[8.668s] Level 1:colcon.colcon_core.package_identification:_identify(Library/Artifacts/b2) by extension 'ignore'
[8.670s] Level 1:colcon.colcon_core.package_identification:_identify(Library/Artifacts/b2) by extension 'ignore_ament_install'
[8.674s] Level 1:colcon.colcon_core.package_identification:_identify(Library/Artifacts/b2) by extensions ['colcon_pkg']
[8.675s] Level 1:colcon.colcon_core.package_identification:_identify(Library/Artifacts/b2) by extension 'colcon_pkg'
[8.678s] Level 1:colcon.colcon_core.package_identification:_identify(Library/Artifacts/b2) by extensions ['colcon_meta']
[8.678s] Level 1:colcon.colcon_core.package_identification:_identify(Library/Artifacts/b2) by extension 'colcon_meta'
[8.682s] Level 1:colcon.colcon_core.package_identification:_identify(Library/Artifacts/b2) by extensions ['ros']
[8.683s] Level 1:colcon.colcon_core.package_identification:_identify(Library/Artifacts/b2) by extension 'ros'
[8.694s] Level 1:colcon.colcon_core.package_identification:_identify(Library/Artifacts/b2) by extensions ['cmake', 'python']
[8.694s] Level 1:colcon.colcon_core.package_identification:_identify(Library/Artifacts/b2) by extension 'cmake'
[8.697s] Level 1:colcon.colcon_core.package_identification:_identify(Library/Artifacts/b2) by extension 'python'
[8.699s] Level 1:colcon.colcon_core.package_identification:_identify(Library/Artifacts/b2) by extensions ['python_setup_py']
[8.700s] Level 1:colcon.colcon_core.package_identification:_identify(Library/Artifacts/b2) by extension 'python_setup_py'
[8.710s] Level 1:colcon.colcon_core.package_identification:_identify(Library/Artifacts/b3) by extensions ['ignore', 'ignore_ament_install']
[8.711s] Level 1:colcon.colcon_core.package_identification:_identify(Library/Artifacts/b3) by extension 'ignore'
[8.713s] Level 1:colcon.colcon_core.package_identification:_identify(Library/Artifacts/b3) by extension 'ignore_ament_install'
[8.717s] Level 1:colcon.colcon_core.package_identification:_identify(Library/Artifacts/b3) by extensions ['colcon_pkg']
[8.718s] Level 1:colcon.colcon_core.package_identification:_identify(Library/Artifacts/b3) by extension 'colcon_pkg'
[8.720s] Level 1:colcon.colcon_core.package_identification:_identify(Library/Artifacts/b3) by extensions ['colcon_meta']
[8.721s] Level 1:colcon.colcon_core.package_identification:_identify(Library/Artifacts/b3) by extension 'colcon_meta'
[8.725s] Level 1:colcon.colcon_core.package_identification:_identify(Library/Artifacts/b3) by extensions ['ros']
[8.726s] Level 1:colcon.colcon_core.package_identification:_identify(Library/Artifacts/b3) by extension 'ros'
[8.735s] Level 1:colcon.colcon_core.package_identification:_identify(Library/Artifacts/b3) by extensions ['cmake', 'python']
[8.736s] Level 1:colcon.colcon_core.package_identification:_identify(Library/Artifacts/b3) by extension 'cmake'
[8.738s] Level 1:colcon.colcon_core.package_identification:_identify(Library/Artifacts/b3) by extension 'python'
[8.741s] Level 1:colcon.colcon_core.package_identification:_identify(Library/Artifacts/b3) by extensions ['python_setup_py']
[8.742s] Level 1:colcon.colcon_core.package_identification:_identify(Library/Artifacts/b3) by extension 'python_setup_py'
[8.749s] Level 1:colcon.colcon_core.package_identification:_identify(Library/Artifacts/b4) by extensions ['ignore', 'ignore_ament_install']
[8.749s] Level 1:colcon.colcon_core.package_identification:_identify(Library/Artifacts/b4) by extension 'ignore'
[8.752s] Level 1:colcon.colcon_core.package_identification:_identify(Library/Artifacts/b4) by extension 'ignore_ament_install'
[8.756s] Level 1:colcon.colcon_core.package_identification:_identify(Library/Artifacts/b4) by extensions ['colcon_pkg']
[8.757s] Level 1:colcon.colcon_core.package_identification:_identify(Library/Artifacts/b4) by extension 'colcon_pkg'
[8.759s] Level 1:colcon.colcon_core.package_identification:_identify(Library/Artifacts/b4) by extensions ['colcon_meta']
[8.760s] Level 1:colcon.colcon_core.package_identification:_identify(Library/Artifacts/b4) by extension 'colcon_meta'
[8.765s] Level 1:colcon.colcon_core.package_identification:_identify(Library/Artifacts/b4) by extensions ['ros']
[8.766s] Level 1:colcon.colcon_core.package_identification:_identify(Library/Artifacts/b4) by extension 'ros'
[8.775s] Level 1:colcon.colcon_core.package_identification:_identify(Library/Artifacts/b4) by extensions ['cmake', 'python']
[8.776s] Level 1:colcon.colcon_core.package_identification:_identify(Library/Artifacts/b4) by extension 'cmake'
[8.778s] Level 1:colcon.colcon_core.package_identification:_identify(Library/Artifacts/b4) by extension 'python'
[8.781s] Level 1:colcon.colcon_core.package_identification:_identify(Library/Artifacts/b4) by extensions ['python_setup_py']
[8.781s] Level 1:colcon.colcon_core.package_identification:_identify(Library/Artifacts/b4) by extension 'python_setup_py'
[8.790s] Level 1:colcon.colcon_core.package_identification:_identify(Library/Artifacts/b5) by extensions ['ignore', 'ignore_ament_install']
[8.791s] Level 1:colcon.colcon_core.package_identification:_identify(Library/Artifacts/b5) by extension 'ignore'
[8.794s] Level 1:colcon.colcon_core.package_identification:_identify(Library/Artifacts/b5) by extension 'ignore_ament_install'
[8.798s] Level 1:colcon.colcon_core.package_identification:_identify(Library/Artifacts/b5) by extensions ['colcon_pkg']
[8.799s] Level 1:colcon.colcon_core.package_identification:_identify(Library/Artifacts/b5) by extension 'colcon_pkg'
[8.801s] Level 1:colcon.colcon_core.package_identification:_identify(Library/Artifacts/b5) by extensions ['colcon_meta']
[8.802s] Level 1:colcon.colcon_core.package_identification:_identify(Library/Artifacts/b5) by extension 'colcon_meta'
[8.806s] Level 1:colcon.colcon_core.package_identification:_identify(Library/Artifacts/b5) by extensions ['ros']
[8.806s] Level 1:colcon.colcon_core.package_identification:_identify(Library/Artifacts/b5) by extension 'ros'
[8.815s] Level 1:colcon.colcon_core.package_identification:_identify(Library/Artifacts/b5) by extensions ['cmake', 'python']
[8.816s] Level 1:colcon.colcon_core.package_identification:_identify(Library/Artifacts/b5) by extension 'cmake'
[8.818s] Level 1:colcon.colcon_core.package_identification:_identify(Library/Artifacts/b5) by extension 'python'
[8.821s] Level 1:colcon.colcon_core.package_identification:_identify(Library/Artifacts/b5) by extensions ['python_setup_py']
[8.821s] Level 1:colcon.colcon_core.package_identification:_identify(Library/Artifacts/b5) by extension 'python_setup_py'
[8.830s] Level 1:colcon.colcon_core.package_identification:_identify(Library/Artifacts/b6) by extensions ['ignore', 'ignore_ament_install']
[8.831s] Level 1:colcon.colcon_core.package_identification:_identify(Library/Artifacts/b6) by extension 'ignore'
[8.834s] Level 1:colcon.colcon_core.package_identification:_identify(Library/Artifacts/b6) by extension 'ignore_ament_install'
[8.838s] Level 1:colcon.colcon_core.package_identification:_identify(Library/Artifacts/b6) by extensions ['colcon_pkg']
[8.839s] Level 1:colcon.colcon_core.package_identification:_identify(Library/Artifacts/b6) by extension 'colcon_pkg'
[8.841s] Level 1:colcon.colcon_core.package_identification:_identify(Library/Artifacts/b6) by extensions ['colcon_meta']
[8.842s] Level 1:colcon.colcon_core.package_identification:_identify(Library/Artifacts/b6) by extension 'colcon_meta'
[8.846s] Level 1:colcon.colcon_core.package_identification:_identify(Library/Artifacts/b6) by extensions ['ros']
[8.846s] Level 1:colcon.colcon_core.package_identification:_identify(Library/Artifacts/b6) by extension 'ros'
[8.855s] Level 1:colcon.colcon_core.package_identification:_identify(Library/Artifacts/b6) by extensions ['cmake', 'python']
[8.855s] Level 1:colcon.colcon_core.package_identification:_identify(Library/Artifacts/b6) by extension 'cmake'
[8.858s] Level 1:colcon.colcon_core.package_identification:_identify(Library/Artifacts/b6) by extension 'python'
[8.860s] Level 1:colcon.colcon_core.package_identification:_identify(Library/Artifacts/b6) by extensions ['python_setup_py']
[8.861s] Level 1:colcon.colcon_core.package_identification:_identify(Library/Artifacts/b6) by extension 'python_setup_py'
[8.869s] Level 1:colcon.colcon_core.package_identification:_identify(Library/Artifacts/b7) by extensions ['ignore', 'ignore_ament_install']
[8.870s] Level 1:colcon.colcon_core.package_identification:_identify(Library/Artifacts/b7) by extension 'ignore'
[8.872s] Level 1:colcon.colcon_core.package_identification:_identify(Library/Artifacts/b7) by extension 'ignore_ament_install'
[8.876s] Level 1:colcon.colcon_core.package_identification:_identify(Library/Artifacts/b7) by extensions ['colcon_pkg']
[8.876s] Level 1:colcon.colcon_core.package_identification:_identify(Library/Artifacts/b7) by extension 'colcon_pkg'
[8.879s] Level 1:colcon.colcon_core.package_identification:_identify(Library/Artifacts/b7) by extensions ['colcon_meta']
[8.879s] Level 1:colcon.colcon_core.package_identification:_identify(Library/Artifacts/b7) by extension 'colcon_meta'
[8.883s] Level 1:colcon.colcon_core.package_identification:_identify(Library/Artifacts/b7) by extensions ['ros']
[8.883s] Level 1:colcon.colcon_core.package_identification:_identify(Library/Artifacts/b7) by extension 'ros'
[8.892s] Level 1:colcon.colcon_core.package_identification:_identify(Library/Artifacts/b7) by extensions ['cmake', 'python']
[8.893s] Level 1:colcon.colcon_core.package_identification:_identify(Library/Artifacts/b7) by extension 'cmake'
[8.895s] Level 1:colcon.colcon_core.package_identification:_identify(Library/Artifacts/b7) by extension 'python'
[8.897s] Level 1:colcon.colcon_core.package_identification:_identify(Library/Artifacts/b7) by extensions ['python_setup_py']
[8.898s] Level 1:colcon.colcon_core.package_identification:_identify(Library/Artifacts/b7) by extension 'python_setup_py'
[8.907s] Level 1:colcon.colcon_core.package_identification:_identify(Library/Artifacts/b8) by extensions ['ignore', 'ignore_ament_install']
[8.907s] Level 1:colcon.colcon_core.package_identification:_identify(Library/Artifacts/b8) by extension 'ignore'
[8.909s] Level 1:colcon.colcon_core.package_identification:_identify(Library/Artifacts/b8) by extension 'ignore_ament_install'
[8.913s] Level 1:colcon.colcon_core.package_identification:_identify(Library/Artifacts/b8) by extensions ['colcon_pkg']
[8.914s] Level 1:colcon.colcon_core.package_identification:_identify(Library/Artifacts/b8) by extension 'colcon_pkg'
[8.915s] Level 1:colcon.colcon_core.package_identification:_identify(Library/Artifacts/b8) by extensions ['colcon_meta']
[8.916s] Level 1:colcon.colcon_core.package_identification:_identify(Library/Artifacts/b8) by extension 'colcon_meta'
[8.920s] Level 1:colcon.colcon_core.package_identification:_identify(Library/Artifacts/b8) by extensions ['ros']
[8.920s] Level 1:colcon.colcon_core.package_identification:_identify(Library/Artifacts/b8) by extension 'ros'
[8.929s] Level 1:colcon.colcon_core.package_identification:_identify(Library/Artifacts/b8) by extensions ['cmake', 'python']
[8.930s] Level 1:colcon.colcon_core.package_identification:_identify(Library/Artifacts/b8) by extension 'cmake'
[8.932s] Level 1:colcon.colcon_core.package_identification:_identify(Library/Artifacts/b8) by extension 'python'
[8.935s] Level 1:colcon.colcon_core.package_identification:_identify(Library/Artifacts/b8) by extensions ['python_setup_py']
[8.936s] Level 1:colcon.colcon_core.package_identification:_identify(Library/Artifacts/b8) by extension 'python_setup_py'
[8.945s] Level 1:colcon.colcon_core.package_identification:_identify(Library/Artifacts/b9) by extensions ['ignore', 'ignore_ament_install']
[8.946s] Level 1:colcon.colcon_core.package_identification:_identify(Library/Artifacts/b9) by extension 'ignore'
[8.948s] Level 1:colcon.colcon_core.package_identification:_identify(Library/Artifacts/b9) by extension 'ignore_ament_install'
[8.952s] Level 1:colcon.colcon_core.package_identification:_identify(Library/Artifacts/b9) by extensions ['colcon_pkg']
[8.953s] Level 1:colcon.colcon_core.package_identification:_identify(Library/Artifacts/b9) by extension 'colcon_pkg'
[8.955s] Level 1:colcon.colcon_core.package_identification:_identify(Library/Artifacts/b9) by extensions ['colcon_meta']
[8.956s] Level 1:colcon.colcon_core.package_identification:_identify(Library/Artifacts/b9) by extension 'colcon_meta'
[8.961s] Level 1:colcon.colcon_core.package_identification:_identify(Library/Artifacts/b9) by extensions ['ros']
[8.962s] Level 1:colcon.colcon_core.package_identification:_identify(Library/Artifacts/b9) by extension 'ros'
[8.971s] Level 1:colcon.colcon_core.package_identification:_identify(Library/Artifacts/b9) by extensions ['cmake', 'python']
[8.972s] Level 1:colcon.colcon_core.package_identification:_identify(Library/Artifacts/b9) by extension 'cmake'
[8.975s] Level 1:colcon.colcon_core.package_identification:_identify(Library/Artifacts/b9) by extension 'python'
[8.977s] Level 1:colcon.colcon_core.package_identification:_identify(Library/Artifacts/b9) by extensions ['python_setup_py']
[8.978s] Level 1:colcon.colcon_core.package_identification:_identify(Library/Artifacts/b9) by extension 'python_setup_py'
[8.992s] Level 1:colcon.colcon_core.package_identification:_identify(Library/Artifacts/ba) by extensions ['ignore', 'ignore_ament_install']
[8.993s] Level 1:colcon.colcon_core.package_identification:_identify(Library/Artifacts/ba) by extension 'ignore'
[8.995s] Level 1:colcon.colcon_core.package_identification:_identify(Library/Artifacts/ba) by extension 'ignore_ament_install'
[8.998s] Level 1:colcon.colcon_core.package_identification:_identify(Library/Artifacts/ba) by extensions ['colcon_pkg']
[8.999s] Level 1:colcon.colcon_core.package_identification:_identify(Library/Artifacts/ba) by extension 'colcon_pkg'
[9.001s] Level 1:colcon.colcon_core.package_identification:_identify(Library/Artifacts/ba) by extensions ['colcon_meta']
[9.002s] Level 1:colcon.colcon_core.package_identification:_identify(Library/Artifacts/ba) by extension 'colcon_meta'
[9.006s] Level 1:colcon.colcon_core.package_identification:_identify(Library/Artifacts/ba) by extensions ['ros']
[9.006s] Level 1:colcon.colcon_core.package_identification:_identify(Library/Artifacts/ba) by extension 'ros'
[9.013s] Level 1:colcon.colcon_core.package_identification:_identify(Library/Artifacts/ba) by extensions ['cmake', 'python']
[9.013s] Level 1:colcon.colcon_core.package_identification:_identify(Library/Artifacts/ba) by extension 'cmake'
[9.015s] Level 1:colcon.colcon_core.package_identification:_identify(Library/Artifacts/ba) by extension 'python'
[9.017s] Level 1:colcon.colcon_core.package_identification:_identify(Library/Artifacts/ba) by extensions ['python_setup_py']
[9.018s] Level 1:colcon.colcon_core.package_identification:_identify(Library/Artifacts/ba) by extension 'python_setup_py'
[9.025s] Level 1:colcon.colcon_core.package_identification:_identify(Library/Artifacts/bb) by extensions ['ignore', 'ignore_ament_install']
[9.026s] Level 1:colcon.colcon_core.package_identification:_identify(Library/Artifacts/bb) by extension 'ignore'
[9.028s] Level 1:colcon.colcon_core.package_identification:_identify(Library/Artifacts/bb) by extension 'ignore_ament_install'
[9.031s] Level 1:colcon.colcon_core.package_identification:_identify(Library/Artifacts/bb) by extensions ['colcon_pkg']
[9.031s] Level 1:colcon.colcon_core.package_identification:_identify(Library/Artifacts/bb) by extension 'colcon_pkg'
[9.033s] Level 1:colcon.colcon_core.package_identification:_identify(Library/Artifacts/bb) by extensions ['colcon_meta']
[9.033s] Level 1:colcon.colcon_core.package_identification:_identify(Library/Artifacts/bb) by extension 'colcon_meta'
[9.038s] Level 1:colcon.colcon_core.package_identification:_identify(Library/Artifacts/bb) by extensions ['ros']
[9.038s] Level 1:colcon.colcon_core.package_identification:_identify(Library/Artifacts/bb) by extension 'ros'
[9.047s] Level 1:colcon.colcon_core.package_identification:_identify(Library/Artifacts/bb) by extensions ['cmake', 'python']
[9.048s] Level 1:colcon.colcon_core.package_identification:_identify(Library/Artifacts/bb) by extension 'cmake'
[9.050s] Level 1:colcon.colcon_core.package_identification:_identify(Library/Artifacts/bb) by extension 'python'
[9.052s] Level 1:colcon.colcon_core.package_identification:_identify(Library/Artifacts/bb) by extensions ['python_setup_py']
[9.053s] Level 1:colcon.colcon_core.package_identification:_identify(Library/Artifacts/bb) by extension 'python_setup_py'
[9.062s] Level 1:colcon.colcon_core.package_identification:_identify(Library/Artifacts/bc) by extensions ['ignore', 'ignore_ament_install']
[9.062s] Level 1:colcon.colcon_core.package_identification:_identify(Library/Artifacts/bc) by extension 'ignore'
[9.065s] Level 1:colcon.colcon_core.package_identification:_identify(Library/Artifacts/bc) by extension 'ignore_ament_install'
[9.068s] Level 1:colcon.colcon_core.package_identification:_identify(Library/Artifacts/bc) by extensions ['colcon_pkg']
[9.069s] Level 1:colcon.colcon_core.package_identification:_identify(Library/Artifacts/bc) by extension 'colcon_pkg'
[9.071s] Level 1:colcon.colcon_core.package_identification:_identify(Library/Artifacts/bc) by extensions ['colcon_meta']
[9.071s] Level 1:colcon.colcon_core.package_identification:_identify(Library/Artifacts/bc) by extension 'colcon_meta'
[9.075s] Level 1:colcon.colcon_core.package_identification:_identify(Library/Artifacts/bc) by extensions ['ros']
[9.075s] Level 1:colcon.colcon_core.package_identification:_identify(Library/Artifacts/bc) by extension 'ros'
[9.084s] Level 1:colcon.colcon_core.package_identification:_identify(Library/Artifacts/bc) by extensions ['cmake', 'python']
[9.085s] Level 1:colcon.colcon_core.package_identification:_identify(Library/Artifacts/bc) by extension 'cmake'
[9.087s] Level 1:colcon.colcon_core.package_identification:_identify(Library/Artifacts/bc) by extension 'python'
[9.089s] Level 1:colcon.colcon_core.package_identification:_identify(Library/Artifacts/bc) by extensions ['python_setup_py']
[9.089s] Level 1:colcon.colcon_core.package_identification:_identify(Library/Artifacts/bc) by extension 'python_setup_py'
[9.098s] Level 1:colcon.colcon_core.package_identification:_identify(Library/Artifacts/bd) by extensions ['ignore', 'ignore_ament_install']
[9.098s] Level 1:colcon.colcon_core.package_identification:_identify(Library/Artifacts/bd) by extension 'ignore'
[9.101s] Level 1:colcon.colcon_core.package_identification:_identify(Library/Artifacts/bd) by extension 'ignore_ament_install'
[9.104s] Level 1:colcon.colcon_core.package_identification:_identify(Library/Artifacts/bd) by extensions ['colcon_pkg']
[9.105s] Level 1:colcon.colcon_core.package_identification:_identify(Library/Artifacts/bd) by extension 'colcon_pkg'
[9.106s] Level 1:colcon.colcon_core.package_identification:_identify(Library/Artifacts/bd) by extensions ['colcon_meta']
[9.106s] Level 1:colcon.colcon_core.package_identification:_identify(Library/Artifacts/bd) by extension 'colcon_meta'
[9.109s] Level 1:colcon.colcon_core.package_identification:_identify(Library/Artifacts/bd) by extensions ['ros']
[9.110s] Level 1:colcon.colcon_core.package_identification:_identify(Library/Artifacts/bd) by extension 'ros'
[9.115s] Level 1:colcon.colcon_core.package_identification:_identify(Library/Artifacts/bd) by extensions ['cmake', 'python']
[9.115s] Level 1:colcon.colcon_core.package_identification:_identify(Library/Artifacts/bd) by extension 'cmake'
[9.117s] Level 1:colcon.colcon_core.package_identification:_identify(Library/Artifacts/bd) by extension 'python'
[9.118s] Level 1:colcon.colcon_core.package_identification:_identify(Library/Artifacts/bd) by extensions ['python_setup_py']
[9.118s] Level 1:colcon.colcon_core.package_identification:_identify(Library/Artifacts/bd) by extension 'python_setup_py'
[9.124s] Level 1:colcon.colcon_core.package_identification:_identify(Library/Artifacts/be) by extensions ['ignore', 'ignore_ament_install']
[9.124s] Level 1:colcon.colcon_core.package_identification:_identify(Library/Artifacts/be) by extension 'ignore'
[9.126s] Level 1:colcon.colcon_core.package_identification:_identify(Library/Artifacts/be) by extension 'ignore_ament_install'
[9.128s] Level 1:colcon.colcon_core.package_identification:_identify(Library/Artifacts/be) by extensions ['colcon_pkg']
[9.129s] Level 1:colcon.colcon_core.package_identification:_identify(Library/Artifacts/be) by extension 'colcon_pkg'
[9.130s] Level 1:colcon.colcon_core.package_identification:_identify(Library/Artifacts/be) by extensions ['colcon_meta']
[9.131s] Level 1:colcon.colcon_core.package_identification:_identify(Library/Artifacts/be) by extension 'colcon_meta'
[9.135s] Level 1:colcon.colcon_core.package_identification:_identify(Library/Artifacts/be) by extensions ['ros']
[9.135s] Level 1:colcon.colcon_core.package_identification:_identify(Library/Artifacts/be) by extension 'ros'
[9.143s] Level 1:colcon.colcon_core.package_identification:_identify(Library/Artifacts/be) by extensions ['cmake', 'python']
[9.144s] Level 1:colcon.colcon_core.package_identification:_identify(Library/Artifacts/be) by extension 'cmake'
[9.146s] Level 1:colcon.colcon_core.package_identification:_identify(Library/Artifacts/be) by extension 'python'
[9.148s] Level 1:colcon.colcon_core.package_identification:_identify(Library/Artifacts/be) by extensions ['python_setup_py']
[9.149s] Level 1:colcon.colcon_core.package_identification:_identify(Library/Artifacts/be) by extension 'python_setup_py'
[9.159s] Level 1:colcon.colcon_core.package_identification:_identify(Library/Artifacts/bf) by extensions ['ignore', 'ignore_ament_install']
[9.160s] Level 1:colcon.colcon_core.package_identification:_identify(Library/Artifacts/bf) by extension 'ignore'
[9.162s] Level 1:colcon.colcon_core.package_identification:_identify(Library/Artifacts/bf) by extension 'ignore_ament_install'
[9.166s] Level 1:colcon.colcon_core.package_identification:_identify(Library/Artifacts/bf) by extensions ['colcon_pkg']
[9.167s] Level 1:colcon.colcon_core.package_identification:_identify(Library/Artifacts/bf) by extension 'colcon_pkg'
[9.169s] Level 1:colcon.colcon_core.package_identification:_identify(Library/Artifacts/bf) by extensions ['colcon_meta']
[9.170s] Level 1:colcon.colcon_core.package_identification:_identify(Library/Artifacts/bf) by extension 'colcon_meta'
[9.175s] Level 1:colcon.colcon_core.package_identification:_identify(Library/Artifacts/bf) by extensions ['ros']
[9.176s] Level 1:colcon.colcon_core.package_identification:_identify(Library/Artifacts/bf) by extension 'ros'
[9.186s] Level 1:colcon.colcon_core.package_identification:_identify(Library/Artifacts/bf) by extensions ['cmake', 'python']
[9.187s] Level 1:colcon.colcon_core.package_identification:_identify(Library/Artifacts/bf) by extension 'cmake'
[9.189s] Level 1:colcon.colcon_core.package_identification:_identify(Library/Artifacts/bf) by extension 'python'
[9.191s] Level 1:colcon.colcon_core.package_identification:_identify(Library/Artifacts/bf) by extensions ['python_setup_py']
[9.192s] Level 1:colcon.colcon_core.package_identification:_identify(Library/Artifacts/bf) by extension 'python_setup_py'
[9.200s] Level 1:colcon.colcon_core.package_identification:_identify(Library/Artifacts/c0) by extensions ['ignore', 'ignore_ament_install']
[9.201s] Level 1:colcon.colcon_core.package_identification:_identify(Library/Artifacts/c0) by extension 'ignore'
[9.203s] Level 1:colcon.colcon_core.package_identification:_identify(Library/Artifacts/c0) by extension 'ignore_ament_install'
[9.207s] Level 1:colcon.colcon_core.package_identification:_identify(Library/Artifacts/c0) by extensions ['colcon_pkg']
[9.208s] Level 1:colcon.colcon_core.package_identification:_identify(Library/Artifacts/c0) by extension 'colcon_pkg'
[9.211s] Level 1:colcon.colcon_core.package_identification:_identify(Library/Artifacts/c0) by extensions ['colcon_meta']
[9.212s] Level 1:colcon.colcon_core.package_identification:_identify(Library/Artifacts/c0) by extension 'colcon_meta'
[9.215s] Level 1:colcon.colcon_core.package_identification:_identify(Library/Artifacts/c0) by extensions ['ros']
[9.216s] Level 1:colcon.colcon_core.package_identification:_identify(Library/Artifacts/c0) by extension 'ros'
[9.225s] Level 1:colcon.colcon_core.package_identification:_identify(Library/Artifacts/c0) by extensions ['cmake', 'python']
[9.226s] Level 1:colcon.colcon_core.package_identification:_identify(Library/Artifacts/c0) by extension 'cmake'
[9.229s] Level 1:colcon.colcon_core.package_identification:_identify(Library/Artifacts/c0) by extension 'python'
[9.231s] Level 1:colcon.colcon_core.package_identification:_identify(Library/Artifacts/c0) by extensions ['python_setup_py']
[9.232s] Level 1:colcon.colcon_core.package_identification:_identify(Library/Artifacts/c0) by extension 'python_setup_py'
[9.244s] Level 1:colcon.colcon_core.package_identification:_identify(Library/Artifacts/c1) by extensions ['ignore', 'ignore_ament_install']
[9.246s] Level 1:colcon.colcon_core.package_identification:_identify(Library/Artifacts/c1) by extension 'ignore'
[9.248s] Level 1:colcon.colcon_core.package_identification:_identify(Library/Artifacts/c1) by extension 'ignore_ament_install'
[9.251s] Level 1:colcon.colcon_core.package_identification:_identify(Library/Artifacts/c1) by extensions ['colcon_pkg']
[9.252s] Level 1:colcon.colcon_core.package_identification:_identify(Library/Artifacts/c1) by extension 'colcon_pkg'
[9.254s] Level 1:colcon.colcon_core.package_identification:_identify(Library/Artifacts/c1) by extensions ['colcon_meta']
[9.255s] Level 1:colcon.colcon_core.package_identification:_identify(Library/Artifacts/c1) by extension 'colcon_meta'
[9.259s] Level 1:colcon.colcon_core.package_identification:_identify(Library/Artifacts/c1) by extensions ['ros']
[9.260s] Level 1:colcon.colcon_core.package_identification:_identify(Library/Artifacts/c1) by extension 'ros'
[9.268s] Level 1:colcon.colcon_core.package_identification:_identify(Library/Artifacts/c1) by extensions ['cmake', 'python']
[9.268s] Level 1:colcon.colcon_core.package_identification:_identify(Library/Artifacts/c1) by extension 'cmake'
[9.271s] Level 1:colcon.colcon_core.package_identification:_identify(Library/Artifacts/c1) by extension 'python'
[9.274s] Level 1:colcon.colcon_core.package_identification:_identify(Library/Artifacts/c1) by extensions ['python_setup_py']
[9.274s] Level 1:colcon.colcon_core.package_identification:_identify(Library/Artifacts/c1) by extension 'python_setup_py'
[9.283s] Level 1:colcon.colcon_core.package_identification:_identify(Library/Artifacts/c2) by extensions ['ignore', 'ignore_ament_install']
[9.284s] Level 1:colcon.colcon_core.package_identification:_identify(Library/Artifacts/c2) by extension 'ignore'
[9.287s] Level 1:colcon.colcon_core.package_identification:_identify(Library/Artifacts/c2) by extension 'ignore_ament_install'
[9.292s] Level 1:colcon.colcon_core.package_identification:_identify(Library/Artifacts/c2) by extensions ['colcon_pkg']
[9.293s] Level 1:colcon.colcon_core.package_identification:_identify(Library/Artifacts/c2) by extension 'colcon_pkg'
[9.295s] Level 1:colcon.colcon_core.package_identification:_identify(Library/Artifacts/c2) by extensions ['colcon_meta']
[9.296s] Level 1:colcon.colcon_core.package_identification:_identify(Library/Artifacts/c2) by extension 'colcon_meta'
[9.300s] Level 1:colcon.colcon_core.package_identification:_identify(Library/Artifacts/c2) by extensions ['ros']
[9.301s] Level 1:colcon.colcon_core.package_identification:_identify(Library/Artifacts/c2) by extension 'ros'
[9.309s] Level 1:colcon.colcon_core.package_identification:_identify(Library/Artifacts/c2) by extensions ['cmake', 'python']
[9.310s] Level 1:colcon.colcon_core.package_identification:_identify(Library/Artifacts/c2) by extension 'cmake'
[9.313s] Level 1:colcon.colcon_core.package_identification:_identify(Library/Artifacts/c2) by extension 'python'
[9.315s] Level 1:colcon.colcon_core.package_identification:_identify(Library/Artifacts/c2) by extensions ['python_setup_py']
[9.316s] Level 1:colcon.colcon_core.package_identification:_identify(Library/Artifacts/c2) by extension 'python_setup_py'
[9.324s] Level 1:colcon.colcon_core.package_identification:_identify(Library/Artifacts/c3) by extensions ['ignore', 'ignore_ament_install']
[9.325s] Level 1:colcon.colcon_core.package_identification:_identify(Library/Artifacts/c3) by extension 'ignore'
[9.328s] Level 1:colcon.colcon_core.package_identification:_identify(Library/Artifacts/c3) by extension 'ignore_ament_install'
[9.332s] Level 1:colcon.colcon_core.package_identification:_identify(Library/Artifacts/c3) by extensions ['colcon_pkg']
[9.333s] Level 1:colcon.colcon_core.package_identification:_identify(Library/Artifacts/c3) by extension 'colcon_pkg'
[9.336s] Level 1:colcon.colcon_core.package_identification:_identify(Library/Artifacts/c3) by extensions ['colcon_meta']
[9.337s] Level 1:colcon.colcon_core.package_identification:_identify(Library/Artifacts/c3) by extension 'colcon_meta'
[9.341s] Level 1:colcon.colcon_core.package_identification:_identify(Library/Artifacts/c3) by extensions ['ros']
[9.341s] Level 1:colcon.colcon_core.package_identification:_identify(Library/Artifacts/c3) by extension 'ros'
[9.350s] Level 1:colcon.colcon_core.package_identification:_identify(Library/Artifacts/c3) by extensions ['cmake', 'python']
[9.351s] Level 1:colcon.colcon_core.package_identification:_identify(Library/Artifacts/c3) by extension 'cmake'
[9.353s] Level 1:colcon.colcon_core.package_identification:_identify(Library/Artifacts/c3) by extension 'python'
[9.356s] Level 1:colcon.colcon_core.package_identification:_identify(Library/Artifacts/c3) by extensions ['python_setup_py']
[9.357s] Level 1:colcon.colcon_core.package_identification:_identify(Library/Artifacts/c3) by extension 'python_setup_py'
[9.364s] Level 1:colcon.colcon_core.package_identification:_identify(Library/Artifacts/c4) by extensions ['ignore', 'ignore_ament_install']
[9.365s] Level 1:colcon.colcon_core.package_identification:_identify(Library/Artifacts/c4) by extension 'ignore'
[9.368s] Level 1:colcon.colcon_core.package_identification:_identify(Library/Artifacts/c4) by extension 'ignore_ament_install'
[9.371s] Level 1:colcon.colcon_core.package_identification:_identify(Library/Artifacts/c4) by extensions ['colcon_pkg']
[9.372s] Level 1:colcon.colcon_core.package_identification:_identify(Library/Artifacts/c4) by extension 'colcon_pkg'
[9.375s] Level 1:colcon.colcon_core.package_identification:_identify(Library/Artifacts/c4) by extensions ['colcon_meta']
[9.375s] Level 1:colcon.colcon_core.package_identification:_identify(Library/Artifacts/c4) by extension 'colcon_meta'
[9.380s] Level 1:colcon.colcon_core.package_identification:_identify(Library/Artifacts/c4) by extensions ['ros']
[9.381s] Level 1:colcon.colcon_core.package_identification:_identify(Library/Artifacts/c4) by extension 'ros'
[9.390s] Level 1:colcon.colcon_core.package_identification:_identify(Library/Artifacts/c4) by extensions ['cmake', 'python']
[9.390s] Level 1:colcon.colcon_core.package_identification:_identify(Library/Artifacts/c4) by extension 'cmake'
[9.393s] Level 1:colcon.colcon_core.package_identification:_identify(Library/Artifacts/c4) by extension 'python'
[9.395s] Level 1:colcon.colcon_core.package_identification:_identify(Library/Artifacts/c4) by extensions ['python_setup_py']
[9.395s] Level 1:colcon.colcon_core.package_identification:_identify(Library/Artifacts/c4) by extension 'python_setup_py'
[9.404s] Level 1:colcon.colcon_core.package_identification:_identify(Library/Artifacts/c5) by extensions ['ignore', 'ignore_ament_install']
[9.405s] Level 1:colcon.colcon_core.package_identification:_identify(Library/Artifacts/c5) by extension 'ignore'
[9.408s] Level 1:colcon.colcon_core.package_identification:_identify(Library/Artifacts/c5) by extension 'ignore_ament_install'
[9.413s] Level 1:colcon.colcon_core.package_identification:_identify(Library/Artifacts/c5) by extensions ['colcon_pkg']
[9.414s] Level 1:colcon.colcon_core.package_identification:_identify(Library/Artifacts/c5) by extension 'colcon_pkg'
[9.416s] Level 1:colcon.colcon_core.package_identification:_identify(Library/Artifacts/c5) by extensions ['colcon_meta']
[9.417s] Level 1:colcon.colcon_core.package_identification:_identify(Library/Artifacts/c5) by extension 'colcon_meta'
[9.421s] Level 1:colcon.colcon_core.package_identification:_identify(Library/Artifacts/c5) by extensions ['ros']
[9.422s] Level 1:colcon.colcon_core.package_identification:_identify(Library/Artifacts/c5) by extension 'ros'
[9.430s] Level 1:colcon.colcon_core.package_identification:_identify(Library/Artifacts/c5) by extensions ['cmake', 'python']
[9.430s] Level 1:colcon.colcon_core.package_identification:_identify(Library/Artifacts/c5) by extension 'cmake'
[9.433s] Level 1:colcon.colcon_core.package_identification:_identify(Library/Artifacts/c5) by extension 'python'
[9.435s] Level 1:colcon.colcon_core.package_identification:_identify(Library/Artifacts/c5) by extensions ['python_setup_py']
[9.435s] Level 1:colcon.colcon_core.package_identification:_identify(Library/Artifacts/c5) by extension 'python_setup_py'
[9.446s] Level 1:colcon.colcon_core.package_identification:_identify(Library/Artifacts/c6) by extensions ['ignore', 'ignore_ament_install']
[9.446s] Level 1:colcon.colcon_core.package_identification:_identify(Library/Artifacts/c6) by extension 'ignore'
[9.449s] Level 1:colcon.colcon_core.package_identification:_identify(Library/Artifacts/c6) by extension 'ignore_ament_install'
[9.452s] Level 1:colcon.colcon_core.package_identification:_identify(Library/Artifacts/c6) by extensions ['colcon_pkg']
[9.453s] Level 1:colcon.colcon_core.package_identification:_identify(Library/Artifacts/c6) by extension 'colcon_pkg'
[9.455s] Level 1:colcon.colcon_core.package_identification:_identify(Library/Artifacts/c6) by extensions ['colcon_meta']
[9.456s] Level 1:colcon.colcon_core.package_identification:_identify(Library/Artifacts/c6) by extension 'colcon_meta'
[9.460s] Level 1:colcon.colcon_core.package_identification:_identify(Library/Artifacts/c6) by extensions ['ros']
[9.461s] Level 1:colcon.colcon_core.package_identification:_identify(Library/Artifacts/c6) by extension 'ros'
[9.468s] Level 1:colcon.colcon_core.package_identification:_identify(Library/Artifacts/c6) by extensions ['cmake', 'python']
[9.469s] Level 1:colcon.colcon_core.package_identification:_identify(Library/Artifacts/c6) by extension 'cmake'
[9.472s] Level 1:colcon.colcon_core.package_identification:_identify(Library/Artifacts/c6) by extension 'python'
[9.474s] Level 1:colcon.colcon_core.package_identification:_identify(Library/Artifacts/c6) by extensions ['python_setup_py']
[9.475s] Level 1:colcon.colcon_core.package_identification:_identify(Library/Artifacts/c6) by extension 'python_setup_py'
[9.481s] Level 1:colcon.colcon_core.package_identification:_identify(Library/Artifacts/c7) by extensions ['ignore', 'ignore_ament_install']
[9.482s] Level 1:colcon.colcon_core.package_identification:_identify(Library/Artifacts/c7) by extension 'ignore'
[9.484s] Level 1:colcon.colcon_core.package_identification:_identify(Library/Artifacts/c7) by extension 'ignore_ament_install'
[9.488s] Level 1:colcon.colcon_core.package_identification:_identify(Library/Artifacts/c7) by extensions ['colcon_pkg']
[9.489s] Level 1:colcon.colcon_core.package_identification:_identify(Library/Artifacts/c7) by extension 'colcon_pkg'
[9.492s] Level 1:colcon.colcon_core.package_identification:_identify(Library/Artifacts/c7) by extensions ['colcon_meta']
[9.492s] Level 1:colcon.colcon_core.package_identification:_identify(Library/Artifacts/c7) by extension 'colcon_meta'
[9.497s] Level 1:colcon.colcon_core.package_identification:_identify(Library/Artifacts/c7) by extensions ['ros']
[9.498s] Level 1:colcon.colcon_core.package_identification:_identify(Library/Artifacts/c7) by extension 'ros'
[9.507s] Level 1:colcon.colcon_core.package_identification:_identify(Library/Artifacts/c7) by extensions ['cmake', 'python']
[9.507s] Level 1:colcon.colcon_core.package_identification:_identify(Library/Artifacts/c7) by extension 'cmake'
[9.509s] Level 1:colcon.colcon_core.package_identification:_identify(Library/Artifacts/c7) by extension 'python'
[9.512s] Level 1:colcon.colcon_core.package_identification:_identify(Library/Artifacts/c7) by extensions ['python_setup_py']
[9.512s] Level 1:colcon.colcon_core.package_identification:_identify(Library/Artifacts/c7) by extension 'python_setup_py'
[9.521s] Level 1:colcon.colcon_core.package_identification:_identify(Library/Artifacts/c8) by extensions ['ignore', 'ignore_ament_install']
[9.522s] Level 1:colcon.colcon_core.package_identification:_identify(Library/Artifacts/c8) by extension 'ignore'
[9.524s] Level 1:colcon.colcon_core.package_identification:_identify(Library/Artifacts/c8) by extension 'ignore_ament_install'
[9.527s] Level 1:colcon.colcon_core.package_identification:_identify(Library/Artifacts/c8) by extensions ['colcon_pkg']
[9.528s] Level 1:colcon.colcon_core.package_identification:_identify(Library/Artifacts/c8) by extension 'colcon_pkg'
[9.530s] Level 1:colcon.colcon_core.package_identification:_identify(Library/Artifacts/c8) by extensions ['colcon_meta']
[9.530s] Level 1:colcon.colcon_core.package_identification:_identify(Library/Artifacts/c8) by extension 'colcon_meta'
[9.535s] Level 1:colcon.colcon_core.package_identification:_identify(Library/Artifacts/c8) by extensions ['ros']
[9.535s] Level 1:colcon.colcon_core.package_identification:_identify(Library/Artifacts/c8) by extension 'ros'
[9.544s] Level 1:colcon.colcon_core.package_identification:_identify(Library/Artifacts/c8) by extensions ['cmake', 'python']
[9.545s] Level 1:colcon.colcon_core.package_identification:_identify(Library/Artifacts/c8) by extension 'cmake'
[9.547s] Level 1:colcon.colcon_core.package_identification:_identify(Library/Artifacts/c8) by extension 'python'
[9.549s] Level 1:colcon.colcon_core.package_identification:_identify(Library/Artifacts/c8) by extensions ['python_setup_py']
[9.550s] Level 1:colcon.colcon_core.package_identification:_identify(Library/Artifacts/c8) by extension 'python_setup_py'
[9.559s] Level 1:colcon.colcon_core.package_identification:_identify(Library/Artifacts/c9) by extensions ['ignore', 'ignore_ament_install']
[9.560s] Level 1:colcon.colcon_core.package_identification:_identify(Library/Artifacts/c9) by extension 'ignore'
[9.562s] Level 1:colcon.colcon_core.package_identification:_identify(Library/Artifacts/c9) by extension 'ignore_ament_install'
[9.566s] Level 1:colcon.colcon_core.package_identification:_identify(Library/Artifacts/c9) by extensions ['colcon_pkg']
[9.566s] Level 1:colcon.colcon_core.package_identification:_identify(Library/Artifacts/c9) by extension 'colcon_pkg'
[9.568s] Level 1:colcon.colcon_core.package_identification:_identify(Library/Artifacts/c9) by extensions ['colcon_meta']
[9.569s] Level 1:colcon.colcon_core.package_identification:_identify(Library/Artifacts/c9) by extension 'colcon_meta'
[9.573s] Level 1:colcon.colcon_core.package_identification:_identify(Library/Artifacts/c9) by extensions ['ros']
[9.574s] Level 1:colcon.colcon_core.package_identification:_identify(Library/Artifacts/c9) by extension 'ros'
[9.582s] Level 1:colcon.colcon_core.package_identification:_identify(Library/Artifacts/c9) by extensions ['cmake', 'python']
[9.583s] Level 1:colcon.colcon_core.package_identification:_identify(Library/Artifacts/c9) by extension 'cmake'
[9.590s] Level 1:colcon.colcon_core.package_identification:_identify(Library/Artifacts/c9) by extension 'python'
[9.591s] Level 1:colcon.colcon_core.package_identification:_identify(Library/Artifacts/c9) by extensions ['python_setup_py']
[9.592s] Level 1:colcon.colcon_core.package_identification:_identify(Library/Artifacts/c9) by extension 'python_setup_py'
[9.598s] Level 1:colcon.colcon_core.package_identification:_identify(Library/Artifacts/ca) by extensions ['ignore', 'ignore_ament_install']
[9.598s] Level 1:colcon.colcon_core.package_identification:_identify(Library/Artifacts/ca) by extension 'ignore'
[9.600s] Level 1:colcon.colcon_core.package_identification:_identify(Library/Artifacts/ca) by extension 'ignore_ament_install'
[9.603s] Level 1:colcon.colcon_core.package_identification:_identify(Library/Artifacts/ca) by extensions ['colcon_pkg']
[9.603s] Level 1:colcon.colcon_core.package_identification:_identify(Library/Artifacts/ca) by extension 'colcon_pkg'
[9.605s] Level 1:colcon.colcon_core.package_identification:_identify(Library/Artifacts/ca) by extensions ['colcon_meta']
[9.606s] Level 1:colcon.colcon_core.package_identification:_identify(Library/Artifacts/ca) by extension 'colcon_meta'
[9.608s] Level 1:colcon.colcon_core.package_identification:_identify(Library/Artifacts/ca) by extensions ['ros']
[9.609s] Level 1:colcon.colcon_core.package_identification:_identify(Library/Artifacts/ca) by extension 'ros'
[9.616s] Level 1:colcon.colcon_core.package_identification:_identify(Library/Artifacts/ca) by extensions ['cmake', 'python']
[9.616s] Level 1:colcon.colcon_core.package_identification:_identify(Library/Artifacts/ca) by extension 'cmake'
[9.618s] Level 1:colcon.colcon_core.package_identification:_identify(Library/Artifacts/ca) by extension 'python'
[9.620s] Level 1:colcon.colcon_core.package_identification:_identify(Library/Artifacts/ca) by extensions ['python_setup_py']
[9.620s] Level 1:colcon.colcon_core.package_identification:_identify(Library/Artifacts/ca) by extension 'python_setup_py'
[9.627s] Level 1:colcon.colcon_core.package_identification:_identify(Library/Artifacts/cb) by extensions ['ignore', 'ignore_ament_install']
[9.627s] Level 1:colcon.colcon_core.package_identification:_identify(Library/Artifacts/cb) by extension 'ignore'
[9.629s] Level 1:colcon.colcon_core.package_identification:_identify(Library/Artifacts/cb) by extension 'ignore_ament_install'
[9.633s] Level 1:colcon.colcon_core.package_identification:_identify(Library/Artifacts/cb) by extensions ['colcon_pkg']
[9.634s] Level 1:colcon.colcon_core.package_identification:_identify(Library/Artifacts/cb) by extension 'colcon_pkg'
[9.636s] Level 1:colcon.colcon_core.package_identification:_identify(Library/Artifacts/cb) by extensions ['colcon_meta']
[9.637s] Level 1:colcon.colcon_core.package_identification:_identify(Library/Artifacts/cb) by extension 'colcon_meta'
[9.640s] Level 1:colcon.colcon_core.package_identification:_identify(Library/Artifacts/cb) by extensions ['ros']
[9.640s] Level 1:colcon.colcon_core.package_identification:_identify(Library/Artifacts/cb) by extension 'ros'
[9.649s] Level 1:colcon.colcon_core.package_identification:_identify(Library/Artifacts/cb) by extensions ['cmake', 'python']
[9.650s] Level 1:colcon.colcon_core.package_identification:_identify(Library/Artifacts/cb) by extension 'cmake'
[9.652s] Level 1:colcon.colcon_core.package_identification:_identify(Library/Artifacts/cb) by extension 'python'
[9.654s] Level 1:colcon.colcon_core.package_identification:_identify(Library/Artifacts/cb) by extensions ['python_setup_py']
[9.654s] Level 1:colcon.colcon_core.package_identification:_identify(Library/Artifacts/cb) by extension 'python_setup_py'
[9.661s] Level 1:colcon.colcon_core.package_identification:_identify(Library/Artifacts/cc) by extensions ['ignore', 'ignore_ament_install']
[9.662s] Level 1:colcon.colcon_core.package_identification:_identify(Library/Artifacts/cc) by extension 'ignore'
[9.664s] Level 1:colcon.colcon_core.package_identification:_identify(Library/Artifacts/cc) by extension 'ignore_ament_install'
[9.667s] Level 1:colcon.colcon_core.package_identification:_identify(Library/Artifacts/cc) by extensions ['colcon_pkg']
[9.667s] Level 1:colcon.colcon_core.package_identification:_identify(Library/Artifacts/cc) by extension 'colcon_pkg'
[9.669s] Level 1:colcon.colcon_core.package_identification:_identify(Library/Artifacts/cc) by extensions ['colcon_meta']
[9.669s] Level 1:colcon.colcon_core.package_identification:_identify(Library/Artifacts/cc) by extension 'colcon_meta'
[9.672s] Level 1:colcon.colcon_core.package_identification:_identify(Library/Artifacts/cc) by extensions ['ros']
[9.673s] Level 1:colcon.colcon_core.package_identification:_identify(Library/Artifacts/cc) by extension 'ros'
[9.678s] Level 1:colcon.colcon_core.package_identification:_identify(Library/Artifacts/cc) by extensions ['cmake', 'python']
[9.678s] Level 1:colcon.colcon_core.package_identification:_identify(Library/Artifacts/cc) by extension 'cmake'
[9.680s] Level 1:colcon.colcon_core.package_identification:_identify(Library/Artifacts/cc) by extension 'python'
[9.682s] Level 1:colcon.colcon_core.package_identification:_identify(Library/Artifacts/cc) by extensions ['python_setup_py']
[9.683s] Level 1:colcon.colcon_core.package_identification:_identify(Library/Artifacts/cc) by extension 'python_setup_py'
[9.692s] Level 1:colcon.colcon_core.package_identification:_identify(Library/Artifacts/cd) by extensions ['ignore', 'ignore_ament_install']
[9.693s] Level 1:colcon.colcon_core.package_identification:_identify(Library/Artifacts/cd) by extension 'ignore'
[9.695s] Level 1:colcon.colcon_core.package_identification:_identify(Library/Artifacts/cd) by extension 'ignore_ament_install'
[9.699s] Level 1:colcon.colcon_core.package_identification:_identify(Library/Artifacts/cd) by extensions ['colcon_pkg']
[9.700s] Level 1:colcon.colcon_core.package_identification:_identify(Library/Artifacts/cd) by extension 'colcon_pkg'
[9.702s] Level 1:colcon.colcon_core.package_identification:_identify(Library/Artifacts/cd) by extensions ['colcon_meta']
[9.702s] Level 1:colcon.colcon_core.package_identification:_identify(Library/Artifacts/cd) by extension 'colcon_meta'
[9.707s] Level 1:colcon.colcon_core.package_identification:_identify(Library/Artifacts/cd) by extensions ['ros']
[9.707s] Level 1:colcon.colcon_core.package_identification:_identify(Library/Artifacts/cd) by extension 'ros'
[9.715s] Level 1:colcon.colcon_core.package_identification:_identify(Library/Artifacts/cd) by extensions ['cmake', 'python']
[9.716s] Level 1:colcon.colcon_core.package_identification:_identify(Library/Artifacts/cd) by extension 'cmake'
[9.718s] Level 1:colcon.colcon_core.package_identification:_identify(Library/Artifacts/cd) by extension 'python'
[9.720s] Level 1:colcon.colcon_core.package_identification:_identify(Library/Artifacts/cd) by extensions ['python_setup_py']
[9.721s] Level 1:colcon.colcon_core.package_identification:_identify(Library/Artifacts/cd) by extension 'python_setup_py'
[9.731s] Level 1:colcon.colcon_core.package_identification:_identify(Library/Artifacts/ce) by extensions ['ignore', 'ignore_ament_install']
[9.731s] Level 1:colcon.colcon_core.package_identification:_identify(Library/Artifacts/ce) by extension 'ignore'
[9.734s] Level 1:colcon.colcon_core.package_identification:_identify(Library/Artifacts/ce) by extension 'ignore_ament_install'
[9.737s] Level 1:colcon.colcon_core.package_identification:_identify(Library/Artifacts/ce) by extensions ['colcon_pkg']
[9.737s] Level 1:colcon.colcon_core.package_identification:_identify(Library/Artifacts/ce) by extension 'colcon_pkg'
[9.740s] Level 1:colcon.colcon_core.package_identification:_identify(Library/Artifacts/ce) by extensions ['colcon_meta']
[9.740s] Level 1:colcon.colcon_core.package_identification:_identify(Library/Artifacts/ce) by extension 'colcon_meta'
[9.745s] Level 1:colcon.colcon_core.package_identification:_identify(Library/Artifacts/ce) by extensions ['ros']
[9.745s] Level 1:colcon.colcon_core.package_identification:_identify(Library/Artifacts/ce) by extension 'ros'
[9.753s] Level 1:colcon.colcon_core.package_identification:_identify(Library/Artifacts/ce) by extensions ['cmake', 'python']
[9.754s] Level 1:colcon.colcon_core.package_identification:_identify(Library/Artifacts/ce) by extension 'cmake'
[9.756s] Level 1:colcon.colcon_core.package_identification:_identify(Library/Artifacts/ce) by extension 'python'
[9.759s] Level 1:colcon.colcon_core.package_identification:_identify(Library/Artifacts/ce) by extensions ['python_setup_py']
[9.759s] Level 1:colcon.colcon_core.package_identification:_identify(Library/Artifacts/ce) by extension 'python_setup_py'
[9.768s] Level 1:colcon.colcon_core.package_identification:_identify(Library/Artifacts/cf) by extensions ['ignore', 'ignore_ament_install']
[9.769s] Level 1:colcon.colcon_core.package_identification:_identify(Library/Artifacts/cf) by extension 'ignore'
[9.771s] Level 1:colcon.colcon_core.package_identification:_identify(Library/Artifacts/cf) by extension 'ignore_ament_install'
[9.775s] Level 1:colcon.colcon_core.package_identification:_identify(Library/Artifacts/cf) by extensions ['colcon_pkg']
[9.775s] Level 1:colcon.colcon_core.package_identification:_identify(Library/Artifacts/cf) by extension 'colcon_pkg'
[9.777s] Level 1:colcon.colcon_core.package_identification:_identify(Library/Artifacts/cf) by extensions ['colcon_meta']
[9.777s] Level 1:colcon.colcon_core.package_identification:_identify(Library/Artifacts/cf) by extension 'colcon_meta'
[9.781s] Level 1:colcon.colcon_core.package_identification:_identify(Library/Artifacts/cf) by extensions ['ros']
[9.782s] Level 1:colcon.colcon_core.package_identification:_identify(Library/Artifacts/cf) by extension 'ros'
[9.790s] Level 1:colcon.colcon_core.package_identification:_identify(Library/Artifacts/cf) by extensions ['cmake', 'python']
[9.791s] Level 1:colcon.colcon_core.package_identification:_identify(Library/Artifacts/cf) by extension 'cmake'
[9.793s] Level 1:colcon.colcon_core.package_identification:_identify(Library/Artifacts/cf) by extension 'python'
[9.794s] Level 1:colcon.colcon_core.package_identification:_identify(Library/Artifacts/cf) by extensions ['python_setup_py']
[9.795s] Level 1:colcon.colcon_core.package_identification:_identify(Library/Artifacts/cf) by extension 'python_setup_py'
[9.803s] Level 1:colcon.colcon_core.package_identification:_identify(Library/Artifacts/d0) by extensions ['ignore', 'ignore_ament_install']
[9.804s] Level 1:colcon.colcon_core.package_identification:_identify(Library/Artifacts/d0) by extension 'ignore'
[9.806s] Level 1:colcon.colcon_core.package_identification:_identify(Library/Artifacts/d0) by extension 'ignore_ament_install'
[9.809s] Level 1:colcon.colcon_core.package_identification:_identify(Library/Artifacts/d0) by extensions ['colcon_pkg']
[9.810s] Level 1:colcon.colcon_core.package_identification:_identify(Library/Artifacts/d0) by extension 'colcon_pkg'
[9.812s] Level 1:colcon.colcon_core.package_identification:_identify(Library/Artifacts/d0) by extensions ['colcon_meta']
[9.813s] Level 1:colcon.colcon_core.package_identification:_identify(Library/Artifacts/d0) by extension 'colcon_meta'
[9.817s] Level 1:colcon.colcon_core.package_identification:_identify(Library/Artifacts/d0) by extensions ['ros']
[9.817s] Level 1:colcon.colcon_core.package_identification:_identify(Library/Artifacts/d0) by extension 'ros'
[9.825s] Level 1:colcon.colcon_core.package_identification:_identify(Library/Artifacts/d0) by extensions ['cmake', 'python']
[9.826s] Level 1:colcon.colcon_core.package_identification:_identify(Library/Artifacts/d0) by extension 'cmake'
[9.828s] Level 1:colcon.colcon_core.package_identification:_identify(Library/Artifacts/d0) by extension 'python'
[9.830s] Level 1:colcon.colcon_core.package_identification:_identify(Library/Artifacts/d0) by extensions ['python_setup_py']
[9.831s] Level 1:colcon.colcon_core.package_identification:_identify(Library/Artifacts/d0) by extension 'python_setup_py'
[9.839s] Level 1:colcon.colcon_core.package_identification:_identify(Library/Artifacts/d1) by extensions ['ignore', 'ignore_ament_install']
[9.840s] Level 1:colcon.colcon_core.package_identification:_identify(Library/Artifacts/d1) by extension 'ignore'
[9.843s] Level 1:colcon.colcon_core.package_identification:_identify(Library/Artifacts/d1) by extension 'ignore_ament_install'
[9.845s] Level 1:colcon.colcon_core.package_identification:_identify(Library/Artifacts/d1) by extensions ['colcon_pkg']
[9.846s] Level 1:colcon.colcon_core.package_identification:_identify(Library/Artifacts/d1) by extension 'colcon_pkg'
[9.848s] Level 1:colcon.colcon_core.package_identification:_identify(Library/Artifacts/d1) by extensions ['colcon_meta']
[9.849s] Level 1:colcon.colcon_core.package_identification:_identify(Library/Artifacts/d1) by extension 'colcon_meta'
[9.853s] Level 1:colcon.colcon_core.package_identification:_identify(Library/Artifacts/d1) by extensions ['ros']
[9.854s] Level 1:colcon.colcon_core.package_identification:_identify(Library/Artifacts/d1) by extension 'ros'
[9.862s] Level 1:colcon.colcon_core.package_identification:_identify(Library/Artifacts/d1) by extensions ['cmake', 'python']
[9.863s] Level 1:colcon.colcon_core.package_identification:_identify(Library/Artifacts/d1) by extension 'cmake'
[9.865s] Level 1:colcon.colcon_core.package_identification:_identify(Library/Artifacts/d1) by extension 'python'
[9.866s] Level 1:colcon.colcon_core.package_identification:_identify(Library/Artifacts/d1) by extensions ['python_setup_py']
[9.866s] Level 1:colcon.colcon_core.package_identification:_identify(Library/Artifacts/d1) by extension 'python_setup_py'
[9.875s] Level 1:colcon.colcon_core.package_identification:_identify(Library/Artifacts/d2) by extensions ['ignore', 'ignore_ament_install']
[9.876s] Level 1:colcon.colcon_core.package_identification:_identify(Library/Artifacts/d2) by extension 'ignore'
[9.879s] Level 1:colcon.colcon_core.package_identification:_identify(Library/Artifacts/d2) by extension 'ignore_ament_install'
[9.883s] Level 1:colcon.colcon_core.package_identification:_identify(Library/Artifacts/d2) by extensions ['colcon_pkg']
[9.884s] Level 1:colcon.colcon_core.package_identification:_identify(Library/Artifacts/d2) by extension 'colcon_pkg'
[9.887s] Level 1:colcon.colcon_core.package_identification:_identify(Library/Artifacts/d2) by extensions ['colcon_meta']
[9.888s] Level 1:colcon.colcon_core.package_identification:_identify(Library/Artifacts/d2) by extension 'colcon_meta'
[9.892s] Level 1:colcon.colcon_core.package_identification:_identify(Library/Artifacts/d2) by extensions ['ros']
[9.893s] Level 1:colcon.colcon_core.package_identification:_identify(Library/Artifacts/d2) by extension 'ros'
[9.902s] Level 1:colcon.colcon_core.package_identification:_identify(Library/Artifacts/d2) by extensions ['cmake', 'python']
[9.903s] Level 1:colcon.colcon_core.package_identification:_identify(Library/Artifacts/d2) by extension 'cmake'
[9.906s] Level 1:colcon.colcon_core.package_identification:_identify(Library/Artifacts/d2) by extension 'python'
[9.907s] Level 1:colcon.colcon_core.package_identification:_identify(Library/Artifacts/d2) by extensions ['python_setup_py']
[9.908s] Level 1:colcon.colcon_core.package_identification:_identify(Library/Artifacts/d2) by extension 'python_setup_py'
[9.918s] Level 1:colcon.colcon_core.package_identification:_identify(Library/Artifacts/d3) by extensions ['ignore', 'ignore_ament_install']
[9.919s] Level 1:colcon.colcon_core.package_identification:_identify(Library/Artifacts/d3) by extension 'ignore'
[9.921s] Level 1:colcon.colcon_core.package_identification:_identify(Library/Artifacts/d3) by extension 'ignore_ament_install'
[9.924s] Level 1:colcon.colcon_core.package_identification:_identify(Library/Artifacts/d3) by extensions ['colcon_pkg']
[9.925s] Level 1:colcon.colcon_core.package_identification:_identify(Library/Artifacts/d3) by extension 'colcon_pkg'
[9.927s] Level 1:colcon.colcon_core.package_identification:_identify(Library/Artifacts/d3) by extensions ['colcon_meta']
[9.928s] Level 1:colcon.colcon_core.package_identification:_identify(Library/Artifacts/d3) by extension 'colcon_meta'
[9.933s] Level 1:colcon.colcon_core.package_identification:_identify(Library/Artifacts/d3) by extensions ['ros']
[9.934s] Level 1:colcon.colcon_core.package_identification:_identify(Library/Artifacts/d3) by extension 'ros'
[9.942s] Level 1:colcon.colcon_core.package_identification:_identify(Library/Artifacts/d3) by extensions ['cmake', 'python']
[9.942s] Level 1:colcon.colcon_core.package_identification:_identify(Library/Artifacts/d3) by extension 'cmake'
[9.945s] Level 1:colcon.colcon_core.package_identification:_identify(Library/Artifacts/d3) by extension 'python'
[9.947s] Level 1:colcon.colcon_core.package_identification:_identify(Library/Artifacts/d3) by extensions ['python_setup_py']
[9.948s] Level 1:colcon.colcon_core.package_identification:_identify(Library/Artifacts/d3) by extension 'python_setup_py'
[9.957s] Level 1:colcon.colcon_core.package_identification:_identify(Library/Artifacts/d4) by extensions ['ignore', 'ignore_ament_install']
[9.958s] Level 1:colcon.colcon_core.package_identification:_identify(Library/Artifacts/d4) by extension 'ignore'
[9.960s] Level 1:colcon.colcon_core.package_identification:_identify(Library/Artifacts/d4) by extension 'ignore_ament_install'
[9.964s] Level 1:colcon.colcon_core.package_identification:_identify(Library/Artifacts/d4) by extensions ['colcon_pkg']
[9.965s] Level 1:colcon.colcon_core.package_identification:_identify(Library/Artifacts/d4) by extension 'colcon_pkg'
[9.967s] Level 1:colcon.colcon_core.package_identification:_identify(Library/Artifacts/d4) by extensions ['colcon_meta']
[9.968s] Level 1:colcon.colcon_core.package_identification:_identify(Library/Artifacts/d4) by extension 'colcon_meta'
[9.972s] Level 1:colcon.colcon_core.package_identification:_identify(Library/Artifacts/d4) by extensions ['ros']
[9.973s] Level 1:colcon.colcon_core.package_identification:_identify(Library/Artifacts/d4) by extension 'ros'
[9.982s] Level 1:colcon.colcon_core.package_identification:_identify(Library/Artifacts/d4) by extensions ['cmake', 'python']
[9.983s] Level 1:colcon.colcon_core.package_identification:_identify(Library/Artifacts/d4) by extension 'cmake'
[9.985s] Level 1:colcon.colcon_core.package_identification:_identify(Library/Artifacts/d4) by extension 'python'
[9.988s] Level 1:colcon.colcon_core.package_identification:_identify(Library/Artifacts/d4) by extensions ['python_setup_py']
[9.988s] Level 1:colcon.colcon_core.package_identification:_identify(Library/Artifacts/d4) by extension 'python_setup_py'
[9.998s] Level 1:colcon.colcon_core.package_identification:_identify(Library/Artifacts/d5) by extensions ['ignore', 'ignore_ament_install']
[9.998s] Level 1:colcon.colcon_core.package_identification:_identify(Library/Artifacts/d5) by extension 'ignore'
[10.001s] Level 1:colcon.colcon_core.package_identification:_identify(Library/Artifacts/d5) by extension 'ignore_ament_install'
[10.005s] Level 1:colcon.colcon_core.package_identification:_identify(Library/Artifacts/d5) by extensions ['colcon_pkg']
[10.006s] Level 1:colcon.colcon_core.package_identification:_identify(Library/Artifacts/d5) by extension 'colcon_pkg'
[10.008s] Level 1:colcon.colcon_core.package_identification:_identify(Library/Artifacts/d5) by extensions ['colcon_meta']
[10.008s] Level 1:colcon.colcon_core.package_identification:_identify(Library/Artifacts/d5) by extension 'colcon_meta'
[10.013s] Level 1:colcon.colcon_core.package_identification:_identify(Library/Artifacts/d5) by extensions ['ros']
[10.013s] Level 1:colcon.colcon_core.package_identification:_identify(Library/Artifacts/d5) by extension 'ros'
[10.024s] Level 1:colcon.colcon_core.package_identification:_identify(Library/Artifacts/d5) by extensions ['cmake', 'python']
[10.025s] Level 1:colcon.colcon_core.package_identification:_identify(Library/Artifacts/d5) by extension 'cmake'
[10.027s] Level 1:colcon.colcon_core.package_identification:_identify(Library/Artifacts/d5) by extension 'python'
[10.029s] Level 1:colcon.colcon_core.package_identification:_identify(Library/Artifacts/d5) by extensions ['python_setup_py']
[10.030s] Level 1:colcon.colcon_core.package_identification:_identify(Library/Artifacts/d5) by extension 'python_setup_py'
[10.039s] Level 1:colcon.colcon_core.package_identification:_identify(Library/Artifacts/d6) by extensions ['ignore', 'ignore_ament_install']
[10.040s] Level 1:colcon.colcon_core.package_identification:_identify(Library/Artifacts/d6) by extension 'ignore'
[10.043s] Level 1:colcon.colcon_core.package_identification:_identify(Library/Artifacts/d6) by extension 'ignore_ament_install'
[10.046s] Level 1:colcon.colcon_core.package_identification:_identify(Library/Artifacts/d6) by extensions ['colcon_pkg']
[10.046s] Level 1:colcon.colcon_core.package_identification:_identify(Library/Artifacts/d6) by extension 'colcon_pkg'
[10.049s] Level 1:colcon.colcon_core.package_identification:_identify(Library/Artifacts/d6) by extensions ['colcon_meta']
[10.049s] Level 1:colcon.colcon_core.package_identification:_identify(Library/Artifacts/d6) by extension 'colcon_meta'
[10.054s] Level 1:colcon.colcon_core.package_identification:_identify(Library/Artifacts/d6) by extensions ['ros']
[10.054s] Level 1:colcon.colcon_core.package_identification:_identify(Library/Artifacts/d6) by extension 'ros'
[10.064s] Level 1:colcon.colcon_core.package_identification:_identify(Library/Artifacts/d6) by extensions ['cmake', 'python']
[10.065s] Level 1:colcon.colcon_core.package_identification:_identify(Library/Artifacts/d6) by extension 'cmake'
[10.067s] Level 1:colcon.colcon_core.package_identification:_identify(Library/Artifacts/d6) by extension 'python'
[10.069s] Level 1:colcon.colcon_core.package_identification:_identify(Library/Artifacts/d6) by extensions ['python_setup_py']
[10.070s] Level 1:colcon.colcon_core.package_identification:_identify(Library/Artifacts/d6) by extension 'python_setup_py'
[10.078s] Level 1:colcon.colcon_core.package_identification:_identify(Library/Artifacts/d7) by extensions ['ignore', 'ignore_ament_install']
[10.079s] Level 1:colcon.colcon_core.package_identification:_identify(Library/Artifacts/d7) by extension 'ignore'
[10.081s] Level 1:colcon.colcon_core.package_identification:_identify(Library/Artifacts/d7) by extension 'ignore_ament_install'
[10.086s] Level 1:colcon.colcon_core.package_identification:_identify(Library/Artifacts/d7) by extensions ['colcon_pkg']
[10.087s] Level 1:colcon.colcon_core.package_identification:_identify(Library/Artifacts/d7) by extension 'colcon_pkg'
[10.089s] Level 1:colcon.colcon_core.package_identification:_identify(Library/Artifacts/d7) by extensions ['colcon_meta']
[10.090s] Level 1:colcon.colcon_core.package_identification:_identify(Library/Artifacts/d7) by extension 'colcon_meta'
[10.092s] Level 1:colcon.colcon_core.package_identification:_identify(Library/Artifacts/d7) by extensions ['ros']
[10.093s] Level 1:colcon.colcon_core.package_identification:_identify(Library/Artifacts/d7) by extension 'ros'
[10.098s] Level 1:colcon.colcon_core.package_identification:_identify(Library/Artifacts/d7) by extensions ['cmake', 'python']
[10.099s] Level 1:colcon.colcon_core.package_identification:_identify(Library/Artifacts/d7) by extension 'cmake'
[10.100s] Level 1:colcon.colcon_core.package_identification:_identify(Library/Artifacts/d7) by extension 'python'
[10.102s] Level 1:colcon.colcon_core.package_identification:_identify(Library/Artifacts/d7) by extensions ['python_setup_py']
[10.102s] Level 1:colcon.colcon_core.package_identification:_identify(Library/Artifacts/d7) by extension 'python_setup_py'
[10.108s] Level 1:colcon.colcon_core.package_identification:_identify(Library/Artifacts/d8) by extensions ['ignore', 'ignore_ament_install']
[10.108s] Level 1:colcon.colcon_core.package_identification:_identify(Library/Artifacts/d8) by extension 'ignore'
[10.110s] Level 1:colcon.colcon_core.package_identification:_identify(Library/Artifacts/d8) by extension 'ignore_ament_install'
[10.113s] Level 1:colcon.colcon_core.package_identification:_identify(Library/Artifacts/d8) by extensions ['colcon_pkg']
[10.113s] Level 1:colcon.colcon_core.package_identification:_identify(Library/Artifacts/d8) by extension 'colcon_pkg'
[10.115s] Level 1:colcon.colcon_core.package_identification:_identify(Library/Artifacts/d8) by extensions ['colcon_meta']
[10.115s] Level 1:colcon.colcon_core.package_identification:_identify(Library/Artifacts/d8) by extension 'colcon_meta'
[10.118s] Level 1:colcon.colcon_core.package_identification:_identify(Library/Artifacts/d8) by extensions ['ros']
[10.118s] Level 1:colcon.colcon_core.package_identification:_identify(Library/Artifacts/d8) by extension 'ros'
[10.125s] Level 1:colcon.colcon_core.package_identification:_identify(Library/Artifacts/d8) by extensions ['cmake', 'python']
[10.126s] Level 1:colcon.colcon_core.package_identification:_identify(Library/Artifacts/d8) by extension 'cmake'
[10.128s] Level 1:colcon.colcon_core.package_identification:_identify(Library/Artifacts/d8) by extension 'python'
[10.130s] Level 1:colcon.colcon_core.package_identification:_identify(Library/Artifacts/d8) by extensions ['python_setup_py']
[10.131s] Level 1:colcon.colcon_core.package_identification:_identify(Library/Artifacts/d8) by extension 'python_setup_py'
[10.138s] Level 1:colcon.colcon_core.package_identification:_identify(Library/Artifacts/d9) by extensions ['ignore', 'ignore_ament_install']
[10.138s] Level 1:colcon.colcon_core.package_identification:_identify(Library/Artifacts/d9) by extension 'ignore'
[10.141s] Level 1:colcon.colcon_core.package_identification:_identify(Library/Artifacts/d9) by extension 'ignore_ament_install'
[10.144s] Level 1:colcon.colcon_core.package_identification:_identify(Library/Artifacts/d9) by extensions ['colcon_pkg']
[10.144s] Level 1:colcon.colcon_core.package_identification:_identify(Library/Artifacts/d9) by extension 'colcon_pkg'
[10.147s] Level 1:colcon.colcon_core.package_identification:_identify(Library/Artifacts/d9) by extensions ['colcon_meta']
[10.147s] Level 1:colcon.colcon_core.package_identification:_identify(Library/Artifacts/d9) by extension 'colcon_meta'
[10.151s] Level 1:colcon.colcon_core.package_identification:_identify(Library/Artifacts/d9) by extensions ['ros']
[10.152s] Level 1:colcon.colcon_core.package_identification:_identify(Library/Artifacts/d9) by extension 'ros'
[10.161s] Level 1:colcon.colcon_core.package_identification:_identify(Library/Artifacts/d9) by extensions ['cmake', 'python']
[10.161s] Level 1:colcon.colcon_core.package_identification:_identify(Library/Artifacts/d9) by extension 'cmake'
[10.163s] Level 1:colcon.colcon_core.package_identification:_identify(Library/Artifacts/d9) by extension 'python'
[10.165s] Level 1:colcon.colcon_core.package_identification:_identify(Library/Artifacts/d9) by extensions ['python_setup_py']
[10.166s] Level 1:colcon.colcon_core.package_identification:_identify(Library/Artifacts/d9) by extension 'python_setup_py'
[10.174s] Level 1:colcon.colcon_core.package_identification:_identify(Library/Artifacts/da) by extensions ['ignore', 'ignore_ament_install']
[10.175s] Level 1:colcon.colcon_core.package_identification:_identify(Library/Artifacts/da) by extension 'ignore'
[10.178s] Level 1:colcon.colcon_core.package_identification:_identify(Library/Artifacts/da) by extension 'ignore_ament_install'
[10.181s] Level 1:colcon.colcon_core.package_identification:_identify(Library/Artifacts/da) by extensions ['colcon_pkg']
[10.182s] Level 1:colcon.colcon_core.package_identification:_identify(Library/Artifacts/da) by extension 'colcon_pkg'
[10.184s] Level 1:colcon.colcon_core.package_identification:_identify(Library/Artifacts/da) by extensions ['colcon_meta']
[10.185s] Level 1:colcon.colcon_core.package_identification:_identify(Library/Artifacts/da) by extension 'colcon_meta'
[10.188s] Level 1:colcon.colcon_core.package_identification:_identify(Library/Artifacts/da) by extensions ['ros']
[10.188s] Level 1:colcon.colcon_core.package_identification:_identify(Library/Artifacts/da) by extension 'ros'
[10.194s] Level 1:colcon.colcon_core.package_identification:_identify(Library/Artifacts/da) by extensions ['cmake', 'python']
[10.194s] Level 1:colcon.colcon_core.package_identification:_identify(Library/Artifacts/da) by extension 'cmake'
[10.197s] Level 1:colcon.colcon_core.package_identification:_identify(Library/Artifacts/da) by extension 'python'
[10.199s] Level 1:colcon.colcon_core.package_identification:_identify(Library/Artifacts/da) by extensions ['python_setup_py']
[10.199s] Level 1:colcon.colcon_core.package_identification:_identify(Library/Artifacts/da) by extension 'python_setup_py'
[10.208s] Level 1:colcon.colcon_core.package_identification:_identify(Library/Artifacts/db) by extensions ['ignore', 'ignore_ament_install']
[10.209s] Level 1:colcon.colcon_core.package_identification:_identify(Library/Artifacts/db) by extension 'ignore'
[10.211s] Level 1:colcon.colcon_core.package_identification:_identify(Library/Artifacts/db) by extension 'ignore_ament_install'
[10.215s] Level 1:colcon.colcon_core.package_identification:_identify(Library/Artifacts/db) by extensions ['colcon_pkg']
[10.216s] Level 1:colcon.colcon_core.package_identification:_identify(Library/Artifacts/db) by extension 'colcon_pkg'
[10.219s] Level 1:colcon.colcon_core.package_identification:_identify(Library/Artifacts/db) by extensions ['colcon_meta']
[10.219s] Level 1:colcon.colcon_core.package_identification:_identify(Library/Artifacts/db) by extension 'colcon_meta'
[10.223s] Level 1:colcon.colcon_core.package_identification:_identify(Library/Artifacts/db) by extensions ['ros']
[10.223s] Level 1:colcon.colcon_core.package_identification:_identify(Library/Artifacts/db) by extension 'ros'
[10.232s] Level 1:colcon.colcon_core.package_identification:_identify(Library/Artifacts/db) by extensions ['cmake', 'python']
[10.233s] Level 1:colcon.colcon_core.package_identification:_identify(Library/Artifacts/db) by extension 'cmake'
[10.235s] Level 1:colcon.colcon_core.package_identification:_identify(Library/Artifacts/db) by extension 'python'
[10.237s] Level 1:colcon.colcon_core.package_identification:_identify(Library/Artifacts/db) by extensions ['python_setup_py']
[10.237s] Level 1:colcon.colcon_core.package_identification:_identify(Library/Artifacts/db) by extension 'python_setup_py'
[10.245s] Level 1:colcon.colcon_core.package_identification:_identify(Library/Artifacts/dc) by extensions ['ignore', 'ignore_ament_install']
[10.246s] Level 1:colcon.colcon_core.package_identification:_identify(Library/Artifacts/dc) by extension 'ignore'
[10.248s] Level 1:colcon.colcon_core.package_identification:_identify(Library/Artifacts/dc) by extension 'ignore_ament_install'
[10.253s] Level 1:colcon.colcon_core.package_identification:_identify(Library/Artifacts/dc) by extensions ['colcon_pkg']
[10.254s] Level 1:colcon.colcon_core.package_identification:_identify(Library/Artifacts/dc) by extension 'colcon_pkg'
[10.256s] Level 1:colcon.colcon_core.package_identification:_identify(Library/Artifacts/dc) by extensions ['colcon_meta']
[10.256s] Level 1:colcon.colcon_core.package_identification:_identify(Library/Artifacts/dc) by extension 'colcon_meta'
[10.260s] Level 1:colcon.colcon_core.package_identification:_identify(Library/Artifacts/dc) by extensions ['ros']
[10.260s] Level 1:colcon.colcon_core.package_identification:_identify(Library/Artifacts/dc) by extension 'ros'
[10.267s] Level 1:colcon.colcon_core.package_identification:_identify(Library/Artifacts/dc) by extensions ['cmake', 'python']
[10.268s] Level 1:colcon.colcon_core.package_identification:_identify(Library/Artifacts/dc) by extension 'cmake'
[10.270s] Level 1:colcon.colcon_core.package_identification:_identify(Library/Artifacts/dc) by extension 'python'
[10.272s] Level 1:colcon.colcon_core.package_identification:_identify(Library/Artifacts/dc) by extensions ['python_setup_py']
[10.273s] Level 1:colcon.colcon_core.package_identification:_identify(Library/Artifacts/dc) by extension 'python_setup_py'
[10.280s] Level 1:colcon.colcon_core.package_identification:_identify(Library/Artifacts/dd) by extensions ['ignore', 'ignore_ament_install']
[10.281s] Level 1:colcon.colcon_core.package_identification:_identify(Library/Artifacts/dd) by extension 'ignore'
[10.284s] Level 1:colcon.colcon_core.package_identification:_identify(Library/Artifacts/dd) by extension 'ignore_ament_install'
[10.287s] Level 1:colcon.colcon_core.package_identification:_identify(Library/Artifacts/dd) by extensions ['colcon_pkg']
[10.288s] Level 1:colcon.colcon_core.package_identification:_identify(Library/Artifacts/dd) by extension 'colcon_pkg'
[10.291s] Level 1:colcon.colcon_core.package_identification:_identify(Library/Artifacts/dd) by extensions ['colcon_meta']
[10.291s] Level 1:colcon.colcon_core.package_identification:_identify(Library/Artifacts/dd) by extension 'colcon_meta'
[10.296s] Level 1:colcon.colcon_core.package_identification:_identify(Library/Artifacts/dd) by extensions ['ros']
[10.297s] Level 1:colcon.colcon_core.package_identification:_identify(Library/Artifacts/dd) by extension 'ros'
[10.305s] Level 1:colcon.colcon_core.package_identification:_identify(Library/Artifacts/dd) by extensions ['cmake', 'python']
[10.306s] Level 1:colcon.colcon_core.package_identification:_identify(Library/Artifacts/dd) by extension 'cmake'
[10.310s] Level 1:colcon.colcon_core.package_identification:_identify(Library/Artifacts/dd) by extension 'python'
[10.311s] Level 1:colcon.colcon_core.package_identification:_identify(Library/Artifacts/dd) by extensions ['python_setup_py']
[10.312s] Level 1:colcon.colcon_core.package_identification:_identify(Library/Artifacts/dd) by extension 'python_setup_py'
[10.321s] Level 1:colcon.colcon_core.package_identification:_identify(Library/Artifacts/de) by extensions ['ignore', 'ignore_ament_install']
[10.322s] Level 1:colcon.colcon_core.package_identification:_identify(Library/Artifacts/de) by extension 'ignore'
[10.324s] Level 1:colcon.colcon_core.package_identification:_identify(Library/Artifacts/de) by extension 'ignore_ament_install'
[10.328s] Level 1:colcon.colcon_core.package_identification:_identify(Library/Artifacts/de) by extensions ['colcon_pkg']
[10.329s] Level 1:colcon.colcon_core.package_identification:_identify(Library/Artifacts/de) by extension 'colcon_pkg'
[10.332s] Level 1:colcon.colcon_core.package_identification:_identify(Library/Artifacts/de) by extensions ['colcon_meta']
[10.333s] Level 1:colcon.colcon_core.package_identification:_identify(Library/Artifacts/de) by extension 'colcon_meta'
[10.338s] Level 1:colcon.colcon_core.package_identification:_identify(Library/Artifacts/de) by extensions ['ros']
[10.339s] Level 1:colcon.colcon_core.package_identification:_identify(Library/Artifacts/de) by extension 'ros'
[10.347s] Level 1:colcon.colcon_core.package_identification:_identify(Library/Artifacts/de) by extensions ['cmake', 'python']
[10.348s] Level 1:colcon.colcon_core.package_identification:_identify(Library/Artifacts/de) by extension 'cmake'
[10.351s] Level 1:colcon.colcon_core.package_identification:_identify(Library/Artifacts/de) by extension 'python'
[10.353s] Level 1:colcon.colcon_core.package_identification:_identify(Library/Artifacts/de) by extensions ['python_setup_py']
[10.354s] Level 1:colcon.colcon_core.package_identification:_identify(Library/Artifacts/de) by extension 'python_setup_py'
[10.362s] Level 1:colcon.colcon_core.package_identification:_identify(Library/Artifacts/df) by extensions ['ignore', 'ignore_ament_install']
[10.363s] Level 1:colcon.colcon_core.package_identification:_identify(Library/Artifacts/df) by extension 'ignore'
[10.365s] Level 1:colcon.colcon_core.package_identification:_identify(Library/Artifacts/df) by extension 'ignore_ament_install'
[10.369s] Level 1:colcon.colcon_core.package_identification:_identify(Library/Artifacts/df) by extensions ['colcon_pkg']
[10.370s] Level 1:colcon.colcon_core.package_identification:_identify(Library/Artifacts/df) by extension 'colcon_pkg'
[10.372s] Level 1:colcon.colcon_core.package_identification:_identify(Library/Artifacts/df) by extensions ['colcon_meta']
[10.372s] Level 1:colcon.colcon_core.package_identification:_identify(Library/Artifacts/df) by extension 'colcon_meta'
[10.376s] Level 1:colcon.colcon_core.package_identification:_identify(Library/Artifacts/df) by extensions ['ros']
[10.377s] Level 1:colcon.colcon_core.package_identification:_identify(Library/Artifacts/df) by extension 'ros'
[10.385s] Level 1:colcon.colcon_core.package_identification:_identify(Library/Artifacts/df) by extensions ['cmake', 'python']
[10.386s] Level 1:colcon.colcon_core.package_identification:_identify(Library/Artifacts/df) by extension 'cmake'
[10.388s] Level 1:colcon.colcon_core.package_identification:_identify(Library/Artifacts/df) by extension 'python'
[10.390s] Level 1:colcon.colcon_core.package_identification:_identify(Library/Artifacts/df) by extensions ['python_setup_py']
[10.390s] Level 1:colcon.colcon_core.package_identification:_identify(Library/Artifacts/df) by extension 'python_setup_py'
[10.399s] Level 1:colcon.colcon_core.package_identification:_identify(Library/Artifacts/e0) by extensions ['ignore', 'ignore_ament_install']
[10.400s] Level 1:colcon.colcon_core.package_identification:_identify(Library/Artifacts/e0) by extension 'ignore'
[10.401s] Level 1:colcon.colcon_core.package_identification:_identify(Library/Artifacts/e0) by extension 'ignore_ament_install'
[10.405s] Level 1:colcon.colcon_core.package_identification:_identify(Library/Artifacts/e0) by extensions ['colcon_pkg']
[10.406s] Level 1:colcon.colcon_core.package_identification:_identify(Library/Artifacts/e0) by extension 'colcon_pkg'
[10.408s] Level 1:colcon.colcon_core.package_identification:_identify(Library/Artifacts/e0) by extensions ['colcon_meta']
[10.408s] Level 1:colcon.colcon_core.package_identification:_identify(Library/Artifacts/e0) by extension 'colcon_meta'
[10.413s] Level 1:colcon.colcon_core.package_identification:_identify(Library/Artifacts/e0) by extensions ['ros']
[10.413s] Level 1:colcon.colcon_core.package_identification:_identify(Library/Artifacts/e0) by extension 'ros'
[10.422s] Level 1:colcon.colcon_core.package_identification:_identify(Library/Artifacts/e0) by extensions ['cmake', 'python']
[10.423s] Level 1:colcon.colcon_core.package_identification:_identify(Library/Artifacts/e0) by extension 'cmake'
[10.425s] Level 1:colcon.colcon_core.package_identification:_identify(Library/Artifacts/e0) by extension 'python'
[10.428s] Level 1:colcon.colcon_core.package_identification:_identify(Library/Artifacts/e0) by extensions ['python_setup_py']
[10.428s] Level 1:colcon.colcon_core.package_identification:_identify(Library/Artifacts/e0) by extension 'python_setup_py'
[10.439s] Level 1:colcon.colcon_core.package_identification:_identify(Library/Artifacts/e1) by extensions ['ignore', 'ignore_ament_install']
[10.440s] Level 1:colcon.colcon_core.package_identification:_identify(Library/Artifacts/e1) by extension 'ignore'
[10.442s] Level 1:colcon.colcon_core.package_identification:_identify(Library/Artifacts/e1) by extension 'ignore_ament_install'
[10.447s] Level 1:colcon.colcon_core.package_identification:_identify(Library/Artifacts/e1) by extensions ['colcon_pkg']
[10.448s] Level 1:colcon.colcon_core.package_identification:_identify(Library/Artifacts/e1) by extension 'colcon_pkg'
[10.451s] Level 1:colcon.colcon_core.package_identification:_identify(Library/Artifacts/e1) by extensions ['colcon_meta']
[10.451s] Level 1:colcon.colcon_core.package_identification:_identify(Library/Artifacts/e1) by extension 'colcon_meta'
[10.455s] Level 1:colcon.colcon_core.package_identification:_identify(Library/Artifacts/e1) by extensions ['ros']
[10.456s] Level 1:colcon.colcon_core.package_identification:_identify(Library/Artifacts/e1) by extension 'ros'
[10.464s] Level 1:colcon.colcon_core.package_identification:_identify(Library/Artifacts/e1) by extensions ['cmake', 'python']
[10.465s] Level 1:colcon.colcon_core.package_identification:_identify(Library/Artifacts/e1) by extension 'cmake'
[10.468s] Level 1:colcon.colcon_core.package_identification:_identify(Library/Artifacts/e1) by extension 'python'
[10.470s] Level 1:colcon.colcon_core.package_identification:_identify(Library/Artifacts/e1) by extensions ['python_setup_py']
[10.471s] Level 1:colcon.colcon_core.package_identification:_identify(Library/Artifacts/e1) by extension 'python_setup_py'
[10.480s] Level 1:colcon.colcon_core.package_identification:_identify(Library/Artifacts/e2) by extensions ['ignore', 'ignore_ament_install']
[10.481s] Level 1:colcon.colcon_core.package_identification:_identify(Library/Artifacts/e2) by extension 'ignore'
[10.483s] Level 1:colcon.colcon_core.package_identification:_identify(Library/Artifacts/e2) by extension 'ignore_ament_install'
[10.487s] Level 1:colcon.colcon_core.package_identification:_identify(Library/Artifacts/e2) by extensions ['colcon_pkg']
[10.488s] Level 1:colcon.colcon_core.package_identification:_identify(Library/Artifacts/e2) by extension 'colcon_pkg'
[10.491s] Level 1:colcon.colcon_core.package_identification:_identify(Library/Artifacts/e2) by extensions ['colcon_meta']
[10.491s] Level 1:colcon.colcon_core.package_identification:_identify(Library/Artifacts/e2) by extension 'colcon_meta'
[10.496s] Level 1:colcon.colcon_core.package_identification:_identify(Library/Artifacts/e2) by extensions ['ros']
[10.496s] Level 1:colcon.colcon_core.package_identification:_identify(Library/Artifacts/e2) by extension 'ros'
[10.506s] Level 1:colcon.colcon_core.package_identification:_identify(Library/Artifacts/e2) by extensions ['cmake', 'python']
[10.506s] Level 1:colcon.colcon_core.package_identification:_identify(Library/Artifacts/e2) by extension 'cmake'
[10.509s] Level 1:colcon.colcon_core.package_identification:_identify(Library/Artifacts/e2) by extension 'python'
[10.511s] Level 1:colcon.colcon_core.package_identification:_identify(Library/Artifacts/e2) by extensions ['python_setup_py']
[10.512s] Level 1:colcon.colcon_core.package_identification:_identify(Library/Artifacts/e2) by extension 'python_setup_py'
[10.520s] Level 1:colcon.colcon_core.package_identification:_identify(Library/Artifacts/e3) by extensions ['ignore', 'ignore_ament_install']
[10.521s] Level 1:colcon.colcon_core.package_identification:_identify(Library/Artifacts/e3) by extension 'ignore'
[10.523s] Level 1:colcon.colcon_core.package_identification:_identify(Library/Artifacts/e3) by extension 'ignore_ament_install'
[10.527s] Level 1:colcon.colcon_core.package_identification:_identify(Library/Artifacts/e3) by extensions ['colcon_pkg']
[10.527s] Level 1:colcon.colcon_core.package_identification:_identify(Library/Artifacts/e3) by extension 'colcon_pkg'
[10.529s] Level 1:colcon.colcon_core.package_identification:_identify(Library/Artifacts/e3) by extensions ['colcon_meta']
[10.530s] Level 1:colcon.colcon_core.package_identification:_identify(Library/Artifacts/e3) by extension 'colcon_meta'
[10.534s] Level 1:colcon.colcon_core.package_identification:_identify(Library/Artifacts/e3) by extensions ['ros']
[10.534s] Level 1:colcon.colcon_core.package_identification:_identify(Library/Artifacts/e3) by extension 'ros'
[10.543s] Level 1:colcon.colcon_core.package_identification:_identify(Library/Artifacts/e3) by extensions ['cmake', 'python']
[10.543s] Level 1:colcon.colcon_core.package_identification:_identify(Library/Artifacts/e3) by extension 'cmake'
[10.545s] Level 1:colcon.colcon_core.package_identification:_identify(Library/Artifacts/e3) by extension 'python'
[10.547s] Level 1:colcon.colcon_core.package_identification:_identify(Library/Artifacts/e3) by extensions ['python_setup_py']
[10.548s] Level 1:colcon.colcon_core.package_identification:_identify(Library/Artifacts/e3) by extension 'python_setup_py'
[10.556s] Level 1:colcon.colcon_core.package_identification:_identify(Library/Artifacts/e4) by extensions ['ignore', 'ignore_ament_install']
[10.556s] Level 1:colcon.colcon_core.package_identification:_identify(Library/Artifacts/e4) by extension 'ignore'
[10.558s] Level 1:colcon.colcon_core.package_identification:_identify(Library/Artifacts/e4) by extension 'ignore_ament_install'
[10.562s] Level 1:colcon.colcon_core.package_identification:_identify(Library/Artifacts/e4) by extensions ['colcon_pkg']
[10.563s] Level 1:colcon.colcon_core.package_identification:_identify(Library/Artifacts/e4) by extension 'colcon_pkg'
[10.565s] Level 1:colcon.colcon_core.package_identification:_identify(Library/Artifacts/e4) by extensions ['colcon_meta']
[10.566s] Level 1:colcon.colcon_core.package_identification:_identify(Library/Artifacts/e4) by extension 'colcon_meta'
[10.571s] Level 1:colcon.colcon_core.package_identification:_identify(Library/Artifacts/e4) by extensions ['ros']
[10.572s] Level 1:colcon.colcon_core.package_identification:_identify(Library/Artifacts/e4) by extension 'ros'
[10.581s] Level 1:colcon.colcon_core.package_identification:_identify(Library/Artifacts/e4) by extensions ['cmake', 'python']
[10.582s] Level 1:colcon.colcon_core.package_identification:_identify(Library/Artifacts/e4) by extension 'cmake'
[10.584s] Level 1:colcon.colcon_core.package_identification:_identify(Library/Artifacts/e4) by extension 'python'
[10.587s] Level 1:colcon.colcon_core.package_identification:_identify(Library/Artifacts/e4) by extensions ['python_setup_py']
[10.587s] Level 1:colcon.colcon_core.package_identification:_identify(Library/Artifacts/e4) by extension 'python_setup_py'
[10.598s] Level 1:colcon.colcon_core.package_identification:_identify(Library/Artifacts/e5) by extensions ['ignore', 'ignore_ament_install']
[10.598s] Level 1:colcon.colcon_core.package_identification:_identify(Library/Artifacts/e5) by extension 'ignore'
[10.601s] Level 1:colcon.colcon_core.package_identification:_identify(Library/Artifacts/e5) by extension 'ignore_ament_install'
[10.605s] Level 1:colcon.colcon_core.package_identification:_identify(Library/Artifacts/e5) by extensions ['colcon_pkg']
[10.606s] Level 1:colcon.colcon_core.package_identification:_identify(Library/Artifacts/e5) by extension 'colcon_pkg'
[10.608s] Level 1:colcon.colcon_core.package_identification:_identify(Library/Artifacts/e5) by extensions ['colcon_meta']
[10.608s] Level 1:colcon.colcon_core.package_identification:_identify(Library/Artifacts/e5) by extension 'colcon_meta'
[10.612s] Level 1:colcon.colcon_core.package_identification:_identify(Library/Artifacts/e5) by extensions ['ros']
[10.613s] Level 1:colcon.colcon_core.package_identification:_identify(Library/Artifacts/e5) by extension 'ros'
[10.622s] Level 1:colcon.colcon_core.package_identification:_identify(Library/Artifacts/e5) by extensions ['cmake', 'python']
[10.623s] Level 1:colcon.colcon_core.package_identification:_identify(Library/Artifacts/e5) by extension 'cmake'
[10.625s] Level 1:colcon.colcon_core.package_identification:_identify(Library/Artifacts/e5) by extension 'python'
[10.627s] Level 1:colcon.colcon_core.package_identification:_identify(Library/Artifacts/e5) by extensions ['python_setup_py']
[10.628s] Level 1:colcon.colcon_core.package_identification:_identify(Library/Artifacts/e5) by extension 'python_setup_py'
[10.637s] Level 1:colcon.colcon_core.package_identification:_identify(Library/Artifacts/e6) by extensions ['ignore', 'ignore_ament_install']
[10.638s] Level 1:colcon.colcon_core.package_identification:_identify(Library/Artifacts/e6) by extension 'ignore'
[10.641s] Level 1:colcon.colcon_core.package_identification:_identify(Library/Artifacts/e6) by extension 'ignore_ament_install'
[10.645s] Level 1:colcon.colcon_core.package_identification:_identify(Library/Artifacts/e6) by extensions ['colcon_pkg']
[10.645s] Level 1:colcon.colcon_core.package_identification:_identify(Library/Artifacts/e6) by extension 'colcon_pkg'
[10.647s] Level 1:colcon.colcon_core.package_identification:_identify(Library/Artifacts/e6) by extensions ['colcon_meta']
[10.648s] Level 1:colcon.colcon_core.package_identification:_identify(Library/Artifacts/e6) by extension 'colcon_meta'
[10.652s] Level 1:colcon.colcon_core.package_identification:_identify(Library/Artifacts/e6) by extensions ['ros']
[10.652s] Level 1:colcon.colcon_core.package_identification:_identify(Library/Artifacts/e6) by extension 'ros'
[10.661s] Level 1:colcon.colcon_core.package_identification:_identify(Library/Artifacts/e6) by extensions ['cmake', 'python']
[10.662s] Level 1:colcon.colcon_core.package_identification:_identify(Library/Artifacts/e6) by extension 'cmake'
[10.663s] Level 1:colcon.colcon_core.package_identification:_identify(Library/Artifacts/e6) by extension 'python'
[10.666s] Level 1:colcon.colcon_core.package_identification:_identify(Library/Artifacts/e6) by extensions ['python_setup_py']
[10.666s] Level 1:colcon.colcon_core.package_identification:_identify(Library/Artifacts/e6) by extension 'python_setup_py'
[10.672s] Level 1:colcon.colcon_core.package_identification:_identify(Library/Artifacts/e7) by extensions ['ignore', 'ignore_ament_install']
[10.673s] Level 1:colcon.colcon_core.package_identification:_identify(Library/Artifacts/e7) by extension 'ignore'
[10.676s] Level 1:colcon.colcon_core.package_identification:_identify(Library/Artifacts/e7) by extension 'ignore_ament_install'
[10.680s] Level 1:colcon.colcon_core.package_identification:_identify(Library/Artifacts/e7) by extensions ['colcon_pkg']
[10.680s] Level 1:colcon.colcon_core.package_identification:_identify(Library/Artifacts/e7) by extension 'colcon_pkg'
[10.682s] Level 1:colcon.colcon_core.package_identification:_identify(Library/Artifacts/e7) by extensions ['colcon_meta']
[10.683s] Level 1:colcon.colcon_core.package_identification:_identify(Library/Artifacts/e7) by extension 'colcon_meta'
[10.686s] Level 1:colcon.colcon_core.package_identification:_identify(Library/Artifacts/e7) by extensions ['ros']
[10.686s] Level 1:colcon.colcon_core.package_identification:_identify(Library/Artifacts/e7) by extension 'ros'
[10.696s] Level 1:colcon.colcon_core.package_identification:_identify(Library/Artifacts/e7) by extensions ['cmake', 'python']
[10.697s] Level 1:colcon.colcon_core.package_identification:_identify(Library/Artifacts/e7) by extension 'cmake'
[10.699s] Level 1:colcon.colcon_core.package_identification:_identify(Library/Artifacts/e7) by extension 'python'
[10.701s] Level 1:colcon.colcon_core.package_identification:_identify(Library/Artifacts/e7) by extensions ['python_setup_py']
[10.702s] Level 1:colcon.colcon_core.package_identification:_identify(Library/Artifacts/e7) by extension 'python_setup_py'
[10.709s] Level 1:colcon.colcon_core.package_identification:_identify(Library/Artifacts/e8) by extensions ['ignore', 'ignore_ament_install']
[10.710s] Level 1:colcon.colcon_core.package_identification:_identify(Library/Artifacts/e8) by extension 'ignore'
[10.712s] Level 1:colcon.colcon_core.package_identification:_identify(Library/Artifacts/e8) by extension 'ignore_ament_install'
[10.716s] Level 1:colcon.colcon_core.package_identification:_identify(Library/Artifacts/e8) by extensions ['colcon_pkg']
[10.717s] Level 1:colcon.colcon_core.package_identification:_identify(Library/Artifacts/e8) by extension 'colcon_pkg'
[10.719s] Level 1:colcon.colcon_core.package_identification:_identify(Library/Artifacts/e8) by extensions ['colcon_meta']
[10.720s] Level 1:colcon.colcon_core.package_identification:_identify(Library/Artifacts/e8) by extension 'colcon_meta'
[10.724s] Level 1:colcon.colcon_core.package_identification:_identify(Library/Artifacts/e8) by extensions ['ros']
[10.725s] Level 1:colcon.colcon_core.package_identification:_identify(Library/Artifacts/e8) by extension 'ros'
[10.733s] Level 1:colcon.colcon_core.package_identification:_identify(Library/Artifacts/e8) by extensions ['cmake', 'python']
[10.734s] Level 1:colcon.colcon_core.package_identification:_identify(Library/Artifacts/e8) by extension 'cmake'
[10.736s] Level 1:colcon.colcon_core.package_identification:_identify(Library/Artifacts/e8) by extension 'python'
[10.738s] Level 1:colcon.colcon_core.package_identification:_identify(Library/Artifacts/e8) by extensions ['python_setup_py']
[10.739s] Level 1:colcon.colcon_core.package_identification:_identify(Library/Artifacts/e8) by extension 'python_setup_py'
[10.749s] Level 1:colcon.colcon_core.package_identification:_identify(Library/Artifacts/e9) by extensions ['ignore', 'ignore_ament_install']
[10.750s] Level 1:colcon.colcon_core.package_identification:_identify(Library/Artifacts/e9) by extension 'ignore'
[10.754s] Level 1:colcon.colcon_core.package_identification:_identify(Library/Artifacts/e9) by extension 'ignore_ament_install'
[10.758s] Level 1:colcon.colcon_core.package_identification:_identify(Library/Artifacts/e9) by extensions ['colcon_pkg']
[10.759s] Level 1:colcon.colcon_core.package_identification:_identify(Library/Artifacts/e9) by extension 'colcon_pkg'
[10.761s] Level 1:colcon.colcon_core.package_identification:_identify(Library/Artifacts/e9) by extensions ['colcon_meta']
[10.762s] Level 1:colcon.colcon_core.package_identification:_identify(Library/Artifacts/e9) by extension 'colcon_meta'
[10.766s] Level 1:colcon.colcon_core.package_identification:_identify(Library/Artifacts/e9) by extensions ['ros']
[10.767s] Level 1:colcon.colcon_core.package_identification:_identify(Library/Artifacts/e9) by extension 'ros'
[10.776s] Level 1:colcon.colcon_core.package_identification:_identify(Library/Artifacts/e9) by extensions ['cmake', 'python']
[10.777s] Level 1:colcon.colcon_core.package_identification:_identify(Library/Artifacts/e9) by extension 'cmake'
[10.779s] Level 1:colcon.colcon_core.package_identification:_identify(Library/Artifacts/e9) by extension 'python'
[10.782s] Level 1:colcon.colcon_core.package_identification:_identify(Library/Artifacts/e9) by extensions ['python_setup_py']
[10.783s] Level 1:colcon.colcon_core.package_identification:_identify(Library/Artifacts/e9) by extension 'python_setup_py'
[10.792s] Level 1:colcon.colcon_core.package_identification:_identify(Library/Artifacts/ea) by extensions ['ignore', 'ignore_ament_install']
[10.793s] Level 1:colcon.colcon_core.package_identification:_identify(Library/Artifacts/ea) by extension 'ignore'
[10.796s] Level 1:colcon.colcon_core.package_identification:_identify(Library/Artifacts/ea) by extension 'ignore_ament_install'
[10.800s] Level 1:colcon.colcon_core.package_identification:_identify(Library/Artifacts/ea) by extensions ['colcon_pkg']
[10.801s] Level 1:colcon.colcon_core.package_identification:_identify(Library/Artifacts/ea) by extension 'colcon_pkg'
[10.803s] Level 1:colcon.colcon_core.package_identification:_identify(Library/Artifacts/ea) by extensions ['colcon_meta']
[10.804s] Level 1:colcon.colcon_core.package_identification:_identify(Library/Artifacts/ea) by extension 'colcon_meta'
[10.807s] Level 1:colcon.colcon_core.package_identification:_identify(Library/Artifacts/ea) by extensions ['ros']
[10.808s] Level 1:colcon.colcon_core.package_identification:_identify(Library/Artifacts/ea) by extension 'ros'
[10.816s] Level 1:colcon.colcon_core.package_identification:_identify(Library/Artifacts/ea) by extensions ['cmake', 'python']
[10.817s] Level 1:colcon.colcon_core.package_identification:_identify(Library/Artifacts/ea) by extension 'cmake'
[10.820s] Level 1:colcon.colcon_core.package_identification:_identify(Library/Artifacts/ea) by extension 'python'
[10.822s] Level 1:colcon.colcon_core.package_identification:_identify(Library/Artifacts/ea) by extensions ['python_setup_py']
[10.823s] Level 1:colcon.colcon_core.package_identification:_identify(Library/Artifacts/ea) by extension 'python_setup_py'
[10.834s] Level 1:colcon.colcon_core.package_identification:_identify(Library/Artifacts/eb) by extensions ['ignore', 'ignore_ament_install']
[10.835s] Level 1:colcon.colcon_core.package_identification:_identify(Library/Artifacts/eb) by extension 'ignore'
[10.836s] Level 1:colcon.colcon_core.package_identification:_identify(Library/Artifacts/eb) by extension 'ignore_ament_install'
[10.842s] Level 1:colcon.colcon_core.package_identification:_identify(Library/Artifacts/eb) by extensions ['colcon_pkg']
[10.843s] Level 1:colcon.colcon_core.package_identification:_identify(Library/Artifacts/eb) by extension 'colcon_pkg'
[10.845s] Level 1:colcon.colcon_core.package_identification:_identify(Library/Artifacts/eb) by extensions ['colcon_meta']
[10.846s] Level 1:colcon.colcon_core.package_identification:_identify(Library/Artifacts/eb) by extension 'colcon_meta'
[10.850s] Level 1:colcon.colcon_core.package_identification:_identify(Library/Artifacts/eb) by extensions ['ros']
[10.851s] Level 1:colcon.colcon_core.package_identification:_identify(Library/Artifacts/eb) by extension 'ros'
[10.856s] Level 1:colcon.colcon_core.package_identification:_identify(Library/Artifacts/eb) by extensions ['cmake', 'python']
[10.856s] Level 1:colcon.colcon_core.package_identification:_identify(Library/Artifacts/eb) by extension 'cmake'
[10.859s] Level 1:colcon.colcon_core.package_identification:_identify(Library/Artifacts/eb) by extension 'python'
[10.862s] Level 1:colcon.colcon_core.package_identification:_identify(Library/Artifacts/eb) by extensions ['python_setup_py']
[10.863s] Level 1:colcon.colcon_core.package_identification:_identify(Library/Artifacts/eb) by extension 'python_setup_py'
[10.872s] Level 1:colcon.colcon_core.package_identification:_identify(Library/Artifacts/ec) by extensions ['ignore', 'ignore_ament_install']
[10.872s] Level 1:colcon.colcon_core.package_identification:_identify(Library/Artifacts/ec) by extension 'ignore'
[10.874s] Level 1:colcon.colcon_core.package_identification:_identify(Library/Artifacts/ec) by extension 'ignore_ament_install'
[10.877s] Level 1:colcon.colcon_core.package_identification:_identify(Library/Artifacts/ec) by extensions ['colcon_pkg']
[10.878s] Level 1:colcon.colcon_core.package_identification:_identify(Library/Artifacts/ec) by extension 'colcon_pkg'
[10.880s] Level 1:colcon.colcon_core.package_identification:_identify(Library/Artifacts/ec) by extensions ['colcon_meta']
[10.881s] Level 1:colcon.colcon_core.package_identification:_identify(Library/Artifacts/ec) by extension 'colcon_meta'
[10.884s] Level 1:colcon.colcon_core.package_identification:_identify(Library/Artifacts/ec) by extensions ['ros']
[10.884s] Level 1:colcon.colcon_core.package_identification:_identify(Library/Artifacts/ec) by extension 'ros'
[10.890s] Level 1:colcon.colcon_core.package_identification:_identify(Library/Artifacts/ec) by extensions ['cmake', 'python']
[10.891s] Level 1:colcon.colcon_core.package_identification:_identify(Library/Artifacts/ec) by extension 'cmake'
[10.893s] Level 1:colcon.colcon_core.package_identification:_identify(Library/Artifacts/ec) by extension 'python'
[10.895s] Level 1:colcon.colcon_core.package_identification:_identify(Library/Artifacts/ec) by extensions ['python_setup_py']
[10.896s] Level 1:colcon.colcon_core.package_identification:_identify(Library/Artifacts/ec) by extension 'python_setup_py'
[10.905s] Level 1:colcon.colcon_core.package_identification:_identify(Library/Artifacts/ed) by extensions ['ignore', 'ignore_ament_install']
[10.906s] Level 1:colcon.colcon_core.package_identification:_identify(Library/Artifacts/ed) by extension 'ignore'
[10.908s] Level 1:colcon.colcon_core.package_identification:_identify(Library/Artifacts/ed) by extension 'ignore_ament_install'
[10.912s] Level 1:colcon.colcon_core.package_identification:_identify(Library/Artifacts/ed) by extensions ['colcon_pkg']
[10.912s] Level 1:colcon.colcon_core.package_identification:_identify(Library/Artifacts/ed) by extension 'colcon_pkg'
[10.915s] Level 1:colcon.colcon_core.package_identification:_identify(Library/Artifacts/ed) by extensions ['colcon_meta']
[10.916s] Level 1:colcon.colcon_core.package_identification:_identify(Library/Artifacts/ed) by extension 'colcon_meta'
[10.919s] Level 1:colcon.colcon_core.package_identification:_identify(Library/Artifacts/ed) by extensions ['ros']
[10.920s] Level 1:colcon.colcon_core.package_identification:_identify(Library/Artifacts/ed) by extension 'ros'
[10.928s] Level 1:colcon.colcon_core.package_identification:_identify(Library/Artifacts/ed) by extensions ['cmake', 'python']
[10.929s] Level 1:colcon.colcon_core.package_identification:_identify(Library/Artifacts/ed) by extension 'cmake'
[10.931s] Level 1:colcon.colcon_core.package_identification:_identify(Library/Artifacts/ed) by extension 'python'
[10.934s] Level 1:colcon.colcon_core.package_identification:_identify(Library/Artifacts/ed) by extensions ['python_setup_py']
[10.934s] Level 1:colcon.colcon_core.package_identification:_identify(Library/Artifacts/ed) by extension 'python_setup_py'
[10.943s] Level 1:colcon.colcon_core.package_identification:_identify(Library/Artifacts/ee) by extensions ['ignore', 'ignore_ament_install']
[10.944s] Level 1:colcon.colcon_core.package_identification:_identify(Library/Artifacts/ee) by extension 'ignore'
[10.946s] Level 1:colcon.colcon_core.package_identification:_identify(Library/Artifacts/ee) by extension 'ignore_ament_install'
[10.951s] Level 1:colcon.colcon_core.package_identification:_identify(Library/Artifacts/ee) by extensions ['colcon_pkg']
[10.951s] Level 1:colcon.colcon_core.package_identification:_identify(Library/Artifacts/ee) by extension 'colcon_pkg'
[10.955s] Level 1:colcon.colcon_core.package_identification:_identify(Library/Artifacts/ee) by extensions ['colcon_meta']
[10.956s] Level 1:colcon.colcon_core.package_identification:_identify(Library/Artifacts/ee) by extension 'colcon_meta'
[10.961s] Level 1:colcon.colcon_core.package_identification:_identify(Library/Artifacts/ee) by extensions ['ros']
[10.962s] Level 1:colcon.colcon_core.package_identification:_identify(Library/Artifacts/ee) by extension 'ros'
[10.969s] Level 1:colcon.colcon_core.package_identification:_identify(Library/Artifacts/ee) by extensions ['cmake', 'python']
[10.970s] Level 1:colcon.colcon_core.package_identification:_identify(Library/Artifacts/ee) by extension 'cmake'
[10.971s] Level 1:colcon.colcon_core.package_identification:_identify(Library/Artifacts/ee) by extension 'python'
[10.974s] Level 1:colcon.colcon_core.package_identification:_identify(Library/Artifacts/ee) by extensions ['python_setup_py']
[10.975s] Level 1:colcon.colcon_core.package_identification:_identify(Library/Artifacts/ee) by extension 'python_setup_py'
[10.984s] Level 1:colcon.colcon_core.package_identification:_identify(Library/Artifacts/ef) by extensions ['ignore', 'ignore_ament_install']
[10.984s] Level 1:colcon.colcon_core.package_identification:_identify(Library/Artifacts/ef) by extension 'ignore'
[10.987s] Level 1:colcon.colcon_core.package_identification:_identify(Library/Artifacts/ef) by extension 'ignore_ament_install'
[10.991s] Level 1:colcon.colcon_core.package_identification:_identify(Library/Artifacts/ef) by extensions ['colcon_pkg']
[10.991s] Level 1:colcon.colcon_core.package_identification:_identify(Library/Artifacts/ef) by extension 'colcon_pkg'
[10.993s] Level 1:colcon.colcon_core.package_identification:_identify(Library/Artifacts/ef) by extensions ['colcon_meta']
[10.994s] Level 1:colcon.colcon_core.package_identification:_identify(Library/Artifacts/ef) by extension 'colcon_meta'
[10.997s] Level 1:colcon.colcon_core.package_identification:_identify(Library/Artifacts/ef) by extensions ['ros']
[10.997s] Level 1:colcon.colcon_core.package_identification:_identify(Library/Artifacts/ef) by extension 'ros'
[11.006s] Level 1:colcon.colcon_core.package_identification:_identify(Library/Artifacts/ef) by extensions ['cmake', 'python']
[11.007s] Level 1:colcon.colcon_core.package_identification:_identify(Library/Artifacts/ef) by extension 'cmake'
[11.008s] Level 1:colcon.colcon_core.package_identification:_identify(Library/Artifacts/ef) by extension 'python'
[11.011s] Level 1:colcon.colcon_core.package_identification:_identify(Library/Artifacts/ef) by extensions ['python_setup_py']
[11.011s] Level 1:colcon.colcon_core.package_identification:_identify(Library/Artifacts/ef) by extension 'python_setup_py'
[11.018s] Level 1:colcon.colcon_core.package_identification:_identify(Library/Artifacts/f0) by extensions ['ignore', 'ignore_ament_install']
[11.019s] Level 1:colcon.colcon_core.package_identification:_identify(Library/Artifacts/f0) by extension 'ignore'
[11.021s] Level 1:colcon.colcon_core.package_identification:_identify(Library/Artifacts/f0) by extension 'ignore_ament_install'
[11.024s] Level 1:colcon.colcon_core.package_identification:_identify(Library/Artifacts/f0) by extensions ['colcon_pkg']
[11.024s] Level 1:colcon.colcon_core.package_identification:_identify(Library/Artifacts/f0) by extension 'colcon_pkg'
[11.027s] Level 1:colcon.colcon_core.package_identification:_identify(Library/Artifacts/f0) by extensions ['colcon_meta']
[11.027s] Level 1:colcon.colcon_core.package_identification:_identify(Library/Artifacts/f0) by extension 'colcon_meta'
[11.032s] Level 1:colcon.colcon_core.package_identification:_identify(Library/Artifacts/f0) by extensions ['ros']
[11.032s] Level 1:colcon.colcon_core.package_identification:_identify(Library/Artifacts/f0) by extension 'ros'
[11.041s] Level 1:colcon.colcon_core.package_identification:_identify(Library/Artifacts/f0) by extensions ['cmake', 'python']
[11.042s] Level 1:colcon.colcon_core.package_identification:_identify(Library/Artifacts/f0) by extension 'cmake'
[11.047s] Level 1:colcon.colcon_core.package_identification:_identify(Library/Artifacts/f0) by extension 'python'
[11.049s] Level 1:colcon.colcon_core.package_identification:_identify(Library/Artifacts/f0) by extensions ['python_setup_py']
[11.049s] Level 1:colcon.colcon_core.package_identification:_identify(Library/Artifacts/f0) by extension 'python_setup_py'
[11.057s] Level 1:colcon.colcon_core.package_identification:_identify(Library/Artifacts/f1) by extensions ['ignore', 'ignore_ament_install']
[11.058s] Level 1:colcon.colcon_core.package_identification:_identify(Library/Artifacts/f1) by extension 'ignore'
[11.060s] Level 1:colcon.colcon_core.package_identification:_identify(Library/Artifacts/f1) by extension 'ignore_ament_install'
[11.064s] Level 1:colcon.colcon_core.package_identification:_identify(Library/Artifacts/f1) by extensions ['colcon_pkg']
[11.064s] Level 1:colcon.colcon_core.package_identification:_identify(Library/Artifacts/f1) by extension 'colcon_pkg'
[11.066s] Level 1:colcon.colcon_core.package_identification:_identify(Library/Artifacts/f1) by extensions ['colcon_meta']
[11.067s] Level 1:colcon.colcon_core.package_identification:_identify(Library/Artifacts/f1) by extension 'colcon_meta'
[11.071s] Level 1:colcon.colcon_core.package_identification:_identify(Library/Artifacts/f1) by extensions ['ros']
[11.071s] Level 1:colcon.colcon_core.package_identification:_identify(Library/Artifacts/f1) by extension 'ros'
[11.080s] Level 1:colcon.colcon_core.package_identification:_identify(Library/Artifacts/f1) by extensions ['cmake', 'python']
[11.081s] Level 1:colcon.colcon_core.package_identification:_identify(Library/Artifacts/f1) by extension 'cmake'
[11.083s] Level 1:colcon.colcon_core.package_identification:_identify(Library/Artifacts/f1) by extension 'python'
[11.085s] Level 1:colcon.colcon_core.package_identification:_identify(Library/Artifacts/f1) by extensions ['python_setup_py']
[11.086s] Level 1:colcon.colcon_core.package_identification:_identify(Library/Artifacts/f1) by extension 'python_setup_py'
[11.096s] Level 1:colcon.colcon_core.package_identification:_identify(Library/Artifacts/f2) by extensions ['ignore', 'ignore_ament_install']
[11.097s] Level 1:colcon.colcon_core.package_identification:_identify(Library/Artifacts/f2) by extension 'ignore'
[11.100s] Level 1:colcon.colcon_core.package_identification:_identify(Library/Artifacts/f2) by extension 'ignore_ament_install'
[11.105s] Level 1:colcon.colcon_core.package_identification:_identify(Library/Artifacts/f2) by extensions ['colcon_pkg']
[11.106s] Level 1:colcon.colcon_core.package_identification:_identify(Library/Artifacts/f2) by extension 'colcon_pkg'
[11.108s] Level 1:colcon.colcon_core.package_identification:_identify(Library/Artifacts/f2) by extensions ['colcon_meta']
[11.109s] Level 1:colcon.colcon_core.package_identification:_identify(Library/Artifacts/f2) by extension 'colcon_meta'
[11.114s] Level 1:colcon.colcon_core.package_identification:_identify(Library/Artifacts/f2) by extensions ['ros']
[11.115s] Level 1:colcon.colcon_core.package_identification:_identify(Library/Artifacts/f2) by extension 'ros'
[11.124s] Level 1:colcon.colcon_core.package_identification:_identify(Library/Artifacts/f2) by extensions ['cmake', 'python']
[11.125s] Level 1:colcon.colcon_core.package_identification:_identify(Library/Artifacts/f2) by extension 'cmake'
[11.128s] Level 1:colcon.colcon_core.package_identification:_identify(Library/Artifacts/f2) by extension 'python'
[11.130s] Level 1:colcon.colcon_core.package_identification:_identify(Library/Artifacts/f2) by extensions ['python_setup_py']
[11.131s] Level 1:colcon.colcon_core.package_identification:_identify(Library/Artifacts/f2) by extension 'python_setup_py'
[11.142s] Level 1:colcon.colcon_core.package_identification:_identify(Library/Artifacts/f3) by extensions ['ignore', 'ignore_ament_install']
[11.142s] Level 1:colcon.colcon_core.package_identification:_identify(Library/Artifacts/f3) by extension 'ignore'
[11.145s] Level 1:colcon.colcon_core.package_identification:_identify(Library/Artifacts/f3) by extension 'ignore_ament_install'
[11.148s] Level 1:colcon.colcon_core.package_identification:_identify(Library/Artifacts/f3) by extensions ['colcon_pkg']
[11.149s] Level 1:colcon.colcon_core.package_identification:_identify(Library/Artifacts/f3) by extension 'colcon_pkg'
[11.151s] Level 1:colcon.colcon_core.package_identification:_identify(Library/Artifacts/f3) by extensions ['colcon_meta']
[11.152s] Level 1:colcon.colcon_core.package_identification:_identify(Library/Artifacts/f3) by extension 'colcon_meta'
[11.156s] Level 1:colcon.colcon_core.package_identification:_identify(Library/Artifacts/f3) by extensions ['ros']
[11.157s] Level 1:colcon.colcon_core.package_identification:_identify(Library/Artifacts/f3) by extension 'ros'
[11.166s] Level 1:colcon.colcon_core.package_identification:_identify(Library/Artifacts/f3) by extensions ['cmake', 'python']
[11.167s] Level 1:colcon.colcon_core.package_identification:_identify(Library/Artifacts/f3) by extension 'cmake'
[11.169s] Level 1:colcon.colcon_core.package_identification:_identify(Library/Artifacts/f3) by extension 'python'
[11.171s] Level 1:colcon.colcon_core.package_identification:_identify(Library/Artifacts/f3) by extensions ['python_setup_py']
[11.172s] Level 1:colcon.colcon_core.package_identification:_identify(Library/Artifacts/f3) by extension 'python_setup_py'
[11.180s] Level 1:colcon.colcon_core.package_identification:_identify(Library/Artifacts/f4) by extensions ['ignore', 'ignore_ament_install']
[11.181s] Level 1:colcon.colcon_core.package_identification:_identify(Library/Artifacts/f4) by extension 'ignore'
[11.183s] Level 1:colcon.colcon_core.package_identification:_identify(Library/Artifacts/f4) by extension 'ignore_ament_install'
[11.187s] Level 1:colcon.colcon_core.package_identification:_identify(Library/Artifacts/f4) by extensions ['colcon_pkg']
[11.188s] Level 1:colcon.colcon_core.package_identification:_identify(Library/Artifacts/f4) by extension 'colcon_pkg'
[11.190s] Level 1:colcon.colcon_core.package_identification:_identify(Library/Artifacts/f4) by extensions ['colcon_meta']
[11.190s] Level 1:colcon.colcon_core.package_identification:_identify(Library/Artifacts/f4) by extension 'colcon_meta'
[11.195s] Level 1:colcon.colcon_core.package_identification:_identify(Library/Artifacts/f4) by extensions ['ros']
[11.195s] Level 1:colcon.colcon_core.package_identification:_identify(Library/Artifacts/f4) by extension 'ros'
[11.205s] Level 1:colcon.colcon_core.package_identification:_identify(Library/Artifacts/f4) by extensions ['cmake', 'python']
[11.206s] Level 1:colcon.colcon_core.package_identification:_identify(Library/Artifacts/f4) by extension 'cmake'
[11.208s] Level 1:colcon.colcon_core.package_identification:_identify(Library/Artifacts/f4) by extension 'python'
[11.211s] Level 1:colcon.colcon_core.package_identification:_identify(Library/Artifacts/f4) by extensions ['python_setup_py']
[11.211s] Level 1:colcon.colcon_core.package_identification:_identify(Library/Artifacts/f4) by extension 'python_setup_py'
[11.221s] Level 1:colcon.colcon_core.package_identification:_identify(Library/Artifacts/f5) by extensions ['ignore', 'ignore_ament_install']
[11.222s] Level 1:colcon.colcon_core.package_identification:_identify(Library/Artifacts/f5) by extension 'ignore'
[11.224s] Level 1:colcon.colcon_core.package_identification:_identify(Library/Artifacts/f5) by extension 'ignore_ament_install'
[11.228s] Level 1:colcon.colcon_core.package_identification:_identify(Library/Artifacts/f5) by extensions ['colcon_pkg']
[11.229s] Level 1:colcon.colcon_core.package_identification:_identify(Library/Artifacts/f5) by extension 'colcon_pkg'
[11.231s] Level 1:colcon.colcon_core.package_identification:_identify(Library/Artifacts/f5) by extensions ['colcon_meta']
[11.232s] Level 1:colcon.colcon_core.package_identification:_identify(Library/Artifacts/f5) by extension 'colcon_meta'
[11.235s] Level 1:colcon.colcon_core.package_identification:_identify(Library/Artifacts/f5) by extensions ['ros']
[11.235s] Level 1:colcon.colcon_core.package_identification:_identify(Library/Artifacts/f5) by extension 'ros'
[11.244s] Level 1:colcon.colcon_core.package_identification:_identify(Library/Artifacts/f5) by extensions ['cmake', 'python']
[11.244s] Level 1:colcon.colcon_core.package_identification:_identify(Library/Artifacts/f5) by extension 'cmake'
[11.246s] Level 1:colcon.colcon_core.package_identification:_identify(Library/Artifacts/f5) by extension 'python'
[11.249s] Level 1:colcon.colcon_core.package_identification:_identify(Library/Artifacts/f5) by extensions ['python_setup_py']
[11.250s] Level 1:colcon.colcon_core.package_identification:_identify(Library/Artifacts/f5) by extension 'python_setup_py'
[11.259s] Level 1:colcon.colcon_core.package_identification:_identify(Library/Artifacts/f6) by extensions ['ignore', 'ignore_ament_install']
[11.260s] Level 1:colcon.colcon_core.package_identification:_identify(Library/Artifacts/f6) by extension 'ignore'
[11.263s] Level 1:colcon.colcon_core.package_identification:_identify(Library/Artifacts/f6) by extension 'ignore_ament_install'
[11.267s] Level 1:colcon.colcon_core.package_identification:_identify(Library/Artifacts/f6) by extensions ['colcon_pkg']
[11.268s] Level 1:colcon.colcon_core.package_identification:_identify(Library/Artifacts/f6) by extension 'colcon_pkg'
[11.271s] Level 1:colcon.colcon_core.package_identification:_identify(Library/Artifacts/f6) by extensions ['colcon_meta']
[11.271s] Level 1:colcon.colcon_core.package_identification:_identify(Library/Artifacts/f6) by extension 'colcon_meta'
[11.275s] Level 1:colcon.colcon_core.package_identification:_identify(Library/Artifacts/f6) by extensions ['ros']
[11.276s] Level 1:colcon.colcon_core.package_identification:_identify(Library/Artifacts/f6) by extension 'ros'
[11.285s] Level 1:colcon.colcon_core.package_identification:_identify(Library/Artifacts/f6) by extensions ['cmake', 'python']
[11.286s] Level 1:colcon.colcon_core.package_identification:_identify(Library/Artifacts/f6) by extension 'cmake'
[11.287s] Level 1:colcon.colcon_core.package_identification:_identify(Library/Artifacts/f6) by extension 'python'
[11.290s] Level 1:colcon.colcon_core.package_identification:_identify(Library/Artifacts/f6) by extensions ['python_setup_py']
[11.290s] Level 1:colcon.colcon_core.package_identification:_identify(Library/Artifacts/f6) by extension 'python_setup_py'
[11.298s] Level 1:colcon.colcon_core.package_identification:_identify(Library/Artifacts/f7) by extensions ['ignore', 'ignore_ament_install']
[11.299s] Level 1:colcon.colcon_core.package_identification:_identify(Library/Artifacts/f7) by extension 'ignore'
[11.302s] Level 1:colcon.colcon_core.package_identification:_identify(Library/Artifacts/f7) by extension 'ignore_ament_install'
[11.307s] Level 1:colcon.colcon_core.package_identification:_identify(Library/Artifacts/f7) by extensions ['colcon_pkg']
[11.307s] Level 1:colcon.colcon_core.package_identification:_identify(Library/Artifacts/f7) by extension 'colcon_pkg'
[11.310s] Level 1:colcon.colcon_core.package_identification:_identify(Library/Artifacts/f7) by extensions ['colcon_meta']
[11.310s] Level 1:colcon.colcon_core.package_identification:_identify(Library/Artifacts/f7) by extension 'colcon_meta'
[11.315s] Level 1:colcon.colcon_core.package_identification:_identify(Library/Artifacts/f7) by extensions ['ros']
[11.315s] Level 1:colcon.colcon_core.package_identification:_identify(Library/Artifacts/f7) by extension 'ros'
[11.324s] Level 1:colcon.colcon_core.package_identification:_identify(Library/Artifacts/f7) by extensions ['cmake', 'python']
[11.325s] Level 1:colcon.colcon_core.package_identification:_identify(Library/Artifacts/f7) by extension 'cmake'
[11.326s] Level 1:colcon.colcon_core.package_identification:_identify(Library/Artifacts/f7) by extension 'python'
[11.329s] Level 1:colcon.colcon_core.package_identification:_identify(Library/Artifacts/f7) by extensions ['python_setup_py']
[11.329s] Level 1:colcon.colcon_core.package_identification:_identify(Library/Artifacts/f7) by extension 'python_setup_py'
[11.339s] Level 1:colcon.colcon_core.package_identification:_identify(Library/Artifacts/f8) by extensions ['ignore', 'ignore_ament_install']
[11.339s] Level 1:colcon.colcon_core.package_identification:_identify(Library/Artifacts/f8) by extension 'ignore'
[11.342s] Level 1:colcon.colcon_core.package_identification:_identify(Library/Artifacts/f8) by extension 'ignore_ament_install'
[11.346s] Level 1:colcon.colcon_core.package_identification:_identify(Library/Artifacts/f8) by extensions ['colcon_pkg']
[11.347s] Level 1:colcon.colcon_core.package_identification:_identify(Library/Artifacts/f8) by extension 'colcon_pkg'
[11.349s] Level 1:colcon.colcon_core.package_identification:_identify(Library/Artifacts/f8) by extensions ['colcon_meta']
[11.350s] Level 1:colcon.colcon_core.package_identification:_identify(Library/Artifacts/f8) by extension 'colcon_meta'
[11.354s] Level 1:colcon.colcon_core.package_identification:_identify(Library/Artifacts/f8) by extensions ['ros']
[11.355s] Level 1:colcon.colcon_core.package_identification:_identify(Library/Artifacts/f8) by extension 'ros'
[11.364s] Level 1:colcon.colcon_core.package_identification:_identify(Library/Artifacts/f8) by extensions ['cmake', 'python']
[11.365s] Level 1:colcon.colcon_core.package_identification:_identify(Library/Artifacts/f8) by extension 'cmake'
[11.367s] Level 1:colcon.colcon_core.package_identification:_identify(Library/Artifacts/f8) by extension 'python'
[11.370s] Level 1:colcon.colcon_core.package_identification:_identify(Library/Artifacts/f8) by extensions ['python_setup_py']
[11.370s] Level 1:colcon.colcon_core.package_identification:_identify(Library/Artifacts/f8) by extension 'python_setup_py'
[11.379s] Level 1:colcon.colcon_core.package_identification:_identify(Library/Artifacts/f9) by extensions ['ignore', 'ignore_ament_install']
[11.380s] Level 1:colcon.colcon_core.package_identification:_identify(Library/Artifacts/f9) by extension 'ignore'
[11.383s] Level 1:colcon.colcon_core.package_identification:_identify(Library/Artifacts/f9) by extension 'ignore_ament_install'
[11.386s] Level 1:colcon.colcon_core.package_identification:_identify(Library/Artifacts/f9) by extensions ['colcon_pkg']
[11.387s] Level 1:colcon.colcon_core.package_identification:_identify(Library/Artifacts/f9) by extension 'colcon_pkg'
[11.388s] Level 1:colcon.colcon_core.package_identification:_identify(Library/Artifacts/f9) by extensions ['colcon_meta']
[11.389s] Level 1:colcon.colcon_core.package_identification:_identify(Library/Artifacts/f9) by extension 'colcon_meta'
[14.325s] Level 1:colcon.colcon_core.package_identification:_identify(Library/Artifacts/f9) by extensions ['ros']
[14.326s] Level 1:colcon.colcon_core.package_identification:_identify(Library/Artifacts/f9) by extension 'ros'
[14.335s] Level 1:colcon.colcon_core.package_identification:_identify(Library/Artifacts/f9) by extensions ['cmake', 'python']
[14.335s] Level 1:colcon.colcon_core.package_identification:_identify(Library/Artifacts/f9) by extension 'cmake'
[14.337s] Level 1:colcon.colcon_core.package_identification:_identify(Library/Artifacts/f9) by extension 'python'
[14.339s] Level 1:colcon.colcon_core.package_identification:_identify(Library/Artifacts/f9) by extensions ['python_setup_py']
[14.340s] Level 1:colcon.colcon_core.package_identification:_identify(Library/Artifacts/f9) by extension 'python_setup_py'
[14.347s] Level 1:colcon.colcon_core.package_identification:_identify(Library/Artifacts/fa) by extensions ['ignore', 'ignore_ament_install']
[14.348s] Level 1:colcon.colcon_core.package_identification:_identify(Library/Artifacts/fa) by extension 'ignore'
[14.351s] Level 1:colcon.colcon_core.package_identification:_identify(Library/Artifacts/fa) by extension 'ignore_ament_install'
[14.355s] Level 1:colcon.colcon_core.package_identification:_identify(Library/Artifacts/fa) by extensions ['colcon_pkg']
[14.355s] Level 1:colcon.colcon_core.package_identification:_identify(Library/Artifacts/fa) by extension 'colcon_pkg'
[14.358s] Level 1:colcon.colcon_core.package_identification:_identify(Library/Artifacts/fa) by extensions ['colcon_meta']
[14.359s] Level 1:colcon.colcon_core.package_identification:_identify(Library/Artifacts/fa) by extension 'colcon_meta'
[14.364s] Level 1:colcon.colcon_core.package_identification:_identify(Library/Artifacts/fa) by extensions ['ros']
[14.364s] Level 1:colcon.colcon_core.package_identification:_identify(Library/Artifacts/fa) by extension 'ros'
[14.373s] Level 1:colcon.colcon_core.package_identification:_identify(Library/Artifacts/fa) by extensions ['cmake', 'python']
[14.374s] Level 1:colcon.colcon_core.package_identification:_identify(Library/Artifacts/fa) by extension 'cmake'
[14.376s] Level 1:colcon.colcon_core.package_identification:_identify(Library/Artifacts/fa) by extension 'python'
[14.379s] Level 1:colcon.colcon_core.package_identification:_identify(Library/Artifacts/fa) by extensions ['python_setup_py']
[14.379s] Level 1:colcon.colcon_core.package_identification:_identify(Library/Artifacts/fa) by extension 'python_setup_py'
[14.389s] Level 1:colcon.colcon_core.package_identification:_identify(Library/Artifacts/fb) by extensions ['ignore', 'ignore_ament_install']
[14.389s] Level 1:colcon.colcon_core.package_identification:_identify(Library/Artifacts/fb) by extension 'ignore'
[14.392s] Level 1:colcon.colcon_core.package_identification:_identify(Library/Artifacts/fb) by extension 'ignore_ament_install'
[14.396s] Level 1:colcon.colcon_core.package_identification:_identify(Library/Artifacts/fb) by extensions ['colcon_pkg']
[14.397s] Level 1:colcon.colcon_core.package_identification:_identify(Library/Artifacts/fb) by extension 'colcon_pkg'
[14.399s] Level 1:colcon.colcon_core.package_identification:_identify(Library/Artifacts/fb) by extensions ['colcon_meta']
[14.400s] Level 1:colcon.colcon_core.package_identification:_identify(Library/Artifacts/fb) by extension 'colcon_meta'
[14.404s] Level 1:colcon.colcon_core.package_identification:_identify(Library/Artifacts/fb) by extensions ['ros']
[14.404s] Level 1:colcon.colcon_core.package_identification:_identify(Library/Artifacts/fb) by extension 'ros'
[14.417s] Level 1:colcon.colcon_core.package_identification:_identify(Library/Artifacts/fb) by extensions ['cmake', 'python']
[14.418s] Level 1:colcon.colcon_core.package_identification:_identify(Library/Artifacts/fb) by extension 'cmake'
[14.420s] Level 1:colcon.colcon_core.package_identification:_identify(Library/Artifacts/fb) by extension 'python'
[14.422s] Level 1:colcon.colcon_core.package_identification:_identify(Library/Artifacts/fb) by extensions ['python_setup_py']
[14.423s] Level 1:colcon.colcon_core.package_identification:_identify(Library/Artifacts/fb) by extension 'python_setup_py'
[14.430s] Level 1:colcon.colcon_core.package_identification:_identify(Library/Artifacts/fc) by extensions ['ignore', 'ignore_ament_install']
[14.431s] Level 1:colcon.colcon_core.package_identification:_identify(Library/Artifacts/fc) by extension 'ignore'
[14.434s] Level 1:colcon.colcon_core.package_identification:_identify(Library/Artifacts/fc) by extension 'ignore_ament_install'
[14.437s] Level 1:colcon.colcon_core.package_identification:_identify(Library/Artifacts/fc) by extensions ['colcon_pkg']
[14.438s] Level 1:colcon.colcon_core.package_identification:_identify(Library/Artifacts/fc) by extension 'colcon_pkg'
[14.439s] Level 1:colcon.colcon_core.package_identification:_identify(Library/Artifacts/fc) by extensions ['colcon_meta']
[14.440s] Level 1:colcon.colcon_core.package_identification:_identify(Library/Artifacts/fc) by extension 'colcon_meta'
[14.443s] Level 1:colcon.colcon_core.package_identification:_identify(Library/Artifacts/fc) by extensions ['ros']
[14.444s] Level 1:colcon.colcon_core.package_identification:_identify(Library/Artifacts/fc) by extension 'ros'
[14.451s] Level 1:colcon.colcon_core.package_identification:_identify(Library/Artifacts/fc) by extensions ['cmake', 'python']
[14.452s] Level 1:colcon.colcon_core.package_identification:_identify(Library/Artifacts/fc) by extension 'cmake'
[14.454s] Level 1:colcon.colcon_core.package_identification:_identify(Library/Artifacts/fc) by extension 'python'
[14.456s] Level 1:colcon.colcon_core.package_identification:_identify(Library/Artifacts/fc) by extensions ['python_setup_py']
[14.456s] Level 1:colcon.colcon_core.package_identification:_identify(Library/Artifacts/fc) by extension 'python_setup_py'
[14.466s] Level 1:colcon.colcon_core.package_identification:_identify(Library/Artifacts/fd) by extensions ['ignore', 'ignore_ament_install']
[14.467s] Level 1:colcon.colcon_core.package_identification:_identify(Library/Artifacts/fd) by extension 'ignore'
[14.469s] Level 1:colcon.colcon_core.package_identification:_identify(Library/Artifacts/fd) by extension 'ignore_ament_install'
[14.474s] Level 1:colcon.colcon_core.package_identification:_identify(Library/Artifacts/fd) by extensions ['colcon_pkg']
[14.475s] Level 1:colcon.colcon_core.package_identification:_identify(Library/Artifacts/fd) by extension 'colcon_pkg'
[14.478s] Level 1:colcon.colcon_core.package_identification:_identify(Library/Artifacts/fd) by extensions ['colcon_meta']
[14.478s] Level 1:colcon.colcon_core.package_identification:_identify(Library/Artifacts/fd) by extension 'colcon_meta'
[14.483s] Level 1:colcon.colcon_core.package_identification:_identify(Library/Artifacts/fd) by extensions ['ros']
[14.484s] Level 1:colcon.colcon_core.package_identification:_identify(Library/Artifacts/fd) by extension 'ros'
[14.494s] Level 1:colcon.colcon_core.package_identification:_identify(Library/Artifacts/fd) by extensions ['cmake', 'python']
[14.495s] Level 1:colcon.colcon_core.package_identification:_identify(Library/Artifacts/fd) by extension 'cmake'
[14.497s] Level 1:colcon.colcon_core.package_identification:_identify(Library/Artifacts/fd) by extension 'python'
[14.499s] Level 1:colcon.colcon_core.package_identification:_identify(Library/Artifacts/fd) by extensions ['python_setup_py']
[14.500s] Level 1:colcon.colcon_core.package_identification:_identify(Library/Artifacts/fd) by extension 'python_setup_py'
[14.510s] Level 1:colcon.colcon_core.package_identification:_identify(Library/Artifacts/fe) by extensions ['ignore', 'ignore_ament_install']
[14.511s] Level 1:colcon.colcon_core.package_identification:_identify(Library/Artifacts/fe) by extension 'ignore'
[14.513s] Level 1:colcon.colcon_core.package_identification:_identify(Library/Artifacts/fe) by extension 'ignore_ament_install'
[14.517s] Level 1:colcon.colcon_core.package_identification:_identify(Library/Artifacts/fe) by extensions ['colcon_pkg']
[14.518s] Level 1:colcon.colcon_core.package_identification:_identify(Library/Artifacts/fe) by extension 'colcon_pkg'
[14.521s] Level 1:colcon.colcon_core.package_identification:_identify(Library/Artifacts/fe) by extensions ['colcon_meta']
[14.522s] Level 1:colcon.colcon_core.package_identification:_identify(Library/Artifacts/fe) by extension 'colcon_meta'
[14.525s] Level 1:colcon.colcon_core.package_identification:_identify(Library/Artifacts/fe) by extensions ['ros']
[14.526s] Level 1:colcon.colcon_core.package_identification:_identify(Library/Artifacts/fe) by extension 'ros'
[14.534s] Level 1:colcon.colcon_core.package_identification:_identify(Library/Artifacts/fe) by extensions ['cmake', 'python']
[14.535s] Level 1:colcon.colcon_core.package_identification:_identify(Library/Artifacts/fe) by extension 'cmake'
[14.537s] Level 1:colcon.colcon_core.package_identification:_identify(Library/Artifacts/fe) by extension 'python'
[14.540s] Level 1:colcon.colcon_core.package_identification:_identify(Library/Artifacts/fe) by extensions ['python_setup_py']
[14.540s] Level 1:colcon.colcon_core.package_identification:_identify(Library/Artifacts/fe) by extension 'python_setup_py'
[14.549s] Level 1:colcon.colcon_core.package_identification:_identify(Library/Artifacts/ff) by extensions ['ignore', 'ignore_ament_install']
[14.550s] Level 1:colcon.colcon_core.package_identification:_identify(Library/Artifacts/ff) by extension 'ignore'
[14.552s] Level 1:colcon.colcon_core.package_identification:_identify(Library/Artifacts/ff) by extension 'ignore_ament_install'
[14.556s] Level 1:colcon.colcon_core.package_identification:_identify(Library/Artifacts/ff) by extensions ['colcon_pkg']
[14.557s] Level 1:colcon.colcon_core.package_identification:_identify(Library/Artifacts/ff) by extension 'colcon_pkg'
[14.560s] Level 1:colcon.colcon_core.package_identification:_identify(Library/Artifacts/ff) by extensions ['colcon_meta']
[14.560s] Level 1:colcon.colcon_core.package_identification:_identify(Library/Artifacts/ff) by extension 'colcon_meta'
[14.564s] Level 1:colcon.colcon_core.package_identification:_identify(Library/Artifacts/ff) by extensions ['ros']
[14.564s] Level 1:colcon.colcon_core.package_identification:_identify(Library/Artifacts/ff) by extension 'ros'
[14.573s] Level 1:colcon.colcon_core.package_identification:_identify(Library/Artifacts/ff) by extensions ['cmake', 'python']
[14.574s] Level 1:colcon.colcon_core.package_identification:_identify(Library/Artifacts/ff) by extension 'cmake'
[14.576s] Level 1:colcon.colcon_core.package_identification:_identify(Library/Artifacts/ff) by extension 'python'
[14.578s] Level 1:colcon.colcon_core.package_identification:_identify(Library/Artifacts/ff) by extensions ['python_setup_py']
[14.579s] Level 1:colcon.colcon_core.package_identification:_identify(Library/Artifacts/ff) by extension 'python_setup_py'
[14.586s] Level 1:colcon.colcon_core.package_identification:_identify(Library/Bee) by extensions ['ignore', 'ignore_ament_install']
[14.587s] Level 1:colcon.colcon_core.package_identification:_identify(Library/Bee) by extension 'ignore'
[14.589s] Level 1:colcon.colcon_core.package_identification:_identify(Library/Bee) by extension 'ignore_ament_install'
[14.592s] Level 1:colcon.colcon_core.package_identification:_identify(Library/Bee) by extensions ['colcon_pkg']
[14.592s] Level 1:colcon.colcon_core.package_identification:_identify(Library/Bee) by extension 'colcon_pkg'
[14.594s] Level 1:colcon.colcon_core.package_identification:_identify(Library/Bee) by extensions ['colcon_meta']
[14.594s] Level 1:colcon.colcon_core.package_identification:_identify(Library/Bee) by extension 'colcon_meta'
[14.596s] Level 1:colcon.colcon_core.package_identification:_identify(Library/Bee) by extensions ['ros']
[14.597s] Level 1:colcon.colcon_core.package_identification:_identify(Library/Bee) by extension 'ros'
[14.602s] Level 1:colcon.colcon_core.package_identification:_identify(Library/Bee) by extensions ['cmake', 'python']
[14.603s] Level 1:colcon.colcon_core.package_identification:_identify(Library/Bee) by extension 'cmake'
[14.604s] Level 1:colcon.colcon_core.package_identification:_identify(Library/Bee) by extension 'python'
[14.606s] Level 1:colcon.colcon_core.package_identification:_identify(Library/Bee) by extensions ['python_setup_py']
[14.607s] Level 1:colcon.colcon_core.package_identification:_identify(Library/Bee) by extension 'python_setup_py'
[14.615s] Level 1:colcon.colcon_core.package_identification:_identify(Library/Bee/CachedNodeOutput) by extensions ['ignore', 'ignore_ament_install']
[14.616s] Level 1:colcon.colcon_core.package_identification:_identify(Library/Bee/CachedNodeOutput) by extension 'ignore'
[14.618s] Level 1:colcon.colcon_core.package_identification:_identify(Library/Bee/CachedNodeOutput) by extension 'ignore_ament_install'
[14.621s] Level 1:colcon.colcon_core.package_identification:_identify(Library/Bee/CachedNodeOutput) by extensions ['colcon_pkg']
[14.621s] Level 1:colcon.colcon_core.package_identification:_identify(Library/Bee/CachedNodeOutput) by extension 'colcon_pkg'
[14.624s] Level 1:colcon.colcon_core.package_identification:_identify(Library/Bee/CachedNodeOutput) by extensions ['colcon_meta']
[14.624s] Level 1:colcon.colcon_core.package_identification:_identify(Library/Bee/CachedNodeOutput) by extension 'colcon_meta'
[14.629s] Level 1:colcon.colcon_core.package_identification:_identify(Library/Bee/CachedNodeOutput) by extensions ['ros']
[14.629s] Level 1:colcon.colcon_core.package_identification:_identify(Library/Bee/CachedNodeOutput) by extension 'ros'
[14.637s] Level 1:colcon.colcon_core.package_identification:_identify(Library/Bee/CachedNodeOutput) by extensions ['cmake', 'python']
[14.638s] Level 1:colcon.colcon_core.package_identification:_identify(Library/Bee/CachedNodeOutput) by extension 'cmake'
[14.641s] Level 1:colcon.colcon_core.package_identification:_identify(Library/Bee/CachedNodeOutput) by extension 'python'
[14.643s] Level 1:colcon.colcon_core.package_identification:_identify(Library/Bee/CachedNodeOutput) by extensions ['python_setup_py']
[14.644s] Level 1:colcon.colcon_core.package_identification:_identify(Library/Bee/CachedNodeOutput) by extension 'python_setup_py'
[14.651s] Level 1:colcon.colcon_core.package_identification:_identify(Library/PackageCache) by extensions ['ignore', 'ignore_ament_install']
[14.652s] Level 1:colcon.colcon_core.package_identification:_identify(Library/PackageCache) by extension 'ignore'
[14.654s] Level 1:colcon.colcon_core.package_identification:_identify(Library/PackageCache) by extension 'ignore_ament_install'
[14.657s] Level 1:colcon.colcon_core.package_identification:_identify(Library/PackageCache) by extensions ['colcon_pkg']
[14.657s] Level 1:colcon.colcon_core.package_identification:_identify(Library/PackageCache) by extension 'colcon_pkg'
[14.659s] Level 1:colcon.colcon_core.package_identification:_identify(Library/PackageCache) by extensions ['colcon_meta']
[14.659s] Level 1:colcon.colcon_core.package_identification:_identify(Library/PackageCache) by extension 'colcon_meta'
[14.662s] Level 1:colcon.colcon_core.package_identification:_identify(Library/PackageCache) by extensions ['ros']
[14.663s] Level 1:colcon.colcon_core.package_identification:_identify(Library/PackageCache) by extension 'ros'
[14.670s] Level 1:colcon.colcon_core.package_identification:_identify(Library/PackageCache) by extensions ['cmake', 'python']
[14.671s] Level 1:colcon.colcon_core.package_identification:_identify(Library/PackageCache) by extension 'cmake'
[14.673s] Level 1:colcon.colcon_core.package_identification:_identify(Library/PackageCache) by extension 'python'
[14.675s] Level 1:colcon.colcon_core.package_identification:_identify(Library/PackageCache) by extensions ['python_setup_py']
[14.675s] Level 1:colcon.colcon_core.package_identification:_identify(Library/PackageCache) by extension 'python_setup_py'
[14.684s] Level 1:colcon.colcon_core.package_identification:_identify(Library/PackageCache/com.unity.modules.ai@1.0.0) by extensions ['ignore', 'ignore_ament_install']
[14.684s] Level 1:colcon.colcon_core.package_identification:_identify(Library/PackageCache/com.unity.modules.ai@1.0.0) by extension 'ignore'
[14.687s] Level 1:colcon.colcon_core.package_identification:_identify(Library/PackageCache/com.unity.modules.ai@1.0.0) by extension 'ignore_ament_install'
[14.692s] Level 1:colcon.colcon_core.package_identification:_identify(Library/PackageCache/com.unity.modules.ai@1.0.0) by extensions ['colcon_pkg']
[14.692s] Level 1:colcon.colcon_core.package_identification:_identify(Library/PackageCache/com.unity.modules.ai@1.0.0) by extension 'colcon_pkg'
[14.695s] Level 1:colcon.colcon_core.package_identification:_identify(Library/PackageCache/com.unity.modules.ai@1.0.0) by extensions ['colcon_meta']
[14.695s] Level 1:colcon.colcon_core.package_identification:_identify(Library/PackageCache/com.unity.modules.ai@1.0.0) by extension 'colcon_meta'
[14.699s] Level 1:colcon.colcon_core.package_identification:_identify(Library/PackageCache/com.unity.modules.ai@1.0.0) by extensions ['ros']
[14.700s] Level 1:colcon.colcon_core.package_identification:_identify(Library/PackageCache/com.unity.modules.ai@1.0.0) by extension 'ros'
[14.708s] Level 1:colcon.colcon_core.package_identification:_identify(Library/PackageCache/com.unity.modules.ai@1.0.0) by extensions ['cmake', 'python']
[14.709s] Level 1:colcon.colcon_core.package_identification:_identify(Library/PackageCache/com.unity.modules.ai@1.0.0) by extension 'cmake'
[14.711s] Level 1:colcon.colcon_core.package_identification:_identify(Library/PackageCache/com.unity.modules.ai@1.0.0) by extension 'python'
[14.713s] Level 1:colcon.colcon_core.package_identification:_identify(Library/PackageCache/com.unity.modules.ai@1.0.0) by extensions ['python_setup_py']
[14.714s] Level 1:colcon.colcon_core.package_identification:_identify(Library/PackageCache/com.unity.modules.ai@1.0.0) by extension 'python_setup_py'
[14.723s] Level 1:colcon.colcon_core.package_identification:_identify(Library/PackageCache/com.unity.modules.androidjni@1.0.0) by extensions ['ignore', 'ignore_ament_install']
[14.724s] Level 1:colcon.colcon_core.package_identification:_identify(Library/PackageCache/com.unity.modules.androidjni@1.0.0) by extension 'ignore'
[14.726s] Level 1:colcon.colcon_core.package_identification:_identify(Library/PackageCache/com.unity.modules.androidjni@1.0.0) by extension 'ignore_ament_install'
[14.730s] Level 1:colcon.colcon_core.package_identification:_identify(Library/PackageCache/com.unity.modules.androidjni@1.0.0) by extensions ['colcon_pkg']
[14.731s] Level 1:colcon.colcon_core.package_identification:_identify(Library/PackageCache/com.unity.modules.androidjni@1.0.0) by extension 'colcon_pkg'
[14.734s] Level 1:colcon.colcon_core.package_identification:_identify(Library/PackageCache/com.unity.modules.androidjni@1.0.0) by extensions ['colcon_meta']
[14.734s] Level 1:colcon.colcon_core.package_identification:_identify(Library/PackageCache/com.unity.modules.androidjni@1.0.0) by extension 'colcon_meta'
[14.739s] Level 1:colcon.colcon_core.package_identification:_identify(Library/PackageCache/com.unity.modules.androidjni@1.0.0) by extensions ['ros']
[14.739s] Level 1:colcon.colcon_core.package_identification:_identify(Library/PackageCache/com.unity.modules.androidjni@1.0.0) by extension 'ros'
[14.748s] Level 1:colcon.colcon_core.package_identification:_identify(Library/PackageCache/com.unity.modules.androidjni@1.0.0) by extensions ['cmake', 'python']
[14.749s] Level 1:colcon.colcon_core.package_identification:_identify(Library/PackageCache/com.unity.modules.androidjni@1.0.0) by extension 'cmake'
[14.751s] Level 1:colcon.colcon_core.package_identification:_identify(Library/PackageCache/com.unity.modules.androidjni@1.0.0) by extension 'python'
[14.754s] Level 1:colcon.colcon_core.package_identification:_identify(Library/PackageCache/com.unity.modules.androidjni@1.0.0) by extensions ['python_setup_py']
[14.754s] Level 1:colcon.colcon_core.package_identification:_identify(Library/PackageCache/com.unity.modules.androidjni@1.0.0) by extension 'python_setup_py'
[14.763s] Level 1:colcon.colcon_core.package_identification:_identify(Library/PackageCache/com.unity.modules.animation@1.0.0) by extensions ['ignore', 'ignore_ament_install']
[14.764s] Level 1:colcon.colcon_core.package_identification:_identify(Library/PackageCache/com.unity.modules.animation@1.0.0) by extension 'ignore'
[14.767s] Level 1:colcon.colcon_core.package_identification:_identify(Library/PackageCache/com.unity.modules.animation@1.0.0) by extension 'ignore_ament_install'
[14.771s] Level 1:colcon.colcon_core.package_identification:_identify(Library/PackageCache/com.unity.modules.animation@1.0.0) by extensions ['colcon_pkg']
[14.772s] Level 1:colcon.colcon_core.package_identification:_identify(Library/PackageCache/com.unity.modules.animation@1.0.0) by extension 'colcon_pkg'
[14.774s] Level 1:colcon.colcon_core.package_identification:_identify(Library/PackageCache/com.unity.modules.animation@1.0.0) by extensions ['colcon_meta']
[14.775s] Level 1:colcon.colcon_core.package_identification:_identify(Library/PackageCache/com.unity.modules.animation@1.0.0) by extension 'colcon_meta'
[14.779s] Level 1:colcon.colcon_core.package_identification:_identify(Library/PackageCache/com.unity.modules.animation@1.0.0) by extensions ['ros']
[14.779s] Level 1:colcon.colcon_core.package_identification:_identify(Library/PackageCache/com.unity.modules.animation@1.0.0) by extension 'ros'
[14.788s] Level 1:colcon.colcon_core.package_identification:_identify(Library/PackageCache/com.unity.modules.animation@1.0.0) by extensions ['cmake', 'python']
[14.789s] Level 1:colcon.colcon_core.package_identification:_identify(Library/PackageCache/com.unity.modules.animation@1.0.0) by extension 'cmake'
[14.792s] Level 1:colcon.colcon_core.package_identification:_identify(Library/PackageCache/com.unity.modules.animation@1.0.0) by extension 'python'
[14.794s] Level 1:colcon.colcon_core.package_identification:_identify(Library/PackageCache/com.unity.modules.animation@1.0.0) by extensions ['python_setup_py']
[14.794s] Level 1:colcon.colcon_core.package_identification:_identify(Library/PackageCache/com.unity.modules.animation@1.0.0) by extension 'python_setup_py'
[14.804s] Level 1:colcon.colcon_core.package_identification:_identify(Library/PackageCache/com.unity.modules.assetbundle@1.0.0) by extensions ['ignore', 'ignore_ament_install']
[14.805s] Level 1:colcon.colcon_core.package_identification:_identify(Library/PackageCache/com.unity.modules.assetbundle@1.0.0) by extension 'ignore'
[14.807s] Level 1:colcon.colcon_core.package_identification:_identify(Library/PackageCache/com.unity.modules.assetbundle@1.0.0) by extension 'ignore_ament_install'
[14.810s] Level 1:colcon.colcon_core.package_identification:_identify(Library/PackageCache/com.unity.modules.assetbundle@1.0.0) by extensions ['colcon_pkg']
[14.811s] Level 1:colcon.colcon_core.package_identification:_identify(Library/PackageCache/com.unity.modules.assetbundle@1.0.0) by extension 'colcon_pkg'
[14.813s] Level 1:colcon.colcon_core.package_identification:_identify(Library/PackageCache/com.unity.modules.assetbundle@1.0.0) by extensions ['colcon_meta']
[14.814s] Level 1:colcon.colcon_core.package_identification:_identify(Library/PackageCache/com.unity.modules.assetbundle@1.0.0) by extension 'colcon_meta'
[14.818s] Level 1:colcon.colcon_core.package_identification:_identify(Library/PackageCache/com.unity.modules.assetbundle@1.0.0) by extensions ['ros']
[14.819s] Level 1:colcon.colcon_core.package_identification:_identify(Library/PackageCache/com.unity.modules.assetbundle@1.0.0) by extension 'ros'
[14.828s] Level 1:colcon.colcon_core.package_identification:_identify(Library/PackageCache/com.unity.modules.assetbundle@1.0.0) by extensions ['cmake', 'python']
[14.828s] Level 1:colcon.colcon_core.package_identification:_identify(Library/PackageCache/com.unity.modules.assetbundle@1.0.0) by extension 'cmake'
[14.831s] Level 1:colcon.colcon_core.package_identification:_identify(Library/PackageCache/com.unity.modules.assetbundle@1.0.0) by extension 'python'
[14.833s] Level 1:colcon.colcon_core.package_identification:_identify(Library/PackageCache/com.unity.modules.assetbundle@1.0.0) by extensions ['python_setup_py']
[14.834s] Level 1:colcon.colcon_core.package_identification:_identify(Library/PackageCache/com.unity.modules.assetbundle@1.0.0) by extension 'python_setup_py'
[14.843s] Level 1:colcon.colcon_core.package_identification:_identify(Library/PackageCache/com.unity.modules.audio@1.0.0) by extensions ['ignore', 'ignore_ament_install']
[14.844s] Level 1:colcon.colcon_core.package_identification:_identify(Library/PackageCache/com.unity.modules.audio@1.0.0) by extension 'ignore'
[14.847s] Level 1:colcon.colcon_core.package_identification:_identify(Library/PackageCache/com.unity.modules.audio@1.0.0) by extension 'ignore_ament_install'
[14.851s] Level 1:colcon.colcon_core.package_identification:_identify(Library/PackageCache/com.unity.modules.audio@1.0.0) by extensions ['colcon_pkg']
[14.851s] Level 1:colcon.colcon_core.package_identification:_identify(Library/PackageCache/com.unity.modules.audio@1.0.0) by extension 'colcon_pkg'
[14.854s] Level 1:colcon.colcon_core.package_identification:_identify(Library/PackageCache/com.unity.modules.audio@1.0.0) by extensions ['colcon_meta']
[14.854s] Level 1:colcon.colcon_core.package_identification:_identify(Library/PackageCache/com.unity.modules.audio@1.0.0) by extension 'colcon_meta'
[14.857s] Level 1:colcon.colcon_core.package_identification:_identify(Library/PackageCache/com.unity.modules.audio@1.0.0) by extensions ['ros']
[14.858s] Level 1:colcon.colcon_core.package_identification:_identify(Library/PackageCache/com.unity.modules.audio@1.0.0) by extension 'ros'
[14.867s] Level 1:colcon.colcon_core.package_identification:_identify(Library/PackageCache/com.unity.modules.audio@1.0.0) by extensions ['cmake', 'python']
[14.868s] Level 1:colcon.colcon_core.package_identification:_identify(Library/PackageCache/com.unity.modules.audio@1.0.0) by extension 'cmake'
[14.871s] Level 1:colcon.colcon_core.package_identification:_identify(Library/PackageCache/com.unity.modules.audio@1.0.0) by extension 'python'
[14.873s] Level 1:colcon.colcon_core.package_identification:_identify(Library/PackageCache/com.unity.modules.audio@1.0.0) by extensions ['python_setup_py']
[14.873s] Level 1:colcon.colcon_core.package_identification:_identify(Library/PackageCache/com.unity.modules.audio@1.0.0) by extension 'python_setup_py'
[14.881s] Level 1:colcon.colcon_core.package_identification:_identify(Library/PackageCache/com.unity.modules.cloth@1.0.0) by extensions ['ignore', 'ignore_ament_install']
[14.882s] Level 1:colcon.colcon_core.package_identification:_identify(Library/PackageCache/com.unity.modules.cloth@1.0.0) by extension 'ignore'
[14.884s] Level 1:colcon.colcon_core.package_identification:_identify(Library/PackageCache/com.unity.modules.cloth@1.0.0) by extension 'ignore_ament_install'
[14.888s] Level 1:colcon.colcon_core.package_identification:_identify(Library/PackageCache/com.unity.modules.cloth@1.0.0) by extensions ['colcon_pkg']
[14.889s] Level 1:colcon.colcon_core.package_identification:_identify(Library/PackageCache/com.unity.modules.cloth@1.0.0) by extension 'colcon_pkg'
[14.890s] Level 1:colcon.colcon_core.package_identification:_identify(Library/PackageCache/com.unity.modules.cloth@1.0.0) by extensions ['colcon_meta']
[14.891s] Level 1:colcon.colcon_core.package_identification:_identify(Library/PackageCache/com.unity.modules.cloth@1.0.0) by extension 'colcon_meta'
[14.893s] Level 1:colcon.colcon_core.package_identification:_identify(Library/PackageCache/com.unity.modules.cloth@1.0.0) by extensions ['ros']
[14.894s] Level 1:colcon.colcon_core.package_identification:_identify(Library/PackageCache/com.unity.modules.cloth@1.0.0) by extension 'ros'
[14.902s] Level 1:colcon.colcon_core.package_identification:_identify(Library/PackageCache/com.unity.modules.cloth@1.0.0) by extensions ['cmake', 'python']
[14.903s] Level 1:colcon.colcon_core.package_identification:_identify(Library/PackageCache/com.unity.modules.cloth@1.0.0) by extension 'cmake'
[14.904s] Level 1:colcon.colcon_core.package_identification:_identify(Library/PackageCache/com.unity.modules.cloth@1.0.0) by extension 'python'
[14.906s] Level 1:colcon.colcon_core.package_identification:_identify(Library/PackageCache/com.unity.modules.cloth@1.0.0) by extensions ['python_setup_py']
[14.907s] Level 1:colcon.colcon_core.package_identification:_identify(Library/PackageCache/com.unity.modules.cloth@1.0.0) by extension 'python_setup_py'
[14.914s] Level 1:colcon.colcon_core.package_identification:_identify(Library/PackageCache/com.unity.modules.director@1.0.0) by extensions ['ignore', 'ignore_ament_install']
[14.915s] Level 1:colcon.colcon_core.package_identification:_identify(Library/PackageCache/com.unity.modules.director@1.0.0) by extension 'ignore'
[14.917s] Level 1:colcon.colcon_core.package_identification:_identify(Library/PackageCache/com.unity.modules.director@1.0.0) by extension 'ignore_ament_install'
[14.921s] Level 1:colcon.colcon_core.package_identification:_identify(Library/PackageCache/com.unity.modules.director@1.0.0) by extensions ['colcon_pkg']
[14.922s] Level 1:colcon.colcon_core.package_identification:_identify(Library/PackageCache/com.unity.modules.director@1.0.0) by extension 'colcon_pkg'
[14.924s] Level 1:colcon.colcon_core.package_identification:_identify(Library/PackageCache/com.unity.modules.director@1.0.0) by extensions ['colcon_meta']
[14.924s] Level 1:colcon.colcon_core.package_identification:_identify(Library/PackageCache/com.unity.modules.director@1.0.0) by extension 'colcon_meta'
[14.929s] Level 1:colcon.colcon_core.package_identification:_identify(Library/PackageCache/com.unity.modules.director@1.0.0) by extensions ['ros']
[14.929s] Level 1:colcon.colcon_core.package_identification:_identify(Library/PackageCache/com.unity.modules.director@1.0.0) by extension 'ros'
[14.938s] Level 1:colcon.colcon_core.package_identification:_identify(Library/PackageCache/com.unity.modules.director@1.0.0) by extensions ['cmake', 'python']
[14.938s] Level 1:colcon.colcon_core.package_identification:_identify(Library/PackageCache/com.unity.modules.director@1.0.0) by extension 'cmake'
[14.940s] Level 1:colcon.colcon_core.package_identification:_identify(Library/PackageCache/com.unity.modules.director@1.0.0) by extension 'python'
[14.942s] Level 1:colcon.colcon_core.package_identification:_identify(Library/PackageCache/com.unity.modules.director@1.0.0) by extensions ['python_setup_py']
[14.943s] Level 1:colcon.colcon_core.package_identification:_identify(Library/PackageCache/com.unity.modules.director@1.0.0) by extension 'python_setup_py'
[14.951s] Level 1:colcon.colcon_core.package_identification:_identify(Library/PackageCache/com.unity.modules.imageconversion@1.0.0) by extensions ['ignore', 'ignore_ament_install']
[14.951s] Level 1:colcon.colcon_core.package_identification:_identify(Library/PackageCache/com.unity.modules.imageconversion@1.0.0) by extension 'ignore'
[14.954s] Level 1:colcon.colcon_core.package_identification:_identify(Library/PackageCache/com.unity.modules.imageconversion@1.0.0) by extension 'ignore_ament_install'
[14.958s] Level 1:colcon.colcon_core.package_identification:_identify(Library/PackageCache/com.unity.modules.imageconversion@1.0.0) by extensions ['colcon_pkg']
[14.959s] Level 1:colcon.colcon_core.package_identification:_identify(Library/PackageCache/com.unity.modules.imageconversion@1.0.0) by extension 'colcon_pkg'
[14.962s] Level 1:colcon.colcon_core.package_identification:_identify(Library/PackageCache/com.unity.modules.imageconversion@1.0.0) by extensions ['colcon_meta']
[14.963s] Level 1:colcon.colcon_core.package_identification:_identify(Library/PackageCache/com.unity.modules.imageconversion@1.0.0) by extension 'colcon_meta'
[14.967s] Level 1:colcon.colcon_core.package_identification:_identify(Library/PackageCache/com.unity.modules.imageconversion@1.0.0) by extensions ['ros']
[14.968s] Level 1:colcon.colcon_core.package_identification:_identify(Library/PackageCache/com.unity.modules.imageconversion@1.0.0) by extension 'ros'
[14.978s] Level 1:colcon.colcon_core.package_identification:_identify(Library/PackageCache/com.unity.modules.imageconversion@1.0.0) by extensions ['cmake', 'python']
[14.979s] Level 1:colcon.colcon_core.package_identification:_identify(Library/PackageCache/com.unity.modules.imageconversion@1.0.0) by extension 'cmake'
[14.981s] Level 1:colcon.colcon_core.package_identification:_identify(Library/PackageCache/com.unity.modules.imageconversion@1.0.0) by extension 'python'
[14.984s] Level 1:colcon.colcon_core.package_identification:_identify(Library/PackageCache/com.unity.modules.imageconversion@1.0.0) by extensions ['python_setup_py']
[14.985s] Level 1:colcon.colcon_core.package_identification:_identify(Library/PackageCache/com.unity.modules.imageconversion@1.0.0) by extension 'python_setup_py'
[14.994s] Level 1:colcon.colcon_core.package_identification:_identify(Library/PackageCache/com.unity.modules.imgui@1.0.0) by extensions ['ignore', 'ignore_ament_install']
[14.995s] Level 1:colcon.colcon_core.package_identification:_identify(Library/PackageCache/com.unity.modules.imgui@1.0.0) by extension 'ignore'
[14.997s] Level 1:colcon.colcon_core.package_identification:_identify(Library/PackageCache/com.unity.modules.imgui@1.0.0) by extension 'ignore_ament_install'
[15.001s] Level 1:colcon.colcon_core.package_identification:_identify(Library/PackageCache/com.unity.modules.imgui@1.0.0) by extensions ['colcon_pkg']
[15.002s] Level 1:colcon.colcon_core.package_identification:_identify(Library/PackageCache/com.unity.modules.imgui@1.0.0) by extension 'colcon_pkg'
[15.005s] Level 1:colcon.colcon_core.package_identification:_identify(Library/PackageCache/com.unity.modules.imgui@1.0.0) by extensions ['colcon_meta']
[15.006s] Level 1:colcon.colcon_core.package_identification:_identify(Library/PackageCache/com.unity.modules.imgui@1.0.0) by extension 'colcon_meta'
[15.010s] Level 1:colcon.colcon_core.package_identification:_identify(Library/PackageCache/com.unity.modules.imgui@1.0.0) by extensions ['ros']
[15.011s] Level 1:colcon.colcon_core.package_identification:_identify(Library/PackageCache/com.unity.modules.imgui@1.0.0) by extension 'ros'
[15.021s] Level 1:colcon.colcon_core.package_identification:_identify(Library/PackageCache/com.unity.modules.imgui@1.0.0) by extensions ['cmake', 'python']
[15.022s] Level 1:colcon.colcon_core.package_identification:_identify(Library/PackageCache/com.unity.modules.imgui@1.0.0) by extension 'cmake'
[15.024s] Level 1:colcon.colcon_core.package_identification:_identify(Library/PackageCache/com.unity.modules.imgui@1.0.0) by extension 'python'
[15.027s] Level 1:colcon.colcon_core.package_identification:_identify(Library/PackageCache/com.unity.modules.imgui@1.0.0) by extensions ['python_setup_py']
[15.028s] Level 1:colcon.colcon_core.package_identification:_identify(Library/PackageCache/com.unity.modules.imgui@1.0.0) by extension 'python_setup_py'
[15.037s] Level 1:colcon.colcon_core.package_identification:_identify(Library/PackageCache/com.unity.modules.jsonserialize@1.0.0) by extensions ['ignore', 'ignore_ament_install']
[15.038s] Level 1:colcon.colcon_core.package_identification:_identify(Library/PackageCache/com.unity.modules.jsonserialize@1.0.0) by extension 'ignore'
[15.041s] Level 1:colcon.colcon_core.package_identification:_identify(Library/PackageCache/com.unity.modules.jsonserialize@1.0.0) by extension 'ignore_ament_install'
[15.045s] Level 1:colcon.colcon_core.package_identification:_identify(Library/PackageCache/com.unity.modules.jsonserialize@1.0.0) by extensions ['colcon_pkg']
[15.045s] Level 1:colcon.colcon_core.package_identification:_identify(Library/PackageCache/com.unity.modules.jsonserialize@1.0.0) by extension 'colcon_pkg'
[15.048s] Level 1:colcon.colcon_core.package_identification:_identify(Library/PackageCache/com.unity.modules.jsonserialize@1.0.0) by extensions ['colcon_meta']
[15.049s] Level 1:colcon.colcon_core.package_identification:_identify(Library/PackageCache/com.unity.modules.jsonserialize@1.0.0) by extension 'colcon_meta'
[15.053s] Level 1:colcon.colcon_core.package_identification:_identify(Library/PackageCache/com.unity.modules.jsonserialize@1.0.0) by extensions ['ros']
[15.054s] Level 1:colcon.colcon_core.package_identification:_identify(Library/PackageCache/com.unity.modules.jsonserialize@1.0.0) by extension 'ros'
[15.063s] Level 1:colcon.colcon_core.package_identification:_identify(Library/PackageCache/com.unity.modules.jsonserialize@1.0.0) by extensions ['cmake', 'python']
[15.064s] Level 1:colcon.colcon_core.package_identification:_identify(Library/PackageCache/com.unity.modules.jsonserialize@1.0.0) by extension 'cmake'
[15.066s] Level 1:colcon.colcon_core.package_identification:_identify(Library/PackageCache/com.unity.modules.jsonserialize@1.0.0) by extension 'python'
[15.068s] Level 1:colcon.colcon_core.package_identification:_identify(Library/PackageCache/com.unity.modules.jsonserialize@1.0.0) by extensions ['python_setup_py']
[15.069s] Level 1:colcon.colcon_core.package_identification:_identify(Library/PackageCache/com.unity.modules.jsonserialize@1.0.0) by extension 'python_setup_py'
[15.078s] Level 1:colcon.colcon_core.package_identification:_identify(Library/PackageCache/com.unity.modules.particlesystem@1.0.0) by extensions ['ignore', 'ignore_ament_install']
[15.079s] Level 1:colcon.colcon_core.package_identification:_identify(Library/PackageCache/com.unity.modules.particlesystem@1.0.0) by extension 'ignore'
[15.081s] Level 1:colcon.colcon_core.package_identification:_identify(Library/PackageCache/com.unity.modules.particlesystem@1.0.0) by extension 'ignore_ament_install'
[15.085s] Level 1:colcon.colcon_core.package_identification:_identify(Library/PackageCache/com.unity.modules.particlesystem@1.0.0) by extensions ['colcon_pkg']
[15.085s] Level 1:colcon.colcon_core.package_identification:_identify(Library/PackageCache/com.unity.modules.particlesystem@1.0.0) by extension 'colcon_pkg'
[15.088s] Level 1:colcon.colcon_core.package_identification:_identify(Library/PackageCache/com.unity.modules.particlesystem@1.0.0) by extensions ['colcon_meta']
[15.089s] Level 1:colcon.colcon_core.package_identification:_identify(Library/PackageCache/com.unity.modules.particlesystem@1.0.0) by extension 'colcon_meta'
[15.093s] Level 1:colcon.colcon_core.package_identification:_identify(Library/PackageCache/com.unity.modules.particlesystem@1.0.0) by extensions ['ros']
[15.094s] Level 1:colcon.colcon_core.package_identification:_identify(Library/PackageCache/com.unity.modules.particlesystem@1.0.0) by extension 'ros'
[15.103s] Level 1:colcon.colcon_core.package_identification:_identify(Library/PackageCache/com.unity.modules.particlesystem@1.0.0) by extensions ['cmake', 'python']
[15.104s] Level 1:colcon.colcon_core.package_identification:_identify(Library/PackageCache/com.unity.modules.particlesystem@1.0.0) by extension 'cmake'
[15.106s] Level 1:colcon.colcon_core.package_identification:_identify(Library/PackageCache/com.unity.modules.particlesystem@1.0.0) by extension 'python'
[15.108s] Level 1:colcon.colcon_core.package_identification:_identify(Library/PackageCache/com.unity.modules.particlesystem@1.0.0) by extensions ['python_setup_py']
[15.109s] Level 1:colcon.colcon_core.package_identification:_identify(Library/PackageCache/com.unity.modules.particlesystem@1.0.0) by extension 'python_setup_py'
[15.117s] Level 1:colcon.colcon_core.package_identification:_identify(Library/PackageCache/com.unity.modules.physics2d@1.0.0) by extensions ['ignore', 'ignore_ament_install']
[15.118s] Level 1:colcon.colcon_core.package_identification:_identify(Library/PackageCache/com.unity.modules.physics2d@1.0.0) by extension 'ignore'
[15.120s] Level 1:colcon.colcon_core.package_identification:_identify(Library/PackageCache/com.unity.modules.physics2d@1.0.0) by extension 'ignore_ament_install'
[15.124s] Level 1:colcon.colcon_core.package_identification:_identify(Library/PackageCache/com.unity.modules.physics2d@1.0.0) by extensions ['colcon_pkg']
[15.124s] Level 1:colcon.colcon_core.package_identification:_identify(Library/PackageCache/com.unity.modules.physics2d@1.0.0) by extension 'colcon_pkg'
[15.126s] Level 1:colcon.colcon_core.package_identification:_identify(Library/PackageCache/com.unity.modules.physics2d@1.0.0) by extensions ['colcon_meta']
[15.127s] Level 1:colcon.colcon_core.package_identification:_identify(Library/PackageCache/com.unity.modules.physics2d@1.0.0) by extension 'colcon_meta'
[15.131s] Level 1:colcon.colcon_core.package_identification:_identify(Library/PackageCache/com.unity.modules.physics2d@1.0.0) by extensions ['ros']
[15.131s] Level 1:colcon.colcon_core.package_identification:_identify(Library/PackageCache/com.unity.modules.physics2d@1.0.0) by extension 'ros'
[15.139s] Level 1:colcon.colcon_core.package_identification:_identify(Library/PackageCache/com.unity.modules.physics2d@1.0.0) by extensions ['cmake', 'python']
[15.139s] Level 1:colcon.colcon_core.package_identification:_identify(Library/PackageCache/com.unity.modules.physics2d@1.0.0) by extension 'cmake'
[15.142s] Level 1:colcon.colcon_core.package_identification:_identify(Library/PackageCache/com.unity.modules.physics2d@1.0.0) by extension 'python'
[15.144s] Level 1:colcon.colcon_core.package_identification:_identify(Library/PackageCache/com.unity.modules.physics2d@1.0.0) by extensions ['python_setup_py']
[15.145s] Level 1:colcon.colcon_core.package_identification:_identify(Library/PackageCache/com.unity.modules.physics2d@1.0.0) by extension 'python_setup_py'
[15.154s] Level 1:colcon.colcon_core.package_identification:_identify(Library/PackageCache/com.unity.modules.physics@1.0.0) by extensions ['ignore', 'ignore_ament_install']
[15.155s] Level 1:colcon.colcon_core.package_identification:_identify(Library/PackageCache/com.unity.modules.physics@1.0.0) by extension 'ignore'
[15.157s] Level 1:colcon.colcon_core.package_identification:_identify(Library/PackageCache/com.unity.modules.physics@1.0.0) by extension 'ignore_ament_install'
[15.162s] Level 1:colcon.colcon_core.package_identification:_identify(Library/PackageCache/com.unity.modules.physics@1.0.0) by extensions ['colcon_pkg']
[15.163s] Level 1:colcon.colcon_core.package_identification:_identify(Library/PackageCache/com.unity.modules.physics@1.0.0) by extension 'colcon_pkg'
[15.166s] Level 1:colcon.colcon_core.package_identification:_identify(Library/PackageCache/com.unity.modules.physics@1.0.0) by extensions ['colcon_meta']
[15.166s] Level 1:colcon.colcon_core.package_identification:_identify(Library/PackageCache/com.unity.modules.physics@1.0.0) by extension 'colcon_meta'
[15.169s] Level 1:colcon.colcon_core.package_identification:_identify(Library/PackageCache/com.unity.modules.physics@1.0.0) by extensions ['ros']
[15.170s] Level 1:colcon.colcon_core.package_identification:_identify(Library/PackageCache/com.unity.modules.physics@1.0.0) by extension 'ros'
[15.180s] Level 1:colcon.colcon_core.package_identification:_identify(Library/PackageCache/com.unity.modules.physics@1.0.0) by extensions ['cmake', 'python']
[15.180s] Level 1:colcon.colcon_core.package_identification:_identify(Library/PackageCache/com.unity.modules.physics@1.0.0) by extension 'cmake'
[15.183s] Level 1:colcon.colcon_core.package_identification:_identify(Library/PackageCache/com.unity.modules.physics@1.0.0) by extension 'python'
[15.186s] Level 1:colcon.colcon_core.package_identification:_identify(Library/PackageCache/com.unity.modules.physics@1.0.0) by extensions ['python_setup_py']
[15.186s] Level 1:colcon.colcon_core.package_identification:_identify(Library/PackageCache/com.unity.modules.physics@1.0.0) by extension 'python_setup_py'
[15.196s] Level 1:colcon.colcon_core.package_identification:_identify(Library/PackageCache/com.unity.modules.screencapture@1.0.0) by extensions ['ignore', 'ignore_ament_install']
[15.197s] Level 1:colcon.colcon_core.package_identification:_identify(Library/PackageCache/com.unity.modules.screencapture@1.0.0) by extension 'ignore'
[15.199s] Level 1:colcon.colcon_core.package_identification:_identify(Library/PackageCache/com.unity.modules.screencapture@1.0.0) by extension 'ignore_ament_install'
[15.203s] Level 1:colcon.colcon_core.package_identification:_identify(Library/PackageCache/com.unity.modules.screencapture@1.0.0) by extensions ['colcon_pkg']
[15.204s] Level 1:colcon.colcon_core.package_identification:_identify(Library/PackageCache/com.unity.modules.screencapture@1.0.0) by extension 'colcon_pkg'
[15.206s] Level 1:colcon.colcon_core.package_identification:_identify(Library/PackageCache/com.unity.modules.screencapture@1.0.0) by extensions ['colcon_meta']
[15.206s] Level 1:colcon.colcon_core.package_identification:_identify(Library/PackageCache/com.unity.modules.screencapture@1.0.0) by extension 'colcon_meta'
[15.210s] Level 1:colcon.colcon_core.package_identification:_identify(Library/PackageCache/com.unity.modules.screencapture@1.0.0) by extensions ['ros']
[15.211s] Level 1:colcon.colcon_core.package_identification:_identify(Library/PackageCache/com.unity.modules.screencapture@1.0.0) by extension 'ros'
[15.220s] Level 1:colcon.colcon_core.package_identification:_identify(Library/PackageCache/com.unity.modules.screencapture@1.0.0) by extensions ['cmake', 'python']
[15.221s] Level 1:colcon.colcon_core.package_identification:_identify(Library/PackageCache/com.unity.modules.screencapture@1.0.0) by extension 'cmake'
[15.223s] Level 1:colcon.colcon_core.package_identification:_identify(Library/PackageCache/com.unity.modules.screencapture@1.0.0) by extension 'python'
[15.225s] Level 1:colcon.colcon_core.package_identification:_identify(Library/PackageCache/com.unity.modules.screencapture@1.0.0) by extensions ['python_setup_py']
[15.226s] Level 1:colcon.colcon_core.package_identification:_identify(Library/PackageCache/com.unity.modules.screencapture@1.0.0) by extension 'python_setup_py'
[15.234s] Level 1:colcon.colcon_core.package_identification:_identify(Library/PackageCache/com.unity.modules.subsystems@1.0.0) by extensions ['ignore', 'ignore_ament_install']
[15.234s] Level 1:colcon.colcon_core.package_identification:_identify(Library/PackageCache/com.unity.modules.subsystems@1.0.0) by extension 'ignore'
[15.237s] Level 1:colcon.colcon_core.package_identification:_identify(Library/PackageCache/com.unity.modules.subsystems@1.0.0) by extension 'ignore_ament_install'
[15.242s] Level 1:colcon.colcon_core.package_identification:_identify(Library/PackageCache/com.unity.modules.subsystems@1.0.0) by extensions ['colcon_pkg']
[15.242s] Level 1:colcon.colcon_core.package_identification:_identify(Library/PackageCache/com.unity.modules.subsystems@1.0.0) by extension 'colcon_pkg'
[15.245s] Level 1:colcon.colcon_core.package_identification:_identify(Library/PackageCache/com.unity.modules.subsystems@1.0.0) by extensions ['colcon_meta']
[15.245s] Level 1:colcon.colcon_core.package_identification:_identify(Library/PackageCache/com.unity.modules.subsystems@1.0.0) by extension 'colcon_meta'
[15.249s] Level 1:colcon.colcon_core.package_identification:_identify(Library/PackageCache/com.unity.modules.subsystems@1.0.0) by extensions ['ros']
[15.250s] Level 1:colcon.colcon_core.package_identification:_identify(Library/PackageCache/com.unity.modules.subsystems@1.0.0) by extension 'ros'
[15.258s] Level 1:colcon.colcon_core.package_identification:_identify(Library/PackageCache/com.unity.modules.subsystems@1.0.0) by extensions ['cmake', 'python']
[15.259s] Level 1:colcon.colcon_core.package_identification:_identify(Library/PackageCache/com.unity.modules.subsystems@1.0.0) by extension 'cmake'
[15.261s] Level 1:colcon.colcon_core.package_identification:_identify(Library/PackageCache/com.unity.modules.subsystems@1.0.0) by extension 'python'
[15.264s] Level 1:colcon.colcon_core.package_identification:_identify(Library/PackageCache/com.unity.modules.subsystems@1.0.0) by extensions ['python_setup_py']
[15.264s] Level 1:colcon.colcon_core.package_identification:_identify(Library/PackageCache/com.unity.modules.subsystems@1.0.0) by extension 'python_setup_py'
[15.273s] Level 1:colcon.colcon_core.package_identification:_identify(Library/PackageCache/com.unity.modules.terrain@1.0.0) by extensions ['ignore', 'ignore_ament_install']
[15.274s] Level 1:colcon.colcon_core.package_identification:_identify(Library/PackageCache/com.unity.modules.terrain@1.0.0) by extension 'ignore'
[15.277s] Level 1:colcon.colcon_core.package_identification:_identify(Library/PackageCache/com.unity.modules.terrain@1.0.0) by extension 'ignore_ament_install'
[15.282s] Level 1:colcon.colcon_core.package_identification:_identify(Library/PackageCache/com.unity.modules.terrain@1.0.0) by extensions ['colcon_pkg']
[15.283s] Level 1:colcon.colcon_core.package_identification:_identify(Library/PackageCache/com.unity.modules.terrain@1.0.0) by extension 'colcon_pkg'
[15.284s] Level 1:colcon.colcon_core.package_identification:_identify(Library/PackageCache/com.unity.modules.terrain@1.0.0) by extensions ['colcon_meta']
[15.285s] Level 1:colcon.colcon_core.package_identification:_identify(Library/PackageCache/com.unity.modules.terrain@1.0.0) by extension 'colcon_meta'
[15.289s] Level 1:colcon.colcon_core.package_identification:_identify(Library/PackageCache/com.unity.modules.terrain@1.0.0) by extensions ['ros']
[15.290s] Level 1:colcon.colcon_core.package_identification:_identify(Library/PackageCache/com.unity.modules.terrain@1.0.0) by extension 'ros'
[15.299s] Level 1:colcon.colcon_core.package_identification:_identify(Library/PackageCache/com.unity.modules.terrain@1.0.0) by extensions ['cmake', 'python']
[15.300s] Level 1:colcon.colcon_core.package_identification:_identify(Library/PackageCache/com.unity.modules.terrain@1.0.0) by extension 'cmake'
[15.303s] Level 1:colcon.colcon_core.package_identification:_identify(Library/PackageCache/com.unity.modules.terrain@1.0.0) by extension 'python'
[15.306s] Level 1:colcon.colcon_core.package_identification:_identify(Library/PackageCache/com.unity.modules.terrain@1.0.0) by extensions ['python_setup_py']
[15.306s] Level 1:colcon.colcon_core.package_identification:_identify(Library/PackageCache/com.unity.modules.terrain@1.0.0) by extension 'python_setup_py'
[15.316s] Level 1:colcon.colcon_core.package_identification:_identify(Library/PackageCache/com.unity.modules.terrainphysics@1.0.0) by extensions ['ignore', 'ignore_ament_install']
[15.316s] Level 1:colcon.colcon_core.package_identification:_identify(Library/PackageCache/com.unity.modules.terrainphysics@1.0.0) by extension 'ignore'
[15.319s] Level 1:colcon.colcon_core.package_identification:_identify(Library/PackageCache/com.unity.modules.terrainphysics@1.0.0) by extension 'ignore_ament_install'
[15.323s] Level 1:colcon.colcon_core.package_identification:_identify(Library/PackageCache/com.unity.modules.terrainphysics@1.0.0) by extensions ['colcon_pkg']
[15.323s] Level 1:colcon.colcon_core.package_identification:_identify(Library/PackageCache/com.unity.modules.terrainphysics@1.0.0) by extension 'colcon_pkg'
[15.325s] Level 1:colcon.colcon_core.package_identification:_identify(Library/PackageCache/com.unity.modules.terrainphysics@1.0.0) by extensions ['colcon_meta']
[15.326s] Level 1:colcon.colcon_core.package_identification:_identify(Library/PackageCache/com.unity.modules.terrainphysics@1.0.0) by extension 'colcon_meta'
[15.330s] Level 1:colcon.colcon_core.package_identification:_identify(Library/PackageCache/com.unity.modules.terrainphysics@1.0.0) by extensions ['ros']
[15.330s] Level 1:colcon.colcon_core.package_identification:_identify(Library/PackageCache/com.unity.modules.terrainphysics@1.0.0) by extension 'ros'
[15.338s] Level 1:colcon.colcon_core.package_identification:_identify(Library/PackageCache/com.unity.modules.terrainphysics@1.0.0) by extensions ['cmake', 'python']
[15.339s] Level 1:colcon.colcon_core.package_identification:_identify(Library/PackageCache/com.unity.modules.terrainphysics@1.0.0) by extension 'cmake'
[15.342s] Level 1:colcon.colcon_core.package_identification:_identify(Library/PackageCache/com.unity.modules.terrainphysics@1.0.0) by extension 'python'
[15.345s] Level 1:colcon.colcon_core.package_identification:_identify(Library/PackageCache/com.unity.modules.terrainphysics@1.0.0) by extensions ['python_setup_py']
[15.345s] Level 1:colcon.colcon_core.package_identification:_identify(Library/PackageCache/com.unity.modules.terrainphysics@1.0.0) by extension 'python_setup_py'
[15.354s] Level 1:colcon.colcon_core.package_identification:_identify(Library/PackageCache/com.unity.modules.tilemap@1.0.0) by extensions ['ignore', 'ignore_ament_install']
[15.355s] Level 1:colcon.colcon_core.package_identification:_identify(Library/PackageCache/com.unity.modules.tilemap@1.0.0) by extension 'ignore'
[15.358s] Level 1:colcon.colcon_core.package_identification:_identify(Library/PackageCache/com.unity.modules.tilemap@1.0.0) by extension 'ignore_ament_install'
[15.363s] Level 1:colcon.colcon_core.package_identification:_identify(Library/PackageCache/com.unity.modules.tilemap@1.0.0) by extensions ['colcon_pkg']
[15.363s] Level 1:colcon.colcon_core.package_identification:_identify(Library/PackageCache/com.unity.modules.tilemap@1.0.0) by extension 'colcon_pkg'
[15.366s] Level 1:colcon.colcon_core.package_identification:_identify(Library/PackageCache/com.unity.modules.tilemap@1.0.0) by extensions ['colcon_meta']
[15.366s] Level 1:colcon.colcon_core.package_identification:_identify(Library/PackageCache/com.unity.modules.tilemap@1.0.0) by extension 'colcon_meta'
[15.371s] Level 1:colcon.colcon_core.package_identification:_identify(Library/PackageCache/com.unity.modules.tilemap@1.0.0) by extensions ['ros']
[15.371s] Level 1:colcon.colcon_core.package_identification:_identify(Library/PackageCache/com.unity.modules.tilemap@1.0.0) by extension 'ros'
[15.380s] Level 1:colcon.colcon_core.package_identification:_identify(Library/PackageCache/com.unity.modules.tilemap@1.0.0) by extensions ['cmake', 'python']
[15.381s] Level 1:colcon.colcon_core.package_identification:_identify(Library/PackageCache/com.unity.modules.tilemap@1.0.0) by extension 'cmake'
[15.383s] Level 1:colcon.colcon_core.package_identification:_identify(Library/PackageCache/com.unity.modules.tilemap@1.0.0) by extension 'python'
[15.388s] Level 1:colcon.colcon_core.package_identification:_identify(Library/PackageCache/com.unity.modules.tilemap@1.0.0) by extensions ['python_setup_py']
[15.388s] Level 1:colcon.colcon_core.package_identification:_identify(Library/PackageCache/com.unity.modules.tilemap@1.0.0) by extension 'python_setup_py'
[15.402s] Level 1:colcon.colcon_core.package_identification:_identify(Library/PackageCache/com.unity.modules.ui@1.0.0) by extensions ['ignore', 'ignore_ament_install']
[15.403s] Level 1:colcon.colcon_core.package_identification:_identify(Library/PackageCache/com.unity.modules.ui@1.0.0) by extension 'ignore'
[15.405s] Level 1:colcon.colcon_core.package_identification:_identify(Library/PackageCache/com.unity.modules.ui@1.0.0) by extension 'ignore_ament_install'
[15.408s] Level 1:colcon.colcon_core.package_identification:_identify(Library/PackageCache/com.unity.modules.ui@1.0.0) by extensions ['colcon_pkg']
[15.409s] Level 1:colcon.colcon_core.package_identification:_identify(Library/PackageCache/com.unity.modules.ui@1.0.0) by extension 'colcon_pkg'
[15.411s] Level 1:colcon.colcon_core.package_identification:_identify(Library/PackageCache/com.unity.modules.ui@1.0.0) by extensions ['colcon_meta']
[15.411s] Level 1:colcon.colcon_core.package_identification:_identify(Library/PackageCache/com.unity.modules.ui@1.0.0) by extension 'colcon_meta'
[15.415s] Level 1:colcon.colcon_core.package_identification:_identify(Library/PackageCache/com.unity.modules.ui@1.0.0) by extensions ['ros']
[15.415s] Level 1:colcon.colcon_core.package_identification:_identify(Library/PackageCache/com.unity.modules.ui@1.0.0) by extension 'ros'
[15.425s] Level 1:colcon.colcon_core.package_identification:_identify(Library/PackageCache/com.unity.modules.ui@1.0.0) by extensions ['cmake', 'python']
[15.426s] Level 1:colcon.colcon_core.package_identification:_identify(Library/PackageCache/com.unity.modules.ui@1.0.0) by extension 'cmake'
[15.429s] Level 1:colcon.colcon_core.package_identification:_identify(Library/PackageCache/com.unity.modules.ui@1.0.0) by extension 'python'
[15.431s] Level 1:colcon.colcon_core.package_identification:_identify(Library/PackageCache/com.unity.modules.ui@1.0.0) by extensions ['python_setup_py']
[15.432s] Level 1:colcon.colcon_core.package_identification:_identify(Library/PackageCache/com.unity.modules.ui@1.0.0) by extension 'python_setup_py'
[15.441s] Level 1:colcon.colcon_core.package_identification:_identify(Library/PackageCache/com.unity.modules.uielements@1.0.0) by extensions ['ignore', 'ignore_ament_install']
[15.442s] Level 1:colcon.colcon_core.package_identification:_identify(Library/PackageCache/com.unity.modules.uielements@1.0.0) by extension 'ignore'
[15.444s] Level 1:colcon.colcon_core.package_identification:_identify(Library/PackageCache/com.unity.modules.uielements@1.0.0) by extension 'ignore_ament_install'
[15.448s] Level 1:colcon.colcon_core.package_identification:_identify(Library/PackageCache/com.unity.modules.uielements@1.0.0) by extensions ['colcon_pkg']
[15.449s] Level 1:colcon.colcon_core.package_identification:_identify(Library/PackageCache/com.unity.modules.uielements@1.0.0) by extension 'colcon_pkg'
[15.451s] Level 1:colcon.colcon_core.package_identification:_identify(Library/PackageCache/com.unity.modules.uielements@1.0.0) by extensions ['colcon_meta']
[15.452s] Level 1:colcon.colcon_core.package_identification:_identify(Library/PackageCache/com.unity.modules.uielements@1.0.0) by extension 'colcon_meta'
[15.455s] Level 1:colcon.colcon_core.package_identification:_identify(Library/PackageCache/com.unity.modules.uielements@1.0.0) by extensions ['ros']
[15.456s] Level 1:colcon.colcon_core.package_identification:_identify(Library/PackageCache/com.unity.modules.uielements@1.0.0) by extension 'ros'
[15.465s] Level 1:colcon.colcon_core.package_identification:_identify(Library/PackageCache/com.unity.modules.uielements@1.0.0) by extensions ['cmake', 'python']
[15.466s] Level 1:colcon.colcon_core.package_identification:_identify(Library/PackageCache/com.unity.modules.uielements@1.0.0) by extension 'cmake'
[15.468s] Level 1:colcon.colcon_core.package_identification:_identify(Library/PackageCache/com.unity.modules.uielements@1.0.0) by extension 'python'
[15.470s] Level 1:colcon.colcon_core.package_identification:_identify(Library/PackageCache/com.unity.modules.uielements@1.0.0) by extensions ['python_setup_py']
[15.471s] Level 1:colcon.colcon_core.package_identification:_identify(Library/PackageCache/com.unity.modules.uielements@1.0.0) by extension 'python_setup_py'
[15.479s] Level 1:colcon.colcon_core.package_identification:_identify(Library/PackageCache/com.unity.modules.umbra@1.0.0) by extensions ['ignore', 'ignore_ament_install']
[15.480s] Level 1:colcon.colcon_core.package_identification:_identify(Library/PackageCache/com.unity.modules.umbra@1.0.0) by extension 'ignore'
[15.483s] Level 1:colcon.colcon_core.package_identification:_identify(Library/PackageCache/com.unity.modules.umbra@1.0.0) by extension 'ignore_ament_install'
[15.487s] Level 1:colcon.colcon_core.package_identification:_identify(Library/PackageCache/com.unity.modules.umbra@1.0.0) by extensions ['colcon_pkg']
[15.487s] Level 1:colcon.colcon_core.package_identification:_identify(Library/PackageCache/com.unity.modules.umbra@1.0.0) by extension 'colcon_pkg'
[15.489s] Level 1:colcon.colcon_core.package_identification:_identify(Library/PackageCache/com.unity.modules.umbra@1.0.0) by extensions ['colcon_meta']
[15.490s] Level 1:colcon.colcon_core.package_identification:_identify(Library/PackageCache/com.unity.modules.umbra@1.0.0) by extension 'colcon_meta'
[15.494s] Level 1:colcon.colcon_core.package_identification:_identify(Library/PackageCache/com.unity.modules.umbra@1.0.0) by extensions ['ros']
[15.495s] Level 1:colcon.colcon_core.package_identification:_identify(Library/PackageCache/com.unity.modules.umbra@1.0.0) by extension 'ros'
[15.503s] Level 1:colcon.colcon_core.package_identification:_identify(Library/PackageCache/com.unity.modules.umbra@1.0.0) by extensions ['cmake', 'python']
[15.504s] Level 1:colcon.colcon_core.package_identification:_identify(Library/PackageCache/com.unity.modules.umbra@1.0.0) by extension 'cmake'
[15.506s] Level 1:colcon.colcon_core.package_identification:_identify(Library/PackageCache/com.unity.modules.umbra@1.0.0) by extension 'python'
[15.509s] Level 1:colcon.colcon_core.package_identification:_identify(Library/PackageCache/com.unity.modules.umbra@1.0.0) by extensions ['python_setup_py']
[15.510s] Level 1:colcon.colcon_core.package_identification:_identify(Library/PackageCache/com.unity.modules.umbra@1.0.0) by extension 'python_setup_py'
[15.519s] Level 1:colcon.colcon_core.package_identification:_identify(Library/PackageCache/com.unity.modules.unityanalytics@1.0.0) by extensions ['ignore', 'ignore_ament_install']
[15.520s] Level 1:colcon.colcon_core.package_identification:_identify(Library/PackageCache/com.unity.modules.unityanalytics@1.0.0) by extension 'ignore'
[15.522s] Level 1:colcon.colcon_core.package_identification:_identify(Library/PackageCache/com.unity.modules.unityanalytics@1.0.0) by extension 'ignore_ament_install'
[15.526s] Level 1:colcon.colcon_core.package_identification:_identify(Library/PackageCache/com.unity.modules.unityanalytics@1.0.0) by extensions ['colcon_pkg']
[15.527s] Level 1:colcon.colcon_core.package_identification:_identify(Library/PackageCache/com.unity.modules.unityanalytics@1.0.0) by extension 'colcon_pkg'
[15.529s] Level 1:colcon.colcon_core.package_identification:_identify(Library/PackageCache/com.unity.modules.unityanalytics@1.0.0) by extensions ['colcon_meta']
[15.530s] Level 1:colcon.colcon_core.package_identification:_identify(Library/PackageCache/com.unity.modules.unityanalytics@1.0.0) by extension 'colcon_meta'
[15.533s] Level 1:colcon.colcon_core.package_identification:_identify(Library/PackageCache/com.unity.modules.unityanalytics@1.0.0) by extensions ['ros']
[15.534s] Level 1:colcon.colcon_core.package_identification:_identify(Library/PackageCache/com.unity.modules.unityanalytics@1.0.0) by extension 'ros'
[15.543s] Level 1:colcon.colcon_core.package_identification:_identify(Library/PackageCache/com.unity.modules.unityanalytics@1.0.0) by extensions ['cmake', 'python']
[15.544s] Level 1:colcon.colcon_core.package_identification:_identify(Library/PackageCache/com.unity.modules.unityanalytics@1.0.0) by extension 'cmake'
[15.547s] Level 1:colcon.colcon_core.package_identification:_identify(Library/PackageCache/com.unity.modules.unityanalytics@1.0.0) by extension 'python'
[15.549s] Level 1:colcon.colcon_core.package_identification:_identify(Library/PackageCache/com.unity.modules.unityanalytics@1.0.0) by extensions ['python_setup_py']
[15.550s] Level 1:colcon.colcon_core.package_identification:_identify(Library/PackageCache/com.unity.modules.unityanalytics@1.0.0) by extension 'python_setup_py'
[15.559s] Level 1:colcon.colcon_core.package_identification:_identify(Library/PackageCache/com.unity.modules.unitywebrequest@1.0.0) by extensions ['ignore', 'ignore_ament_install']
[15.560s] Level 1:colcon.colcon_core.package_identification:_identify(Library/PackageCache/com.unity.modules.unitywebrequest@1.0.0) by extension 'ignore'
[15.562s] Level 1:colcon.colcon_core.package_identification:_identify(Library/PackageCache/com.unity.modules.unitywebrequest@1.0.0) by extension 'ignore_ament_install'
[15.565s] Level 1:colcon.colcon_core.package_identification:_identify(Library/PackageCache/com.unity.modules.unitywebrequest@1.0.0) by extensions ['colcon_pkg']
[15.566s] Level 1:colcon.colcon_core.package_identification:_identify(Library/PackageCache/com.unity.modules.unitywebrequest@1.0.0) by extension 'colcon_pkg'
[15.569s] Level 1:colcon.colcon_core.package_identification:_identify(Library/PackageCache/com.unity.modules.unitywebrequest@1.0.0) by extensions ['colcon_meta']
[15.569s] Level 1:colcon.colcon_core.package_identification:_identify(Library/PackageCache/com.unity.modules.unitywebrequest@1.0.0) by extension 'colcon_meta'
[15.574s] Level 1:colcon.colcon_core.package_identification:_identify(Library/PackageCache/com.unity.modules.unitywebrequest@1.0.0) by extensions ['ros']
[15.574s] Level 1:colcon.colcon_core.package_identification:_identify(Library/PackageCache/com.unity.modules.unitywebrequest@1.0.0) by extension 'ros'
[15.582s] Level 1:colcon.colcon_core.package_identification:_identify(Library/PackageCache/com.unity.modules.unitywebrequest@1.0.0) by extensions ['cmake', 'python']
[15.583s] Level 1:colcon.colcon_core.package_identification:_identify(Library/PackageCache/com.unity.modules.unitywebrequest@1.0.0) by extension 'cmake'
[15.585s] Level 1:colcon.colcon_core.package_identification:_identify(Library/PackageCache/com.unity.modules.unitywebrequest@1.0.0) by extension 'python'
[15.587s] Level 1:colcon.colcon_core.package_identification:_identify(Library/PackageCache/com.unity.modules.unitywebrequest@1.0.0) by extensions ['python_setup_py']
[15.588s] Level 1:colcon.colcon_core.package_identification:_identify(Library/PackageCache/com.unity.modules.unitywebrequest@1.0.0) by extension 'python_setup_py'
[15.596s] Level 1:colcon.colcon_core.package_identification:_identify(Library/PackageCache/com.unity.modules.unitywebrequestassetbundle@1.0.0) by extensions ['ignore', 'ignore_ament_install']
[15.597s] Level 1:colcon.colcon_core.package_identification:_identify(Library/PackageCache/com.unity.modules.unitywebrequestassetbundle@1.0.0) by extension 'ignore'
[15.599s] Level 1:colcon.colcon_core.package_identification:_identify(Library/PackageCache/com.unity.modules.unitywebrequestassetbundle@1.0.0) by extension 'ignore_ament_install'
[15.603s] Level 1:colcon.colcon_core.package_identification:_identify(Library/PackageCache/com.unity.modules.unitywebrequestassetbundle@1.0.0) by extensions ['colcon_pkg']
[15.603s] Level 1:colcon.colcon_core.package_identification:_identify(Library/PackageCache/com.unity.modules.unitywebrequestassetbundle@1.0.0) by extension 'colcon_pkg'
[15.605s] Level 1:colcon.colcon_core.package_identification:_identify(Library/PackageCache/com.unity.modules.unitywebrequestassetbundle@1.0.0) by extensions ['colcon_meta']
[15.606s] Level 1:colcon.colcon_core.package_identification:_identify(Library/PackageCache/com.unity.modules.unitywebrequestassetbundle@1.0.0) by extension 'colcon_meta'
[15.609s] Level 1:colcon.colcon_core.package_identification:_identify(Library/PackageCache/com.unity.modules.unitywebrequestassetbundle@1.0.0) by extensions ['ros']
[15.610s] Level 1:colcon.colcon_core.package_identification:_identify(Library/PackageCache/com.unity.modules.unitywebrequestassetbundle@1.0.0) by extension 'ros'
[15.618s] Level 1:colcon.colcon_core.package_identification:_identify(Library/PackageCache/com.unity.modules.unitywebrequestassetbundle@1.0.0) by extensions ['cmake', 'python']
[15.619s] Level 1:colcon.colcon_core.package_identification:_identify(Library/PackageCache/com.unity.modules.unitywebrequestassetbundle@1.0.0) by extension 'cmake'
[15.621s] Level 1:colcon.colcon_core.package_identification:_identify(Library/PackageCache/com.unity.modules.unitywebrequestassetbundle@1.0.0) by extension 'python'
[15.623s] Level 1:colcon.colcon_core.package_identification:_identify(Library/PackageCache/com.unity.modules.unitywebrequestassetbundle@1.0.0) by extensions ['python_setup_py']
[15.624s] Level 1:colcon.colcon_core.package_identification:_identify(Library/PackageCache/com.unity.modules.unitywebrequestassetbundle@1.0.0) by extension 'python_setup_py'
[15.632s] Level 1:colcon.colcon_core.package_identification:_identify(Library/PackageCache/com.unity.modules.unitywebrequestaudio@1.0.0) by extensions ['ignore', 'ignore_ament_install']
[15.633s] Level 1:colcon.colcon_core.package_identification:_identify(Library/PackageCache/com.unity.modules.unitywebrequestaudio@1.0.0) by extension 'ignore'
[15.635s] Level 1:colcon.colcon_core.package_identification:_identify(Library/PackageCache/com.unity.modules.unitywebrequestaudio@1.0.0) by extension 'ignore_ament_install'
[15.640s] Level 1:colcon.colcon_core.package_identification:_identify(Library/PackageCache/com.unity.modules.unitywebrequestaudio@1.0.0) by extensions ['colcon_pkg']
[15.641s] Level 1:colcon.colcon_core.package_identification:_identify(Library/PackageCache/com.unity.modules.unitywebrequestaudio@1.0.0) by extension 'colcon_pkg'
[15.643s] Level 1:colcon.colcon_core.package_identification:_identify(Library/PackageCache/com.unity.modules.unitywebrequestaudio@1.0.0) by extensions ['colcon_meta']
[15.644s] Level 1:colcon.colcon_core.package_identification:_identify(Library/PackageCache/com.unity.modules.unitywebrequestaudio@1.0.0) by extension 'colcon_meta'
[15.648s] Level 1:colcon.colcon_core.package_identification:_identify(Library/PackageCache/com.unity.modules.unitywebrequestaudio@1.0.0) by extensions ['ros']
[15.649s] Level 1:colcon.colcon_core.package_identification:_identify(Library/PackageCache/com.unity.modules.unitywebrequestaudio@1.0.0) by extension 'ros'
[15.658s] Level 1:colcon.colcon_core.package_identification:_identify(Library/PackageCache/com.unity.modules.unitywebrequestaudio@1.0.0) by extensions ['cmake', 'python']
[15.659s] Level 1:colcon.colcon_core.package_identification:_identify(Library/PackageCache/com.unity.modules.unitywebrequestaudio@1.0.0) by extension 'cmake'
[15.662s] Level 1:colcon.colcon_core.package_identification:_identify(Library/PackageCache/com.unity.modules.unitywebrequestaudio@1.0.0) by extension 'python'
[15.664s] Level 1:colcon.colcon_core.package_identification:_identify(Library/PackageCache/com.unity.modules.unitywebrequestaudio@1.0.0) by extensions ['python_setup_py']
[15.665s] Level 1:colcon.colcon_core.package_identification:_identify(Library/PackageCache/com.unity.modules.unitywebrequestaudio@1.0.0) by extension 'python_setup_py'
[15.675s] Level 1:colcon.colcon_core.package_identification:_identify(Library/PackageCache/com.unity.modules.unitywebrequesttexture@1.0.0) by extensions ['ignore', 'ignore_ament_install']
[15.675s] Level 1:colcon.colcon_core.package_identification:_identify(Library/PackageCache/com.unity.modules.unitywebrequesttexture@1.0.0) by extension 'ignore'
[15.677s] Level 1:colcon.colcon_core.package_identification:_identify(Library/PackageCache/com.unity.modules.unitywebrequesttexture@1.0.0) by extension 'ignore_ament_install'
[15.681s] Level 1:colcon.colcon_core.package_identification:_identify(Library/PackageCache/com.unity.modules.unitywebrequesttexture@1.0.0) by extensions ['colcon_pkg']
[15.682s] Level 1:colcon.colcon_core.package_identification:_identify(Library/PackageCache/com.unity.modules.unitywebrequesttexture@1.0.0) by extension 'colcon_pkg'
[15.685s] Level 1:colcon.colcon_core.package_identification:_identify(Library/PackageCache/com.unity.modules.unitywebrequesttexture@1.0.0) by extensions ['colcon_meta']
[15.685s] Level 1:colcon.colcon_core.package_identification:_identify(Library/PackageCache/com.unity.modules.unitywebrequesttexture@1.0.0) by extension 'colcon_meta'
[15.690s] Level 1:colcon.colcon_core.package_identification:_identify(Library/PackageCache/com.unity.modules.unitywebrequesttexture@1.0.0) by extensions ['ros']
[15.690s] Level 1:colcon.colcon_core.package_identification:_identify(Library/PackageCache/com.unity.modules.unitywebrequesttexture@1.0.0) by extension 'ros'
[15.700s] Level 1:colcon.colcon_core.package_identification:_identify(Library/PackageCache/com.unity.modules.unitywebrequesttexture@1.0.0) by extensions ['cmake', 'python']
[15.701s] Level 1:colcon.colcon_core.package_identification:_identify(Library/PackageCache/com.unity.modules.unitywebrequesttexture@1.0.0) by extension 'cmake'
[15.703s] Level 1:colcon.colcon_core.package_identification:_identify(Library/PackageCache/com.unity.modules.unitywebrequesttexture@1.0.0) by extension 'python'
[15.706s] Level 1:colcon.colcon_core.package_identification:_identify(Library/PackageCache/com.unity.modules.unitywebrequesttexture@1.0.0) by extensions ['python_setup_py']
[15.707s] Level 1:colcon.colcon_core.package_identification:_identify(Library/PackageCache/com.unity.modules.unitywebrequesttexture@1.0.0) by extension 'python_setup_py'
[15.715s] Level 1:colcon.colcon_core.package_identification:_identify(Library/PackageCache/com.unity.modules.unitywebrequestwww@1.0.0) by extensions ['ignore', 'ignore_ament_install']
[15.716s] Level 1:colcon.colcon_core.package_identification:_identify(Library/PackageCache/com.unity.modules.unitywebrequestwww@1.0.0) by extension 'ignore'
[15.719s] Level 1:colcon.colcon_core.package_identification:_identify(Library/PackageCache/com.unity.modules.unitywebrequestwww@1.0.0) by extension 'ignore_ament_install'
[15.724s] Level 1:colcon.colcon_core.package_identification:_identify(Library/PackageCache/com.unity.modules.unitywebrequestwww@1.0.0) by extensions ['colcon_pkg']
[15.725s] Level 1:colcon.colcon_core.package_identification:_identify(Library/PackageCache/com.unity.modules.unitywebrequestwww@1.0.0) by extension 'colcon_pkg'
[15.727s] Level 1:colcon.colcon_core.package_identification:_identify(Library/PackageCache/com.unity.modules.unitywebrequestwww@1.0.0) by extensions ['colcon_meta']
[15.727s] Level 1:colcon.colcon_core.package_identification:_identify(Library/PackageCache/com.unity.modules.unitywebrequestwww@1.0.0) by extension 'colcon_meta'
[15.731s] Level 1:colcon.colcon_core.package_identification:_identify(Library/PackageCache/com.unity.modules.unitywebrequestwww@1.0.0) by extensions ['ros']
[15.732s] Level 1:colcon.colcon_core.package_identification:_identify(Library/PackageCache/com.unity.modules.unitywebrequestwww@1.0.0) by extension 'ros'
[15.740s] Level 1:colcon.colcon_core.package_identification:_identify(Library/PackageCache/com.unity.modules.unitywebrequestwww@1.0.0) by extensions ['cmake', 'python']
[15.741s] Level 1:colcon.colcon_core.package_identification:_identify(Library/PackageCache/com.unity.modules.unitywebrequestwww@1.0.0) by extension 'cmake'
[15.742s] Level 1:colcon.colcon_core.package_identification:_identify(Library/PackageCache/com.unity.modules.unitywebrequestwww@1.0.0) by extension 'python'
[15.744s] Level 1:colcon.colcon_core.package_identification:_identify(Library/PackageCache/com.unity.modules.unitywebrequestwww@1.0.0) by extensions ['python_setup_py']
[15.745s] Level 1:colcon.colcon_core.package_identification:_identify(Library/PackageCache/com.unity.modules.unitywebrequestwww@1.0.0) by extension 'python_setup_py'
[15.753s] Level 1:colcon.colcon_core.package_identification:_identify(Library/PackageCache/com.unity.modules.vehicles@1.0.0) by extensions ['ignore', 'ignore_ament_install']
[15.754s] Level 1:colcon.colcon_core.package_identification:_identify(Library/PackageCache/com.unity.modules.vehicles@1.0.0) by extension 'ignore'
[15.757s] Level 1:colcon.colcon_core.package_identification:_identify(Library/PackageCache/com.unity.modules.vehicles@1.0.0) by extension 'ignore_ament_install'
[15.761s] Level 1:colcon.colcon_core.package_identification:_identify(Library/PackageCache/com.unity.modules.vehicles@1.0.0) by extensions ['colcon_pkg']
[15.762s] Level 1:colcon.colcon_core.package_identification:_identify(Library/PackageCache/com.unity.modules.vehicles@1.0.0) by extension 'colcon_pkg'
[15.764s] Level 1:colcon.colcon_core.package_identification:_identify(Library/PackageCache/com.unity.modules.vehicles@1.0.0) by extensions ['colcon_meta']
[15.765s] Level 1:colcon.colcon_core.package_identification:_identify(Library/PackageCache/com.unity.modules.vehicles@1.0.0) by extension 'colcon_meta'
[15.770s] Level 1:colcon.colcon_core.package_identification:_identify(Library/PackageCache/com.unity.modules.vehicles@1.0.0) by extensions ['ros']
[15.770s] Level 1:colcon.colcon_core.package_identification:_identify(Library/PackageCache/com.unity.modules.vehicles@1.0.0) by extension 'ros'
[15.779s] Level 1:colcon.colcon_core.package_identification:_identify(Library/PackageCache/com.unity.modules.vehicles@1.0.0) by extensions ['cmake', 'python']
[15.779s] Level 1:colcon.colcon_core.package_identification:_identify(Library/PackageCache/com.unity.modules.vehicles@1.0.0) by extension 'cmake'
[15.783s] Level 1:colcon.colcon_core.package_identification:_identify(Library/PackageCache/com.unity.modules.vehicles@1.0.0) by extension 'python'
[15.788s] Level 1:colcon.colcon_core.package_identification:_identify(Library/PackageCache/com.unity.modules.vehicles@1.0.0) by extensions ['python_setup_py']
[15.789s] Level 1:colcon.colcon_core.package_identification:_identify(Library/PackageCache/com.unity.modules.vehicles@1.0.0) by extension 'python_setup_py'
[15.800s] Level 1:colcon.colcon_core.package_identification:_identify(Library/PackageCache/com.unity.modules.video@1.0.0) by extensions ['ignore', 'ignore_ament_install']
[15.801s] Level 1:colcon.colcon_core.package_identification:_identify(Library/PackageCache/com.unity.modules.video@1.0.0) by extension 'ignore'
[15.803s] Level 1:colcon.colcon_core.package_identification:_identify(Library/PackageCache/com.unity.modules.video@1.0.0) by extension 'ignore_ament_install'
[15.807s] Level 1:colcon.colcon_core.package_identification:_identify(Library/PackageCache/com.unity.modules.video@1.0.0) by extensions ['colcon_pkg']
[15.808s] Level 1:colcon.colcon_core.package_identification:_identify(Library/PackageCache/com.unity.modules.video@1.0.0) by extension 'colcon_pkg'
[15.810s] Level 1:colcon.colcon_core.package_identification:_identify(Library/PackageCache/com.unity.modules.video@1.0.0) by extensions ['colcon_meta']
[15.810s] Level 1:colcon.colcon_core.package_identification:_identify(Library/PackageCache/com.unity.modules.video@1.0.0) by extension 'colcon_meta'
[15.815s] Level 1:colcon.colcon_core.package_identification:_identify(Library/PackageCache/com.unity.modules.video@1.0.0) by extensions ['ros']
[15.815s] Level 1:colcon.colcon_core.package_identification:_identify(Library/PackageCache/com.unity.modules.video@1.0.0) by extension 'ros'
[15.824s] Level 1:colcon.colcon_core.package_identification:_identify(Library/PackageCache/com.unity.modules.video@1.0.0) by extensions ['cmake', 'python']
[15.825s] Level 1:colcon.colcon_core.package_identification:_identify(Library/PackageCache/com.unity.modules.video@1.0.0) by extension 'cmake'
[15.827s] Level 1:colcon.colcon_core.package_identification:_identify(Library/PackageCache/com.unity.modules.video@1.0.0) by extension 'python'
[15.829s] Level 1:colcon.colcon_core.package_identification:_identify(Library/PackageCache/com.unity.modules.video@1.0.0) by extensions ['python_setup_py']
[15.830s] Level 1:colcon.colcon_core.package_identification:_identify(Library/PackageCache/com.unity.modules.video@1.0.0) by extension 'python_setup_py'
[15.839s] Level 1:colcon.colcon_core.package_identification:_identify(Library/PackageCache/com.unity.modules.vr@1.0.0) by extensions ['ignore', 'ignore_ament_install']
[15.840s] Level 1:colcon.colcon_core.package_identification:_identify(Library/PackageCache/com.unity.modules.vr@1.0.0) by extension 'ignore'
[15.842s] Level 1:colcon.colcon_core.package_identification:_identify(Library/PackageCache/com.unity.modules.vr@1.0.0) by extension 'ignore_ament_install'
[15.845s] Level 1:colcon.colcon_core.package_identification:_identify(Library/PackageCache/com.unity.modules.vr@1.0.0) by extensions ['colcon_pkg']
[15.846s] Level 1:colcon.colcon_core.package_identification:_identify(Library/PackageCache/com.unity.modules.vr@1.0.0) by extension 'colcon_pkg'
[15.849s] Level 1:colcon.colcon_core.package_identification:_identify(Library/PackageCache/com.unity.modules.vr@1.0.0) by extensions ['colcon_meta']
[15.849s] Level 1:colcon.colcon_core.package_identification:_identify(Library/PackageCache/com.unity.modules.vr@1.0.0) by extension 'colcon_meta'
[15.852s] Level 1:colcon.colcon_core.package_identification:_identify(Library/PackageCache/com.unity.modules.vr@1.0.0) by extensions ['ros']
[15.853s] Level 1:colcon.colcon_core.package_identification:_identify(Library/PackageCache/com.unity.modules.vr@1.0.0) by extension 'ros'
[15.862s] Level 1:colcon.colcon_core.package_identification:_identify(Library/PackageCache/com.unity.modules.vr@1.0.0) by extensions ['cmake', 'python']
[15.863s] Level 1:colcon.colcon_core.package_identification:_identify(Library/PackageCache/com.unity.modules.vr@1.0.0) by extension 'cmake'
[15.866s] Level 1:colcon.colcon_core.package_identification:_identify(Library/PackageCache/com.unity.modules.vr@1.0.0) by extension 'python'
[15.868s] Level 1:colcon.colcon_core.package_identification:_identify(Library/PackageCache/com.unity.modules.vr@1.0.0) by extensions ['python_setup_py']
[15.869s] Level 1:colcon.colcon_core.package_identification:_identify(Library/PackageCache/com.unity.modules.vr@1.0.0) by extension 'python_setup_py'
[15.877s] Level 1:colcon.colcon_core.package_identification:_identify(Library/PackageCache/com.unity.modules.wind@1.0.0) by extensions ['ignore', 'ignore_ament_install']
[15.878s] Level 1:colcon.colcon_core.package_identification:_identify(Library/PackageCache/com.unity.modules.wind@1.0.0) by extension 'ignore'
[15.880s] Level 1:colcon.colcon_core.package_identification:_identify(Library/PackageCache/com.unity.modules.wind@1.0.0) by extension 'ignore_ament_install'
[15.884s] Level 1:colcon.colcon_core.package_identification:_identify(Library/PackageCache/com.unity.modules.wind@1.0.0) by extensions ['colcon_pkg']
[15.885s] Level 1:colcon.colcon_core.package_identification:_identify(Library/PackageCache/com.unity.modules.wind@1.0.0) by extension 'colcon_pkg'
[15.887s] Level 1:colcon.colcon_core.package_identification:_identify(Library/PackageCache/com.unity.modules.wind@1.0.0) by extensions ['colcon_meta']
[15.888s] Level 1:colcon.colcon_core.package_identification:_identify(Library/PackageCache/com.unity.modules.wind@1.0.0) by extension 'colcon_meta'
[15.891s] Level 1:colcon.colcon_core.package_identification:_identify(Library/PackageCache/com.unity.modules.wind@1.0.0) by extensions ['ros']
[15.891s] Level 1:colcon.colcon_core.package_identification:_identify(Library/PackageCache/com.unity.modules.wind@1.0.0) by extension 'ros'
[15.903s] Level 1:colcon.colcon_core.package_identification:_identify(Library/PackageCache/com.unity.modules.wind@1.0.0) by extensions ['cmake', 'python']
[15.904s] Level 1:colcon.colcon_core.package_identification:_identify(Library/PackageCache/com.unity.modules.wind@1.0.0) by extension 'cmake'
[15.907s] Level 1:colcon.colcon_core.package_identification:_identify(Library/PackageCache/com.unity.modules.wind@1.0.0) by extension 'python'
[15.909s] Level 1:colcon.colcon_core.package_identification:_identify(Library/PackageCache/com.unity.modules.wind@1.0.0) by extensions ['python_setup_py']
[15.910s] Level 1:colcon.colcon_core.package_identification:_identify(Library/PackageCache/com.unity.modules.wind@1.0.0) by extension 'python_setup_py'
[15.918s] Level 1:colcon.colcon_core.package_identification:_identify(Library/PackageCache/com.unity.modules.xr@1.0.0) by extensions ['ignore', 'ignore_ament_install']
[15.919s] Level 1:colcon.colcon_core.package_identification:_identify(Library/PackageCache/com.unity.modules.xr@1.0.0) by extension 'ignore'
[15.921s] Level 1:colcon.colcon_core.package_identification:_identify(Library/PackageCache/com.unity.modules.xr@1.0.0) by extension 'ignore_ament_install'
[15.925s] Level 1:colcon.colcon_core.package_identification:_identify(Library/PackageCache/com.unity.modules.xr@1.0.0) by extensions ['colcon_pkg']
[15.926s] Level 1:colcon.colcon_core.package_identification:_identify(Library/PackageCache/com.unity.modules.xr@1.0.0) by extension 'colcon_pkg'
[15.928s] Level 1:colcon.colcon_core.package_identification:_identify(Library/PackageCache/com.unity.modules.xr@1.0.0) by extensions ['colcon_meta']
[15.928s] Level 1:colcon.colcon_core.package_identification:_identify(Library/PackageCache/com.unity.modules.xr@1.0.0) by extension 'colcon_meta'
[15.933s] Level 1:colcon.colcon_core.package_identification:_identify(Library/PackageCache/com.unity.modules.xr@1.0.0) by extensions ['ros']
[15.934s] Level 1:colcon.colcon_core.package_identification:_identify(Library/PackageCache/com.unity.modules.xr@1.0.0) by extension 'ros'
[15.943s] Level 1:colcon.colcon_core.package_identification:_identify(Library/PackageCache/com.unity.modules.xr@1.0.0) by extensions ['cmake', 'python']
[15.944s] Level 1:colcon.colcon_core.package_identification:_identify(Library/PackageCache/com.unity.modules.xr@1.0.0) by extension 'cmake'
[15.946s] Level 1:colcon.colcon_core.package_identification:_identify(Library/PackageCache/com.unity.modules.xr@1.0.0) by extension 'python'
[15.949s] Level 1:colcon.colcon_core.package_identification:_identify(Library/PackageCache/com.unity.modules.xr@1.0.0) by extensions ['python_setup_py']
[15.949s] Level 1:colcon.colcon_core.package_identification:_identify(Library/PackageCache/com.unity.modules.xr@1.0.0) by extension 'python_setup_py'
[15.956s] Level 1:colcon.colcon_core.package_identification:_identify(Library/PackageManager) by extensions ['ignore', 'ignore_ament_install']
[15.957s] Level 1:colcon.colcon_core.package_identification:_identify(Library/PackageManager) by extension 'ignore'
[15.959s] Level 1:colcon.colcon_core.package_identification:_identify(Library/PackageManager) by extension 'ignore_ament_install'
[15.963s] Level 1:colcon.colcon_core.package_identification:_identify(Library/PackageManager) by extensions ['colcon_pkg']
[15.963s] Level 1:colcon.colcon_core.package_identification:_identify(Library/PackageManager) by extension 'colcon_pkg'
[15.966s] Level 1:colcon.colcon_core.package_identification:_identify(Library/PackageManager) by extensions ['colcon_meta']
[15.966s] Level 1:colcon.colcon_core.package_identification:_identify(Library/PackageManager) by extension 'colcon_meta'
[15.970s] Level 1:colcon.colcon_core.package_identification:_identify(Library/PackageManager) by extensions ['ros']
[15.971s] Level 1:colcon.colcon_core.package_identification:_identify(Library/PackageManager) by extension 'ros'
[15.977s] Level 1:colcon.colcon_core.package_identification:_identify(Library/PackageManager) by extensions ['cmake', 'python']
[15.978s] Level 1:colcon.colcon_core.package_identification:_identify(Library/PackageManager) by extension 'cmake'
[15.979s] Level 1:colcon.colcon_core.package_identification:_identify(Library/PackageManager) by extension 'python'
[15.981s] Level 1:colcon.colcon_core.package_identification:_identify(Library/PackageManager) by extensions ['python_setup_py']
[15.982s] Level 1:colcon.colcon_core.package_identification:_identify(Library/PackageManager) by extension 'python_setup_py'
[15.987s] Level 1:colcon.colcon_core.package_identification:_identify(Library/ScriptAssemblies) by extensions ['ignore', 'ignore_ament_install']
[15.988s] Level 1:colcon.colcon_core.package_identification:_identify(Library/ScriptAssemblies) by extension 'ignore'
[15.990s] Level 1:colcon.colcon_core.package_identification:_identify(Library/ScriptAssemblies) by extension 'ignore_ament_install'
[15.993s] Level 1:colcon.colcon_core.package_identification:_identify(Library/ScriptAssemblies) by extensions ['colcon_pkg']
[15.994s] Level 1:colcon.colcon_core.package_identification:_identify(Library/ScriptAssemblies) by extension 'colcon_pkg'
[15.996s] Level 1:colcon.colcon_core.package_identification:_identify(Library/ScriptAssemblies) by extensions ['colcon_meta']
[15.997s] Level 1:colcon.colcon_core.package_identification:_identify(Library/ScriptAssemblies) by extension 'colcon_meta'
[15.999s] Level 1:colcon.colcon_core.package_identification:_identify(Library/ScriptAssemblies) by extensions ['ros']
[16.000s] Level 1:colcon.colcon_core.package_identification:_identify(Library/ScriptAssemblies) by extension 'ros'
[16.009s] Level 1:colcon.colcon_core.package_identification:_identify(Library/ScriptAssemblies) by extensions ['cmake', 'python']
[16.009s] Level 1:colcon.colcon_core.package_identification:_identify(Library/ScriptAssemblies) by extension 'cmake'
[16.011s] Level 1:colcon.colcon_core.package_identification:_identify(Library/ScriptAssemblies) by extension 'python'
[16.012s] Level 1:colcon.colcon_core.package_identification:_identify(Library/ScriptAssemblies) by extensions ['python_setup_py']
[16.013s] Level 1:colcon.colcon_core.package_identification:_identify(Library/ScriptAssemblies) by extension 'python_setup_py'
[16.020s] Level 1:colcon.colcon_core.package_identification:_identify(Library/ShaderCache) by extensions ['ignore', 'ignore_ament_install']
[16.022s] Level 1:colcon.colcon_core.package_identification:_identify(Library/ShaderCache) by extension 'ignore'
[16.024s] Level 1:colcon.colcon_core.package_identification:_identify(Library/ShaderCache) by extension 'ignore_ament_install'
[16.027s] Level 1:colcon.colcon_core.package_identification:_identify(Library/ShaderCache) by extensions ['colcon_pkg']
[16.028s] Level 1:colcon.colcon_core.package_identification:_identify(Library/ShaderCache) by extension 'colcon_pkg'
[16.030s] Level 1:colcon.colcon_core.package_identification:_identify(Library/ShaderCache) by extensions ['colcon_meta']
[16.031s] Level 1:colcon.colcon_core.package_identification:_identify(Library/ShaderCache) by extension 'colcon_meta'
[16.034s] Level 1:colcon.colcon_core.package_identification:_identify(Library/ShaderCache) by extensions ['ros']
[16.035s] Level 1:colcon.colcon_core.package_identification:_identify(Library/ShaderCache) by extension 'ros'
[16.042s] Level 1:colcon.colcon_core.package_identification:_identify(Library/ShaderCache) by extensions ['cmake', 'python']
[16.042s] Level 1:colcon.colcon_core.package_identification:_identify(Library/ShaderCache) by extension 'cmake'
[16.044s] Level 1:colcon.colcon_core.package_identification:_identify(Library/ShaderCache) by extension 'python'
[16.046s] Level 1:colcon.colcon_core.package_identification:_identify(Library/ShaderCache) by extensions ['python_setup_py']
[16.047s] Level 1:colcon.colcon_core.package_identification:_identify(Library/ShaderCache) by extension 'python_setup_py'
[16.055s] Level 1:colcon.colcon_core.package_identification:_identify(Library/TempArtifacts) by extensions ['ignore', 'ignore_ament_install']
[16.055s] Level 1:colcon.colcon_core.package_identification:_identify(Library/TempArtifacts) by extension 'ignore'
[16.058s] Level 1:colcon.colcon_core.package_identification:_identify(Library/TempArtifacts) by extension 'ignore_ament_install'
[16.061s] Level 1:colcon.colcon_core.package_identification:_identify(Library/TempArtifacts) by extensions ['colcon_pkg']
[16.061s] Level 1:colcon.colcon_core.package_identification:_identify(Library/TempArtifacts) by extension 'colcon_pkg'
[16.063s] Level 1:colcon.colcon_core.package_identification:_identify(Library/TempArtifacts) by extensions ['colcon_meta']
[16.064s] Level 1:colcon.colcon_core.package_identification:_identify(Library/TempArtifacts) by extension 'colcon_meta'
[16.067s] Level 1:colcon.colcon_core.package_identification:_identify(Library/TempArtifacts) by extensions ['ros']
[16.067s] Level 1:colcon.colcon_core.package_identification:_identify(Library/TempArtifacts) by extension 'ros'
[16.075s] Level 1:colcon.colcon_core.package_identification:_identify(Library/TempArtifacts) by extensions ['cmake', 'python']
[16.075s] Level 1:colcon.colcon_core.package_identification:_identify(Library/TempArtifacts) by extension 'cmake'
[16.077s] Level 1:colcon.colcon_core.package_identification:_identify(Library/TempArtifacts) by extension 'python'
[16.078s] Level 1:colcon.colcon_core.package_identification:_identify(Library/TempArtifacts) by extensions ['python_setup_py']
[16.079s] Level 1:colcon.colcon_core.package_identification:_identify(Library/TempArtifacts) by extension 'python_setup_py'
[16.084s] Level 1:colcon.colcon_core.package_identification:_identify(Library/TempArtifacts/Extra) by extensions ['ignore', 'ignore_ament_install']
[16.084s] Level 1:colcon.colcon_core.package_identification:_identify(Library/TempArtifacts/Extra) by extension 'ignore'
[16.086s] Level 1:colcon.colcon_core.package_identification:_identify(Library/TempArtifacts/Extra) by extension 'ignore_ament_install'
[16.088s] Level 1:colcon.colcon_core.package_identification:_identify(Library/TempArtifacts/Extra) by extensions ['colcon_pkg']
[16.089s] Level 1:colcon.colcon_core.package_identification:_identify(Library/TempArtifacts/Extra) by extension 'colcon_pkg'
[16.090s] Level 1:colcon.colcon_core.package_identification:_identify(Library/TempArtifacts/Extra) by extensions ['colcon_meta']
[16.091s] Level 1:colcon.colcon_core.package_identification:_identify(Library/TempArtifacts/Extra) by extension 'colcon_meta'
[16.093s] Level 1:colcon.colcon_core.package_identification:_identify(Library/TempArtifacts/Extra) by extensions ['ros']
[16.094s] Level 1:colcon.colcon_core.package_identification:_identify(Library/TempArtifacts/Extra) by extension 'ros'
[16.100s] Level 1:colcon.colcon_core.package_identification:_identify(Library/TempArtifacts/Extra) by extensions ['cmake', 'python']
[16.100s] Level 1:colcon.colcon_core.package_identification:_identify(Library/TempArtifacts/Extra) by extension 'cmake'
[16.101s] Level 1:colcon.colcon_core.package_identification:_identify(Library/TempArtifacts/Extra) by extension 'python'
[16.103s] Level 1:colcon.colcon_core.package_identification:_identify(Library/TempArtifacts/Extra) by extensions ['python_setup_py']
[16.103s] Level 1:colcon.colcon_core.package_identification:_identify(Library/TempArtifacts/Extra) by extension 'python_setup_py'
[16.112s] Level 1:colcon.colcon_core.package_identification:_identify(Library/TempArtifacts/Primary) by extensions ['ignore', 'ignore_ament_install']
[16.113s] Level 1:colcon.colcon_core.package_identification:_identify(Library/TempArtifacts/Primary) by extension 'ignore'
[16.116s] Level 1:colcon.colcon_core.package_identification:_identify(Library/TempArtifacts/Primary) by extension 'ignore_ament_install'
[16.120s] Level 1:colcon.colcon_core.package_identification:_identify(Library/TempArtifacts/Primary) by extensions ['colcon_pkg']
[16.121s] Level 1:colcon.colcon_core.package_identification:_identify(Library/TempArtifacts/Primary) by extension 'colcon_pkg'
[16.123s] Level 1:colcon.colcon_core.package_identification:_identify(Library/TempArtifacts/Primary) by extensions ['colcon_meta']
[16.124s] Level 1:colcon.colcon_core.package_identification:_identify(Library/TempArtifacts/Primary) by extension 'colcon_meta'
[16.129s] Level 1:colcon.colcon_core.package_identification:_identify(Library/TempArtifacts/Primary) by extensions ['ros']
[16.130s] Level 1:colcon.colcon_core.package_identification:_identify(Library/TempArtifacts/Primary) by extension 'ros'
[16.139s] Level 1:colcon.colcon_core.package_identification:_identify(Library/TempArtifacts/Primary) by extensions ['cmake', 'python']
[16.140s] Level 1:colcon.colcon_core.package_identification:_identify(Library/TempArtifacts/Primary) by extension 'cmake'
[16.144s] Level 1:colcon.colcon_core.package_identification:_identify(Library/TempArtifacts/Primary) by extension 'python'
[16.146s] Level 1:colcon.colcon_core.package_identification:_identify(Library/TempArtifacts/Primary) by extensions ['python_setup_py']
[16.147s] Level 1:colcon.colcon_core.package_identification:_identify(Library/TempArtifacts/Primary) by extension 'python_setup_py'
[16.151s] Level 1:colcon.colcon_core.package_identification:_identify(Logs) by extensions ['ignore', 'ignore_ament_install']
[16.152s] Level 1:colcon.colcon_core.package_identification:_identify(Logs) by extension 'ignore'
[16.154s] Level 1:colcon.colcon_core.package_identification:_identify(Logs) by extension 'ignore_ament_install'
[16.156s] Level 1:colcon.colcon_core.package_identification:_identify(Logs) by extensions ['colcon_pkg']
[16.157s] Level 1:colcon.colcon_core.package_identification:_identify(Logs) by extension 'colcon_pkg'
[16.158s] Level 1:colcon.colcon_core.package_identification:_identify(Logs) by extensions ['colcon_meta']
[16.159s] Level 1:colcon.colcon_core.package_identification:_identify(Logs) by extension 'colcon_meta'
[16.160s] Level 1:colcon.colcon_core.package_identification:_identify(Logs) by extensions ['ros']
[16.161s] Level 1:colcon.colcon_core.package_identification:_identify(Logs) by extension 'ros'
[16.165s] Level 1:colcon.colcon_core.package_identification:_identify(Logs) by extensions ['cmake', 'python']
[16.166s] Level 1:colcon.colcon_core.package_identification:_identify(Logs) by extension 'cmake'
[16.168s] Level 1:colcon.colcon_core.package_identification:_identify(Logs) by extension 'python'
[16.169s] Level 1:colcon.colcon_core.package_identification:_identify(Logs) by extensions ['python_setup_py']
[16.170s] Level 1:colcon.colcon_core.package_identification:_identify(Logs) by extension 'python_setup_py'
[16.174s] Level 1:colcon.colcon_core.package_identification:_identify(Packages) by extensions ['ignore', 'ignore_ament_install']
[16.175s] Level 1:colcon.colcon_core.package_identification:_identify(Packages) by extension 'ignore'
[16.176s] Level 1:colcon.colcon_core.package_identification:_identify(Packages) by extension 'ignore_ament_install'
[16.178s] Level 1:colcon.colcon_core.package_identification:_identify(Packages) by extensions ['colcon_pkg']
[16.179s] Level 1:colcon.colcon_core.package_identification:_identify(Packages) by extension 'colcon_pkg'
[16.180s] Level 1:colcon.colcon_core.package_identification:_identify(Packages) by extensions ['colcon_meta']
[16.181s] Level 1:colcon.colcon_core.package_identification:_identify(Packages) by extension 'colcon_meta'
[16.182s] Level 1:colcon.colcon_core.package_identification:_identify(Packages) by extensions ['ros']
[16.183s] Level 1:colcon.colcon_core.package_identification:_identify(Packages) by extension 'ros'
[16.187s] Level 1:colcon.colcon_core.package_identification:_identify(Packages) by extensions ['cmake', 'python']
[16.188s] Level 1:colcon.colcon_core.package_identification:_identify(Packages) by extension 'cmake'
[16.189s] Level 1:colcon.colcon_core.package_identification:_identify(Packages) by extension 'python'
[16.190s] Level 1:colcon.colcon_core.package_identification:_identify(Packages) by extensions ['python_setup_py']
[16.191s] Level 1:colcon.colcon_core.package_identification:_identify(Packages) by extension 'python_setup_py'
[16.195s] Level 1:colcon.colcon_core.package_identification:_identify(ProjectSettings) by extensions ['ignore', 'ignore_ament_install']
[16.196s] Level 1:colcon.colcon_core.package_identification:_identify(ProjectSettings) by extension 'ignore'
[16.197s] Level 1:colcon.colcon_core.package_identification:_identify(ProjectSettings) by extension 'ignore_ament_install'
[16.199s] Level 1:colcon.colcon_core.package_identification:_identify(ProjectSettings) by extensions ['colcon_pkg']
[16.199s] Level 1:colcon.colcon_core.package_identification:_identify(ProjectSettings) by extension 'colcon_pkg'
[16.201s] Level 1:colcon.colcon_core.package_identification:_identify(ProjectSettings) by extensions ['colcon_meta']
[16.201s] Level 1:colcon.colcon_core.package_identification:_identify(ProjectSettings) by extension 'colcon_meta'
[16.203s] Level 1:colcon.colcon_core.package_identification:_identify(ProjectSettings) by extensions ['ros']
[16.204s] Level 1:colcon.colcon_core.package_identification:_identify(ProjectSettings) by extension 'ros'
[16.209s] Level 1:colcon.colcon_core.package_identification:_identify(ProjectSettings) by extensions ['cmake', 'python']
[16.210s] Level 1:colcon.colcon_core.package_identification:_identify(ProjectSettings) by extension 'cmake'
[16.211s] Level 1:colcon.colcon_core.package_identification:_identify(ProjectSettings) by extension 'python'
[16.213s] Level 1:colcon.colcon_core.package_identification:_identify(ProjectSettings) by extensions ['python_setup_py']
[16.213s] Level 1:colcon.colcon_core.package_identification:_identify(ProjectSettings) by extension 'python_setup_py'
[16.217s] Level 1:colcon.colcon_core.package_identification:_identify(UserSettings) by extensions ['ignore', 'ignore_ament_install']
[16.218s] Level 1:colcon.colcon_core.package_identification:_identify(UserSettings) by extension 'ignore'
[16.219s] Level 1:colcon.colcon_core.package_identification:_identify(UserSettings) by extension 'ignore_ament_install'
[16.221s] Level 1:colcon.colcon_core.package_identification:_identify(UserSettings) by extensions ['colcon_pkg']
[16.222s] Level 1:colcon.colcon_core.package_identification:_identify(UserSettings) by extension 'colcon_pkg'
[16.224s] Level 1:colcon.colcon_core.package_identification:_identify(UserSettings) by extensions ['colcon_meta']
[16.225s] Level 1:colcon.colcon_core.package_identification:_identify(UserSettings) by extension 'colcon_meta'
[16.226s] Level 1:colcon.colcon_core.package_identification:_identify(UserSettings) by extensions ['ros']
[16.227s] Level 1:colcon.colcon_core.package_identification:_identify(UserSettings) by extension 'ros'
[16.231s] Level 1:colcon.colcon_core.package_identification:_identify(UserSettings) by extensions ['cmake', 'python']
[16.232s] Level 1:colcon.colcon_core.package_identification:_identify(UserSettings) by extension 'cmake'
[16.233s] Level 1:colcon.colcon_core.package_identification:_identify(UserSettings) by extension 'python'
[16.234s] Level 1:colcon.colcon_core.package_identification:_identify(UserSettings) by extensions ['python_setup_py']
[16.235s] Level 1:colcon.colcon_core.package_identification:_identify(UserSettings) by extension 'python_setup_py'
[16.239s] Level 1:colcon.colcon_core.package_identification:_identify(build) by extensions ['ignore', 'ignore_ament_install']
[16.240s] Level 1:colcon.colcon_core.package_identification:_identify(build) by extension 'ignore'
[16.242s] Level 1:colcon.colcon_core.package_identification:_identify(build) ignored
[16.246s] Level 1:colcon.colcon_core.package_identification:_identify(install) by extensions ['ignore', 'ignore_ament_install']
[16.247s] Level 1:colcon.colcon_core.package_identification:_identify(install) by extension 'ignore'
[16.249s] Level 1:colcon.colcon_core.package_identification:_identify(install) ignored
[16.254s] Level 1:colcon.colcon_core.package_identification:_identify(log) by extensions ['ignore', 'ignore_ament_install']
[16.255s] Level 1:colcon.colcon_core.package_identification:_identify(log) by extension 'ignore'
[16.256s] Level 1:colcon.colcon_core.package_identification:_identify(log) ignored
[16.260s] Level 1:colcon.colcon_core.package_identification:_identify(src) by extensions ['ignore', 'ignore_ament_install']
[16.260s] Level 1:colcon.colcon_core.package_identification:_identify(src) by extension 'ignore'
[16.261s] Level 1:colcon.colcon_core.package_identification:_identify(src) by extension 'ignore_ament_install'
[16.263s] Level 1:colcon.colcon_core.package_identification:_identify(src) by extensions ['colcon_pkg']
[16.264s] Level 1:colcon.colcon_core.package_identification:_identify(src) by extension 'colcon_pkg'
[16.265s] Level 1:colcon.colcon_core.package_identification:_identify(src) by extensions ['colcon_meta']
[16.266s] Level 1:colcon.colcon_core.package_identification:_identify(src) by extension 'colcon_meta'
[16.267s] Level 1:colcon.colcon_core.package_identification:_identify(src) by extensions ['ros']
[16.268s] Level 1:colcon.colcon_core.package_identification:_identify(src) by extension 'ros'
[16.272s] Level 1:colcon.colcon_core.package_identification:_identify(src) by extensions ['cmake', 'python']
[16.273s] Level 1:colcon.colcon_core.package_identification:_identify(src) by extension 'cmake'
[16.275s] Level 1:colcon.colcon_core.package_identification:_identify(src) by extension 'python'
[16.276s] Level 1:colcon.colcon_core.package_identification:_identify(src) by extensions ['python_setup_py']
[16.277s] Level 1:colcon.colcon_core.package_identification:_identify(src) by extension 'python_setup_py'
[16.283s] Level 1:colcon.colcon_core.package_identification:_identify(src/ROS-TCP-Endpoint) by extensions ['ignore', 'ignore_ament_install']
[16.283s] Level 1:colcon.colcon_core.package_identification:_identify(src/ROS-TCP-Endpoint) by extension 'ignore'
[16.285s] Level 1:colcon.colcon_core.package_identification:_identify(src/ROS-TCP-Endpoint) by extension 'ignore_ament_install'
[16.289s] Level 1:colcon.colcon_core.package_identification:_identify(src/ROS-TCP-Endpoint) by extensions ['colcon_pkg']
[16.289s] Level 1:colcon.colcon_core.package_identification:_identify(src/ROS-TCP-Endpoint) by extension 'colcon_pkg'
[16.291s] Level 1:colcon.colcon_core.package_identification:_identify(src/ROS-TCP-Endpoint) by extensions ['colcon_meta']
[16.292s] Level 1:colcon.colcon_core.package_identification:_identify(src/ROS-TCP-Endpoint) by extension 'colcon_meta'
[16.295s] Level 1:colcon.colcon_core.package_identification:_identify(src/ROS-TCP-Endpoint) by extensions ['ros']
[16.296s] Level 1:colcon.colcon_core.package_identification:_identify(src/ROS-TCP-Endpoint) by extension 'ros'
[16.312s] DEBUG:colcon.colcon_core.package_identification:Package 'src/ROS-TCP-Endpoint' with type 'ros.ament_python' and name 'ros_tcp_endpoint'
[16.317s] Level 1:colcon.colcon_core.package_identification:_identify(src/Universal_Robots_ROS2_Gazebo_Simulation) by extensions ['ignore', 'ignore_ament_install']
[16.318s] Level 1:colcon.colcon_core.package_identification:_identify(src/Universal_Robots_ROS2_Gazebo_Simulation) by extension 'ignore'
[16.320s] Level 1:colcon.colcon_core.package_identification:_identify(src/Universal_Robots_ROS2_Gazebo_Simulation) by extension 'ignore_ament_install'
[16.323s] Level 1:colcon.colcon_core.package_identification:_identify(src/Universal_Robots_ROS2_Gazebo_Simulation) by extensions ['colcon_pkg']
[16.323s] Level 1:colcon.colcon_core.package_identification:_identify(src/Universal_Robots_ROS2_Gazebo_Simulation) by extension 'colcon_pkg'
[16.325s] Level 1:colcon.colcon_core.package_identification:_identify(src/Universal_Robots_ROS2_Gazebo_Simulation) by extensions ['colcon_meta']
[16.326s] Level 1:colcon.colcon_core.package_identification:_identify(src/Universal_Robots_ROS2_Gazebo_Simulation) by extension 'colcon_meta'
[16.328s] Level 1:colcon.colcon_core.package_identification:_identify(src/Universal_Robots_ROS2_Gazebo_Simulation) by extensions ['ros']
[16.329s] Level 1:colcon.colcon_core.package_identification:_identify(src/Universal_Robots_ROS2_Gazebo_Simulation) by extension 'ros'
[16.334s] Level 1:colcon.colcon_core.package_identification:_identify(src/Universal_Robots_ROS2_Gazebo_Simulation) by extensions ['cmake', 'python']
[16.334s] Level 1:colcon.colcon_core.package_identification:_identify(src/Universal_Robots_ROS2_Gazebo_Simulation) by extension 'cmake'
[16.336s] Level 1:colcon.colcon_core.package_identification:_identify(src/Universal_Robots_ROS2_Gazebo_Simulation) by extension 'python'
[16.338s] Level 1:colcon.colcon_core.package_identification:_identify(src/Universal_Robots_ROS2_Gazebo_Simulation) by extensions ['python_setup_py']
[16.339s] Level 1:colcon.colcon_core.package_identification:_identify(src/Universal_Robots_ROS2_Gazebo_Simulation) by extension 'python_setup_py'
[16.346s] Level 1:colcon.colcon_core.package_identification:_identify(src/Universal_Robots_ROS2_Gazebo_Simulation/ur_simulation_gazebo) by extensions ['ignore', 'ignore_ament_install']
[16.347s] Level 1:colcon.colcon_core.package_identification:_identify(src/Universal_Robots_ROS2_Gazebo_Simulation/ur_simulation_gazebo) by extension 'ignore'
[16.349s] Level 1:colcon.colcon_core.package_identification:_identify(src/Universal_Robots_ROS2_Gazebo_Simulation/ur_simulation_gazebo) by extension 'ignore_ament_install'
[16.352s] Level 1:colcon.colcon_core.package_identification:_identify(src/Universal_Robots_ROS2_Gazebo_Simulation/ur_simulation_gazebo) by extensions ['colcon_pkg']
[16.353s] Level 1:colcon.colcon_core.package_identification:_identify(src/Universal_Robots_ROS2_Gazebo_Simulation/ur_simulation_gazebo) by extension 'colcon_pkg'
[16.355s] Level 1:colcon.colcon_core.package_identification:_identify(src/Universal_Robots_ROS2_Gazebo_Simulation/ur_simulation_gazebo) by extensions ['colcon_meta']
[16.355s] Level 1:colcon.colcon_core.package_identification:_identify(src/Universal_Robots_ROS2_Gazebo_Simulation/ur_simulation_gazebo) by extension 'colcon_meta'
[16.360s] Level 1:colcon.colcon_core.package_identification:_identify(src/Universal_Robots_ROS2_Gazebo_Simulation/ur_simulation_gazebo) by extensions ['ros']
[16.361s] Level 1:colcon.colcon_core.package_identification:_identify(src/Universal_Robots_ROS2_Gazebo_Simulation/ur_simulation_gazebo) by extension 'ros'
[16.381s] DEBUG:colcon.colcon_core.package_identification:Package 'src/Universal_Robots_ROS2_Gazebo_Simulation/ur_simulation_gazebo' with type 'ros.ament_cmake' and name 'ur_simulation_gazebo'
[16.386s] Level 1:colcon.colcon_core.package_identification:_identify(src/ur_lab) by extensions ['ignore', 'ignore_ament_install']
[16.387s] Level 1:colcon.colcon_core.package_identification:_identify(src/ur_lab) by extension 'ignore'
[16.389s] Level 1:colcon.colcon_core.package_identification:_identify(src/ur_lab) by extension 'ignore_ament_install'
[16.392s] Level 1:colcon.colcon_core.package_identification:_identify(src/ur_lab) by extensions ['colcon_pkg']
[16.393s] Level 1:colcon.colcon_core.package_identification:_identify(src/ur_lab) by extension 'colcon_pkg'
[16.395s] Level 1:colcon.colcon_core.package_identification:_identify(src/ur_lab) by extensions ['colcon_meta']
[16.396s] Level 1:colcon.colcon_core.package_identification:_identify(src/ur_lab) by extension 'colcon_meta'
[16.398s] Level 1:colcon.colcon_core.package_identification:_identify(src/ur_lab) by extensions ['ros']
[16.399s] Level 1:colcon.colcon_core.package_identification:_identify(src/ur_lab) by extension 'ros'
[16.416s] DEBUG:colcon.colcon_core.package_identification:Package 'src/ur_lab' with type 'ros.ament_python' and name 'ur_lab'
[16.422s] Level 1:colcon.colcon_core.package_identification:_identify(src/ur_lab_gazebo) by extensions ['ignore', 'ignore_ament_install']
[16.422s] Level 1:colcon.colcon_core.package_identification:_identify(src/ur_lab_gazebo) by extension 'ignore'
[16.424s] Level 1:colcon.colcon_core.package_identification:_identify(src/ur_lab_gazebo) by extension 'ignore_ament_install'
[16.427s] Level 1:colcon.colcon_core.package_identification:_identify(src/ur_lab_gazebo) by extensions ['colcon_pkg']
[16.428s] Level 1:colcon.colcon_core.package_identification:_identify(src/ur_lab_gazebo) by extension 'colcon_pkg'
[16.430s] Level 1:colcon.colcon_core.package_identification:_identify(src/ur_lab_gazebo) by extensions ['colcon_meta']
[16.431s] Level 1:colcon.colcon_core.package_identification:_identify(src/ur_lab_gazebo) by extension 'colcon_meta'
[16.433s] Level 1:colcon.colcon_core.package_identification:_identify(src/ur_lab_gazebo) by extensions ['ros']
[16.434s] Level 1:colcon.colcon_core.package_identification:_identify(src/ur_lab_gazebo) by extension 'ros'
[16.447s] DEBUG:colcon.colcon_core.package_identification:Package 'src/ur_lab_gazebo' with type 'ros.ament_cmake' and name 'ur_lab_gazebo'
[16.452s] Level 1:colcon.colcon_core.package_identification:_identify(src/ur_lab_unity_bridge) by extensions ['ignore', 'ignore_ament_install']
[16.452s] Level 1:colcon.colcon_core.package_identification:_identify(src/ur_lab_unity_bridge) by extension 'ignore'
[16.454s] Level 1:colcon.colcon_core.package_identification:_identify(src/ur_lab_unity_bridge) by extension 'ignore_ament_install'
[16.458s] Level 1:colcon.colcon_core.package_identification:_identify(src/ur_lab_unity_bridge) by extensions ['colcon_pkg']
[16.458s] Level 1:colcon.colcon_core.package_identification:_identify(src/ur_lab_unity_bridge) by extension 'colcon_pkg'
[16.460s] Level 1:colcon.colcon_core.package_identification:_identify(src/ur_lab_unity_bridge) by extensions ['colcon_meta']
[16.461s] Level 1:colcon.colcon_core.package_identification:_identify(src/ur_lab_unity_bridge) by extension 'colcon_meta'
[16.463s] Level 1:colcon.colcon_core.package_identification:_identify(src/ur_lab_unity_bridge) by extensions ['ros']
[16.464s] Level 1:colcon.colcon_core.package_identification:_identify(src/ur_lab_unity_bridge) by extension 'ros'
[16.479s] DEBUG:colcon.colcon_core.package_identification:Package 'src/ur_lab_unity_bridge' with type 'ros.ament_python' and name 'ur_lab_unity_bridge'
[16.479s] Level 1:colcon.colcon_core.package_discovery:discover_packages(recursive) using defaults
[16.480s] Level 1:colcon.colcon_core.package_discovery:discover_packages(ignore) discover
[16.480s] Level 1:colcon.colcon_core.package_discovery:discover_packages(ignore) using defaults
[16.481s] Level 1:colcon.colcon_core.package_discovery:discover_packages(path) discover
[16.481s] Level 1:colcon.colcon_core.package_discovery:discover_packages(path) using defaults
[16.634s] INFO:colcon.colcon_core.package_selection:Skipping not selected package 'ros_tcp_endpoint' in 'src/ROS-TCP-Endpoint'
[16.635s] INFO:colcon.colcon_core.package_selection:Skipping not selected package 'ur_lab' in 'src/ur_lab'
[16.635s] INFO:colcon.colcon_core.package_selection:Skipping not selected package 'ur_lab_gazebo' in 'src/ur_lab_gazebo'
[16.636s] INFO:colcon.colcon_core.package_selection:Skipping not selected package 'ur_simulation_gazebo' in 'src/Universal_Robots_ROS2_Gazebo_Simulation/ur_simulation_gazebo'
[16.637s] Level 1:colcon.colcon_core.package_discovery:discover_packages(prefix_path) check parameters
[16.638s] Level 1:colcon.colcon_core.package_discovery:discover_packages(prefix_path) discover
[16.721s] DEBUG:colcon.colcon_installed_package_information.package_discovery:Found 5 installed packages in /mnt/c/Users/Amir/Downloads/ros2_ws/install
[16.723s] DEBUG:colcon.colcon_installed_package_information.package_discovery:Found 343 installed packages in /opt/ros/humble
[16.725s] Level 1:colcon.colcon_core.package_discovery:discover_packages(prefix_path) using defaults
[16.831s] Level 5:colcon.colcon_core.verb:set package 'ur_lab_unity_bridge' build argument 'cmake_args' from command line to 'None'
[16.832s] Level 5:colcon.colcon_core.verb:set package 'ur_lab_unity_bridge' build argument 'cmake_target' from command line to 'None'
[16.834s] Level 5:colcon.colcon_core.verb:set package 'ur_lab_unity_bridge' build argument 'cmake_target_skip_unavailable' from command line to 'False'
[16.835s] Level 5:colcon.colcon_core.verb:set package 'ur_lab_unity_bridge' build argument 'cmake_clean_cache' from command line to 'False'
[16.836s] Level 5:colcon.colcon_core.verb:set package 'ur_lab_unity_bridge' build argument 'cmake_clean_first' from command line to 'False'
[16.837s] Level 5:colcon.colcon_core.verb:set package 'ur_lab_unity_bridge' build argument 'cmake_force_configure' from command line to 'False'
[16.837s] Level 5:colcon.colcon_core.verb:set package 'ur_lab_unity_bridge' build argument 'ament_cmake_args' from command line to 'None'
[16.838s] Level 5:colcon.colcon_core.verb:set package 'ur_lab_unity_bridge' build argument 'catkin_cmake_args' from command line to 'None'
[16.839s] Level 5:colcon.colcon_core.verb:set package 'ur_lab_unity_bridge' build argument 'catkin_skip_building_tests' from command line to 'False'
[16.840s] DEBUG:colcon.colcon_core.verb:Building package 'ur_lab_unity_bridge' with the following arguments: {'ament_cmake_args': None, 'build_base': '/mnt/c/Users/Amir/Downloads/ros2_ws/build/ur_lab_unity_bridge', 'catkin_cmake_args': None, 'catkin_skip_building_tests': False, 'cmake_args': None, 'cmake_clean_cache': False, 'cmake_clean_first': False, 'cmake_force_configure': False, 'cmake_target': None, 'cmake_target_skip_unavailable': False, 'install_base': '/mnt/c/Users/Amir/Downloads/ros2_ws/install/ur_lab_unity_bridge', 'merge_install': False, 'path': '/mnt/c/Users/Amir/Downloads/ros2_ws/src/ur_lab_unity_bridge', 'symlink_install': True, 'test_result_base': None}
[16.841s] INFO:colcon.colcon_core.executor:Executing jobs using 'parallel' executor
[16.842s] DEBUG:colcon.colcon_parallel_executor.executor.parallel:run_until_complete
[16.843s] INFO:colcon.colcon_ros.task.ament_python.build:Building ROS package in '/mnt/c/Users/Amir/Downloads/ros2_ws/src/ur_lab_unity_bridge' with build type 'ament_python'
[16.844s] Level 1:colcon.colcon_core.shell:create_environment_hook('ur_lab_unity_bridge', 'ament_prefix_path')
[16.861s] INFO:colcon.colcon_core.plugin_system:Skipping extension 'colcon_core.shell.bat': Not used on non-Windows systems
[16.862s] INFO:colcon.colcon_core.shell:Creating environment hook '/mnt/c/Users/Amir/Downloads/ros2_ws/install/ur_lab_unity_bridge/share/ur_lab_unity_bridge/hook/ament_prefix_path.ps1'
[16.879s] INFO:colcon.colcon_core.shell:Creating environment descriptor '/mnt/c/Users/Amir/Downloads/ros2_ws/install/ur_lab_unity_bridge/share/ur_lab_unity_bridge/hook/ament_prefix_path.dsv'
[16.896s] INFO:colcon.colcon_core.shell:Creating environment hook '/mnt/c/Users/Amir/Downloads/ros2_ws/install/ur_lab_unity_bridge/share/ur_lab_unity_bridge/hook/ament_prefix_path.sh'
[16.913s] INFO:colcon.colcon_core.shell:Skip shell extension 'powershell' for command environment: Not usable outside of PowerShell
[16.914s] DEBUG:colcon.colcon_core.shell:Skip shell extension 'dsv' for command environment
[18.511s] INFO:colcon.colcon_core.task.python.build:Building Python package in '/mnt/c/Users/Amir/Downloads/ros2_ws/src/ur_lab_unity_bridge'
[18.512s] INFO:colcon.colcon_core.shell:Skip shell extension 'powershell' for command environment: Not usable outside of PowerShell
[18.513s] DEBUG:colcon.colcon_core.shell:Skip shell extension 'dsv' for command environment
[21.215s] DEBUG:colcon.colcon_core.task.python.build:Available setuptools commands: init_catalog, clean, upload, install, extract_messages, test, register, bdist_egg, build, install_data, build_scripts, bdist_rpm, setopt, bdist, dist_info, build_clib, develop, easy_install, alias, check, compile_catalog, install_lib, bdist_wheel, install_egg_info, build_ext, egg_info, symlink_data, bdist_dumb, upload_docs, install_headers, install_scripts, update_catalog, rotate, build_py, sdist, saveopts
[23.120s] DEBUG:colcon.colcon_core.task.python.build:Available setuptools 'develop' options: --help, --exclude-scripts, --optimize, --find-links, --site-dirs, --no-deps, --user, --editable, --index-url, --allow-hosts, --uninstall, --upgrade, --force-installation-into-system-dir, --version, --quiet, --local-snapshots-ok, --record, --no-find-links, --install-layout, --always-unzip, --multi-version, --install-dir, --no-user-cfg, --verbose, --egg-path, --zip-ok, --build-directory, --dry-run, --prefix, --script-dir, --always-copy
[23.259s] DEBUG:colcon.colcon_core.event_handler.log_command:Invoking command in '/mnt/c/Users/Amir/Downloads/ros2_ws/build/ur_lab_unity_bridge': AMENT_PREFIX_PATH=/mnt/c/Users/Amir/Downloads/ros2_ws/install/ur_lab:/mnt/c/Users/Amir/Downloads/ros2_ws/install/ros_tcp_endpoint:/mnt/c/Users/Amir/Downloads/ros2_ws/install/ur_simulation_gazebo:/mnt/c/Users/Amir/Downloads/ros2_ws/install/ur_lab_gazebo:/opt/ros/humble PYTHONPATH=/mnt/c/Users/Amir/Downloads/ros2_ws/build/ur_lab_unity_bridge/prefix_override:/usr/lib/python3/dist-packages/colcon_core/task/python/colcon_distutils_commands:/mnt/c/Users/Amir/Downloads/ros2_ws/install/ur_lab_unity_bridge/lib/python3.10/site-packages:${PYTHONPATH} /usr/bin/python3 -W ignore:setup.py install is deprecated -W ignore:easy_install command is deprecated setup.py develop --editable --build-directory /mnt/c/Users/Amir/Downloads/ros2_ws/build/ur_lab_unity_bridge/build --no-deps symlink_data
[25.838s] Level 1:colcon.colcon_core.shell:create_environment_hook('ur_lab_unity_bridge', 'pythonpath_develop')
[25.840s] INFO:colcon.colcon_core.shell:Creating environment hook '/mnt/c/Users/Amir/Downloads/ros2_ws/build/ur_lab_unity_bridge/share/ur_lab_unity_bridge/hook/pythonpath_develop.ps1'
[25.842s] DEBUG:colcon.colcon_core.event_handler.log_command:Invoked command in '/mnt/c/Users/Amir/Downloads/ros2_ws/build/ur_lab_unity_bridge' returned '0': AMENT_PREFIX_PATH=/mnt/c/Users/Amir/Downloads/ros2_ws/install/ur_lab:/mnt/c/Users/Amir/Downloads/ros2_ws/install/ros_tcp_endpoint:/mnt/c/Users/Amir/Downloads/ros2_ws/install/ur_simulation_gazebo:/mnt/c/Users/Amir/Downloads/ros2_ws/install/ur_lab_gazebo:/opt/ros/humble PYTHONPATH=/mnt/c/Users/Amir/Downloads/ros2_ws/build/ur_lab_unity_bridge/prefix_override:/usr/lib/python3/dist-packages/colcon_core/task/python/colcon_distutils_commands:/mnt/c/Users/Amir/Downloads/ros2_ws/install/ur_lab_unity_bridge/lib/python3.10/site-packages:${PYTHONPATH} /usr/bin/python3 -W ignore:setup.py install is deprecated -W ignore:easy_install command is deprecated setup.py develop --editable --build-directory /mnt/c/Users/Amir/Downloads/ros2_ws/build/ur_lab_unity_bridge/build --no-deps symlink_data
[25.860s] INFO:colcon.colcon_core.shell:Creating environment descriptor '/mnt/c/Users/Amir/Downloads/ros2_ws/build/ur_lab_unity_bridge/share/ur_lab_unity_bridge/hook/pythonpath_develop.dsv'
[25.877s] INFO:colcon.colcon_core.shell:Creating environment hook '/mnt/c/Users/Amir/Downloads/ros2_ws/build/ur_lab_unity_bridge/share/ur_lab_unity_bridge/hook/pythonpath_develop.sh'
[25.914s] Level 1:colcon.colcon_core.environment:checking '/mnt/c/Users/Amir/Downloads/ros2_ws/install/ur_lab_unity_bridge' for CMake module files
[25.975s] Level 1:colcon.colcon_core.environment:checking '/mnt/c/Users/Amir/Downloads/ros2_ws/install/ur_lab_unity_bridge' for CMake config files
[26.117s] Level 1:colcon.colcon_core.environment:checking '/mnt/c/Users/Amir/Downloads/ros2_ws/install/ur_lab_unity_bridge/lib'
[26.122s] Level 1:colcon.colcon_core.environment:checking '/mnt/c/Users/Amir/Downloads/ros2_ws/install/ur_lab_unity_bridge/bin'
[26.130s] Level 1:colcon.colcon_core.shell:create_environment_hook('ur_lab_unity_bridge', 'path')
[26.131s] INFO:colcon.colcon_core.shell:Creating environment hook '/mnt/c/Users/Amir/Downloads/ros2_ws/install/ur_lab_unity_bridge/share/ur_lab_unity_bridge/hook/path.ps1'
[26.150s] INFO:colcon.colcon_core.shell:Creating environment descriptor '/mnt/c/Users/Amir/Downloads/ros2_ws/install/ur_lab_unity_bridge/share/ur_lab_unity_bridge/hook/path.dsv'
[26.169s] INFO:colcon.colcon_core.shell:Creating environment hook '/mnt/c/Users/Amir/Downloads/ros2_ws/install/ur_lab_unity_bridge/share/ur_lab_unity_bridge/hook/path.sh'
[26.185s] Level 1:colcon.colcon_core.environment:checking '/mnt/c/Users/Amir/Downloads/ros2_ws/install/ur_lab_unity_bridge/lib/pkgconfig/ur_lab_unity_bridge.pc'
[26.188s] Level 1:colcon.colcon_core.environment:checking '/mnt/c/Users/Amir/Downloads/ros2_ws/install/ur_lab_unity_bridge/lib/python3.10/site-packages'
[26.192s] Level 1:colcon.colcon_core.shell:create_environment_hook('ur_lab_unity_bridge', 'pythonpath')
[26.193s] INFO:colcon.colcon_core.shell:Creating environment hook '/mnt/c/Users/Amir/Downloads/ros2_ws/install/ur_lab_unity_bridge/share/ur_lab_unity_bridge/hook/pythonpath.ps1'
[26.210s] INFO:colcon.colcon_core.shell:Creating environment descriptor '/mnt/c/Users/Amir/Downloads/ros2_ws/install/ur_lab_unity_bridge/share/ur_lab_unity_bridge/hook/pythonpath.dsv'
[26.227s] INFO:colcon.colcon_core.shell:Creating environment hook '/mnt/c/Users/Amir/Downloads/ros2_ws/install/ur_lab_unity_bridge/share/ur_lab_unity_bridge/hook/pythonpath.sh'
[26.244s] Level 1:colcon.colcon_core.environment:checking '/mnt/c/Users/Amir/Downloads/ros2_ws/install/ur_lab_unity_bridge/bin'
[26.252s] Level 1:colcon.colcon_core.shell:create_environment_hook('ur_lab_unity_bridge', 'pythonscriptspath')
[26.253s] INFO:colcon.colcon_core.shell:Creating environment hook '/mnt/c/Users/Amir/Downloads/ros2_ws/install/ur_lab_unity_bridge/share/ur_lab_unity_bridge/hook/pythonscriptspath.ps1'
[26.270s] INFO:colcon.colcon_core.shell:Creating environment descriptor '/mnt/c/Users/Amir/Downloads/ros2_ws/install/ur_lab_unity_bridge/share/ur_lab_unity_bridge/hook/pythonscriptspath.dsv'
[26.285s] INFO:colcon.colcon_core.shell:Creating environment hook '/mnt/c/Users/Amir/Downloads/ros2_ws/install/ur_lab_unity_bridge/share/ur_lab_unity_bridge/hook/pythonscriptspath.sh'
[26.302s] Level 1:colcon.colcon_core.environment:create_environment_scripts_only(ur_lab_unity_bridge)
[26.303s] INFO:colcon.colcon_core.shell:Creating package script '/mnt/c/Users/Amir/Downloads/ros2_ws/install/ur_lab_unity_bridge/share/ur_lab_unity_bridge/package.ps1'
[26.317s] INFO:colcon.colcon_core.shell:Creating package descriptor '/mnt/c/Users/Amir/Downloads/ros2_ws/install/ur_lab_unity_bridge/share/ur_lab_unity_bridge/package.dsv'
[26.331s] INFO:colcon.colcon_core.shell:Creating package script '/mnt/c/Users/Amir/Downloads/ros2_ws/install/ur_lab_unity_bridge/share/ur_lab_unity_bridge/package.sh'
[26.346s] INFO:colcon.colcon_core.shell:Creating package script '/mnt/c/Users/Amir/Downloads/ros2_ws/install/ur_lab_unity_bridge/share/ur_lab_unity_bridge/package.bash'
[26.361s] INFO:colcon.colcon_core.shell:Creating package script '/mnt/c/Users/Amir/Downloads/ros2_ws/install/ur_lab_unity_bridge/share/ur_lab_unity_bridge/package.zsh'
[26.375s] Level 1:colcon.colcon_core.environment:create_file_with_runtime_dependencies(/mnt/c/Users/Amir/Downloads/ros2_ws/install/ur_lab_unity_bridge/share/colcon-core/packages/ur_lab_unity_bridge)
[26.387s] DEBUG:colcon.colcon_parallel_executor.executor.parallel:closing loop
[26.388s] DEBUG:colcon.colcon_parallel_executor.executor.parallel:loop closed
[26.389s] DEBUG:colcon.colcon_parallel_executor.executor.parallel:run_until_complete finished with '0'
[26.390s] DEBUG:colcon.colcon_core.event_reactor:joining thread
[26.438s] INFO:colcon.colcon_core.plugin_system:Skipping extension 'colcon_notification.desktop_notification.terminal_notifier': Not used on non-Darwin systems
[26.439s] INFO:colcon.colcon_core.plugin_system:Skipping extension 'colcon_notification.desktop_notification.win32': Not used on non-Windows systems
[26.439s] INFO:colcon.colcon_notification.desktop_notification:Sending desktop notification using 'notify2'
[26.441s] DEBUG:colcon.colcon_notification.desktop_notification.notify2:Failed to initialize notify2: org.freedesktop.DBus.Error.ServiceUnknown: The name org.freedesktop.Notifications was not provided by any .service files
[26.442s] DEBUG:colcon.colcon_core.event_reactor:joined thread
[26.442s] INFO:colcon.colcon_core.shell:Creating prefix script '/mnt/c/Users/Amir/Downloads/ros2_ws/install/local_setup.ps1'
[26.449s] INFO:colcon.colcon_core.shell:Creating prefix util module '/mnt/c/Users/Amir/Downloads/ros2_ws/install/_local_setup_util_ps1.py'
[26.456s] INFO:colcon.colcon_core.shell:Creating prefix chain script '/mnt/c/Users/Amir/Downloads/ros2_ws/install/setup.ps1'
[26.501s] INFO:colcon.colcon_core.shell:Creating prefix script '/mnt/c/Users/Amir/Downloads/ros2_ws/install/local_setup.sh'
[26.509s] INFO:colcon.colcon_core.shell:Creating prefix util module '/mnt/c/Users/Amir/Downloads/ros2_ws/install/_local_setup_util_sh.py'
[26.517s] INFO:colcon.colcon_core.shell:Creating prefix chain script '/mnt/c/Users/Amir/Downloads/ros2_ws/install/setup.sh'
[26.567s] INFO:colcon.colcon_core.shell:Creating prefix script '/mnt/c/Users/Amir/Downloads/ros2_ws/install/local_setup.bash'
[26.574s] INFO:colcon.colcon_core.shell:Creating prefix chain script '/mnt/c/Users/Amir/Downloads/ros2_ws/install/setup.bash'
[26.622s] INFO:colcon.colcon_core.shell:Creating prefix script '/mnt/c/Users/Amir/Downloads/ros2_ws/install/local_setup.zsh'
[26.630s] INFO:colcon.colcon_core.shell:Creating prefix chain script '/mnt/c/Users/Amir/Downloads/ros2_ws/install/setup.zsh'
