[0.442s] DEBUG:colcon:Command line arguments: ['/usr/bin/colcon', 'build', '--packages-select', 'ur_lab_unity_bridge']
[0.443s] DEBUG:colcon:Parsed command line arguments: Namespace(log_base=None, log_level=None, verb_name='build', build_base='build', install_base='install', merge_install=False, symlink_install=False, test_result_base=None, continue_on_error=False, executor='parallel', parallel_workers=16, event_handlers=None, ignore_user_meta=False, metas=['./colcon.meta'], base_paths=['.'], packages_ignore=None, packages_ignore_regex=None, paths=None, packages_up_to=None, packages_up_to_regex=None, packages_above=None, packages_above_and_dependencies=None, packages_above_depth=None, packages_select_by_dep=None, packages_skip_by_dep=None, packages_skip_up_to=None, packages_select_build_failed=False, packages_skip_build_finished=False, packages_select_test_failures=False, packages_skip_test_passed=False, packages_select=['ur_lab_unity_bridge'], packages_skip=None, packages_select_regex=None, packages_skip_regex=None, packages_start=None, packages_end=None, allow_overriding=[], cmake_args=None, cmake_target=None, cmake_target_skip_unavailable=False, cmake_clean_cache=False, cmake_clean_first=False, cmake_force_configure=False, ament_cmake_args=None, catkin_cmake_args=None, catkin_skip_building_tests=False, mixin_files=None, mixin=None, verb_parser=<colcon_mixin.mixin.mixin_argument.MixinArgumentDecorator object at 0x74996fb46800>, verb_extension=<colcon_core.verb.build.BuildVerb object at 0x74996fc5fa00>, main=<bound method BuildVerb.main of <colcon_core.verb.build.BuildVerb object at 0x74996fc5fa00>>, mixin_verb=('build',))
[0.668s] Level 1:colcon.colcon_core.package_discovery:discover_packages(colcon_meta) check parameters
[0.669s] Level 1:colcon.colcon_core.package_discovery:discover_packages(recursive) check parameters
[0.669s] Level 1:colcon.colcon_core.package_discovery:discover_packages(ignore) check parameters
[0.670s] Level 1:colcon.colcon_core.package_discovery:discover_packages(path) check parameters
[0.671s] Level 1:colcon.colcon_core.package_discovery:discover_packages(colcon_meta) discover
[0.672s] Level 1:colcon.colcon_core.package_discovery:discover_packages(recursive) discover
[0.672s] INFO:colcon.colcon_core.package_discovery:Crawling recursively for packages in '/mnt/c/Users/Amir/Downloads/ros2_ws'
[0.675s] Level 1:colcon.colcon_core.package_identification:_identify(.) by extensions ['ignore', 'ignore_ament_install']
[0.675s] Level 1:colcon.colcon_core.package_identification:_identify(.) by extension 'ignore'
[0.676s] Level 1:colcon.colcon_core.package_identification:_identify(.) by extension 'ignore_ament_install'
[0.678s] Level 1:colcon.colcon_core.package_identification:_identify(.) by extensions ['colcon_pkg']
[0.679s] Level 1:colcon.colcon_core.package_identification:_identify(.) by extension 'colcon_pkg'
[0.680s] Level 1:colcon.colcon_core.package_identification:_identify(.) by extensions ['colcon_meta']
[0.680s] Level 1:colcon.colcon_core.package_identification:_identify(.) by extension 'colcon_meta'
[0.681s] Level 1:colcon.colcon_core.package_identification:_identify(.) by extensions ['ros']
[0.681s] Level 1:colcon.colcon_core.package_identification:_identify(.) by extension 'ros'
[0.694s] Level 1:colcon.colcon_core.package_identification:_identify(.) by extensions ['cmake', 'python']
[0.695s] Level 1:colcon.colcon_core.package_identification:_identify(.) by extension 'cmake'
[0.697s] Level 1:colcon.colcon_core.package_identification:_identify(.) by extension 'python'
[0.698s] Level 1:colcon.colcon_core.package_identification:_identify(.) by extensions ['python_setup_py']
[0.698s] Level 1:colcon.colcon_core.package_identification:_identify(.) by extension 'python_setup_py'
[0.703s] Level 1:colcon.colcon_core.package_identification:_identify(Assets) by extensions ['ignore', 'ignore_ament_install']
[0.703s] Level 1:colcon.colcon_core.package_identification:_identify(Assets) by extension 'ignore'
[0.705s] Level 1:colcon.colcon_core.package_identification:_identify(Assets) by extension 'ignore_ament_install'
[0.708s] Level 1:colcon.colcon_core.package_identification:_identify(Assets) by extensions ['colcon_pkg']
[0.709s] Level 1:colcon.colcon_core.package_identification:_identify(Assets) by extension 'colcon_pkg'
[0.711s] Level 1:colcon.colcon_core.package_identification:_identify(Assets) by extensions ['colcon_meta']
[0.712s] Level 1:colcon.colcon_core.package_identification:_identify(Assets) by extension 'colcon_meta'
[0.713s] Level 1:colcon.colcon_core.package_identification:_identify(Assets) by extensions ['ros']
[0.714s] Level 1:colcon.colcon_core.package_identification:_identify(Assets) by extension 'ros'
[0.719s] Level 1:colcon.colcon_core.package_identification:_identify(Assets) by extensions ['cmake', 'python']
[0.719s] Level 1:colcon.colcon_core.package_identification:_identify(Assets) by extension 'cmake'
[0.721s] Level 1:colcon.colcon_core.package_identification:_identify(Assets) by extension 'python'
[0.722s] Level 1:colcon.colcon_core.package_identification:_identify(Assets) by extensions ['python_setup_py']
[0.723s] Level 1:colcon.colcon_core.package_identification:_identify(Assets) by extension 'python_setup_py'
[0.728s] Level 1:colcon.colcon_core.package_identification:_identify(Library) by extensions ['ignore', 'ignore_ament_install']
[0.728s] Level 1:colcon.colcon_core.package_identification:_identify(Library) by extension 'ignore'
[0.730s] Level 1:colcon.colcon_core.package_identification:_identify(Library) by extension 'ignore_ament_install'
[0.733s] Level 1:colcon.colcon_core.package_identification:_identify(Library) by extensions ['colcon_pkg']
[0.734s] Level 1:colcon.colcon_core.package_identification:_identify(Library) by extension 'colcon_pkg'
[0.736s] Level 1:colcon.colcon_core.package_identification:_identify(Library) by extensions ['colcon_meta']
[0.737s] Level 1:colcon.colcon_core.package_identification:_identify(Library) by extension 'colcon_meta'
[0.738s] Level 1:colcon.colcon_core.package_identification:_identify(Library) by extensions ['ros']
[0.739s] Level 1:colcon.colcon_core.package_identification:_identify(Library) by extension 'ros'
[0.745s] Level 1:colcon.colcon_core.package_identification:_identify(Library) by extensions ['cmake', 'python']
[0.746s] Level 1:colcon.colcon_core.package_identification:_identify(Library) by extension 'cmake'
[0.747s] Level 1:colcon.colcon_core.package_identification:_identify(Library) by extension 'python'
[0.749s] Level 1:colcon.colcon_core.package_identification:_identify(Library) by extensions ['python_setup_py']
[0.749s] Level 1:colcon.colcon_core.package_identification:_identify(Library) by extension 'python_setup_py'
[0.757s] Level 1:colcon.colcon_core.package_identification:_identify(Library/Artifacts) by extensions ['ignore', 'ignore_ament_install']
[0.758s] Level 1:colcon.colcon_core.package_identification:_identify(Library/Artifacts) by extension 'ignore'
[0.760s] Level 1:colcon.colcon_core.package_identification:_identify(Library/Artifacts) by extension 'ignore_ament_install'
[0.764s] Level 1:colcon.colcon_core.package_identification:_identify(Library/Artifacts) by extensions ['colcon_pkg']
[0.765s] Level 1:colcon.colcon_core.package_identification:_identify(Library/Artifacts) by extension 'colcon_pkg'
[0.767s] Level 1:colcon.colcon_core.package_identification:_identify(Library/Artifacts) by extensions ['colcon_meta']
[0.768s] Level 1:colcon.colcon_core.package_identification:_identify(Library/Artifacts) by extension 'colcon_meta'
[0.771s] Level 1:colcon.colcon_core.package_identification:_identify(Library/Artifacts) by extensions ['ros']
[0.771s] Level 1:colcon.colcon_core.package_identification:_identify(Library/Artifacts) by extension 'ros'
[0.779s] Level 1:colcon.colcon_core.package_identification:_identify(Library/Artifacts) by extensions ['cmake', 'python']
[0.779s] Level 1:colcon.colcon_core.package_identification:_identify(Library/Artifacts) by extension 'cmake'
[0.781s] Level 1:colcon.colcon_core.package_identification:_identify(Library/Artifacts) by extension 'python'
[0.783s] Level 1:colcon.colcon_core.package_identification:_identify(Library/Artifacts) by extensions ['python_setup_py']
[0.783s] Level 1:colcon.colcon_core.package_identification:_identify(Library/Artifacts) by extension 'python_setup_py'
[0.793s] Level 1:colcon.colcon_core.package_identification:_identify(Library/Artifacts/00) by extensions ['ignore', 'ignore_ament_install']
[0.794s] Level 1:colcon.colcon_core.package_identification:_identify(Library/Artifacts/00) by extension 'ignore'
[0.796s] Level 1:colcon.colcon_core.package_identification:_identify(Library/Artifacts/00) by extension 'ignore_ament_install'
[0.800s] Level 1:colcon.colcon_core.package_identification:_identify(Library/Artifacts/00) by extensions ['colcon_pkg']
[0.801s] Level 1:colcon.colcon_core.package_identification:_identify(Library/Artifacts/00) by extension 'colcon_pkg'
[0.804s] Level 1:colcon.colcon_core.package_identification:_identify(Library/Artifacts/00) by extensions ['colcon_meta']
[0.804s] Level 1:colcon.colcon_core.package_identification:_identify(Library/Artifacts/00) by extension 'colcon_meta'
[0.809s] Level 1:colcon.colcon_core.package_identification:_identify(Library/Artifacts/00) by extensions ['ros']
[0.810s] Level 1:colcon.colcon_core.package_identification:_identify(Library/Artifacts/00) by extension 'ros'
[0.820s] Level 1:colcon.colcon_core.package_identification:_identify(Library/Artifacts/00) by extensions ['cmake', 'python']
[0.821s] Level 1:colcon.colcon_core.package_identification:_identify(Library/Artifacts/00) by extension 'cmake'
[0.824s] Level 1:colcon.colcon_core.package_identification:_identify(Library/Artifacts/00) by extension 'python'
[0.826s] Level 1:colcon.colcon_core.package_identification:_identify(Library/Artifacts/00) by extensions ['python_setup_py']
[0.826s] Level 1:colcon.colcon_core.package_identification:_identify(Library/Artifacts/00) by extension 'python_setup_py'
[0.836s] Level 1:colcon.colcon_core.package_identification:_identify(Library/Artifacts/01) by extensions ['ignore', 'ignore_ament_install']
[0.837s] Level 1:colcon.colcon_core.package_identification:_identify(Library/Artifacts/01) by extension 'ignore'
[0.840s] Level 1:colcon.colcon_core.package_identification:_identify(Library/Artifacts/01) by extension 'ignore_ament_install'
[0.844s] Level 1:colcon.colcon_core.package_identification:_identify(Library/Artifacts/01) by extensions ['colcon_pkg']
[0.845s] Level 1:colcon.colcon_core.package_identification:_identify(Library/Artifacts/01) by extension 'colcon_pkg'
[0.847s] Level 1:colcon.colcon_core.package_identification:_identify(Library/Artifacts/01) by extensions ['colcon_meta']
[0.848s] Level 1:colcon.colcon_core.package_identification:_identify(Library/Artifacts/01) by extension 'colcon_meta'
[0.852s] Level 1:colcon.colcon_core.package_identification:_identify(Library/Artifacts/01) by extensions ['ros']
[0.853s] Level 1:colcon.colcon_core.package_identification:_identify(Library/Artifacts/01) by extension 'ros'
[0.862s] Level 1:colcon.colcon_core.package_identification:_identify(Library/Artifacts/01) by extensions ['cmake', 'python']
[0.863s] Level 1:colcon.colcon_core.package_identification:_identify(Library/Artifacts/01) by extension 'cmake'
[0.866s] Level 1:colcon.colcon_core.package_identification:_identify(Library/Artifacts/01) by extension 'python'
[0.868s] Level 1:colcon.colcon_core.package_identification:_identify(Library/Artifacts/01) by extensions ['python_setup_py']
[0.869s] Level 1:colcon.colcon_core.package_identification:_identify(Library/Artifacts/01) by extension 'python_setup_py'
[0.880s] Level 1:colcon.colcon_core.package_identification:_identify(Library/Artifacts/02) by extensions ['ignore', 'ignore_ament_install']
[0.881s] Level 1:colcon.colcon_core.package_identification:_identify(Library/Artifacts/02) by extension 'ignore'
[0.883s] Level 1:colcon.colcon_core.package_identification:_identify(Library/Artifacts/02) by extension 'ignore_ament_install'
[0.888s] Level 1:colcon.colcon_core.package_identification:_identify(Library/Artifacts/02) by extensions ['colcon_pkg']
[0.888s] Level 1:colcon.colcon_core.package_identification:_identify(Library/Artifacts/02) by extension 'colcon_pkg'
[0.891s] Level 1:colcon.colcon_core.package_identification:_identify(Library/Artifacts/02) by extensions ['colcon_meta']
[0.892s] Level 1:colcon.colcon_core.package_identification:_identify(Library/Artifacts/02) by extension 'colcon_meta'
[0.896s] Level 1:colcon.colcon_core.package_identification:_identify(Library/Artifacts/02) by extensions ['ros']
[0.896s] Level 1:colcon.colcon_core.package_identification:_identify(Library/Artifacts/02) by extension 'ros'
[0.903s] Level 1:colcon.colcon_core.package_identification:_identify(Library/Artifacts/02) by extensions ['cmake', 'python']
[0.904s] Level 1:colcon.colcon_core.package_identification:_identify(Library/Artifacts/02) by extension 'cmake'
[0.906s] Level 1:colcon.colcon_core.package_identification:_identify(Library/Artifacts/02) by extension 'python'
[0.908s] Level 1:colcon.colcon_core.package_identification:_identify(Library/Artifacts/02) by extensions ['python_setup_py']
[0.908s] Level 1:colcon.colcon_core.package_identification:_identify(Library/Artifacts/02) by extension 'python_setup_py'
[0.916s] Level 1:colcon.colcon_core.package_identification:_identify(Library/Artifacts/03) by extensions ['ignore', 'ignore_ament_install']
[0.917s] Level 1:colcon.colcon_core.package_identification:_identify(Library/Artifacts/03) by extension 'ignore'
[0.919s] Level 1:colcon.colcon_core.package_identification:_identify(Library/Artifacts/03) by extension 'ignore_ament_install'
[0.922s] Level 1:colcon.colcon_core.package_identification:_identify(Library/Artifacts/03) by extensions ['colcon_pkg']
[0.922s] Level 1:colcon.colcon_core.package_identification:_identify(Library/Artifacts/03) by extension 'colcon_pkg'
[0.924s] Level 1:colcon.colcon_core.package_identification:_identify(Library/Artifacts/03) by extensions ['colcon_meta']
[0.925s] Level 1:colcon.colcon_core.package_identification:_identify(Library/Artifacts/03) by extension 'colcon_meta'
[0.928s] Level 1:colcon.colcon_core.package_identification:_identify(Library/Artifacts/03) by extensions ['ros']
[0.929s] Level 1:colcon.colcon_core.package_identification:_identify(Library/Artifacts/03) by extension 'ros'
[0.936s] Level 1:colcon.colcon_core.package_identification:_identify(Library/Artifacts/03) by extensions ['cmake', 'python']
[0.936s] Level 1:colcon.colcon_core.package_identification:_identify(Library/Artifacts/03) by extension 'cmake'
[0.938s] Level 1:colcon.colcon_core.package_identification:_identify(Library/Artifacts/03) by extension 'python'
[0.940s] Level 1:colcon.colcon_core.package_identification:_identify(Library/Artifacts/03) by extensions ['python_setup_py']
[0.940s] Level 1:colcon.colcon_core.package_identification:_identify(Library/Artifacts/03) by extension 'python_setup_py'
[0.948s] Level 1:colcon.colcon_core.package_identification:_identify(Library/Artifacts/04) by extensions ['ignore', 'ignore_ament_install']
[0.949s] Level 1:colcon.colcon_core.package_identification:_identify(Library/Artifacts/04) by extension 'ignore'
[0.950s] Level 1:colcon.colcon_core.package_identification:_identify(Library/Artifacts/04) by extension 'ignore_ament_install'
[0.956s] Level 1:colcon.colcon_core.package_identification:_identify(Library/Artifacts/04) by extensions ['colcon_pkg']
[0.956s] Level 1:colcon.colcon_core.package_identification:_identify(Library/Artifacts/04) by extension 'colcon_pkg'
[0.959s] Level 1:colcon.colcon_core.package_identification:_identify(Library/Artifacts/04) by extensions ['colcon_meta']
[0.960s] Level 1:colcon.colcon_core.package_identification:_identify(Library/Artifacts/04) by extension 'colcon_meta'
[0.965s] Level 1:colcon.colcon_core.package_identification:_identify(Library/Artifacts/04) by extensions ['ros']
[0.966s] Level 1:colcon.colcon_core.package_identification:_identify(Library/Artifacts/04) by extension 'ros'
[0.976s] Level 1:colcon.colcon_core.package_identification:_identify(Library/Artifacts/04) by extensions ['cmake', 'python']
[0.976s] Level 1:colcon.colcon_core.package_identification:_identify(Library/Artifacts/04) by extension 'cmake'
[0.979s] Level 1:colcon.colcon_core.package_identification:_identify(Library/Artifacts/04) by extension 'python'
[0.981s] Level 1:colcon.colcon_core.package_identification:_identify(Library/Artifacts/04) by extensions ['python_setup_py']
[0.982s] Level 1:colcon.colcon_core.package_identification:_identify(Library/Artifacts/04) by extension 'python_setup_py'
[0.992s] Level 1:colcon.colcon_core.package_identification:_identify(Library/Artifacts/05) by extensions ['ignore', 'ignore_ament_install']
[0.993s] Level 1:colcon.colcon_core.package_identification:_identify(Library/Artifacts/05) by extension 'ignore'
[0.995s] Level 1:colcon.colcon_core.package_identification:_identify(Library/Artifacts/05) by extension 'ignore_ament_install'
[0.999s] Level 1:colcon.colcon_core.package_identification:_identify(Library/Artifacts/05) by extensions ['colcon_pkg']
[0.999s] Level 1:colcon.colcon_core.package_identification:_identify(Library/Artifacts/05) by extension 'colcon_pkg'
[1.002s] Level 1:colcon.colcon_core.package_identification:_identify(Library/Artifacts/05) by extensions ['colcon_meta']
[1.003s] Level 1:colcon.colcon_core.package_identification:_identify(Library/Artifacts/05) by extension 'colcon_meta'
[1.008s] Level 1:colcon.colcon_core.package_identification:_identify(Library/Artifacts/05) by extensions ['ros']
[1.009s] Level 1:colcon.colcon_core.package_identification:_identify(Library/Artifacts/05) by extension 'ros'
[1.019s] Level 1:colcon.colcon_core.package_identification:_identify(Library/Artifacts/05) by extensions ['cmake', 'python']
[1.019s] Level 1:colcon.colcon_core.package_identification:_identify(Library/Artifacts/05) by extension 'cmake'
[1.022s] Level 1:colcon.colcon_core.package_identification:_identify(Library/Artifacts/05) by extension 'python'
[1.025s] Level 1:colcon.colcon_core.package_identification:_identify(Library/Artifacts/05) by extensions ['python_setup_py']
[1.026s] Level 1:colcon.colcon_core.package_identification:_identify(Library/Artifacts/05) by extension 'python_setup_py'
[1.035s] Level 1:colcon.colcon_core.package_identification:_identify(Library/Artifacts/06) by extensions ['ignore', 'ignore_ament_install']
[1.036s] Level 1:colcon.colcon_core.package_identification:_identify(Library/Artifacts/06) by extension 'ignore'
[1.038s] Level 1:colcon.colcon_core.package_identification:_identify(Library/Artifacts/06) by extension 'ignore_ament_install'
[1.043s] Level 1:colcon.colcon_core.package_identification:_identify(Library/Artifacts/06) by extensions ['colcon_pkg']
[1.043s] Level 1:colcon.colcon_core.package_identification:_identify(Library/Artifacts/06) by extension 'colcon_pkg'
[1.046s] Level 1:colcon.colcon_core.package_identification:_identify(Library/Artifacts/06) by extensions ['colcon_meta']
[1.046s] Level 1:colcon.colcon_core.package_identification:_identify(Library/Artifacts/06) by extension 'colcon_meta'
[1.051s] Level 1:colcon.colcon_core.package_identification:_identify(Library/Artifacts/06) by extensions ['ros']
[1.052s] Level 1:colcon.colcon_core.package_identification:_identify(Library/Artifacts/06) by extension 'ros'
[1.062s] Level 1:colcon.colcon_core.package_identification:_identify(Library/Artifacts/06) by extensions ['cmake', 'python']
[1.063s] Level 1:colcon.colcon_core.package_identification:_identify(Library/Artifacts/06) by extension 'cmake'
[1.065s] Level 1:colcon.colcon_core.package_identification:_identify(Library/Artifacts/06) by extension 'python'
[1.068s] Level 1:colcon.colcon_core.package_identification:_identify(Library/Artifacts/06) by extensions ['python_setup_py']
[1.068s] Level 1:colcon.colcon_core.package_identification:_identify(Library/Artifacts/06) by extension 'python_setup_py'
[1.079s] Level 1:colcon.colcon_core.package_identification:_identify(Library/Artifacts/07) by extensions ['ignore', 'ignore_ament_install']
[1.079s] Level 1:colcon.colcon_core.package_identification:_identify(Library/Artifacts/07) by extension 'ignore'
[1.082s] Level 1:colcon.colcon_core.package_identification:_identify(Library/Artifacts/07) by extension 'ignore_ament_install'
[1.086s] Level 1:colcon.colcon_core.package_identification:_identify(Library/Artifacts/07) by extensions ['colcon_pkg']
[1.087s] Level 1:colcon.colcon_core.package_identification:_identify(Library/Artifacts/07) by extension 'colcon_pkg'
[1.089s] Level 1:colcon.colcon_core.package_identification:_identify(Library/Artifacts/07) by extensions ['colcon_meta']
[1.090s] Level 1:colcon.colcon_core.package_identification:_identify(Library/Artifacts/07) by extension 'colcon_meta'
[1.094s] Level 1:colcon.colcon_core.package_identification:_identify(Library/Artifacts/07) by extensions ['ros']
[1.094s] Level 1:colcon.colcon_core.package_identification:_identify(Library/Artifacts/07) by extension 'ros'
[1.104s] Level 1:colcon.colcon_core.package_identification:_identify(Library/Artifacts/07) by extensions ['cmake', 'python']
[1.105s] Level 1:colcon.colcon_core.package_identification:_identify(Library/Artifacts/07) by extension 'cmake'
[1.108s] Level 1:colcon.colcon_core.package_identification:_identify(Library/Artifacts/07) by extension 'python'
[1.111s] Level 1:colcon.colcon_core.package_identification:_identify(Library/Artifacts/07) by extensions ['python_setup_py']
[1.111s] Level 1:colcon.colcon_core.package_identification:_identify(Library/Artifacts/07) by extension 'python_setup_py'
[1.124s] Level 1:colcon.colcon_core.package_identification:_identify(Library/Artifacts/08) by extensions ['ignore', 'ignore_ament_install']
[1.125s] Level 1:colcon.colcon_core.package_identification:_identify(Library/Artifacts/08) by extension 'ignore'
[1.128s] Level 1:colcon.colcon_core.package_identification:_identify(Library/Artifacts/08) by extension 'ignore_ament_install'
[1.134s] Level 1:colcon.colcon_core.package_identification:_identify(Library/Artifacts/08) by extensions ['colcon_pkg']
[1.135s] Level 1:colcon.colcon_core.package_identification:_identify(Library/Artifacts/08) by extension 'colcon_pkg'
[1.138s] Level 1:colcon.colcon_core.package_identification:_identify(Library/Artifacts/08) by extensions ['colcon_meta']
[1.139s] Level 1:colcon.colcon_core.package_identification:_identify(Library/Artifacts/08) by extension 'colcon_meta'
[1.144s] Level 1:colcon.colcon_core.package_identification:_identify(Library/Artifacts/08) by extensions ['ros']
[1.145s] Level 1:colcon.colcon_core.package_identification:_identify(Library/Artifacts/08) by extension 'ros'
[1.159s] Level 1:colcon.colcon_core.package_identification:_identify(Library/Artifacts/08) by extensions ['cmake', 'python']
[1.160s] Level 1:colcon.colcon_core.package_identification:_identify(Library/Artifacts/08) by extension 'cmake'
[1.162s] Level 1:colcon.colcon_core.package_identification:_identify(Library/Artifacts/08) by extension 'python'
[1.165s] Level 1:colcon.colcon_core.package_identification:_identify(Library/Artifacts/08) by extensions ['python_setup_py']
[1.166s] Level 1:colcon.colcon_core.package_identification:_identify(Library/Artifacts/08) by extension 'python_setup_py'
[1.176s] Level 1:colcon.colcon_core.package_identification:_identify(Library/Artifacts/09) by extensions ['ignore', 'ignore_ament_install']
[1.177s] Level 1:colcon.colcon_core.package_identification:_identify(Library/Artifacts/09) by extension 'ignore'
[1.180s] Level 1:colcon.colcon_core.package_identification:_identify(Library/Artifacts/09) by extension 'ignore_ament_install'
[1.185s] Level 1:colcon.colcon_core.package_identification:_identify(Library/Artifacts/09) by extensions ['colcon_pkg']
[1.185s] Level 1:colcon.colcon_core.package_identification:_identify(Library/Artifacts/09) by extension 'colcon_pkg'
[1.188s] Level 1:colcon.colcon_core.package_identification:_identify(Library/Artifacts/09) by extensions ['colcon_meta']
[1.189s] Level 1:colcon.colcon_core.package_identification:_identify(Library/Artifacts/09) by extension 'colcon_meta'
[1.194s] Level 1:colcon.colcon_core.package_identification:_identify(Library/Artifacts/09) by extensions ['ros']
[1.195s] Level 1:colcon.colcon_core.package_identification:_identify(Library/Artifacts/09) by extension 'ros'
[1.205s] Level 1:colcon.colcon_core.package_identification:_identify(Library/Artifacts/09) by extensions ['cmake', 'python']
[1.206s] Level 1:colcon.colcon_core.package_identification:_identify(Library/Artifacts/09) by extension 'cmake'
[1.209s] Level 1:colcon.colcon_core.package_identification:_identify(Library/Artifacts/09) by extension 'python'
[1.212s] Level 1:colcon.colcon_core.package_identification:_identify(Library/Artifacts/09) by extensions ['python_setup_py']
[1.212s] Level 1:colcon.colcon_core.package_identification:_identify(Library/Artifacts/09) by extension 'python_setup_py'
[1.224s] Level 1:colcon.colcon_core.package_identification:_identify(Library/Artifacts/0a) by extensions ['ignore', 'ignore_ament_install']
[1.225s] Level 1:colcon.colcon_core.package_identification:_identify(Library/Artifacts/0a) by extension 'ignore'
[1.227s] Level 1:colcon.colcon_core.package_identification:_identify(Library/Artifacts/0a) by extension 'ignore_ament_install'
[1.231s] Level 1:colcon.colcon_core.package_identification:_identify(Library/Artifacts/0a) by extensions ['colcon_pkg']
[1.232s] Level 1:colcon.colcon_core.package_identification:_identify(Library/Artifacts/0a) by extension 'colcon_pkg'
[1.234s] Level 1:colcon.colcon_core.package_identification:_identify(Library/Artifacts/0a) by extensions ['colcon_meta']
[1.235s] Level 1:colcon.colcon_core.package_identification:_identify(Library/Artifacts/0a) by extension 'colcon_meta'
[1.238s] Level 1:colcon.colcon_core.package_identification:_identify(Library/Artifacts/0a) by extensions ['ros']
[1.239s] Level 1:colcon.colcon_core.package_identification:_identify(Library/Artifacts/0a) by extension 'ros'
[1.249s] Level 1:colcon.colcon_core.package_identification:_identify(Library/Artifacts/0a) by extensions ['cmake', 'python']
[1.250s] Level 1:colcon.colcon_core.package_identification:_identify(Library/Artifacts/0a) by extension 'cmake'
[1.253s] Level 1:colcon.colcon_core.package_identification:_identify(Library/Artifacts/0a) by extension 'python'
[1.256s] Level 1:colcon.colcon_core.package_identification:_identify(Library/Artifacts/0a) by extensions ['python_setup_py']
[1.257s] Level 1:colcon.colcon_core.package_identification:_identify(Library/Artifacts/0a) by extension 'python_setup_py'
[1.267s] Level 1:colcon.colcon_core.package_identification:_identify(Library/Artifacts/0b) by extensions ['ignore', 'ignore_ament_install']
[1.268s] Level 1:colcon.colcon_core.package_identification:_identify(Library/Artifacts/0b) by extension 'ignore'
[1.271s] Level 1:colcon.colcon_core.package_identification:_identify(Library/Artifacts/0b) by extension 'ignore_ament_install'
[1.275s] Level 1:colcon.colcon_core.package_identification:_identify(Library/Artifacts/0b) by extensions ['colcon_pkg']
[1.276s] Level 1:colcon.colcon_core.package_identification:_identify(Library/Artifacts/0b) by extension 'colcon_pkg'
[1.279s] Level 1:colcon.colcon_core.package_identification:_identify(Library/Artifacts/0b) by extensions ['colcon_meta']
[1.280s] Level 1:colcon.colcon_core.package_identification:_identify(Library/Artifacts/0b) by extension 'colcon_meta'
[1.284s] Level 1:colcon.colcon_core.package_identification:_identify(Library/Artifacts/0b) by extensions ['ros']
[1.285s] Level 1:colcon.colcon_core.package_identification:_identify(Library/Artifacts/0b) by extension 'ros'
[1.295s] Level 1:colcon.colcon_core.package_identification:_identify(Library/Artifacts/0b) by extensions ['cmake', 'python']
[1.296s] Level 1:colcon.colcon_core.package_identification:_identify(Library/Artifacts/0b) by extension 'cmake'
[1.298s] Level 1:colcon.colcon_core.package_identification:_identify(Library/Artifacts/0b) by extension 'python'
[1.301s] Level 1:colcon.colcon_core.package_identification:_identify(Library/Artifacts/0b) by extensions ['python_setup_py']
[1.301s] Level 1:colcon.colcon_core.package_identification:_identify(Library/Artifacts/0b) by extension 'python_setup_py'
[1.312s] Level 1:colcon.colcon_core.package_identification:_identify(Library/Artifacts/0c) by extensions ['ignore', 'ignore_ament_install']
[1.312s] Level 1:colcon.colcon_core.package_identification:_identify(Library/Artifacts/0c) by extension 'ignore'
[1.314s] Level 1:colcon.colcon_core.package_identification:_identify(Library/Artifacts/0c) by extension 'ignore_ament_install'
[1.319s] Level 1:colcon.colcon_core.package_identification:_identify(Library/Artifacts/0c) by extensions ['colcon_pkg']
[1.320s] Level 1:colcon.colcon_core.package_identification:_identify(Library/Artifacts/0c) by extension 'colcon_pkg'
[1.323s] Level 1:colcon.colcon_core.package_identification:_identify(Library/Artifacts/0c) by extensions ['colcon_meta']
[1.324s] Level 1:colcon.colcon_core.package_identification:_identify(Library/Artifacts/0c) by extension 'colcon_meta'
[1.330s] Level 1:colcon.colcon_core.package_identification:_identify(Library/Artifacts/0c) by extensions ['ros']
[1.331s] Level 1:colcon.colcon_core.package_identification:_identify(Library/Artifacts/0c) by extension 'ros'
[1.341s] Level 1:colcon.colcon_core.package_identification:_identify(Library/Artifacts/0c) by extensions ['cmake', 'python']
[1.342s] Level 1:colcon.colcon_core.package_identification:_identify(Library/Artifacts/0c) by extension 'cmake'
[1.344s] Level 1:colcon.colcon_core.package_identification:_identify(Library/Artifacts/0c) by extension 'python'
[1.347s] Level 1:colcon.colcon_core.package_identification:_identify(Library/Artifacts/0c) by extensions ['python_setup_py']
[1.348s] Level 1:colcon.colcon_core.package_identification:_identify(Library/Artifacts/0c) by extension 'python_setup_py'
[1.359s] Level 1:colcon.colcon_core.package_identification:_identify(Library/Artifacts/0d) by extensions ['ignore', 'ignore_ament_install']
[1.360s] Level 1:colcon.colcon_core.package_identification:_identify(Library/Artifacts/0d) by extension 'ignore'
[1.363s] Level 1:colcon.colcon_core.package_identification:_identify(Library/Artifacts/0d) by extension 'ignore_ament_install'
[1.369s] Level 1:colcon.colcon_core.package_identification:_identify(Library/Artifacts/0d) by extensions ['colcon_pkg']
[1.369s] Level 1:colcon.colcon_core.package_identification:_identify(Library/Artifacts/0d) by extension 'colcon_pkg'
[1.372s] Level 1:colcon.colcon_core.package_identification:_identify(Library/Artifacts/0d) by extensions ['colcon_meta']
[1.373s] Level 1:colcon.colcon_core.package_identification:_identify(Library/Artifacts/0d) by extension 'colcon_meta'
[1.379s] Level 1:colcon.colcon_core.package_identification:_identify(Library/Artifacts/0d) by extensions ['ros']
[1.380s] Level 1:colcon.colcon_core.package_identification:_identify(Library/Artifacts/0d) by extension 'ros'
[1.391s] Level 1:colcon.colcon_core.package_identification:_identify(Library/Artifacts/0d) by extensions ['cmake', 'python']
[1.392s] Level 1:colcon.colcon_core.package_identification:_identify(Library/Artifacts/0d) by extension 'cmake'
[1.395s] Level 1:colcon.colcon_core.package_identification:_identify(Library/Artifacts/0d) by extension 'python'
[1.398s] Level 1:colcon.colcon_core.package_identification:_identify(Library/Artifacts/0d) by extensions ['python_setup_py']
[1.399s] Level 1:colcon.colcon_core.package_identification:_identify(Library/Artifacts/0d) by extension 'python_setup_py'
[1.411s] Level 1:colcon.colcon_core.package_identification:_identify(Library/Artifacts/0e) by extensions ['ignore', 'ignore_ament_install']
[1.412s] Level 1:colcon.colcon_core.package_identification:_identify(Library/Artifacts/0e) by extension 'ignore'
[1.415s] Level 1:colcon.colcon_core.package_identification:_identify(Library/Artifacts/0e) by extension 'ignore_ament_install'
[1.419s] Level 1:colcon.colcon_core.package_identification:_identify(Library/Artifacts/0e) by extensions ['colcon_pkg']
[1.420s] Level 1:colcon.colcon_core.package_identification:_identify(Library/Artifacts/0e) by extension 'colcon_pkg'
[1.423s] Level 1:colcon.colcon_core.package_identification:_identify(Library/Artifacts/0e) by extensions ['colcon_meta']
[1.424s] Level 1:colcon.colcon_core.package_identification:_identify(Library/Artifacts/0e) by extension 'colcon_meta'
[1.428s] Level 1:colcon.colcon_core.package_identification:_identify(Library/Artifacts/0e) by extensions ['ros']
[1.429s] Level 1:colcon.colcon_core.package_identification:_identify(Library/Artifacts/0e) by extension 'ros'
[1.441s] Level 1:colcon.colcon_core.package_identification:_identify(Library/Artifacts/0e) by extensions ['cmake', 'python']
[1.442s] Level 1:colcon.colcon_core.package_identification:_identify(Library/Artifacts/0e) by extension 'cmake'
[1.445s] Level 1:colcon.colcon_core.package_identification:_identify(Library/Artifacts/0e) by extension 'python'
[1.448s] Level 1:colcon.colcon_core.package_identification:_identify(Library/Artifacts/0e) by extensions ['python_setup_py']
[1.448s] Level 1:colcon.colcon_core.package_identification:_identify(Library/Artifacts/0e) by extension 'python_setup_py'
[1.459s] Level 1:colcon.colcon_core.package_identification:_identify(Library/Artifacts/0f) by extensions ['ignore', 'ignore_ament_install']
[1.460s] Level 1:colcon.colcon_core.package_identification:_identify(Library/Artifacts/0f) by extension 'ignore'
[1.463s] Level 1:colcon.colcon_core.package_identification:_identify(Library/Artifacts/0f) by extension 'ignore_ament_install'
[1.468s] Level 1:colcon.colcon_core.package_identification:_identify(Library/Artifacts/0f) by extensions ['colcon_pkg']
[1.469s] Level 1:colcon.colcon_core.package_identification:_identify(Library/Artifacts/0f) by extension 'colcon_pkg'
[1.472s] Level 1:colcon.colcon_core.package_identification:_identify(Library/Artifacts/0f) by extensions ['colcon_meta']
[1.473s] Level 1:colcon.colcon_core.package_identification:_identify(Library/Artifacts/0f) by extension 'colcon_meta'
[1.478s] Level 1:colcon.colcon_core.package_identification:_identify(Library/Artifacts/0f) by extensions ['ros']
[1.478s] Level 1:colcon.colcon_core.package_identification:_identify(Library/Artifacts/0f) by extension 'ros'
[1.490s] Level 1:colcon.colcon_core.package_identification:_identify(Library/Artifacts/0f) by extensions ['cmake', 'python']
[1.491s] Level 1:colcon.colcon_core.package_identification:_identify(Library/Artifacts/0f) by extension 'cmake'
[1.495s] Level 1:colcon.colcon_core.package_identification:_identify(Library/Artifacts/0f) by extension 'python'
[1.498s] Level 1:colcon.colcon_core.package_identification:_identify(Library/Artifacts/0f) by extensions ['python_setup_py']
[1.499s] Level 1:colcon.colcon_core.package_identification:_identify(Library/Artifacts/0f) by extension 'python_setup_py'
[1.511s] Level 1:colcon.colcon_core.package_identification:_identify(Library/Artifacts/10) by extensions ['ignore', 'ignore_ament_install']
[1.512s] Level 1:colcon.colcon_core.package_identification:_identify(Library/Artifacts/10) by extension 'ignore'
[1.515s] Level 1:colcon.colcon_core.package_identification:_identify(Library/Artifacts/10) by extension 'ignore_ament_install'
[1.519s] Level 1:colcon.colcon_core.package_identification:_identify(Library/Artifacts/10) by extensions ['colcon_pkg']
[1.520s] Level 1:colcon.colcon_core.package_identification:_identify(Library/Artifacts/10) by extension 'colcon_pkg'
[1.523s] Level 1:colcon.colcon_core.package_identification:_identify(Library/Artifacts/10) by extensions ['colcon_meta']
[1.524s] Level 1:colcon.colcon_core.package_identification:_identify(Library/Artifacts/10) by extension 'colcon_meta'
[1.528s] Level 1:colcon.colcon_core.package_identification:_identify(Library/Artifacts/10) by extensions ['ros']
[1.529s] Level 1:colcon.colcon_core.package_identification:_identify(Library/Artifacts/10) by extension 'ros'
[1.540s] Level 1:colcon.colcon_core.package_identification:_identify(Library/Artifacts/10) by extensions ['cmake', 'python']
[1.541s] Level 1:colcon.colcon_core.package_identification:_identify(Library/Artifacts/10) by extension 'cmake'
[1.543s] Level 1:colcon.colcon_core.package_identification:_identify(Library/Artifacts/10) by extension 'python'
[1.546s] Level 1:colcon.colcon_core.package_identification:_identify(Library/Artifacts/10) by extensions ['python_setup_py']
[1.546s] Level 1:colcon.colcon_core.package_identification:_identify(Library/Artifacts/10) by extension 'python_setup_py'
[1.555s] Level 1:colcon.colcon_core.package_identification:_identify(Library/Artifacts/11) by extensions ['ignore', 'ignore_ament_install']
[1.556s] Level 1:colcon.colcon_core.package_identification:_identify(Library/Artifacts/11) by extension 'ignore'
[1.559s] Level 1:colcon.colcon_core.package_identification:_identify(Library/Artifacts/11) by extension 'ignore_ament_install'
[1.562s] Level 1:colcon.colcon_core.package_identification:_identify(Library/Artifacts/11) by extensions ['colcon_pkg']
[1.563s] Level 1:colcon.colcon_core.package_identification:_identify(Library/Artifacts/11) by extension 'colcon_pkg'
[1.564s] Level 1:colcon.colcon_core.package_identification:_identify(Library/Artifacts/11) by extensions ['colcon_meta']
[1.564s] Level 1:colcon.colcon_core.package_identification:_identify(Library/Artifacts/11) by extension 'colcon_meta'
[1.568s] Level 1:colcon.colcon_core.package_identification:_identify(Library/Artifacts/11) by extensions ['ros']
[1.568s] Level 1:colcon.colcon_core.package_identification:_identify(Library/Artifacts/11) by extension 'ros'
[1.578s] Level 1:colcon.colcon_core.package_identification:_identify(Library/Artifacts/11) by extensions ['cmake', 'python']
[1.579s] Level 1:colcon.colcon_core.package_identification:_identify(Library/Artifacts/11) by extension 'cmake'
[1.582s] Level 1:colcon.colcon_core.package_identification:_identify(Library/Artifacts/11) by extension 'python'
[1.584s] Level 1:colcon.colcon_core.package_identification:_identify(Library/Artifacts/11) by extensions ['python_setup_py']
[1.585s] Level 1:colcon.colcon_core.package_identification:_identify(Library/Artifacts/11) by extension 'python_setup_py'
[1.594s] Level 1:colcon.colcon_core.package_identification:_identify(Library/Artifacts/12) by extensions ['ignore', 'ignore_ament_install']
[1.595s] Level 1:colcon.colcon_core.package_identification:_identify(Library/Artifacts/12) by extension 'ignore'
[1.597s] Level 1:colcon.colcon_core.package_identification:_identify(Library/Artifacts/12) by extension 'ignore_ament_install'
[1.601s] Level 1:colcon.colcon_core.package_identification:_identify(Library/Artifacts/12) by extensions ['colcon_pkg']
[1.602s] Level 1:colcon.colcon_core.package_identification:_identify(Library/Artifacts/12) by extension 'colcon_pkg'
[1.604s] Level 1:colcon.colcon_core.package_identification:_identify(Library/Artifacts/12) by extensions ['colcon_meta']
[1.605s] Level 1:colcon.colcon_core.package_identification:_identify(Library/Artifacts/12) by extension 'colcon_meta'
[1.609s] Level 1:colcon.colcon_core.package_identification:_identify(Library/Artifacts/12) by extensions ['ros']
[1.610s] Level 1:colcon.colcon_core.package_identification:_identify(Library/Artifacts/12) by extension 'ros'
[1.619s] Level 1:colcon.colcon_core.package_identification:_identify(Library/Artifacts/12) by extensions ['cmake', 'python']
[1.619s] Level 1:colcon.colcon_core.package_identification:_identify(Library/Artifacts/12) by extension 'cmake'
[1.622s] Level 1:colcon.colcon_core.package_identification:_identify(Library/Artifacts/12) by extension 'python'
[1.624s] Level 1:colcon.colcon_core.package_identification:_identify(Library/Artifacts/12) by extensions ['python_setup_py']
[1.625s] Level 1:colcon.colcon_core.package_identification:_identify(Library/Artifacts/12) by extension 'python_setup_py'
[1.635s] Level 1:colcon.colcon_core.package_identification:_identify(Library/Artifacts/13) by extensions ['ignore', 'ignore_ament_install']
[1.636s] Level 1:colcon.colcon_core.package_identification:_identify(Library/Artifacts/13) by extension 'ignore'
[1.638s] Level 1:colcon.colcon_core.package_identification:_identify(Library/Artifacts/13) by extension 'ignore_ament_install'
[1.642s] Level 1:colcon.colcon_core.package_identification:_identify(Library/Artifacts/13) by extensions ['colcon_pkg']
[1.643s] Level 1:colcon.colcon_core.package_identification:_identify(Library/Artifacts/13) by extension 'colcon_pkg'
[1.646s] Level 1:colcon.colcon_core.package_identification:_identify(Library/Artifacts/13) by extensions ['colcon_meta']
[1.646s] Level 1:colcon.colcon_core.package_identification:_identify(Library/Artifacts/13) by extension 'colcon_meta'
[1.652s] Level 1:colcon.colcon_core.package_identification:_identify(Library/Artifacts/13) by extensions ['ros']
[1.652s] Level 1:colcon.colcon_core.package_identification:_identify(Library/Artifacts/13) by extension 'ros'
[1.663s] Level 1:colcon.colcon_core.package_identification:_identify(Library/Artifacts/13) by extensions ['cmake', 'python']
[1.663s] Level 1:colcon.colcon_core.package_identification:_identify(Library/Artifacts/13) by extension 'cmake'
[1.666s] Level 1:colcon.colcon_core.package_identification:_identify(Library/Artifacts/13) by extension 'python'
[1.668s] Level 1:colcon.colcon_core.package_identification:_identify(Library/Artifacts/13) by extensions ['python_setup_py']
[1.668s] Level 1:colcon.colcon_core.package_identification:_identify(Library/Artifacts/13) by extension 'python_setup_py'
[1.678s] Level 1:colcon.colcon_core.package_identification:_identify(Library/Artifacts/14) by extensions ['ignore', 'ignore_ament_install']
[1.679s] Level 1:colcon.colcon_core.package_identification:_identify(Library/Artifacts/14) by extension 'ignore'
[1.682s] Level 1:colcon.colcon_core.package_identification:_identify(Library/Artifacts/14) by extension 'ignore_ament_install'
[1.686s] Level 1:colcon.colcon_core.package_identification:_identify(Library/Artifacts/14) by extensions ['colcon_pkg']
[1.687s] Level 1:colcon.colcon_core.package_identification:_identify(Library/Artifacts/14) by extension 'colcon_pkg'
[1.690s] Level 1:colcon.colcon_core.package_identification:_identify(Library/Artifacts/14) by extensions ['colcon_meta']
[1.690s] Level 1:colcon.colcon_core.package_identification:_identify(Library/Artifacts/14) by extension 'colcon_meta'
[1.695s] Level 1:colcon.colcon_core.package_identification:_identify(Library/Artifacts/14) by extensions ['ros']
[1.696s] Level 1:colcon.colcon_core.package_identification:_identify(Library/Artifacts/14) by extension 'ros'
[1.707s] Level 1:colcon.colcon_core.package_identification:_identify(Library/Artifacts/14) by extensions ['cmake', 'python']
[1.708s] Level 1:colcon.colcon_core.package_identification:_identify(Library/Artifacts/14) by extension 'cmake'
[1.711s] Level 1:colcon.colcon_core.package_identification:_identify(Library/Artifacts/14) by extension 'python'
[1.713s] Level 1:colcon.colcon_core.package_identification:_identify(Library/Artifacts/14) by extensions ['python_setup_py']
[1.713s] Level 1:colcon.colcon_core.package_identification:_identify(Library/Artifacts/14) by extension 'python_setup_py'
[1.723s] Level 1:colcon.colcon_core.package_identification:_identify(Library/Artifacts/15) by extensions ['ignore', 'ignore_ament_install']
[1.724s] Level 1:colcon.colcon_core.package_identification:_identify(Library/Artifacts/15) by extension 'ignore'
[1.727s] Level 1:colcon.colcon_core.package_identification:_identify(Library/Artifacts/15) by extension 'ignore_ament_install'
[1.732s] Level 1:colcon.colcon_core.package_identification:_identify(Library/Artifacts/15) by extensions ['colcon_pkg']
[1.732s] Level 1:colcon.colcon_core.package_identification:_identify(Library/Artifacts/15) by extension 'colcon_pkg'
[1.735s] Level 1:colcon.colcon_core.package_identification:_identify(Library/Artifacts/15) by extensions ['colcon_meta']
[1.736s] Level 1:colcon.colcon_core.package_identification:_identify(Library/Artifacts/15) by extension 'colcon_meta'
[1.742s] Level 1:colcon.colcon_core.package_identification:_identify(Library/Artifacts/15) by extensions ['ros']
[1.743s] Level 1:colcon.colcon_core.package_identification:_identify(Library/Artifacts/15) by extension 'ros'
[1.754s] Level 1:colcon.colcon_core.package_identification:_identify(Library/Artifacts/15) by extensions ['cmake', 'python']
[1.755s] Level 1:colcon.colcon_core.package_identification:_identify(Library/Artifacts/15) by extension 'cmake'
[1.757s] Level 1:colcon.colcon_core.package_identification:_identify(Library/Artifacts/15) by extension 'python'
[1.760s] Level 1:colcon.colcon_core.package_identification:_identify(Library/Artifacts/15) by extensions ['python_setup_py']
[1.761s] Level 1:colcon.colcon_core.package_identification:_identify(Library/Artifacts/15) by extension 'python_setup_py'
[1.770s] Level 1:colcon.colcon_core.package_identification:_identify(Library/Artifacts/16) by extensions ['ignore', 'ignore_ament_install']
[1.771s] Level 1:colcon.colcon_core.package_identification:_identify(Library/Artifacts/16) by extension 'ignore'
[1.774s] Level 1:colcon.colcon_core.package_identification:_identify(Library/Artifacts/16) by extension 'ignore_ament_install'
[1.779s] Level 1:colcon.colcon_core.package_identification:_identify(Library/Artifacts/16) by extensions ['colcon_pkg']
[1.780s] Level 1:colcon.colcon_core.package_identification:_identify(Library/Artifacts/16) by extension 'colcon_pkg'
[1.782s] Level 1:colcon.colcon_core.package_identification:_identify(Library/Artifacts/16) by extensions ['colcon_meta']
[1.783s] Level 1:colcon.colcon_core.package_identification:_identify(Library/Artifacts/16) by extension 'colcon_meta'
[1.787s] Level 1:colcon.colcon_core.package_identification:_identify(Library/Artifacts/16) by extensions ['ros']
[1.788s] Level 1:colcon.colcon_core.package_identification:_identify(Library/Artifacts/16) by extension 'ros'
[1.797s] Level 1:colcon.colcon_core.package_identification:_identify(Library/Artifacts/16) by extensions ['cmake', 'python']
[1.798s] Level 1:colcon.colcon_core.package_identification:_identify(Library/Artifacts/16) by extension 'cmake'
[1.801s] Level 1:colcon.colcon_core.package_identification:_identify(Library/Artifacts/16) by extension 'python'
[1.803s] Level 1:colcon.colcon_core.package_identification:_identify(Library/Artifacts/16) by extensions ['python_setup_py']
[1.803s] Level 1:colcon.colcon_core.package_identification:_identify(Library/Artifacts/16) by extension 'python_setup_py'
[1.813s] Level 1:colcon.colcon_core.package_identification:_identify(Library/Artifacts/17) by extensions ['ignore', 'ignore_ament_install']
[1.813s] Level 1:colcon.colcon_core.package_identification:_identify(Library/Artifacts/17) by extension 'ignore'
[1.816s] Level 1:colcon.colcon_core.package_identification:_identify(Library/Artifacts/17) by extension 'ignore_ament_install'
[1.820s] Level 1:colcon.colcon_core.package_identification:_identify(Library/Artifacts/17) by extensions ['colcon_pkg']
[1.821s] Level 1:colcon.colcon_core.package_identification:_identify(Library/Artifacts/17) by extension 'colcon_pkg'
[1.823s] Level 1:colcon.colcon_core.package_identification:_identify(Library/Artifacts/17) by extensions ['colcon_meta']
[1.823s] Level 1:colcon.colcon_core.package_identification:_identify(Library/Artifacts/17) by extension 'colcon_meta'
[1.828s] Level 1:colcon.colcon_core.package_identification:_identify(Library/Artifacts/17) by extensions ['ros']
[1.829s] Level 1:colcon.colcon_core.package_identification:_identify(Library/Artifacts/17) by extension 'ros'
[1.838s] Level 1:colcon.colcon_core.package_identification:_identify(Library/Artifacts/17) by extensions ['cmake', 'python']
[1.839s] Level 1:colcon.colcon_core.package_identification:_identify(Library/Artifacts/17) by extension 'cmake'
[1.842s] Level 1:colcon.colcon_core.package_identification:_identify(Library/Artifacts/17) by extension 'python'
[1.845s] Level 1:colcon.colcon_core.package_identification:_identify(Library/Artifacts/17) by extensions ['python_setup_py']
[1.846s] Level 1:colcon.colcon_core.package_identification:_identify(Library/Artifacts/17) by extension 'python_setup_py'
[1.857s] Level 1:colcon.colcon_core.package_identification:_identify(Library/Artifacts/18) by extensions ['ignore', 'ignore_ament_install']
[1.858s] Level 1:colcon.colcon_core.package_identification:_identify(Library/Artifacts/18) by extension 'ignore'
[1.861s] Level 1:colcon.colcon_core.package_identification:_identify(Library/Artifacts/18) by extension 'ignore_ament_install'
[1.866s] Level 1:colcon.colcon_core.package_identification:_identify(Library/Artifacts/18) by extensions ['colcon_pkg']
[1.867s] Level 1:colcon.colcon_core.package_identification:_identify(Library/Artifacts/18) by extension 'colcon_pkg'
[1.870s] Level 1:colcon.colcon_core.package_identification:_identify(Library/Artifacts/18) by extensions ['colcon_meta']
[1.871s] Level 1:colcon.colcon_core.package_identification:_identify(Library/Artifacts/18) by extension 'colcon_meta'
[1.875s] Level 1:colcon.colcon_core.package_identification:_identify(Library/Artifacts/18) by extensions ['ros']
[1.876s] Level 1:colcon.colcon_core.package_identification:_identify(Library/Artifacts/18) by extension 'ros'
[1.890s] Level 1:colcon.colcon_core.package_identification:_identify(Library/Artifacts/18) by extensions ['cmake', 'python']
[1.891s] Level 1:colcon.colcon_core.package_identification:_identify(Library/Artifacts/18) by extension 'cmake'
[1.893s] Level 1:colcon.colcon_core.package_identification:_identify(Library/Artifacts/18) by extension 'python'
[1.896s] Level 1:colcon.colcon_core.package_identification:_identify(Library/Artifacts/18) by extensions ['python_setup_py']
[1.897s] Level 1:colcon.colcon_core.package_identification:_identify(Library/Artifacts/18) by extension 'python_setup_py'
[1.907s] Level 1:colcon.colcon_core.package_identification:_identify(Library/Artifacts/19) by extensions ['ignore', 'ignore_ament_install']
[1.908s] Level 1:colcon.colcon_core.package_identification:_identify(Library/Artifacts/19) by extension 'ignore'
[1.911s] Level 1:colcon.colcon_core.package_identification:_identify(Library/Artifacts/19) by extension 'ignore_ament_install'
[1.916s] Level 1:colcon.colcon_core.package_identification:_identify(Library/Artifacts/19) by extensions ['colcon_pkg']
[1.917s] Level 1:colcon.colcon_core.package_identification:_identify(Library/Artifacts/19) by extension 'colcon_pkg'
[1.919s] Level 1:colcon.colcon_core.package_identification:_identify(Library/Artifacts/19) by extensions ['colcon_meta']
[1.920s] Level 1:colcon.colcon_core.package_identification:_identify(Library/Artifacts/19) by extension 'colcon_meta'
[1.925s] Level 1:colcon.colcon_core.package_identification:_identify(Library/Artifacts/19) by extensions ['ros']
[1.926s] Level 1:colcon.colcon_core.package_identification:_identify(Library/Artifacts/19) by extension 'ros'
[1.936s] Level 1:colcon.colcon_core.package_identification:_identify(Library/Artifacts/19) by extensions ['cmake', 'python']
[1.936s] Level 1:colcon.colcon_core.package_identification:_identify(Library/Artifacts/19) by extension 'cmake'
[1.938s] Level 1:colcon.colcon_core.package_identification:_identify(Library/Artifacts/19) by extension 'python'
[1.940s] Level 1:colcon.colcon_core.package_identification:_identify(Library/Artifacts/19) by extensions ['python_setup_py']
[1.941s] Level 1:colcon.colcon_core.package_identification:_identify(Library/Artifacts/19) by extension 'python_setup_py'
[1.950s] Level 1:colcon.colcon_core.package_identification:_identify(Library/Artifacts/1a) by extensions ['ignore', 'ignore_ament_install']
[1.951s] Level 1:colcon.colcon_core.package_identification:_identify(Library/Artifacts/1a) by extension 'ignore'
[1.953s] Level 1:colcon.colcon_core.package_identification:_identify(Library/Artifacts/1a) by extension 'ignore_ament_install'
[1.957s] Level 1:colcon.colcon_core.package_identification:_identify(Library/Artifacts/1a) by extensions ['colcon_pkg']
[1.958s] Level 1:colcon.colcon_core.package_identification:_identify(Library/Artifacts/1a) by extension 'colcon_pkg'
[1.960s] Level 1:colcon.colcon_core.package_identification:_identify(Library/Artifacts/1a) by extensions ['colcon_meta']
[1.961s] Level 1:colcon.colcon_core.package_identification:_identify(Library/Artifacts/1a) by extension 'colcon_meta'
[1.966s] Level 1:colcon.colcon_core.package_identification:_identify(Library/Artifacts/1a) by extensions ['ros']
[1.967s] Level 1:colcon.colcon_core.package_identification:_identify(Library/Artifacts/1a) by extension 'ros'
[1.977s] Level 1:colcon.colcon_core.package_identification:_identify(Library/Artifacts/1a) by extensions ['cmake', 'python']
[1.977s] Level 1:colcon.colcon_core.package_identification:_identify(Library/Artifacts/1a) by extension 'cmake'
[1.981s] Level 1:colcon.colcon_core.package_identification:_identify(Library/Artifacts/1a) by extension 'python'
[1.983s] Level 1:colcon.colcon_core.package_identification:_identify(Library/Artifacts/1a) by extensions ['python_setup_py']
[1.984s] Level 1:colcon.colcon_core.package_identification:_identify(Library/Artifacts/1a) by extension 'python_setup_py'
[1.994s] Level 1:colcon.colcon_core.package_identification:_identify(Library/Artifacts/1b) by extensions ['ignore', 'ignore_ament_install']
[1.995s] Level 1:colcon.colcon_core.package_identification:_identify(Library/Artifacts/1b) by extension 'ignore'
[1.998s] Level 1:colcon.colcon_core.package_identification:_identify(Library/Artifacts/1b) by extension 'ignore_ament_install'
[2.003s] Level 1:colcon.colcon_core.package_identification:_identify(Library/Artifacts/1b) by extensions ['colcon_pkg']
[2.003s] Level 1:colcon.colcon_core.package_identification:_identify(Library/Artifacts/1b) by extension 'colcon_pkg'
[2.006s] Level 1:colcon.colcon_core.package_identification:_identify(Library/Artifacts/1b) by extensions ['colcon_meta']
[2.007s] Level 1:colcon.colcon_core.package_identification:_identify(Library/Artifacts/1b) by extension 'colcon_meta'
[2.012s] Level 1:colcon.colcon_core.package_identification:_identify(Library/Artifacts/1b) by extensions ['ros']
[2.012s] Level 1:colcon.colcon_core.package_identification:_identify(Library/Artifacts/1b) by extension 'ros'
[2.023s] Level 1:colcon.colcon_core.package_identification:_identify(Library/Artifacts/1b) by extensions ['cmake', 'python']
[2.024s] Level 1:colcon.colcon_core.package_identification:_identify(Library/Artifacts/1b) by extension 'cmake'
[2.027s] Level 1:colcon.colcon_core.package_identification:_identify(Library/Artifacts/1b) by extension 'python'
[2.030s] Level 1:colcon.colcon_core.package_identification:_identify(Library/Artifacts/1b) by extensions ['python_setup_py']
[2.031s] Level 1:colcon.colcon_core.package_identification:_identify(Library/Artifacts/1b) by extension 'python_setup_py'
[2.041s] Level 1:colcon.colcon_core.package_identification:_identify(Library/Artifacts/1c) by extensions ['ignore', 'ignore_ament_install']
[2.041s] Level 1:colcon.colcon_core.package_identification:_identify(Library/Artifacts/1c) by extension 'ignore'
[2.044s] Level 1:colcon.colcon_core.package_identification:_identify(Library/Artifacts/1c) by extension 'ignore_ament_install'
[2.049s] Level 1:colcon.colcon_core.package_identification:_identify(Library/Artifacts/1c) by extensions ['colcon_pkg']
[2.049s] Level 1:colcon.colcon_core.package_identification:_identify(Library/Artifacts/1c) by extension 'colcon_pkg'
[2.052s] Level 1:colcon.colcon_core.package_identification:_identify(Library/Artifacts/1c) by extensions ['colcon_meta']
[2.053s] Level 1:colcon.colcon_core.package_identification:_identify(Library/Artifacts/1c) by extension 'colcon_meta'
[2.058s] Level 1:colcon.colcon_core.package_identification:_identify(Library/Artifacts/1c) by extensions ['ros']
[2.059s] Level 1:colcon.colcon_core.package_identification:_identify(Library/Artifacts/1c) by extension 'ros'
[2.070s] Level 1:colcon.colcon_core.package_identification:_identify(Library/Artifacts/1c) by extensions ['cmake', 'python']
[2.071s] Level 1:colcon.colcon_core.package_identification:_identify(Library/Artifacts/1c) by extension 'cmake'
[2.074s] Level 1:colcon.colcon_core.package_identification:_identify(Library/Artifacts/1c) by extension 'python'
[2.077s] Level 1:colcon.colcon_core.package_identification:_identify(Library/Artifacts/1c) by extensions ['python_setup_py']
[2.077s] Level 1:colcon.colcon_core.package_identification:_identify(Library/Artifacts/1c) by extension 'python_setup_py'
[2.087s] Level 1:colcon.colcon_core.package_identification:_identify(Library/Artifacts/1d) by extensions ['ignore', 'ignore_ament_install']
[2.088s] Level 1:colcon.colcon_core.package_identification:_identify(Library/Artifacts/1d) by extension 'ignore'
[2.091s] Level 1:colcon.colcon_core.package_identification:_identify(Library/Artifacts/1d) by extension 'ignore_ament_install'
[2.095s] Level 1:colcon.colcon_core.package_identification:_identify(Library/Artifacts/1d) by extensions ['colcon_pkg']
[2.096s] Level 1:colcon.colcon_core.package_identification:_identify(Library/Artifacts/1d) by extension 'colcon_pkg'
[2.098s] Level 1:colcon.colcon_core.package_identification:_identify(Library/Artifacts/1d) by extensions ['colcon_meta']
[2.099s] Level 1:colcon.colcon_core.package_identification:_identify(Library/Artifacts/1d) by extension 'colcon_meta'
[2.103s] Level 1:colcon.colcon_core.package_identification:_identify(Library/Artifacts/1d) by extensions ['ros']
[2.104s] Level 1:colcon.colcon_core.package_identification:_identify(Library/Artifacts/1d) by extension 'ros'
[2.114s] Level 1:colcon.colcon_core.package_identification:_identify(Library/Artifacts/1d) by extensions ['cmake', 'python']
[2.115s] Level 1:colcon.colcon_core.package_identification:_identify(Library/Artifacts/1d) by extension 'cmake'
[2.118s] Level 1:colcon.colcon_core.package_identification:_identify(Library/Artifacts/1d) by extension 'python'
[2.121s] Level 1:colcon.colcon_core.package_identification:_identify(Library/Artifacts/1d) by extensions ['python_setup_py']
[2.121s] Level 1:colcon.colcon_core.package_identification:_identify(Library/Artifacts/1d) by extension 'python_setup_py'
[2.132s] Level 1:colcon.colcon_core.package_identification:_identify(Library/Artifacts/1e) by extensions ['ignore', 'ignore_ament_install']
[2.133s] Level 1:colcon.colcon_core.package_identification:_identify(Library/Artifacts/1e) by extension 'ignore'
[2.135s] Level 1:colcon.colcon_core.package_identification:_identify(Library/Artifacts/1e) by extension 'ignore_ament_install'
[2.140s] Level 1:colcon.colcon_core.package_identification:_identify(Library/Artifacts/1e) by extensions ['colcon_pkg']
[2.140s] Level 1:colcon.colcon_core.package_identification:_identify(Library/Artifacts/1e) by extension 'colcon_pkg'
[2.143s] Level 1:colcon.colcon_core.package_identification:_identify(Library/Artifacts/1e) by extensions ['colcon_meta']
[2.143s] Level 1:colcon.colcon_core.package_identification:_identify(Library/Artifacts/1e) by extension 'colcon_meta'
[2.147s] Level 1:colcon.colcon_core.package_identification:_identify(Library/Artifacts/1e) by extensions ['ros']
[2.148s] Level 1:colcon.colcon_core.package_identification:_identify(Library/Artifacts/1e) by extension 'ros'
[2.158s] Level 1:colcon.colcon_core.package_identification:_identify(Library/Artifacts/1e) by extensions ['cmake', 'python']
[2.159s] Level 1:colcon.colcon_core.package_identification:_identify(Library/Artifacts/1e) by extension 'cmake'
[2.161s] Level 1:colcon.colcon_core.package_identification:_identify(Library/Artifacts/1e) by extension 'python'
[2.164s] Level 1:colcon.colcon_core.package_identification:_identify(Library/Artifacts/1e) by extensions ['python_setup_py']
[2.165s] Level 1:colcon.colcon_core.package_identification:_identify(Library/Artifacts/1e) by extension 'python_setup_py'
[2.176s] Level 1:colcon.colcon_core.package_identification:_identify(Library/Artifacts/1f) by extensions ['ignore', 'ignore_ament_install']
[2.177s] Level 1:colcon.colcon_core.package_identification:_identify(Library/Artifacts/1f) by extension 'ignore'
[2.180s] Level 1:colcon.colcon_core.package_identification:_identify(Library/Artifacts/1f) by extension 'ignore_ament_install'
[2.185s] Level 1:colcon.colcon_core.package_identification:_identify(Library/Artifacts/1f) by extensions ['colcon_pkg']
[2.186s] Level 1:colcon.colcon_core.package_identification:_identify(Library/Artifacts/1f) by extension 'colcon_pkg'
[2.189s] Level 1:colcon.colcon_core.package_identification:_identify(Library/Artifacts/1f) by extensions ['colcon_meta']
[2.190s] Level 1:colcon.colcon_core.package_identification:_identify(Library/Artifacts/1f) by extension 'colcon_meta'
[2.196s] Level 1:colcon.colcon_core.package_identification:_identify(Library/Artifacts/1f) by extensions ['ros']
[2.197s] Level 1:colcon.colcon_core.package_identification:_identify(Library/Artifacts/1f) by extension 'ros'
[2.209s] Level 1:colcon.colcon_core.package_identification:_identify(Library/Artifacts/1f) by extensions ['cmake', 'python']
[2.209s] Level 1:colcon.colcon_core.package_identification:_identify(Library/Artifacts/1f) by extension 'cmake'
[2.212s] Level 1:colcon.colcon_core.package_identification:_identify(Library/Artifacts/1f) by extension 'python'
[2.216s] Level 1:colcon.colcon_core.package_identification:_identify(Library/Artifacts/1f) by extensions ['python_setup_py']
[2.216s] Level 1:colcon.colcon_core.package_identification:_identify(Library/Artifacts/1f) by extension 'python_setup_py'
[2.227s] Level 1:colcon.colcon_core.package_identification:_identify(Library/Artifacts/20) by extensions ['ignore', 'ignore_ament_install']
[2.228s] Level 1:colcon.colcon_core.package_identification:_identify(Library/Artifacts/20) by extension 'ignore'
[2.231s] Level 1:colcon.colcon_core.package_identification:_identify(Library/Artifacts/20) by extension 'ignore_ament_install'
[2.235s] Level 1:colcon.colcon_core.package_identification:_identify(Library/Artifacts/20) by extensions ['colcon_pkg']
[2.236s] Level 1:colcon.colcon_core.package_identification:_identify(Library/Artifacts/20) by extension 'colcon_pkg'
[2.239s] Level 1:colcon.colcon_core.package_identification:_identify(Library/Artifacts/20) by extensions ['colcon_meta']
[2.240s] Level 1:colcon.colcon_core.package_identification:_identify(Library/Artifacts/20) by extension 'colcon_meta'
[2.245s] Level 1:colcon.colcon_core.package_identification:_identify(Library/Artifacts/20) by extensions ['ros']
[2.245s] Level 1:colcon.colcon_core.package_identification:_identify(Library/Artifacts/20) by extension 'ros'
[2.256s] Level 1:colcon.colcon_core.package_identification:_identify(Library/Artifacts/20) by extensions ['cmake', 'python']
[2.257s] Level 1:colcon.colcon_core.package_identification:_identify(Library/Artifacts/20) by extension 'cmake'
[2.260s] Level 1:colcon.colcon_core.package_identification:_identify(Library/Artifacts/20) by extension 'python'
[2.262s] Level 1:colcon.colcon_core.package_identification:_identify(Library/Artifacts/20) by extensions ['python_setup_py']
[2.263s] Level 1:colcon.colcon_core.package_identification:_identify(Library/Artifacts/20) by extension 'python_setup_py'
[2.272s] Level 1:colcon.colcon_core.package_identification:_identify(Library/Artifacts/21) by extensions ['ignore', 'ignore_ament_install']
[2.273s] Level 1:colcon.colcon_core.package_identification:_identify(Library/Artifacts/21) by extension 'ignore'
[2.276s] Level 1:colcon.colcon_core.package_identification:_identify(Library/Artifacts/21) by extension 'ignore_ament_install'
[2.279s] Level 1:colcon.colcon_core.package_identification:_identify(Library/Artifacts/21) by extensions ['colcon_pkg']
[2.280s] Level 1:colcon.colcon_core.package_identification:_identify(Library/Artifacts/21) by extension 'colcon_pkg'
[2.282s] Level 1:colcon.colcon_core.package_identification:_identify(Library/Artifacts/21) by extensions ['colcon_meta']
[2.283s] Level 1:colcon.colcon_core.package_identification:_identify(Library/Artifacts/21) by extension 'colcon_meta'
[2.287s] Level 1:colcon.colcon_core.package_identification:_identify(Library/Artifacts/21) by extensions ['ros']
[2.288s] Level 1:colcon.colcon_core.package_identification:_identify(Library/Artifacts/21) by extension 'ros'
[2.298s] Level 1:colcon.colcon_core.package_identification:_identify(Library/Artifacts/21) by extensions ['cmake', 'python']
[2.299s] Level 1:colcon.colcon_core.package_identification:_identify(Library/Artifacts/21) by extension 'cmake'
[2.301s] Level 1:colcon.colcon_core.package_identification:_identify(Library/Artifacts/21) by extension 'python'
[2.304s] Level 1:colcon.colcon_core.package_identification:_identify(Library/Artifacts/21) by extensions ['python_setup_py']
[2.304s] Level 1:colcon.colcon_core.package_identification:_identify(Library/Artifacts/21) by extension 'python_setup_py'
[2.314s] Level 1:colcon.colcon_core.package_identification:_identify(Library/Artifacts/22) by extensions ['ignore', 'ignore_ament_install']
[2.314s] Level 1:colcon.colcon_core.package_identification:_identify(Library/Artifacts/22) by extension 'ignore'
[2.317s] Level 1:colcon.colcon_core.package_identification:_identify(Library/Artifacts/22) by extension 'ignore_ament_install'
[2.321s] Level 1:colcon.colcon_core.package_identification:_identify(Library/Artifacts/22) by extensions ['colcon_pkg']
[2.322s] Level 1:colcon.colcon_core.package_identification:_identify(Library/Artifacts/22) by extension 'colcon_pkg'
[2.324s] Level 1:colcon.colcon_core.package_identification:_identify(Library/Artifacts/22) by extensions ['colcon_meta']
[2.325s] Level 1:colcon.colcon_core.package_identification:_identify(Library/Artifacts/22) by extension 'colcon_meta'
[2.329s] Level 1:colcon.colcon_core.package_identification:_identify(Library/Artifacts/22) by extensions ['ros']
[2.330s] Level 1:colcon.colcon_core.package_identification:_identify(Library/Artifacts/22) by extension 'ros'
[2.340s] Level 1:colcon.colcon_core.package_identification:_identify(Library/Artifacts/22) by extensions ['cmake', 'python']
[2.341s] Level 1:colcon.colcon_core.package_identification:_identify(Library/Artifacts/22) by extension 'cmake'
[2.343s] Level 1:colcon.colcon_core.package_identification:_identify(Library/Artifacts/22) by extension 'python'
[2.346s] Level 1:colcon.colcon_core.package_identification:_identify(Library/Artifacts/22) by extensions ['python_setup_py']
[2.346s] Level 1:colcon.colcon_core.package_identification:_identify(Library/Artifacts/22) by extension 'python_setup_py'
[2.355s] Level 1:colcon.colcon_core.package_identification:_identify(Library/Artifacts/23) by extensions ['ignore', 'ignore_ament_install']
[2.356s] Level 1:colcon.colcon_core.package_identification:_identify(Library/Artifacts/23) by extension 'ignore'
[2.358s] Level 1:colcon.colcon_core.package_identification:_identify(Library/Artifacts/23) by extension 'ignore_ament_install'
[2.361s] Level 1:colcon.colcon_core.package_identification:_identify(Library/Artifacts/23) by extensions ['colcon_pkg']
[2.361s] Level 1:colcon.colcon_core.package_identification:_identify(Library/Artifacts/23) by extension 'colcon_pkg'
[2.363s] Level 1:colcon.colcon_core.package_identification:_identify(Library/Artifacts/23) by extensions ['colcon_meta']
[2.364s] Level 1:colcon.colcon_core.package_identification:_identify(Library/Artifacts/23) by extension 'colcon_meta'
[2.367s] Level 1:colcon.colcon_core.package_identification:_identify(Library/Artifacts/23) by extensions ['ros']
[2.368s] Level 1:colcon.colcon_core.package_identification:_identify(Library/Artifacts/23) by extension 'ros'
[2.376s] Level 1:colcon.colcon_core.package_identification:_identify(Library/Artifacts/23) by extensions ['cmake', 'python']
[2.377s] Level 1:colcon.colcon_core.package_identification:_identify(Library/Artifacts/23) by extension 'cmake'
[2.379s] Level 1:colcon.colcon_core.package_identification:_identify(Library/Artifacts/23) by extension 'python'
[2.380s] Level 1:colcon.colcon_core.package_identification:_identify(Library/Artifacts/23) by extensions ['python_setup_py']
[2.381s] Level 1:colcon.colcon_core.package_identification:_identify(Library/Artifacts/23) by extension 'python_setup_py'
[2.389s] Level 1:colcon.colcon_core.package_identification:_identify(Library/Artifacts/24) by extensions ['ignore', 'ignore_ament_install']
[2.389s] Level 1:colcon.colcon_core.package_identification:_identify(Library/Artifacts/24) by extension 'ignore'
[2.391s] Level 1:colcon.colcon_core.package_identification:_identify(Library/Artifacts/24) by extension 'ignore_ament_install'
[2.395s] Level 1:colcon.colcon_core.package_identification:_identify(Library/Artifacts/24) by extensions ['colcon_pkg']
[2.396s] Level 1:colcon.colcon_core.package_identification:_identify(Library/Artifacts/24) by extension 'colcon_pkg'
[2.398s] Level 1:colcon.colcon_core.package_identification:_identify(Library/Artifacts/24) by extensions ['colcon_meta']
[2.398s] Level 1:colcon.colcon_core.package_identification:_identify(Library/Artifacts/24) by extension 'colcon_meta'
[2.401s] Level 1:colcon.colcon_core.package_identification:_identify(Library/Artifacts/24) by extensions ['ros']
[2.401s] Level 1:colcon.colcon_core.package_identification:_identify(Library/Artifacts/24) by extension 'ros'
[2.410s] Level 1:colcon.colcon_core.package_identification:_identify(Library/Artifacts/24) by extensions ['cmake', 'python']
[2.411s] Level 1:colcon.colcon_core.package_identification:_identify(Library/Artifacts/24) by extension 'cmake'
[2.414s] Level 1:colcon.colcon_core.package_identification:_identify(Library/Artifacts/24) by extension 'python'
[2.416s] Level 1:colcon.colcon_core.package_identification:_identify(Library/Artifacts/24) by extensions ['python_setup_py']
[2.417s] Level 1:colcon.colcon_core.package_identification:_identify(Library/Artifacts/24) by extension 'python_setup_py'
[2.421s] Level 1:colcon.colcon_core.package_identification:_identify(Library/Artifacts/25) by extensions ['ignore', 'ignore_ament_install']
[2.422s] Level 1:colcon.colcon_core.package_identification:_identify(Library/Artifacts/25) by extension 'ignore'
[2.423s] Level 1:colcon.colcon_core.package_identification:_identify(Library/Artifacts/25) by extension 'ignore_ament_install'
[2.425s] Level 1:colcon.colcon_core.package_identification:_identify(Library/Artifacts/25) by extensions ['colcon_pkg']
[2.426s] Level 1:colcon.colcon_core.package_identification:_identify(Library/Artifacts/25) by extension 'colcon_pkg'
[2.428s] Level 1:colcon.colcon_core.package_identification:_identify(Library/Artifacts/25) by extensions ['colcon_meta']
[2.429s] Level 1:colcon.colcon_core.package_identification:_identify(Library/Artifacts/25) by extension 'colcon_meta'
[2.430s] Level 1:colcon.colcon_core.package_identification:_identify(Library/Artifacts/25) by extensions ['ros']
[2.431s] Level 1:colcon.colcon_core.package_identification:_identify(Library/Artifacts/25) by extension 'ros'
[2.436s] Level 1:colcon.colcon_core.package_identification:_identify(Library/Artifacts/25) by extensions ['cmake', 'python']
[2.436s] Level 1:colcon.colcon_core.package_identification:_identify(Library/Artifacts/25) by extension 'cmake'
[2.438s] Level 1:colcon.colcon_core.package_identification:_identify(Library/Artifacts/25) by extension 'python'
[2.439s] Level 1:colcon.colcon_core.package_identification:_identify(Library/Artifacts/25) by extensions ['python_setup_py']
[2.440s] Level 1:colcon.colcon_core.package_identification:_identify(Library/Artifacts/25) by extension 'python_setup_py'
[2.445s] Level 1:colcon.colcon_core.package_identification:_identify(Library/Artifacts/26) by extensions ['ignore', 'ignore_ament_install']
[2.446s] Level 1:colcon.colcon_core.package_identification:_identify(Library/Artifacts/26) by extension 'ignore'
[2.447s] Level 1:colcon.colcon_core.package_identification:_identify(Library/Artifacts/26) by extension 'ignore_ament_install'
[2.450s] Level 1:colcon.colcon_core.package_identification:_identify(Library/Artifacts/26) by extensions ['colcon_pkg']
[2.451s] Level 1:colcon.colcon_core.package_identification:_identify(Library/Artifacts/26) by extension 'colcon_pkg'
[2.453s] Level 1:colcon.colcon_core.package_identification:_identify(Library/Artifacts/26) by extensions ['colcon_meta']
[2.454s] Level 1:colcon.colcon_core.package_identification:_identify(Library/Artifacts/26) by extension 'colcon_meta'
[2.456s] Level 1:colcon.colcon_core.package_identification:_identify(Library/Artifacts/26) by extensions ['ros']
[2.456s] Level 1:colcon.colcon_core.package_identification:_identify(Library/Artifacts/26) by extension 'ros'
[2.462s] Level 1:colcon.colcon_core.package_identification:_identify(Library/Artifacts/26) by extensions ['cmake', 'python']
[2.463s] Level 1:colcon.colcon_core.package_identification:_identify(Library/Artifacts/26) by extension 'cmake'
[2.464s] Level 1:colcon.colcon_core.package_identification:_identify(Library/Artifacts/26) by extension 'python'
[2.466s] Level 1:colcon.colcon_core.package_identification:_identify(Library/Artifacts/26) by extensions ['python_setup_py']
[2.467s] Level 1:colcon.colcon_core.package_identification:_identify(Library/Artifacts/26) by extension 'python_setup_py'
[2.472s] Level 1:colcon.colcon_core.package_identification:_identify(Library/Artifacts/27) by extensions ['ignore', 'ignore_ament_install']
[2.473s] Level 1:colcon.colcon_core.package_identification:_identify(Library/Artifacts/27) by extension 'ignore'
[2.475s] Level 1:colcon.colcon_core.package_identification:_identify(Library/Artifacts/27) by extension 'ignore_ament_install'
[2.477s] Level 1:colcon.colcon_core.package_identification:_identify(Library/Artifacts/27) by extensions ['colcon_pkg']
[2.478s] Level 1:colcon.colcon_core.package_identification:_identify(Library/Artifacts/27) by extension 'colcon_pkg'
[2.479s] Level 1:colcon.colcon_core.package_identification:_identify(Library/Artifacts/27) by extensions ['colcon_meta']
[2.480s] Level 1:colcon.colcon_core.package_identification:_identify(Library/Artifacts/27) by extension 'colcon_meta'
[2.482s] Level 1:colcon.colcon_core.package_identification:_identify(Library/Artifacts/27) by extensions ['ros']
[2.483s] Level 1:colcon.colcon_core.package_identification:_identify(Library/Artifacts/27) by extension 'ros'
[2.488s] Level 1:colcon.colcon_core.package_identification:_identify(Library/Artifacts/27) by extensions ['cmake', 'python']
[2.488s] Level 1:colcon.colcon_core.package_identification:_identify(Library/Artifacts/27) by extension 'cmake'
[2.489s] Level 1:colcon.colcon_core.package_identification:_identify(Library/Artifacts/27) by extension 'python'
[2.490s] Level 1:colcon.colcon_core.package_identification:_identify(Library/Artifacts/27) by extensions ['python_setup_py']
[2.491s] Level 1:colcon.colcon_core.package_identification:_identify(Library/Artifacts/27) by extension 'python_setup_py'
[2.495s] Level 1:colcon.colcon_core.package_identification:_identify(Library/Artifacts/28) by extensions ['ignore', 'ignore_ament_install']
[2.496s] Level 1:colcon.colcon_core.package_identification:_identify(Library/Artifacts/28) by extension 'ignore'
[2.497s] Level 1:colcon.colcon_core.package_identification:_identify(Library/Artifacts/28) by extension 'ignore_ament_install'
[2.500s] Level 1:colcon.colcon_core.package_identification:_identify(Library/Artifacts/28) by extensions ['colcon_pkg']
[2.501s] Level 1:colcon.colcon_core.package_identification:_identify(Library/Artifacts/28) by extension 'colcon_pkg'
[2.503s] Level 1:colcon.colcon_core.package_identification:_identify(Library/Artifacts/28) by extensions ['colcon_meta']
[2.503s] Level 1:colcon.colcon_core.package_identification:_identify(Library/Artifacts/28) by extension 'colcon_meta'
[2.506s] Level 1:colcon.colcon_core.package_identification:_identify(Library/Artifacts/28) by extensions ['ros']
[2.507s] Level 1:colcon.colcon_core.package_identification:_identify(Library/Artifacts/28) by extension 'ros'
[2.514s] Level 1:colcon.colcon_core.package_identification:_identify(Library/Artifacts/28) by extensions ['cmake', 'python']
[2.514s] Level 1:colcon.colcon_core.package_identification:_identify(Library/Artifacts/28) by extension 'cmake'
[2.516s] Level 1:colcon.colcon_core.package_identification:_identify(Library/Artifacts/28) by extension 'python'
[2.519s] Level 1:colcon.colcon_core.package_identification:_identify(Library/Artifacts/28) by extensions ['python_setup_py']
[2.520s] Level 1:colcon.colcon_core.package_identification:_identify(Library/Artifacts/28) by extension 'python_setup_py'
[2.527s] Level 1:colcon.colcon_core.package_identification:_identify(Library/Artifacts/29) by extensions ['ignore', 'ignore_ament_install']
[2.527s] Level 1:colcon.colcon_core.package_identification:_identify(Library/Artifacts/29) by extension 'ignore'
[2.532s] Level 1:colcon.colcon_core.package_identification:_identify(Library/Artifacts/29) by extension 'ignore_ament_install'
[2.536s] Level 1:colcon.colcon_core.package_identification:_identify(Library/Artifacts/29) by extensions ['colcon_pkg']
[2.536s] Level 1:colcon.colcon_core.package_identification:_identify(Library/Artifacts/29) by extension 'colcon_pkg'
[2.538s] Level 1:colcon.colcon_core.package_identification:_identify(Library/Artifacts/29) by extensions ['colcon_meta']
[2.539s] Level 1:colcon.colcon_core.package_identification:_identify(Library/Artifacts/29) by extension 'colcon_meta'
[2.542s] Level 1:colcon.colcon_core.package_identification:_identify(Library/Artifacts/29) by extensions ['ros']
[2.543s] Level 1:colcon.colcon_core.package_identification:_identify(Library/Artifacts/29) by extension 'ros'
[2.551s] Level 1:colcon.colcon_core.package_identification:_identify(Library/Artifacts/29) by extensions ['cmake', 'python']
[2.551s] Level 1:colcon.colcon_core.package_identification:_identify(Library/Artifacts/29) by extension 'cmake'
[2.553s] Level 1:colcon.colcon_core.package_identification:_identify(Library/Artifacts/29) by extension 'python'
[2.555s] Level 1:colcon.colcon_core.package_identification:_identify(Library/Artifacts/29) by extensions ['python_setup_py']
[2.556s] Level 1:colcon.colcon_core.package_identification:_identify(Library/Artifacts/29) by extension 'python_setup_py'
[2.563s] Level 1:colcon.colcon_core.package_identification:_identify(Library/Artifacts/2a) by extensions ['ignore', 'ignore_ament_install']
[2.563s] Level 1:colcon.colcon_core.package_identification:_identify(Library/Artifacts/2a) by extension 'ignore'
[2.566s] Level 1:colcon.colcon_core.package_identification:_identify(Library/Artifacts/2a) by extension 'ignore_ament_install'
[2.569s] Level 1:colcon.colcon_core.package_identification:_identify(Library/Artifacts/2a) by extensions ['colcon_pkg']
[2.570s] Level 1:colcon.colcon_core.package_identification:_identify(Library/Artifacts/2a) by extension 'colcon_pkg'
[2.572s] Level 1:colcon.colcon_core.package_identification:_identify(Library/Artifacts/2a) by extensions ['colcon_meta']
[2.573s] Level 1:colcon.colcon_core.package_identification:_identify(Library/Artifacts/2a) by extension 'colcon_meta'
[2.575s] Level 1:colcon.colcon_core.package_identification:_identify(Library/Artifacts/2a) by extensions ['ros']
[2.576s] Level 1:colcon.colcon_core.package_identification:_identify(Library/Artifacts/2a) by extension 'ros'
[2.584s] Level 1:colcon.colcon_core.package_identification:_identify(Library/Artifacts/2a) by extensions ['cmake', 'python']
[2.584s] Level 1:colcon.colcon_core.package_identification:_identify(Library/Artifacts/2a) by extension 'cmake'
[2.586s] Level 1:colcon.colcon_core.package_identification:_identify(Library/Artifacts/2a) by extension 'python'
[2.588s] Level 1:colcon.colcon_core.package_identification:_identify(Library/Artifacts/2a) by extensions ['python_setup_py']
[2.588s] Level 1:colcon.colcon_core.package_identification:_identify(Library/Artifacts/2a) by extension 'python_setup_py'
[2.596s] Level 1:colcon.colcon_core.package_identification:_identify(Library/Artifacts/2b) by extensions ['ignore', 'ignore_ament_install']
[2.596s] Level 1:colcon.colcon_core.package_identification:_identify(Library/Artifacts/2b) by extension 'ignore'
[2.598s] Level 1:colcon.colcon_core.package_identification:_identify(Library/Artifacts/2b) by extension 'ignore_ament_install'
[2.600s] Level 1:colcon.colcon_core.package_identification:_identify(Library/Artifacts/2b) by extensions ['colcon_pkg']
[2.601s] Level 1:colcon.colcon_core.package_identification:_identify(Library/Artifacts/2b) by extension 'colcon_pkg'
[2.602s] Level 1:colcon.colcon_core.package_identification:_identify(Library/Artifacts/2b) by extensions ['colcon_meta']
[2.603s] Level 1:colcon.colcon_core.package_identification:_identify(Library/Artifacts/2b) by extension 'colcon_meta'
[2.605s] Level 1:colcon.colcon_core.package_identification:_identify(Library/Artifacts/2b) by extensions ['ros']
[2.606s] Level 1:colcon.colcon_core.package_identification:_identify(Library/Artifacts/2b) by extension 'ros'
[2.612s] Level 1:colcon.colcon_core.package_identification:_identify(Library/Artifacts/2b) by extensions ['cmake', 'python']
[2.612s] Level 1:colcon.colcon_core.package_identification:_identify(Library/Artifacts/2b) by extension 'cmake'
[2.614s] Level 1:colcon.colcon_core.package_identification:_identify(Library/Artifacts/2b) by extension 'python'
[2.615s] Level 1:colcon.colcon_core.package_identification:_identify(Library/Artifacts/2b) by extensions ['python_setup_py']
[2.616s] Level 1:colcon.colcon_core.package_identification:_identify(Library/Artifacts/2b) by extension 'python_setup_py'
[2.622s] Level 1:colcon.colcon_core.package_identification:_identify(Library/Artifacts/2c) by extensions ['ignore', 'ignore_ament_install']
[2.623s] Level 1:colcon.colcon_core.package_identification:_identify(Library/Artifacts/2c) by extension 'ignore'
[2.625s] Level 1:colcon.colcon_core.package_identification:_identify(Library/Artifacts/2c) by extension 'ignore_ament_install'
[2.627s] Level 1:colcon.colcon_core.package_identification:_identify(Library/Artifacts/2c) by extensions ['colcon_pkg']
[2.628s] Level 1:colcon.colcon_core.package_identification:_identify(Library/Artifacts/2c) by extension 'colcon_pkg'
[2.629s] Level 1:colcon.colcon_core.package_identification:_identify(Library/Artifacts/2c) by extensions ['colcon_meta']
[2.630s] Level 1:colcon.colcon_core.package_identification:_identify(Library/Artifacts/2c) by extension 'colcon_meta'
[2.633s] Level 1:colcon.colcon_core.package_identification:_identify(Library/Artifacts/2c) by extensions ['ros']
[2.633s] Level 1:colcon.colcon_core.package_identification:_identify(Library/Artifacts/2c) by extension 'ros'
[2.638s] Level 1:colcon.colcon_core.package_identification:_identify(Library/Artifacts/2c) by extensions ['cmake', 'python']
[2.639s] Level 1:colcon.colcon_core.package_identification:_identify(Library/Artifacts/2c) by extension 'cmake'
[2.640s] Level 1:colcon.colcon_core.package_identification:_identify(Library/Artifacts/2c) by extension 'python'
[2.642s] Level 1:colcon.colcon_core.package_identification:_identify(Library/Artifacts/2c) by extensions ['python_setup_py']
[2.642s] Level 1:colcon.colcon_core.package_identification:_identify(Library/Artifacts/2c) by extension 'python_setup_py'
[2.648s] Level 1:colcon.colcon_core.package_identification:_identify(Library/Artifacts/2d) by extensions ['ignore', 'ignore_ament_install']
[2.648s] Level 1:colcon.colcon_core.package_identification:_identify(Library/Artifacts/2d) by extension 'ignore'
[2.651s] Level 1:colcon.colcon_core.package_identification:_identify(Library/Artifacts/2d) by extension 'ignore_ament_install'
[2.653s] Level 1:colcon.colcon_core.package_identification:_identify(Library/Artifacts/2d) by extensions ['colcon_pkg']
[2.654s] Level 1:colcon.colcon_core.package_identification:_identify(Library/Artifacts/2d) by extension 'colcon_pkg'
[2.655s] Level 1:colcon.colcon_core.package_identification:_identify(Library/Artifacts/2d) by extensions ['colcon_meta']
[2.656s] Level 1:colcon.colcon_core.package_identification:_identify(Library/Artifacts/2d) by extension 'colcon_meta'
[2.657s] Level 1:colcon.colcon_core.package_identification:_identify(Library/Artifacts/2d) by extensions ['ros']
[2.658s] Level 1:colcon.colcon_core.package_identification:_identify(Library/Artifacts/2d) by extension 'ros'
[2.664s] Level 1:colcon.colcon_core.package_identification:_identify(Library/Artifacts/2d) by extensions ['cmake', 'python']
[2.665s] Level 1:colcon.colcon_core.package_identification:_identify(Library/Artifacts/2d) by extension 'cmake'
[2.666s] Level 1:colcon.colcon_core.package_identification:_identify(Library/Artifacts/2d) by extension 'python'
[2.668s] Level 1:colcon.colcon_core.package_identification:_identify(Library/Artifacts/2d) by extensions ['python_setup_py']
[2.668s] Level 1:colcon.colcon_core.package_identification:_identify(Library/Artifacts/2d) by extension 'python_setup_py'
[2.675s] Level 1:colcon.colcon_core.package_identification:_identify(Library/Artifacts/2e) by extensions ['ignore', 'ignore_ament_install']
[2.675s] Level 1:colcon.colcon_core.package_identification:_identify(Library/Artifacts/2e) by extension 'ignore'
[2.677s] Level 1:colcon.colcon_core.package_identification:_identify(Library/Artifacts/2e) by extension 'ignore_ament_install'
[2.681s] Level 1:colcon.colcon_core.package_identification:_identify(Library/Artifacts/2e) by extensions ['colcon_pkg']
[2.682s] Level 1:colcon.colcon_core.package_identification:_identify(Library/Artifacts/2e) by extension 'colcon_pkg'
[2.684s] Level 1:colcon.colcon_core.package_identification:_identify(Library/Artifacts/2e) by extensions ['colcon_meta']
[2.685s] Level 1:colcon.colcon_core.package_identification:_identify(Library/Artifacts/2e) by extension 'colcon_meta'
[2.688s] Level 1:colcon.colcon_core.package_identification:_identify(Library/Artifacts/2e) by extensions ['ros']
[2.689s] Level 1:colcon.colcon_core.package_identification:_identify(Library/Artifacts/2e) by extension 'ros'
[2.697s] Level 1:colcon.colcon_core.package_identification:_identify(Library/Artifacts/2e) by extensions ['cmake', 'python']
[2.697s] Level 1:colcon.colcon_core.package_identification:_identify(Library/Artifacts/2e) by extension 'cmake'
[2.699s] Level 1:colcon.colcon_core.package_identification:_identify(Library/Artifacts/2e) by extension 'python'
[2.701s] Level 1:colcon.colcon_core.package_identification:_identify(Library/Artifacts/2e) by extensions ['python_setup_py']
[2.702s] Level 1:colcon.colcon_core.package_identification:_identify(Library/Artifacts/2e) by extension 'python_setup_py'
[2.710s] Level 1:colcon.colcon_core.package_identification:_identify(Library/Artifacts/2f) by extensions ['ignore', 'ignore_ament_install']
[2.710s] Level 1:colcon.colcon_core.package_identification:_identify(Library/Artifacts/2f) by extension 'ignore'
[2.713s] Level 1:colcon.colcon_core.package_identification:_identify(Library/Artifacts/2f) by extension 'ignore_ament_install'
[2.717s] Level 1:colcon.colcon_core.package_identification:_identify(Library/Artifacts/2f) by extensions ['colcon_pkg']
[2.717s] Level 1:colcon.colcon_core.package_identification:_identify(Library/Artifacts/2f) by extension 'colcon_pkg'
[2.720s] Level 1:colcon.colcon_core.package_identification:_identify(Library/Artifacts/2f) by extensions ['colcon_meta']
[2.720s] Level 1:colcon.colcon_core.package_identification:_identify(Library/Artifacts/2f) by extension 'colcon_meta'
[2.723s] Level 1:colcon.colcon_core.package_identification:_identify(Library/Artifacts/2f) by extensions ['ros']
[2.724s] Level 1:colcon.colcon_core.package_identification:_identify(Library/Artifacts/2f) by extension 'ros'
[2.731s] Level 1:colcon.colcon_core.package_identification:_identify(Library/Artifacts/2f) by extensions ['cmake', 'python']
[2.731s] Level 1:colcon.colcon_core.package_identification:_identify(Library/Artifacts/2f) by extension 'cmake'
[2.734s] Level 1:colcon.colcon_core.package_identification:_identify(Library/Artifacts/2f) by extension 'python'
[2.737s] Level 1:colcon.colcon_core.package_identification:_identify(Library/Artifacts/2f) by extensions ['python_setup_py']
[2.738s] Level 1:colcon.colcon_core.package_identification:_identify(Library/Artifacts/2f) by extension 'python_setup_py'
[2.745s] Level 1:colcon.colcon_core.package_identification:_identify(Library/Artifacts/30) by extensions ['ignore', 'ignore_ament_install']
[2.746s] Level 1:colcon.colcon_core.package_identification:_identify(Library/Artifacts/30) by extension 'ignore'
[2.749s] Level 1:colcon.colcon_core.package_identification:_identify(Library/Artifacts/30) by extension 'ignore_ament_install'
[2.751s] Level 1:colcon.colcon_core.package_identification:_identify(Library/Artifacts/30) by extensions ['colcon_pkg']
[2.752s] Level 1:colcon.colcon_core.package_identification:_identify(Library/Artifacts/30) by extension 'colcon_pkg'
[2.753s] Level 1:colcon.colcon_core.package_identification:_identify(Library/Artifacts/30) by extensions ['colcon_meta']
[2.754s] Level 1:colcon.colcon_core.package_identification:_identify(Library/Artifacts/30) by extension 'colcon_meta'
[2.756s] Level 1:colcon.colcon_core.package_identification:_identify(Library/Artifacts/30) by extensions ['ros']
[2.757s] Level 1:colcon.colcon_core.package_identification:_identify(Library/Artifacts/30) by extension 'ros'
[2.763s] Level 1:colcon.colcon_core.package_identification:_identify(Library/Artifacts/30) by extensions ['cmake', 'python']
[2.764s] Level 1:colcon.colcon_core.package_identification:_identify(Library/Artifacts/30) by extension 'cmake'
[2.766s] Level 1:colcon.colcon_core.package_identification:_identify(Library/Artifacts/30) by extension 'python'
[2.768s] Level 1:colcon.colcon_core.package_identification:_identify(Library/Artifacts/30) by extensions ['python_setup_py']
[2.769s] Level 1:colcon.colcon_core.package_identification:_identify(Library/Artifacts/30) by extension 'python_setup_py'
[2.776s] Level 1:colcon.colcon_core.package_identification:_identify(Library/Artifacts/31) by extensions ['ignore', 'ignore_ament_install']
[2.776s] Level 1:colcon.colcon_core.package_identification:_identify(Library/Artifacts/31) by extension 'ignore'
[2.779s] Level 1:colcon.colcon_core.package_identification:_identify(Library/Artifacts/31) by extension 'ignore_ament_install'
[2.782s] Level 1:colcon.colcon_core.package_identification:_identify(Library/Artifacts/31) by extensions ['colcon_pkg']
[2.782s] Level 1:colcon.colcon_core.package_identification:_identify(Library/Artifacts/31) by extension 'colcon_pkg'
[2.784s] Level 1:colcon.colcon_core.package_identification:_identify(Library/Artifacts/31) by extensions ['colcon_meta']
[2.785s] Level 1:colcon.colcon_core.package_identification:_identify(Library/Artifacts/31) by extension 'colcon_meta'
[2.787s] Level 1:colcon.colcon_core.package_identification:_identify(Library/Artifacts/31) by extensions ['ros']
[2.788s] Level 1:colcon.colcon_core.package_identification:_identify(Library/Artifacts/31) by extension 'ros'
[2.793s] Level 1:colcon.colcon_core.package_identification:_identify(Library/Artifacts/31) by extensions ['cmake', 'python']
[2.794s] Level 1:colcon.colcon_core.package_identification:_identify(Library/Artifacts/31) by extension 'cmake'
[2.796s] Level 1:colcon.colcon_core.package_identification:_identify(Library/Artifacts/31) by extension 'python'
[2.798s] Level 1:colcon.colcon_core.package_identification:_identify(Library/Artifacts/31) by extensions ['python_setup_py']
[2.799s] Level 1:colcon.colcon_core.package_identification:_identify(Library/Artifacts/31) by extension 'python_setup_py'
[2.805s] Level 1:colcon.colcon_core.package_identification:_identify(Library/Artifacts/32) by extensions ['ignore', 'ignore_ament_install']
[2.806s] Level 1:colcon.colcon_core.package_identification:_identify(Library/Artifacts/32) by extension 'ignore'
[2.808s] Level 1:colcon.colcon_core.package_identification:_identify(Library/Artifacts/32) by extension 'ignore_ament_install'
[2.811s] Level 1:colcon.colcon_core.package_identification:_identify(Library/Artifacts/32) by extensions ['colcon_pkg']
[2.811s] Level 1:colcon.colcon_core.package_identification:_identify(Library/Artifacts/32) by extension 'colcon_pkg'
[2.813s] Level 1:colcon.colcon_core.package_identification:_identify(Library/Artifacts/32) by extensions ['colcon_meta']
[2.814s] Level 1:colcon.colcon_core.package_identification:_identify(Library/Artifacts/32) by extension 'colcon_meta'
[2.817s] Level 1:colcon.colcon_core.package_identification:_identify(Library/Artifacts/32) by extensions ['ros']
[2.818s] Level 1:colcon.colcon_core.package_identification:_identify(Library/Artifacts/32) by extension 'ros'
[2.828s] Level 1:colcon.colcon_core.package_identification:_identify(Library/Artifacts/32) by extensions ['cmake', 'python']
[2.828s] Level 1:colcon.colcon_core.package_identification:_identify(Library/Artifacts/32) by extension 'cmake'
[2.831s] Level 1:colcon.colcon_core.package_identification:_identify(Library/Artifacts/32) by extension 'python'
[2.833s] Level 1:colcon.colcon_core.package_identification:_identify(Library/Artifacts/32) by extensions ['python_setup_py']
[2.834s] Level 1:colcon.colcon_core.package_identification:_identify(Library/Artifacts/32) by extension 'python_setup_py'
[2.840s] Level 1:colcon.colcon_core.package_identification:_identify(Library/Artifacts/33) by extensions ['ignore', 'ignore_ament_install']
[2.841s] Level 1:colcon.colcon_core.package_identification:_identify(Library/Artifacts/33) by extension 'ignore'
[2.843s] Level 1:colcon.colcon_core.package_identification:_identify(Library/Artifacts/33) by extension 'ignore_ament_install'
[2.848s] Level 1:colcon.colcon_core.package_identification:_identify(Library/Artifacts/33) by extensions ['colcon_pkg']
[2.848s] Level 1:colcon.colcon_core.package_identification:_identify(Library/Artifacts/33) by extension 'colcon_pkg'
[2.851s] Level 1:colcon.colcon_core.package_identification:_identify(Library/Artifacts/33) by extensions ['colcon_meta']
[2.852s] Level 1:colcon.colcon_core.package_identification:_identify(Library/Artifacts/33) by extension 'colcon_meta'
[2.855s] Level 1:colcon.colcon_core.package_identification:_identify(Library/Artifacts/33) by extensions ['ros']
[2.856s] Level 1:colcon.colcon_core.package_identification:_identify(Library/Artifacts/33) by extension 'ros'
[2.864s] Level 1:colcon.colcon_core.package_identification:_identify(Library/Artifacts/33) by extensions ['cmake', 'python']
[2.865s] Level 1:colcon.colcon_core.package_identification:_identify(Library/Artifacts/33) by extension 'cmake'
[2.867s] Level 1:colcon.colcon_core.package_identification:_identify(Library/Artifacts/33) by extension 'python'
[2.870s] Level 1:colcon.colcon_core.package_identification:_identify(Library/Artifacts/33) by extensions ['python_setup_py']
[2.870s] Level 1:colcon.colcon_core.package_identification:_identify(Library/Artifacts/33) by extension 'python_setup_py'
[2.878s] Level 1:colcon.colcon_core.package_identification:_identify(Library/Artifacts/34) by extensions ['ignore', 'ignore_ament_install']
[2.878s] Level 1:colcon.colcon_core.package_identification:_identify(Library/Artifacts/34) by extension 'ignore'
[2.881s] Level 1:colcon.colcon_core.package_identification:_identify(Library/Artifacts/34) by extension 'ignore_ament_install'
[2.886s] Level 1:colcon.colcon_core.package_identification:_identify(Library/Artifacts/34) by extensions ['colcon_pkg']
[2.887s] Level 1:colcon.colcon_core.package_identification:_identify(Library/Artifacts/34) by extension 'colcon_pkg'
[2.890s] Level 1:colcon.colcon_core.package_identification:_identify(Library/Artifacts/34) by extensions ['colcon_meta']
[2.891s] Level 1:colcon.colcon_core.package_identification:_identify(Library/Artifacts/34) by extension 'colcon_meta'
[2.896s] Level 1:colcon.colcon_core.package_identification:_identify(Library/Artifacts/34) by extensions ['ros']
[2.897s] Level 1:colcon.colcon_core.package_identification:_identify(Library/Artifacts/34) by extension 'ros'
[2.911s] Level 1:colcon.colcon_core.package_identification:_identify(Library/Artifacts/34) by extensions ['cmake', 'python']
[2.912s] Level 1:colcon.colcon_core.package_identification:_identify(Library/Artifacts/34) by extension 'cmake'
[2.915s] Level 1:colcon.colcon_core.package_identification:_identify(Library/Artifacts/34) by extension 'python'
[2.917s] Level 1:colcon.colcon_core.package_identification:_identify(Library/Artifacts/34) by extensions ['python_setup_py']
[2.918s] Level 1:colcon.colcon_core.package_identification:_identify(Library/Artifacts/34) by extension 'python_setup_py'
[2.931s] Level 1:colcon.colcon_core.package_identification:_identify(Library/Artifacts/35) by extensions ['ignore', 'ignore_ament_install']
[2.932s] Level 1:colcon.colcon_core.package_identification:_identify(Library/Artifacts/35) by extension 'ignore'
[2.935s] Level 1:colcon.colcon_core.package_identification:_identify(Library/Artifacts/35) by extension 'ignore_ament_install'
[2.941s] Level 1:colcon.colcon_core.package_identification:_identify(Library/Artifacts/35) by extensions ['colcon_pkg']
[2.941s] Level 1:colcon.colcon_core.package_identification:_identify(Library/Artifacts/35) by extension 'colcon_pkg'
[2.944s] Level 1:colcon.colcon_core.package_identification:_identify(Library/Artifacts/35) by extensions ['colcon_meta']
[2.945s] Level 1:colcon.colcon_core.package_identification:_identify(Library/Artifacts/35) by extension 'colcon_meta'
[2.950s] Level 1:colcon.colcon_core.package_identification:_identify(Library/Artifacts/35) by extensions ['ros']
[2.951s] Level 1:colcon.colcon_core.package_identification:_identify(Library/Artifacts/35) by extension 'ros'
[2.964s] Level 1:colcon.colcon_core.package_identification:_identify(Library/Artifacts/35) by extensions ['cmake', 'python']
[2.965s] Level 1:colcon.colcon_core.package_identification:_identify(Library/Artifacts/35) by extension 'cmake'
[2.968s] Level 1:colcon.colcon_core.package_identification:_identify(Library/Artifacts/35) by extension 'python'
[2.971s] Level 1:colcon.colcon_core.package_identification:_identify(Library/Artifacts/35) by extensions ['python_setup_py']
[2.972s] Level 1:colcon.colcon_core.package_identification:_identify(Library/Artifacts/35) by extension 'python_setup_py'
[2.982s] Level 1:colcon.colcon_core.package_identification:_identify(Library/Artifacts/36) by extensions ['ignore', 'ignore_ament_install']
[2.983s] Level 1:colcon.colcon_core.package_identification:_identify(Library/Artifacts/36) by extension 'ignore'
[2.986s] Level 1:colcon.colcon_core.package_identification:_identify(Library/Artifacts/36) by extension 'ignore_ament_install'
[2.990s] Level 1:colcon.colcon_core.package_identification:_identify(Library/Artifacts/36) by extensions ['colcon_pkg']
[2.991s] Level 1:colcon.colcon_core.package_identification:_identify(Library/Artifacts/36) by extension 'colcon_pkg'
[2.993s] Level 1:colcon.colcon_core.package_identification:_identify(Library/Artifacts/36) by extensions ['colcon_meta']
[2.994s] Level 1:colcon.colcon_core.package_identification:_identify(Library/Artifacts/36) by extension 'colcon_meta'
[2.998s] Level 1:colcon.colcon_core.package_identification:_identify(Library/Artifacts/36) by extensions ['ros']
[2.999s] Level 1:colcon.colcon_core.package_identification:_identify(Library/Artifacts/36) by extension 'ros'
[3.009s] Level 1:colcon.colcon_core.package_identification:_identify(Library/Artifacts/36) by extensions ['cmake', 'python']
[3.009s] Level 1:colcon.colcon_core.package_identification:_identify(Library/Artifacts/36) by extension 'cmake'
[3.012s] Level 1:colcon.colcon_core.package_identification:_identify(Library/Artifacts/36) by extension 'python'
[3.014s] Level 1:colcon.colcon_core.package_identification:_identify(Library/Artifacts/36) by extensions ['python_setup_py']
[3.015s] Level 1:colcon.colcon_core.package_identification:_identify(Library/Artifacts/36) by extension 'python_setup_py'
[3.024s] Level 1:colcon.colcon_core.package_identification:_identify(Library/Artifacts/37) by extensions ['ignore', 'ignore_ament_install']
[3.025s] Level 1:colcon.colcon_core.package_identification:_identify(Library/Artifacts/37) by extension 'ignore'
[3.028s] Level 1:colcon.colcon_core.package_identification:_identify(Library/Artifacts/37) by extension 'ignore_ament_install'
[3.033s] Level 1:colcon.colcon_core.package_identification:_identify(Library/Artifacts/37) by extensions ['colcon_pkg']
[3.033s] Level 1:colcon.colcon_core.package_identification:_identify(Library/Artifacts/37) by extension 'colcon_pkg'
[3.035s] Level 1:colcon.colcon_core.package_identification:_identify(Library/Artifacts/37) by extensions ['colcon_meta']
[3.036s] Level 1:colcon.colcon_core.package_identification:_identify(Library/Artifacts/37) by extension 'colcon_meta'
[3.041s] Level 1:colcon.colcon_core.package_identification:_identify(Library/Artifacts/37) by extensions ['ros']
[3.041s] Level 1:colcon.colcon_core.package_identification:_identify(Library/Artifacts/37) by extension 'ros'
[3.051s] Level 1:colcon.colcon_core.package_identification:_identify(Library/Artifacts/37) by extensions ['cmake', 'python']
[3.051s] Level 1:colcon.colcon_core.package_identification:_identify(Library/Artifacts/37) by extension 'cmake'
[3.054s] Level 1:colcon.colcon_core.package_identification:_identify(Library/Artifacts/37) by extension 'python'
[3.057s] Level 1:colcon.colcon_core.package_identification:_identify(Library/Artifacts/37) by extensions ['python_setup_py']
[3.057s] Level 1:colcon.colcon_core.package_identification:_identify(Library/Artifacts/37) by extension 'python_setup_py'
[3.067s] Level 1:colcon.colcon_core.package_identification:_identify(Library/Artifacts/38) by extensions ['ignore', 'ignore_ament_install']
[3.068s] Level 1:colcon.colcon_core.package_identification:_identify(Library/Artifacts/38) by extension 'ignore'
[3.070s] Level 1:colcon.colcon_core.package_identification:_identify(Library/Artifacts/38) by extension 'ignore_ament_install'
[3.074s] Level 1:colcon.colcon_core.package_identification:_identify(Library/Artifacts/38) by extensions ['colcon_pkg']
[3.075s] Level 1:colcon.colcon_core.package_identification:_identify(Library/Artifacts/38) by extension 'colcon_pkg'
[3.077s] Level 1:colcon.colcon_core.package_identification:_identify(Library/Artifacts/38) by extensions ['colcon_meta']
[3.078s] Level 1:colcon.colcon_core.package_identification:_identify(Library/Artifacts/38) by extension 'colcon_meta'
[3.082s] Level 1:colcon.colcon_core.package_identification:_identify(Library/Artifacts/38) by extensions ['ros']
[3.083s] Level 1:colcon.colcon_core.package_identification:_identify(Library/Artifacts/38) by extension 'ros'
[3.090s] Level 1:colcon.colcon_core.package_identification:_identify(Library/Artifacts/38) by extensions ['cmake', 'python']
[3.091s] Level 1:colcon.colcon_core.package_identification:_identify(Library/Artifacts/38) by extension 'cmake'
[3.093s] Level 1:colcon.colcon_core.package_identification:_identify(Library/Artifacts/38) by extension 'python'
[3.095s] Level 1:colcon.colcon_core.package_identification:_identify(Library/Artifacts/38) by extensions ['python_setup_py']
[3.095s] Level 1:colcon.colcon_core.package_identification:_identify(Library/Artifacts/38) by extension 'python_setup_py'
[3.103s] Level 1:colcon.colcon_core.package_identification:_identify(Library/Artifacts/39) by extensions ['ignore', 'ignore_ament_install']
[3.103s] Level 1:colcon.colcon_core.package_identification:_identify(Library/Artifacts/39) by extension 'ignore'
[3.105s] Level 1:colcon.colcon_core.package_identification:_identify(Library/Artifacts/39) by extension 'ignore_ament_install'
[3.109s] Level 1:colcon.colcon_core.package_identification:_identify(Library/Artifacts/39) by extensions ['colcon_pkg']
[3.109s] Level 1:colcon.colcon_core.package_identification:_identify(Library/Artifacts/39) by extension 'colcon_pkg'
[3.111s] Level 1:colcon.colcon_core.package_identification:_identify(Library/Artifacts/39) by extensions ['colcon_meta']
[3.112s] Level 1:colcon.colcon_core.package_identification:_identify(Library/Artifacts/39) by extension 'colcon_meta'
[3.115s] Level 1:colcon.colcon_core.package_identification:_identify(Library/Artifacts/39) by extensions ['ros']
[3.115s] Level 1:colcon.colcon_core.package_identification:_identify(Library/Artifacts/39) by extension 'ros'
[3.123s] Level 1:colcon.colcon_core.package_identification:_identify(Library/Artifacts/39) by extensions ['cmake', 'python']
[3.124s] Level 1:colcon.colcon_core.package_identification:_identify(Library/Artifacts/39) by extension 'cmake'
[3.126s] Level 1:colcon.colcon_core.package_identification:_identify(Library/Artifacts/39) by extension 'python'
[3.128s] Level 1:colcon.colcon_core.package_identification:_identify(Library/Artifacts/39) by extensions ['python_setup_py']
[3.128s] Level 1:colcon.colcon_core.package_identification:_identify(Library/Artifacts/39) by extension 'python_setup_py'
[3.136s] Level 1:colcon.colcon_core.package_identification:_identify(Library/Artifacts/3a) by extensions ['ignore', 'ignore_ament_install']
[3.137s] Level 1:colcon.colcon_core.package_identification:_identify(Library/Artifacts/3a) by extension 'ignore'
[3.138s] Level 1:colcon.colcon_core.package_identification:_identify(Library/Artifacts/3a) by extension 'ignore_ament_install'
[3.142s] Level 1:colcon.colcon_core.package_identification:_identify(Library/Artifacts/3a) by extensions ['colcon_pkg']
[3.143s] Level 1:colcon.colcon_core.package_identification:_identify(Library/Artifacts/3a) by extension 'colcon_pkg'
[3.145s] Level 1:colcon.colcon_core.package_identification:_identify(Library/Artifacts/3a) by extensions ['colcon_meta']
[3.145s] Level 1:colcon.colcon_core.package_identification:_identify(Library/Artifacts/3a) by extension 'colcon_meta'
[3.148s] Level 1:colcon.colcon_core.package_identification:_identify(Library/Artifacts/3a) by extensions ['ros']
[3.148s] Level 1:colcon.colcon_core.package_identification:_identify(Library/Artifacts/3a) by extension 'ros'
[3.156s] Level 1:colcon.colcon_core.package_identification:_identify(Library/Artifacts/3a) by extensions ['cmake', 'python']
[3.157s] Level 1:colcon.colcon_core.package_identification:_identify(Library/Artifacts/3a) by extension 'cmake'
[3.159s] Level 1:colcon.colcon_core.package_identification:_identify(Library/Artifacts/3a) by extension 'python'
[3.161s] Level 1:colcon.colcon_core.package_identification:_identify(Library/Artifacts/3a) by extensions ['python_setup_py']
[3.161s] Level 1:colcon.colcon_core.package_identification:_identify(Library/Artifacts/3a) by extension 'python_setup_py'
[3.169s] Level 1:colcon.colcon_core.package_identification:_identify(Library/Artifacts/3b) by extensions ['ignore', 'ignore_ament_install']
[3.170s] Level 1:colcon.colcon_core.package_identification:_identify(Library/Artifacts/3b) by extension 'ignore'
[3.171s] Level 1:colcon.colcon_core.package_identification:_identify(Library/Artifacts/3b) by extension 'ignore_ament_install'
[3.174s] Level 1:colcon.colcon_core.package_identification:_identify(Library/Artifacts/3b) by extensions ['colcon_pkg']
[3.175s] Level 1:colcon.colcon_core.package_identification:_identify(Library/Artifacts/3b) by extension 'colcon_pkg'
[3.177s] Level 1:colcon.colcon_core.package_identification:_identify(Library/Artifacts/3b) by extensions ['colcon_meta']
[3.177s] Level 1:colcon.colcon_core.package_identification:_identify(Library/Artifacts/3b) by extension 'colcon_meta'
[3.181s] Level 1:colcon.colcon_core.package_identification:_identify(Library/Artifacts/3b) by extensions ['ros']
[3.181s] Level 1:colcon.colcon_core.package_identification:_identify(Library/Artifacts/3b) by extension 'ros'
[3.189s] Level 1:colcon.colcon_core.package_identification:_identify(Library/Artifacts/3b) by extensions ['cmake', 'python']
[3.190s] Level 1:colcon.colcon_core.package_identification:_identify(Library/Artifacts/3b) by extension 'cmake'
[3.193s] Level 1:colcon.colcon_core.package_identification:_identify(Library/Artifacts/3b) by extension 'python'
[3.196s] Level 1:colcon.colcon_core.package_identification:_identify(Library/Artifacts/3b) by extensions ['python_setup_py']
[3.197s] Level 1:colcon.colcon_core.package_identification:_identify(Library/Artifacts/3b) by extension 'python_setup_py'
[3.206s] Level 1:colcon.colcon_core.package_identification:_identify(Library/Artifacts/3c) by extensions ['ignore', 'ignore_ament_install']
[3.207s] Level 1:colcon.colcon_core.package_identification:_identify(Library/Artifacts/3c) by extension 'ignore'
[3.210s] Level 1:colcon.colcon_core.package_identification:_identify(Library/Artifacts/3c) by extension 'ignore_ament_install'
[3.214s] Level 1:colcon.colcon_core.package_identification:_identify(Library/Artifacts/3c) by extensions ['colcon_pkg']
[3.215s] Level 1:colcon.colcon_core.package_identification:_identify(Library/Artifacts/3c) by extension 'colcon_pkg'
[3.218s] Level 1:colcon.colcon_core.package_identification:_identify(Library/Artifacts/3c) by extensions ['colcon_meta']
[3.218s] Level 1:colcon.colcon_core.package_identification:_identify(Library/Artifacts/3c) by extension 'colcon_meta'
[3.223s] Level 1:colcon.colcon_core.package_identification:_identify(Library/Artifacts/3c) by extensions ['ros']
[3.224s] Level 1:colcon.colcon_core.package_identification:_identify(Library/Artifacts/3c) by extension 'ros'
[3.233s] Level 1:colcon.colcon_core.package_identification:_identify(Library/Artifacts/3c) by extensions ['cmake', 'python']
[3.234s] Level 1:colcon.colcon_core.package_identification:_identify(Library/Artifacts/3c) by extension 'cmake'
[3.237s] Level 1:colcon.colcon_core.package_identification:_identify(Library/Artifacts/3c) by extension 'python'
[3.240s] Level 1:colcon.colcon_core.package_identification:_identify(Library/Artifacts/3c) by extensions ['python_setup_py']
[3.240s] Level 1:colcon.colcon_core.package_identification:_identify(Library/Artifacts/3c) by extension 'python_setup_py'
[3.250s] Level 1:colcon.colcon_core.package_identification:_identify(Library/Artifacts/3d) by extensions ['ignore', 'ignore_ament_install']
[3.251s] Level 1:colcon.colcon_core.package_identification:_identify(Library/Artifacts/3d) by extension 'ignore'
[3.253s] Level 1:colcon.colcon_core.package_identification:_identify(Library/Artifacts/3d) by extension 'ignore_ament_install'
[3.257s] Level 1:colcon.colcon_core.package_identification:_identify(Library/Artifacts/3d) by extensions ['colcon_pkg']
[3.258s] Level 1:colcon.colcon_core.package_identification:_identify(Library/Artifacts/3d) by extension 'colcon_pkg'
[3.260s] Level 1:colcon.colcon_core.package_identification:_identify(Library/Artifacts/3d) by extensions ['colcon_meta']
[3.261s] Level 1:colcon.colcon_core.package_identification:_identify(Library/Artifacts/3d) by extension 'colcon_meta'
[3.266s] Level 1:colcon.colcon_core.package_identification:_identify(Library/Artifacts/3d) by extensions ['ros']
[3.266s] Level 1:colcon.colcon_core.package_identification:_identify(Library/Artifacts/3d) by extension 'ros'
[3.276s] Level 1:colcon.colcon_core.package_identification:_identify(Library/Artifacts/3d) by extensions ['cmake', 'python']
[3.277s] Level 1:colcon.colcon_core.package_identification:_identify(Library/Artifacts/3d) by extension 'cmake'
[3.279s] Level 1:colcon.colcon_core.package_identification:_identify(Library/Artifacts/3d) by extension 'python'
[3.281s] Level 1:colcon.colcon_core.package_identification:_identify(Library/Artifacts/3d) by extensions ['python_setup_py']
[3.282s] Level 1:colcon.colcon_core.package_identification:_identify(Library/Artifacts/3d) by extension 'python_setup_py'
[3.291s] Level 1:colcon.colcon_core.package_identification:_identify(Library/Artifacts/3e) by extensions ['ignore', 'ignore_ament_install']
[3.292s] Level 1:colcon.colcon_core.package_identification:_identify(Library/Artifacts/3e) by extension 'ignore'
[3.294s] Level 1:colcon.colcon_core.package_identification:_identify(Library/Artifacts/3e) by extension 'ignore_ament_install'
[3.299s] Level 1:colcon.colcon_core.package_identification:_identify(Library/Artifacts/3e) by extensions ['colcon_pkg']
[3.299s] Level 1:colcon.colcon_core.package_identification:_identify(Library/Artifacts/3e) by extension 'colcon_pkg'
[3.302s] Level 1:colcon.colcon_core.package_identification:_identify(Library/Artifacts/3e) by extensions ['colcon_meta']
[3.302s] Level 1:colcon.colcon_core.package_identification:_identify(Library/Artifacts/3e) by extension 'colcon_meta'
[3.307s] Level 1:colcon.colcon_core.package_identification:_identify(Library/Artifacts/3e) by extensions ['ros']
[3.308s] Level 1:colcon.colcon_core.package_identification:_identify(Library/Artifacts/3e) by extension 'ros'
[3.318s] Level 1:colcon.colcon_core.package_identification:_identify(Library/Artifacts/3e) by extensions ['cmake', 'python']
[3.318s] Level 1:colcon.colcon_core.package_identification:_identify(Library/Artifacts/3e) by extension 'cmake'
[3.321s] Level 1:colcon.colcon_core.package_identification:_identify(Library/Artifacts/3e) by extension 'python'
[3.323s] Level 1:colcon.colcon_core.package_identification:_identify(Library/Artifacts/3e) by extensions ['python_setup_py']
[3.324s] Level 1:colcon.colcon_core.package_identification:_identify(Library/Artifacts/3e) by extension 'python_setup_py'
[3.331s] Level 1:colcon.colcon_core.package_identification:_identify(Library/Artifacts/3f) by extensions ['ignore', 'ignore_ament_install']
[3.332s] Level 1:colcon.colcon_core.package_identification:_identify(Library/Artifacts/3f) by extension 'ignore'
[3.334s] Level 1:colcon.colcon_core.package_identification:_identify(Library/Artifacts/3f) by extension 'ignore_ament_install'
[3.337s] Level 1:colcon.colcon_core.package_identification:_identify(Library/Artifacts/3f) by extensions ['colcon_pkg']
[3.337s] Level 1:colcon.colcon_core.package_identification:_identify(Library/Artifacts/3f) by extension 'colcon_pkg'
[3.339s] Level 1:colcon.colcon_core.package_identification:_identify(Library/Artifacts/3f) by extensions ['colcon_meta']
[3.340s] Level 1:colcon.colcon_core.package_identification:_identify(Library/Artifacts/3f) by extension 'colcon_meta'
[3.343s] Level 1:colcon.colcon_core.package_identification:_identify(Library/Artifacts/3f) by extensions ['ros']
[3.344s] Level 1:colcon.colcon_core.package_identification:_identify(Library/Artifacts/3f) by extension 'ros'
[3.351s] Level 1:colcon.colcon_core.package_identification:_identify(Library/Artifacts/3f) by extensions ['cmake', 'python']
[3.352s] Level 1:colcon.colcon_core.package_identification:_identify(Library/Artifacts/3f) by extension 'cmake'
[3.354s] Level 1:colcon.colcon_core.package_identification:_identify(Library/Artifacts/3f) by extension 'python'
[3.356s] Level 1:colcon.colcon_core.package_identification:_identify(Library/Artifacts/3f) by extensions ['python_setup_py']
[3.357s] Level 1:colcon.colcon_core.package_identification:_identify(Library/Artifacts/3f) by extension 'python_setup_py'
[3.366s] Level 1:colcon.colcon_core.package_identification:_identify(Library/Artifacts/40) by extensions ['ignore', 'ignore_ament_install']
[3.367s] Level 1:colcon.colcon_core.package_identification:_identify(Library/Artifacts/40) by extension 'ignore'
[3.368s] Level 1:colcon.colcon_core.package_identification:_identify(Library/Artifacts/40) by extension 'ignore_ament_install'
[3.372s] Level 1:colcon.colcon_core.package_identification:_identify(Library/Artifacts/40) by extensions ['colcon_pkg']
[3.372s] Level 1:colcon.colcon_core.package_identification:_identify(Library/Artifacts/40) by extension 'colcon_pkg'
[3.374s] Level 1:colcon.colcon_core.package_identification:_identify(Library/Artifacts/40) by extensions ['colcon_meta']
[3.375s] Level 1:colcon.colcon_core.package_identification:_identify(Library/Artifacts/40) by extension 'colcon_meta'
[3.378s] Level 1:colcon.colcon_core.package_identification:_identify(Library/Artifacts/40) by extensions ['ros']
[3.379s] Level 1:colcon.colcon_core.package_identification:_identify(Library/Artifacts/40) by extension 'ros'
[3.391s] Level 1:colcon.colcon_core.package_identification:_identify(Library/Artifacts/40) by extensions ['cmake', 'python']
[3.391s] Level 1:colcon.colcon_core.package_identification:_identify(Library/Artifacts/40) by extension 'cmake'
[3.394s] Level 1:colcon.colcon_core.package_identification:_identify(Library/Artifacts/40) by extension 'python'
[3.396s] Level 1:colcon.colcon_core.package_identification:_identify(Library/Artifacts/40) by extensions ['python_setup_py']
[3.397s] Level 1:colcon.colcon_core.package_identification:_identify(Library/Artifacts/40) by extension 'python_setup_py'
[3.406s] Level 1:colcon.colcon_core.package_identification:_identify(Library/Artifacts/41) by extensions ['ignore', 'ignore_ament_install']
[3.406s] Level 1:colcon.colcon_core.package_identification:_identify(Library/Artifacts/41) by extension 'ignore'
[3.409s] Level 1:colcon.colcon_core.package_identification:_identify(Library/Artifacts/41) by extension 'ignore_ament_install'
[3.413s] Level 1:colcon.colcon_core.package_identification:_identify(Library/Artifacts/41) by extensions ['colcon_pkg']
[3.414s] Level 1:colcon.colcon_core.package_identification:_identify(Library/Artifacts/41) by extension 'colcon_pkg'
[3.417s] Level 1:colcon.colcon_core.package_identification:_identify(Library/Artifacts/41) by extensions ['colcon_meta']
[3.417s] Level 1:colcon.colcon_core.package_identification:_identify(Library/Artifacts/41) by extension 'colcon_meta'
[3.422s] Level 1:colcon.colcon_core.package_identification:_identify(Library/Artifacts/41) by extensions ['ros']
[3.422s] Level 1:colcon.colcon_core.package_identification:_identify(Library/Artifacts/41) by extension 'ros'
[3.433s] Level 1:colcon.colcon_core.package_identification:_identify(Library/Artifacts/41) by extensions ['cmake', 'python']
[3.434s] Level 1:colcon.colcon_core.package_identification:_identify(Library/Artifacts/41) by extension 'cmake'
[3.436s] Level 1:colcon.colcon_core.package_identification:_identify(Library/Artifacts/41) by extension 'python'
[3.439s] Level 1:colcon.colcon_core.package_identification:_identify(Library/Artifacts/41) by extensions ['python_setup_py']
[3.440s] Level 1:colcon.colcon_core.package_identification:_identify(Library/Artifacts/41) by extension 'python_setup_py'
[3.450s] Level 1:colcon.colcon_core.package_identification:_identify(Library/Artifacts/42) by extensions ['ignore', 'ignore_ament_install']
[3.451s] Level 1:colcon.colcon_core.package_identification:_identify(Library/Artifacts/42) by extension 'ignore'
[3.453s] Level 1:colcon.colcon_core.package_identification:_identify(Library/Artifacts/42) by extension 'ignore_ament_install'
[3.458s] Level 1:colcon.colcon_core.package_identification:_identify(Library/Artifacts/42) by extensions ['colcon_pkg']
[3.458s] Level 1:colcon.colcon_core.package_identification:_identify(Library/Artifacts/42) by extension 'colcon_pkg'
[3.461s] Level 1:colcon.colcon_core.package_identification:_identify(Library/Artifacts/42) by extensions ['colcon_meta']
[3.461s] Level 1:colcon.colcon_core.package_identification:_identify(Library/Artifacts/42) by extension 'colcon_meta'
[3.467s] Level 1:colcon.colcon_core.package_identification:_identify(Library/Artifacts/42) by extensions ['ros']
[3.467s] Level 1:colcon.colcon_core.package_identification:_identify(Library/Artifacts/42) by extension 'ros'
[3.477s] Level 1:colcon.colcon_core.package_identification:_identify(Library/Artifacts/42) by extensions ['cmake', 'python']
[3.478s] Level 1:colcon.colcon_core.package_identification:_identify(Library/Artifacts/42) by extension 'cmake'
[3.480s] Level 1:colcon.colcon_core.package_identification:_identify(Library/Artifacts/42) by extension 'python'
[3.483s] Level 1:colcon.colcon_core.package_identification:_identify(Library/Artifacts/42) by extensions ['python_setup_py']
[3.484s] Level 1:colcon.colcon_core.package_identification:_identify(Library/Artifacts/42) by extension 'python_setup_py'
[3.494s] Level 1:colcon.colcon_core.package_identification:_identify(Library/Artifacts/43) by extensions ['ignore', 'ignore_ament_install']
[3.495s] Level 1:colcon.colcon_core.package_identification:_identify(Library/Artifacts/43) by extension 'ignore'
[3.498s] Level 1:colcon.colcon_core.package_identification:_identify(Library/Artifacts/43) by extension 'ignore_ament_install'
[3.502s] Level 1:colcon.colcon_core.package_identification:_identify(Library/Artifacts/43) by extensions ['colcon_pkg']
[3.503s] Level 1:colcon.colcon_core.package_identification:_identify(Library/Artifacts/43) by extension 'colcon_pkg'
[3.505s] Level 1:colcon.colcon_core.package_identification:_identify(Library/Artifacts/43) by extensions ['colcon_meta']
[3.506s] Level 1:colcon.colcon_core.package_identification:_identify(Library/Artifacts/43) by extension 'colcon_meta'
[3.510s] Level 1:colcon.colcon_core.package_identification:_identify(Library/Artifacts/43) by extensions ['ros']
[3.510s] Level 1:colcon.colcon_core.package_identification:_identify(Library/Artifacts/43) by extension 'ros'
[3.520s] Level 1:colcon.colcon_core.package_identification:_identify(Library/Artifacts/43) by extensions ['cmake', 'python']
[3.521s] Level 1:colcon.colcon_core.package_identification:_identify(Library/Artifacts/43) by extension 'cmake'
[3.523s] Level 1:colcon.colcon_core.package_identification:_identify(Library/Artifacts/43) by extension 'python'
[3.526s] Level 1:colcon.colcon_core.package_identification:_identify(Library/Artifacts/43) by extensions ['python_setup_py']
[3.526s] Level 1:colcon.colcon_core.package_identification:_identify(Library/Artifacts/43) by extension 'python_setup_py'
[3.536s] Level 1:colcon.colcon_core.package_identification:_identify(Library/Artifacts/44) by extensions ['ignore', 'ignore_ament_install']
[3.536s] Level 1:colcon.colcon_core.package_identification:_identify(Library/Artifacts/44) by extension 'ignore'
[3.539s] Level 1:colcon.colcon_core.package_identification:_identify(Library/Artifacts/44) by extension 'ignore_ament_install'
[3.544s] Level 1:colcon.colcon_core.package_identification:_identify(Library/Artifacts/44) by extensions ['colcon_pkg']
[3.544s] Level 1:colcon.colcon_core.package_identification:_identify(Library/Artifacts/44) by extension 'colcon_pkg'
[3.547s] Level 1:colcon.colcon_core.package_identification:_identify(Library/Artifacts/44) by extensions ['colcon_meta']
[3.548s] Level 1:colcon.colcon_core.package_identification:_identify(Library/Artifacts/44) by extension 'colcon_meta'
[3.552s] Level 1:colcon.colcon_core.package_identification:_identify(Library/Artifacts/44) by extensions ['ros']
[3.553s] Level 1:colcon.colcon_core.package_identification:_identify(Library/Artifacts/44) by extension 'ros'
[3.563s] Level 1:colcon.colcon_core.package_identification:_identify(Library/Artifacts/44) by extensions ['cmake', 'python']
[3.563s] Level 1:colcon.colcon_core.package_identification:_identify(Library/Artifacts/44) by extension 'cmake'
[3.566s] Level 1:colcon.colcon_core.package_identification:_identify(Library/Artifacts/44) by extension 'python'
[3.568s] Level 1:colcon.colcon_core.package_identification:_identify(Library/Artifacts/44) by extensions ['python_setup_py']
[3.569s] Level 1:colcon.colcon_core.package_identification:_identify(Library/Artifacts/44) by extension 'python_setup_py'
[3.579s] Level 1:colcon.colcon_core.package_identification:_identify(Library/Artifacts/45) by extensions ['ignore', 'ignore_ament_install']
[3.580s] Level 1:colcon.colcon_core.package_identification:_identify(Library/Artifacts/45) by extension 'ignore'
[3.582s] Level 1:colcon.colcon_core.package_identification:_identify(Library/Artifacts/45) by extension 'ignore_ament_install'
[3.586s] Level 1:colcon.colcon_core.package_identification:_identify(Library/Artifacts/45) by extensions ['colcon_pkg']
[3.587s] Level 1:colcon.colcon_core.package_identification:_identify(Library/Artifacts/45) by extension 'colcon_pkg'
[3.589s] Level 1:colcon.colcon_core.package_identification:_identify(Library/Artifacts/45) by extensions ['colcon_meta']
[3.590s] Level 1:colcon.colcon_core.package_identification:_identify(Library/Artifacts/45) by extension 'colcon_meta'
[3.594s] Level 1:colcon.colcon_core.package_identification:_identify(Library/Artifacts/45) by extensions ['ros']
[3.595s] Level 1:colcon.colcon_core.package_identification:_identify(Library/Artifacts/45) by extension 'ros'
[3.604s] Level 1:colcon.colcon_core.package_identification:_identify(Library/Artifacts/45) by extensions ['cmake', 'python']
[3.605s] Level 1:colcon.colcon_core.package_identification:_identify(Library/Artifacts/45) by extension 'cmake'
[3.607s] Level 1:colcon.colcon_core.package_identification:_identify(Library/Artifacts/45) by extension 'python'
[3.610s] Level 1:colcon.colcon_core.package_identification:_identify(Library/Artifacts/45) by extensions ['python_setup_py']
[3.610s] Level 1:colcon.colcon_core.package_identification:_identify(Library/Artifacts/45) by extension 'python_setup_py'
[3.620s] Level 1:colcon.colcon_core.package_identification:_identify(Library/Artifacts/46) by extensions ['ignore', 'ignore_ament_install']
[3.621s] Level 1:colcon.colcon_core.package_identification:_identify(Library/Artifacts/46) by extension 'ignore'
[3.623s] Level 1:colcon.colcon_core.package_identification:_identify(Library/Artifacts/46) by extension 'ignore_ament_install'
[3.628s] Level 1:colcon.colcon_core.package_identification:_identify(Library/Artifacts/46) by extensions ['colcon_pkg']
[3.629s] Level 1:colcon.colcon_core.package_identification:_identify(Library/Artifacts/46) by extension 'colcon_pkg'
[3.631s] Level 1:colcon.colcon_core.package_identification:_identify(Library/Artifacts/46) by extensions ['colcon_meta']
[3.631s] Level 1:colcon.colcon_core.package_identification:_identify(Library/Artifacts/46) by extension 'colcon_meta'
[3.636s] Level 1:colcon.colcon_core.package_identification:_identify(Library/Artifacts/46) by extensions ['ros']
[3.637s] Level 1:colcon.colcon_core.package_identification:_identify(Library/Artifacts/46) by extension 'ros'
[3.647s] Level 1:colcon.colcon_core.package_identification:_identify(Library/Artifacts/46) by extensions ['cmake', 'python']
[3.648s] Level 1:colcon.colcon_core.package_identification:_identify(Library/Artifacts/46) by extension 'cmake'
[3.649s] Level 1:colcon.colcon_core.package_identification:_identify(Library/Artifacts/46) by extension 'python'
[3.651s] Level 1:colcon.colcon_core.package_identification:_identify(Library/Artifacts/46) by extensions ['python_setup_py']
[3.652s] Level 1:colcon.colcon_core.package_identification:_identify(Library/Artifacts/46) by extension 'python_setup_py'
[3.658s] Level 1:colcon.colcon_core.package_identification:_identify(Library/Artifacts/47) by extensions ['ignore', 'ignore_ament_install']
[3.659s] Level 1:colcon.colcon_core.package_identification:_identify(Library/Artifacts/47) by extension 'ignore'
[3.661s] Level 1:colcon.colcon_core.package_identification:_identify(Library/Artifacts/47) by extension 'ignore_ament_install'
[3.664s] Level 1:colcon.colcon_core.package_identification:_identify(Library/Artifacts/47) by extensions ['colcon_pkg']
[3.665s] Level 1:colcon.colcon_core.package_identification:_identify(Library/Artifacts/47) by extension 'colcon_pkg'
[3.667s] Level 1:colcon.colcon_core.package_identification:_identify(Library/Artifacts/47) by extensions ['colcon_meta']
[3.668s] Level 1:colcon.colcon_core.package_identification:_identify(Library/Artifacts/47) by extension 'colcon_meta'
[3.671s] Level 1:colcon.colcon_core.package_identification:_identify(Library/Artifacts/47) by extensions ['ros']
[3.672s] Level 1:colcon.colcon_core.package_identification:_identify(Library/Artifacts/47) by extension 'ros'
[3.680s] Level 1:colcon.colcon_core.package_identification:_identify(Library/Artifacts/47) by extensions ['cmake', 'python']
[3.681s] Level 1:colcon.colcon_core.package_identification:_identify(Library/Artifacts/47) by extension 'cmake'
[3.684s] Level 1:colcon.colcon_core.package_identification:_identify(Library/Artifacts/47) by extension 'python'
[3.687s] Level 1:colcon.colcon_core.package_identification:_identify(Library/Artifacts/47) by extensions ['python_setup_py']
[3.687s] Level 1:colcon.colcon_core.package_identification:_identify(Library/Artifacts/47) by extension 'python_setup_py'
[3.697s] Level 1:colcon.colcon_core.package_identification:_identify(Library/Artifacts/48) by extensions ['ignore', 'ignore_ament_install']
[3.698s] Level 1:colcon.colcon_core.package_identification:_identify(Library/Artifacts/48) by extension 'ignore'
[3.700s] Level 1:colcon.colcon_core.package_identification:_identify(Library/Artifacts/48) by extension 'ignore_ament_install'
[3.704s] Level 1:colcon.colcon_core.package_identification:_identify(Library/Artifacts/48) by extensions ['colcon_pkg']
[3.705s] Level 1:colcon.colcon_core.package_identification:_identify(Library/Artifacts/48) by extension 'colcon_pkg'
[3.707s] Level 1:colcon.colcon_core.package_identification:_identify(Library/Artifacts/48) by extensions ['colcon_meta']
[3.708s] Level 1:colcon.colcon_core.package_identification:_identify(Library/Artifacts/48) by extension 'colcon_meta'
[3.712s] Level 1:colcon.colcon_core.package_identification:_identify(Library/Artifacts/48) by extensions ['ros']
[3.714s] Level 1:colcon.colcon_core.package_identification:_identify(Library/Artifacts/48) by extension 'ros'
[3.724s] Level 1:colcon.colcon_core.package_identification:_identify(Library/Artifacts/48) by extensions ['cmake', 'python']
[3.725s] Level 1:colcon.colcon_core.package_identification:_identify(Library/Artifacts/48) by extension 'cmake'
[3.727s] Level 1:colcon.colcon_core.package_identification:_identify(Library/Artifacts/48) by extension 'python'
[3.730s] Level 1:colcon.colcon_core.package_identification:_identify(Library/Artifacts/48) by extensions ['python_setup_py']
[3.731s] Level 1:colcon.colcon_core.package_identification:_identify(Library/Artifacts/48) by extension 'python_setup_py'
[3.740s] Level 1:colcon.colcon_core.package_identification:_identify(Library/Artifacts/49) by extensions ['ignore', 'ignore_ament_install']
[3.741s] Level 1:colcon.colcon_core.package_identification:_identify(Library/Artifacts/49) by extension 'ignore'
[3.743s] Level 1:colcon.colcon_core.package_identification:_identify(Library/Artifacts/49) by extension 'ignore_ament_install'
[3.747s] Level 1:colcon.colcon_core.package_identification:_identify(Library/Artifacts/49) by extensions ['colcon_pkg']
[3.748s] Level 1:colcon.colcon_core.package_identification:_identify(Library/Artifacts/49) by extension 'colcon_pkg'
[3.750s] Level 1:colcon.colcon_core.package_identification:_identify(Library/Artifacts/49) by extensions ['colcon_meta']
[3.751s] Level 1:colcon.colcon_core.package_identification:_identify(Library/Artifacts/49) by extension 'colcon_meta'
[3.754s] Level 1:colcon.colcon_core.package_identification:_identify(Library/Artifacts/49) by extensions ['ros']
[3.755s] Level 1:colcon.colcon_core.package_identification:_identify(Library/Artifacts/49) by extension 'ros'
[3.765s] Level 1:colcon.colcon_core.package_identification:_identify(Library/Artifacts/49) by extensions ['cmake', 'python']
[3.765s] Level 1:colcon.colcon_core.package_identification:_identify(Library/Artifacts/49) by extension 'cmake'
[3.768s] Level 1:colcon.colcon_core.package_identification:_identify(Library/Artifacts/49) by extension 'python'
[3.770s] Level 1:colcon.colcon_core.package_identification:_identify(Library/Artifacts/49) by extensions ['python_setup_py']
[3.771s] Level 1:colcon.colcon_core.package_identification:_identify(Library/Artifacts/49) by extension 'python_setup_py'
[3.780s] Level 1:colcon.colcon_core.package_identification:_identify(Library/Artifacts/4a) by extensions ['ignore', 'ignore_ament_install']
[3.781s] Level 1:colcon.colcon_core.package_identification:_identify(Library/Artifacts/4a) by extension 'ignore'
[3.784s] Level 1:colcon.colcon_core.package_identification:_identify(Library/Artifacts/4a) by extension 'ignore_ament_install'
[3.788s] Level 1:colcon.colcon_core.package_identification:_identify(Library/Artifacts/4a) by extensions ['colcon_pkg']
[3.789s] Level 1:colcon.colcon_core.package_identification:_identify(Library/Artifacts/4a) by extension 'colcon_pkg'
[3.791s] Level 1:colcon.colcon_core.package_identification:_identify(Library/Artifacts/4a) by extensions ['colcon_meta']
[3.792s] Level 1:colcon.colcon_core.package_identification:_identify(Library/Artifacts/4a) by extension 'colcon_meta'
[3.797s] Level 1:colcon.colcon_core.package_identification:_identify(Library/Artifacts/4a) by extensions ['ros']
[3.797s] Level 1:colcon.colcon_core.package_identification:_identify(Library/Artifacts/4a) by extension 'ros'
[3.807s] Level 1:colcon.colcon_core.package_identification:_identify(Library/Artifacts/4a) by extensions ['cmake', 'python']
[3.808s] Level 1:colcon.colcon_core.package_identification:_identify(Library/Artifacts/4a) by extension 'cmake'
[3.811s] Level 1:colcon.colcon_core.package_identification:_identify(Library/Artifacts/4a) by extension 'python'
[3.813s] Level 1:colcon.colcon_core.package_identification:_identify(Library/Artifacts/4a) by extensions ['python_setup_py']
[3.813s] Level 1:colcon.colcon_core.package_identification:_identify(Library/Artifacts/4a) by extension 'python_setup_py'
[3.821s] Level 1:colcon.colcon_core.package_identification:_identify(Library/Artifacts/4b) by extensions ['ignore', 'ignore_ament_install']
[3.822s] Level 1:colcon.colcon_core.package_identification:_identify(Library/Artifacts/4b) by extension 'ignore'
[3.824s] Level 1:colcon.colcon_core.package_identification:_identify(Library/Artifacts/4b) by extension 'ignore_ament_install'
[3.827s] Level 1:colcon.colcon_core.package_identification:_identify(Library/Artifacts/4b) by extensions ['colcon_pkg']
[3.827s] Level 1:colcon.colcon_core.package_identification:_identify(Library/Artifacts/4b) by extension 'colcon_pkg'
[3.830s] Level 1:colcon.colcon_core.package_identification:_identify(Library/Artifacts/4b) by extensions ['colcon_meta']
[3.830s] Level 1:colcon.colcon_core.package_identification:_identify(Library/Artifacts/4b) by extension 'colcon_meta'
[3.834s] Level 1:colcon.colcon_core.package_identification:_identify(Library/Artifacts/4b) by extensions ['ros']
[3.834s] Level 1:colcon.colcon_core.package_identification:_identify(Library/Artifacts/4b) by extension 'ros'
[3.842s] Level 1:colcon.colcon_core.package_identification:_identify(Library/Artifacts/4b) by extensions ['cmake', 'python']
[3.842s] Level 1:colcon.colcon_core.package_identification:_identify(Library/Artifacts/4b) by extension 'cmake'
[3.844s] Level 1:colcon.colcon_core.package_identification:_identify(Library/Artifacts/4b) by extension 'python'
[3.846s] Level 1:colcon.colcon_core.package_identification:_identify(Library/Artifacts/4b) by extensions ['python_setup_py']
[3.847s] Level 1:colcon.colcon_core.package_identification:_identify(Library/Artifacts/4b) by extension 'python_setup_py'
[3.854s] Level 1:colcon.colcon_core.package_identification:_identify(Library/Artifacts/4c) by extensions ['ignore', 'ignore_ament_install']
[3.855s] Level 1:colcon.colcon_core.package_identification:_identify(Library/Artifacts/4c) by extension 'ignore'
[3.856s] Level 1:colcon.colcon_core.package_identification:_identify(Library/Artifacts/4c) by extension 'ignore_ament_install'
[3.859s] Level 1:colcon.colcon_core.package_identification:_identify(Library/Artifacts/4c) by extensions ['colcon_pkg']
[3.860s] Level 1:colcon.colcon_core.package_identification:_identify(Library/Artifacts/4c) by extension 'colcon_pkg'
[3.862s] Level 1:colcon.colcon_core.package_identification:_identify(Library/Artifacts/4c) by extensions ['colcon_meta']
[3.862s] Level 1:colcon.colcon_core.package_identification:_identify(Library/Artifacts/4c) by extension 'colcon_meta'
[3.867s] Level 1:colcon.colcon_core.package_identification:_identify(Library/Artifacts/4c) by extensions ['ros']
[3.867s] Level 1:colcon.colcon_core.package_identification:_identify(Library/Artifacts/4c) by extension 'ros'
[3.875s] Level 1:colcon.colcon_core.package_identification:_identify(Library/Artifacts/4c) by extensions ['cmake', 'python']
[3.876s] Level 1:colcon.colcon_core.package_identification:_identify(Library/Artifacts/4c) by extension 'cmake'
[3.878s] Level 1:colcon.colcon_core.package_identification:_identify(Library/Artifacts/4c) by extension 'python'
[3.880s] Level 1:colcon.colcon_core.package_identification:_identify(Library/Artifacts/4c) by extensions ['python_setup_py']
[3.880s] Level 1:colcon.colcon_core.package_identification:_identify(Library/Artifacts/4c) by extension 'python_setup_py'
[3.888s] Level 1:colcon.colcon_core.package_identification:_identify(Library/Artifacts/4d) by extensions ['ignore', 'ignore_ament_install']
[3.889s] Level 1:colcon.colcon_core.package_identification:_identify(Library/Artifacts/4d) by extension 'ignore'
[3.891s] Level 1:colcon.colcon_core.package_identification:_identify(Library/Artifacts/4d) by extension 'ignore_ament_install'
[3.894s] Level 1:colcon.colcon_core.package_identification:_identify(Library/Artifacts/4d) by extensions ['colcon_pkg']
[3.894s] Level 1:colcon.colcon_core.package_identification:_identify(Library/Artifacts/4d) by extension 'colcon_pkg'
[3.896s] Level 1:colcon.colcon_core.package_identification:_identify(Library/Artifacts/4d) by extensions ['colcon_meta']
[3.897s] Level 1:colcon.colcon_core.package_identification:_identify(Library/Artifacts/4d) by extension 'colcon_meta'
[3.901s] Level 1:colcon.colcon_core.package_identification:_identify(Library/Artifacts/4d) by extensions ['ros']
[3.901s] Level 1:colcon.colcon_core.package_identification:_identify(Library/Artifacts/4d) by extension 'ros'
[3.909s] Level 1:colcon.colcon_core.package_identification:_identify(Library/Artifacts/4d) by extensions ['cmake', 'python']
[3.909s] Level 1:colcon.colcon_core.package_identification:_identify(Library/Artifacts/4d) by extension 'cmake'
[3.911s] Level 1:colcon.colcon_core.package_identification:_identify(Library/Artifacts/4d) by extension 'python'
[3.913s] Level 1:colcon.colcon_core.package_identification:_identify(Library/Artifacts/4d) by extensions ['python_setup_py']
[3.914s] Level 1:colcon.colcon_core.package_identification:_identify(Library/Artifacts/4d) by extension 'python_setup_py'
[3.923s] Level 1:colcon.colcon_core.package_identification:_identify(Library/Artifacts/4e) by extensions ['ignore', 'ignore_ament_install']
[3.924s] Level 1:colcon.colcon_core.package_identification:_identify(Library/Artifacts/4e) by extension 'ignore'
[3.927s] Level 1:colcon.colcon_core.package_identification:_identify(Library/Artifacts/4e) by extension 'ignore_ament_install'
[3.930s] Level 1:colcon.colcon_core.package_identification:_identify(Library/Artifacts/4e) by extensions ['colcon_pkg']
[3.931s] Level 1:colcon.colcon_core.package_identification:_identify(Library/Artifacts/4e) by extension 'colcon_pkg'
[3.933s] Level 1:colcon.colcon_core.package_identification:_identify(Library/Artifacts/4e) by extensions ['colcon_meta']
[3.934s] Level 1:colcon.colcon_core.package_identification:_identify(Library/Artifacts/4e) by extension 'colcon_meta'
[3.939s] Level 1:colcon.colcon_core.package_identification:_identify(Library/Artifacts/4e) by extensions ['ros']
[3.939s] Level 1:colcon.colcon_core.package_identification:_identify(Library/Artifacts/4e) by extension 'ros'
[3.949s] Level 1:colcon.colcon_core.package_identification:_identify(Library/Artifacts/4e) by extensions ['cmake', 'python']
[3.949s] Level 1:colcon.colcon_core.package_identification:_identify(Library/Artifacts/4e) by extension 'cmake'
[3.952s] Level 1:colcon.colcon_core.package_identification:_identify(Library/Artifacts/4e) by extension 'python'
[3.955s] Level 1:colcon.colcon_core.package_identification:_identify(Library/Artifacts/4e) by extensions ['python_setup_py']
[3.955s] Level 1:colcon.colcon_core.package_identification:_identify(Library/Artifacts/4e) by extension 'python_setup_py'
[3.964s] Level 1:colcon.colcon_core.package_identification:_identify(Library/Artifacts/4f) by extensions ['ignore', 'ignore_ament_install']
[3.965s] Level 1:colcon.colcon_core.package_identification:_identify(Library/Artifacts/4f) by extension 'ignore'
[3.967s] Level 1:colcon.colcon_core.package_identification:_identify(Library/Artifacts/4f) by extension 'ignore_ament_install'
[3.971s] Level 1:colcon.colcon_core.package_identification:_identify(Library/Artifacts/4f) by extensions ['colcon_pkg']
[3.972s] Level 1:colcon.colcon_core.package_identification:_identify(Library/Artifacts/4f) by extension 'colcon_pkg'
[3.974s] Level 1:colcon.colcon_core.package_identification:_identify(Library/Artifacts/4f) by extensions ['colcon_meta']
[3.975s] Level 1:colcon.colcon_core.package_identification:_identify(Library/Artifacts/4f) by extension 'colcon_meta'
[3.979s] Level 1:colcon.colcon_core.package_identification:_identify(Library/Artifacts/4f) by extensions ['ros']
[3.980s] Level 1:colcon.colcon_core.package_identification:_identify(Library/Artifacts/4f) by extension 'ros'
[3.990s] Level 1:colcon.colcon_core.package_identification:_identify(Library/Artifacts/4f) by extensions ['cmake', 'python']
[3.991s] Level 1:colcon.colcon_core.package_identification:_identify(Library/Artifacts/4f) by extension 'cmake'
[3.993s] Level 1:colcon.colcon_core.package_identification:_identify(Library/Artifacts/4f) by extension 'python'
[3.996s] Level 1:colcon.colcon_core.package_identification:_identify(Library/Artifacts/4f) by extensions ['python_setup_py']
[3.996s] Level 1:colcon.colcon_core.package_identification:_identify(Library/Artifacts/4f) by extension 'python_setup_py'
[4.005s] Level 1:colcon.colcon_core.package_identification:_identify(Library/Artifacts/50) by extensions ['ignore', 'ignore_ament_install']
[4.006s] Level 1:colcon.colcon_core.package_identification:_identify(Library/Artifacts/50) by extension 'ignore'
[4.008s] Level 1:colcon.colcon_core.package_identification:_identify(Library/Artifacts/50) by extension 'ignore_ament_install'
[4.011s] Level 1:colcon.colcon_core.package_identification:_identify(Library/Artifacts/50) by extensions ['colcon_pkg']
[4.011s] Level 1:colcon.colcon_core.package_identification:_identify(Library/Artifacts/50) by extension 'colcon_pkg'
[4.013s] Level 1:colcon.colcon_core.package_identification:_identify(Library/Artifacts/50) by extensions ['colcon_meta']
[4.014s] Level 1:colcon.colcon_core.package_identification:_identify(Library/Artifacts/50) by extension 'colcon_meta'
[4.017s] Level 1:colcon.colcon_core.package_identification:_identify(Library/Artifacts/50) by extensions ['ros']
[4.018s] Level 1:colcon.colcon_core.package_identification:_identify(Library/Artifacts/50) by extension 'ros'
[4.026s] Level 1:colcon.colcon_core.package_identification:_identify(Library/Artifacts/50) by extensions ['cmake', 'python']
[4.027s] Level 1:colcon.colcon_core.package_identification:_identify(Library/Artifacts/50) by extension 'cmake'
[4.030s] Level 1:colcon.colcon_core.package_identification:_identify(Library/Artifacts/50) by extension 'python'
[4.032s] Level 1:colcon.colcon_core.package_identification:_identify(Library/Artifacts/50) by extensions ['python_setup_py']
[4.033s] Level 1:colcon.colcon_core.package_identification:_identify(Library/Artifacts/50) by extension 'python_setup_py'
[4.043s] Level 1:colcon.colcon_core.package_identification:_identify(Library/Artifacts/51) by extensions ['ignore', 'ignore_ament_install']
[4.043s] Level 1:colcon.colcon_core.package_identification:_identify(Library/Artifacts/51) by extension 'ignore'
[4.046s] Level 1:colcon.colcon_core.package_identification:_identify(Library/Artifacts/51) by extension 'ignore_ament_install'
[4.050s] Level 1:colcon.colcon_core.package_identification:_identify(Library/Artifacts/51) by extensions ['colcon_pkg']
[4.051s] Level 1:colcon.colcon_core.package_identification:_identify(Library/Artifacts/51) by extension 'colcon_pkg'
[4.053s] Level 1:colcon.colcon_core.package_identification:_identify(Library/Artifacts/51) by extensions ['colcon_meta']
[4.054s] Level 1:colcon.colcon_core.package_identification:_identify(Library/Artifacts/51) by extension 'colcon_meta'
[4.058s] Level 1:colcon.colcon_core.package_identification:_identify(Library/Artifacts/51) by extensions ['ros']
[4.059s] Level 1:colcon.colcon_core.package_identification:_identify(Library/Artifacts/51) by extension 'ros'
[4.068s] Level 1:colcon.colcon_core.package_identification:_identify(Library/Artifacts/51) by extensions ['cmake', 'python']
[4.069s] Level 1:colcon.colcon_core.package_identification:_identify(Library/Artifacts/51) by extension 'cmake'
[4.071s] Level 1:colcon.colcon_core.package_identification:_identify(Library/Artifacts/51) by extension 'python'
[4.074s] Level 1:colcon.colcon_core.package_identification:_identify(Library/Artifacts/51) by extensions ['python_setup_py']
[4.074s] Level 1:colcon.colcon_core.package_identification:_identify(Library/Artifacts/51) by extension 'python_setup_py'
[4.085s] Level 1:colcon.colcon_core.package_identification:_identify(Library/Artifacts/52) by extensions ['ignore', 'ignore_ament_install']
[4.086s] Level 1:colcon.colcon_core.package_identification:_identify(Library/Artifacts/52) by extension 'ignore'
[4.088s] Level 1:colcon.colcon_core.package_identification:_identify(Library/Artifacts/52) by extension 'ignore_ament_install'
[4.094s] Level 1:colcon.colcon_core.package_identification:_identify(Library/Artifacts/52) by extensions ['colcon_pkg']
[4.095s] Level 1:colcon.colcon_core.package_identification:_identify(Library/Artifacts/52) by extension 'colcon_pkg'
[4.097s] Level 1:colcon.colcon_core.package_identification:_identify(Library/Artifacts/52) by extensions ['colcon_meta']
[4.098s] Level 1:colcon.colcon_core.package_identification:_identify(Library/Artifacts/52) by extension 'colcon_meta'
[4.102s] Level 1:colcon.colcon_core.package_identification:_identify(Library/Artifacts/52) by extensions ['ros']
[4.103s] Level 1:colcon.colcon_core.package_identification:_identify(Library/Artifacts/52) by extension 'ros'
[4.112s] Level 1:colcon.colcon_core.package_identification:_identify(Library/Artifacts/52) by extensions ['cmake', 'python']
[4.113s] Level 1:colcon.colcon_core.package_identification:_identify(Library/Artifacts/52) by extension 'cmake'
[4.116s] Level 1:colcon.colcon_core.package_identification:_identify(Library/Artifacts/52) by extension 'python'
[4.118s] Level 1:colcon.colcon_core.package_identification:_identify(Library/Artifacts/52) by extensions ['python_setup_py']
[4.119s] Level 1:colcon.colcon_core.package_identification:_identify(Library/Artifacts/52) by extension 'python_setup_py'
[4.129s] Level 1:colcon.colcon_core.package_identification:_identify(Library/Artifacts/53) by extensions ['ignore', 'ignore_ament_install']
[4.129s] Level 1:colcon.colcon_core.package_identification:_identify(Library/Artifacts/53) by extension 'ignore'
[4.131s] Level 1:colcon.colcon_core.package_identification:_identify(Library/Artifacts/53) by extension 'ignore_ament_install'
[4.136s] Level 1:colcon.colcon_core.package_identification:_identify(Library/Artifacts/53) by extensions ['colcon_pkg']
[4.138s] Level 1:colcon.colcon_core.package_identification:_identify(Library/Artifacts/53) by extension 'colcon_pkg'
[4.139s] Level 1:colcon.colcon_core.package_identification:_identify(Library/Artifacts/53) by extensions ['colcon_meta']
[4.140s] Level 1:colcon.colcon_core.package_identification:_identify(Library/Artifacts/53) by extension 'colcon_meta'
[4.143s] Level 1:colcon.colcon_core.package_identification:_identify(Library/Artifacts/53) by extensions ['ros']
[4.144s] Level 1:colcon.colcon_core.package_identification:_identify(Library/Artifacts/53) by extension 'ros'
[4.150s] Level 1:colcon.colcon_core.package_identification:_identify(Library/Artifacts/53) by extensions ['cmake', 'python']
[4.151s] Level 1:colcon.colcon_core.package_identification:_identify(Library/Artifacts/53) by extension 'cmake'
[4.153s] Level 1:colcon.colcon_core.package_identification:_identify(Library/Artifacts/53) by extension 'python'
[4.155s] Level 1:colcon.colcon_core.package_identification:_identify(Library/Artifacts/53) by extensions ['python_setup_py']
[4.155s] Level 1:colcon.colcon_core.package_identification:_identify(Library/Artifacts/53) by extension 'python_setup_py'
[4.163s] Level 1:colcon.colcon_core.package_identification:_identify(Library/Artifacts/54) by extensions ['ignore', 'ignore_ament_install']
[4.163s] Level 1:colcon.colcon_core.package_identification:_identify(Library/Artifacts/54) by extension 'ignore'
[4.165s] Level 1:colcon.colcon_core.package_identification:_identify(Library/Artifacts/54) by extension 'ignore_ament_install'
[4.168s] Level 1:colcon.colcon_core.package_identification:_identify(Library/Artifacts/54) by extensions ['colcon_pkg']
[4.169s] Level 1:colcon.colcon_core.package_identification:_identify(Library/Artifacts/54) by extension 'colcon_pkg'
[4.171s] Level 1:colcon.colcon_core.package_identification:_identify(Library/Artifacts/54) by extensions ['colcon_meta']
[4.172s] Level 1:colcon.colcon_core.package_identification:_identify(Library/Artifacts/54) by extension 'colcon_meta'
[4.175s] Level 1:colcon.colcon_core.package_identification:_identify(Library/Artifacts/54) by extensions ['ros']
[4.176s] Level 1:colcon.colcon_core.package_identification:_identify(Library/Artifacts/54) by extension 'ros'
[4.184s] Level 1:colcon.colcon_core.package_identification:_identify(Library/Artifacts/54) by extensions ['cmake', 'python']
[4.184s] Level 1:colcon.colcon_core.package_identification:_identify(Library/Artifacts/54) by extension 'cmake'
[4.186s] Level 1:colcon.colcon_core.package_identification:_identify(Library/Artifacts/54) by extension 'python'
[4.188s] Level 1:colcon.colcon_core.package_identification:_identify(Library/Artifacts/54) by extensions ['python_setup_py']
[4.188s] Level 1:colcon.colcon_core.package_identification:_identify(Library/Artifacts/54) by extension 'python_setup_py'
[4.196s] Level 1:colcon.colcon_core.package_identification:_identify(Library/Artifacts/55) by extensions ['ignore', 'ignore_ament_install']
[4.196s] Level 1:colcon.colcon_core.package_identification:_identify(Library/Artifacts/55) by extension 'ignore'
[4.198s] Level 1:colcon.colcon_core.package_identification:_identify(Library/Artifacts/55) by extension 'ignore_ament_install'
[4.201s] Level 1:colcon.colcon_core.package_identification:_identify(Library/Artifacts/55) by extensions ['colcon_pkg']
[4.202s] Level 1:colcon.colcon_core.package_identification:_identify(Library/Artifacts/55) by extension 'colcon_pkg'
[4.203s] Level 1:colcon.colcon_core.package_identification:_identify(Library/Artifacts/55) by extensions ['colcon_meta']
[4.204s] Level 1:colcon.colcon_core.package_identification:_identify(Library/Artifacts/55) by extension 'colcon_meta'
[4.207s] Level 1:colcon.colcon_core.package_identification:_identify(Library/Artifacts/55) by extensions ['ros']
[4.207s] Level 1:colcon.colcon_core.package_identification:_identify(Library/Artifacts/55) by extension 'ros'
[4.215s] Level 1:colcon.colcon_core.package_identification:_identify(Library/Artifacts/55) by extensions ['cmake', 'python']
[4.215s] Level 1:colcon.colcon_core.package_identification:_identify(Library/Artifacts/55) by extension 'cmake'
[4.217s] Level 1:colcon.colcon_core.package_identification:_identify(Library/Artifacts/55) by extension 'python'
[4.218s] Level 1:colcon.colcon_core.package_identification:_identify(Library/Artifacts/55) by extensions ['python_setup_py']
[4.219s] Level 1:colcon.colcon_core.package_identification:_identify(Library/Artifacts/55) by extension 'python_setup_py'
[4.225s] Level 1:colcon.colcon_core.package_identification:_identify(Library/Artifacts/56) by extensions ['ignore', 'ignore_ament_install']
[4.226s] Level 1:colcon.colcon_core.package_identification:_identify(Library/Artifacts/56) by extension 'ignore'
[4.227s] Level 1:colcon.colcon_core.package_identification:_identify(Library/Artifacts/56) by extension 'ignore_ament_install'
[4.229s] Level 1:colcon.colcon_core.package_identification:_identify(Library/Artifacts/56) by extensions ['colcon_pkg']
[4.229s] Level 1:colcon.colcon_core.package_identification:_identify(Library/Artifacts/56) by extension 'colcon_pkg'
[4.231s] Level 1:colcon.colcon_core.package_identification:_identify(Library/Artifacts/56) by extensions ['colcon_meta']
[4.231s] Level 1:colcon.colcon_core.package_identification:_identify(Library/Artifacts/56) by extension 'colcon_meta'
[4.233s] Level 1:colcon.colcon_core.package_identification:_identify(Library/Artifacts/56) by extensions ['ros']
[4.234s] Level 1:colcon.colcon_core.package_identification:_identify(Library/Artifacts/56) by extension 'ros'
[4.239s] Level 1:colcon.colcon_core.package_identification:_identify(Library/Artifacts/56) by extensions ['cmake', 'python']
[4.239s] Level 1:colcon.colcon_core.package_identification:_identify(Library/Artifacts/56) by extension 'cmake'
[4.241s] Level 1:colcon.colcon_core.package_identification:_identify(Library/Artifacts/56) by extension 'python'
[4.242s] Level 1:colcon.colcon_core.package_identification:_identify(Library/Artifacts/56) by extensions ['python_setup_py']
[4.243s] Level 1:colcon.colcon_core.package_identification:_identify(Library/Artifacts/56) by extension 'python_setup_py'
[4.248s] Level 1:colcon.colcon_core.package_identification:_identify(Library/Artifacts/57) by extensions ['ignore', 'ignore_ament_install']
[4.249s] Level 1:colcon.colcon_core.package_identification:_identify(Library/Artifacts/57) by extension 'ignore'
[4.252s] Level 1:colcon.colcon_core.package_identification:_identify(Library/Artifacts/57) by extension 'ignore_ament_install'
[4.254s] Level 1:colcon.colcon_core.package_identification:_identify(Library/Artifacts/57) by extensions ['colcon_pkg']
[4.255s] Level 1:colcon.colcon_core.package_identification:_identify(Library/Artifacts/57) by extension 'colcon_pkg'
[4.257s] Level 1:colcon.colcon_core.package_identification:_identify(Library/Artifacts/57) by extensions ['colcon_meta']
[4.258s] Level 1:colcon.colcon_core.package_identification:_identify(Library/Artifacts/57) by extension 'colcon_meta'
[4.261s] Level 1:colcon.colcon_core.package_identification:_identify(Library/Artifacts/57) by extensions ['ros']
[4.262s] Level 1:colcon.colcon_core.package_identification:_identify(Library/Artifacts/57) by extension 'ros'
[4.270s] Level 1:colcon.colcon_core.package_identification:_identify(Library/Artifacts/57) by extensions ['cmake', 'python']
[4.270s] Level 1:colcon.colcon_core.package_identification:_identify(Library/Artifacts/57) by extension 'cmake'
[4.272s] Level 1:colcon.colcon_core.package_identification:_identify(Library/Artifacts/57) by extension 'python'
[4.274s] Level 1:colcon.colcon_core.package_identification:_identify(Library/Artifacts/57) by extensions ['python_setup_py']
[4.275s] Level 1:colcon.colcon_core.package_identification:_identify(Library/Artifacts/57) by extension 'python_setup_py'
[4.282s] Level 1:colcon.colcon_core.package_identification:_identify(Library/Artifacts/58) by extensions ['ignore', 'ignore_ament_install']
[4.283s] Level 1:colcon.colcon_core.package_identification:_identify(Library/Artifacts/58) by extension 'ignore'
[4.285s] Level 1:colcon.colcon_core.package_identification:_identify(Library/Artifacts/58) by extension 'ignore_ament_install'
[4.289s] Level 1:colcon.colcon_core.package_identification:_identify(Library/Artifacts/58) by extensions ['colcon_pkg']
[4.290s] Level 1:colcon.colcon_core.package_identification:_identify(Library/Artifacts/58) by extension 'colcon_pkg'
[4.291s] Level 1:colcon.colcon_core.package_identification:_identify(Library/Artifacts/58) by extensions ['colcon_meta']
[4.292s] Level 1:colcon.colcon_core.package_identification:_identify(Library/Artifacts/58) by extension 'colcon_meta'
[4.295s] Level 1:colcon.colcon_core.package_identification:_identify(Library/Artifacts/58) by extensions ['ros']
[4.296s] Level 1:colcon.colcon_core.package_identification:_identify(Library/Artifacts/58) by extension 'ros'
[4.303s] Level 1:colcon.colcon_core.package_identification:_identify(Library/Artifacts/58) by extensions ['cmake', 'python']
[4.304s] Level 1:colcon.colcon_core.package_identification:_identify(Library/Artifacts/58) by extension 'cmake'
[4.306s] Level 1:colcon.colcon_core.package_identification:_identify(Library/Artifacts/58) by extension 'python'
[4.308s] Level 1:colcon.colcon_core.package_identification:_identify(Library/Artifacts/58) by extensions ['python_setup_py']
[4.308s] Level 1:colcon.colcon_core.package_identification:_identify(Library/Artifacts/58) by extension 'python_setup_py'
[4.316s] Level 1:colcon.colcon_core.package_identification:_identify(Library/Artifacts/59) by extensions ['ignore', 'ignore_ament_install']
[4.317s] Level 1:colcon.colcon_core.package_identification:_identify(Library/Artifacts/59) by extension 'ignore'
[4.318s] Level 1:colcon.colcon_core.package_identification:_identify(Library/Artifacts/59) by extension 'ignore_ament_install'
[4.322s] Level 1:colcon.colcon_core.package_identification:_identify(Library/Artifacts/59) by extensions ['colcon_pkg']
[4.323s] Level 1:colcon.colcon_core.package_identification:_identify(Library/Artifacts/59) by extension 'colcon_pkg'
[4.324s] Level 1:colcon.colcon_core.package_identification:_identify(Library/Artifacts/59) by extensions ['colcon_meta']
[4.325s] Level 1:colcon.colcon_core.package_identification:_identify(Library/Artifacts/59) by extension 'colcon_meta'
[4.330s] Level 1:colcon.colcon_core.package_identification:_identify(Library/Artifacts/59) by extensions ['ros']
[4.331s] Level 1:colcon.colcon_core.package_identification:_identify(Library/Artifacts/59) by extension 'ros'
[4.340s] Level 1:colcon.colcon_core.package_identification:_identify(Library/Artifacts/59) by extensions ['cmake', 'python']
[4.340s] Level 1:colcon.colcon_core.package_identification:_identify(Library/Artifacts/59) by extension 'cmake'
[4.343s] Level 1:colcon.colcon_core.package_identification:_identify(Library/Artifacts/59) by extension 'python'
[4.345s] Level 1:colcon.colcon_core.package_identification:_identify(Library/Artifacts/59) by extensions ['python_setup_py']
[4.346s] Level 1:colcon.colcon_core.package_identification:_identify(Library/Artifacts/59) by extension 'python_setup_py'
[4.355s] Level 1:colcon.colcon_core.package_identification:_identify(Library/Artifacts/5a) by extensions ['ignore', 'ignore_ament_install']
[4.356s] Level 1:colcon.colcon_core.package_identification:_identify(Library/Artifacts/5a) by extension 'ignore'
[4.359s] Level 1:colcon.colcon_core.package_identification:_identify(Library/Artifacts/5a) by extension 'ignore_ament_install'
[4.363s] Level 1:colcon.colcon_core.package_identification:_identify(Library/Artifacts/5a) by extensions ['colcon_pkg']
[4.363s] Level 1:colcon.colcon_core.package_identification:_identify(Library/Artifacts/5a) by extension 'colcon_pkg'
[4.366s] Level 1:colcon.colcon_core.package_identification:_identify(Library/Artifacts/5a) by extensions ['colcon_meta']
[4.367s] Level 1:colcon.colcon_core.package_identification:_identify(Library/Artifacts/5a) by extension 'colcon_meta'
[4.371s] Level 1:colcon.colcon_core.package_identification:_identify(Library/Artifacts/5a) by extensions ['ros']
[4.372s] Level 1:colcon.colcon_core.package_identification:_identify(Library/Artifacts/5a) by extension 'ros'
[4.381s] Level 1:colcon.colcon_core.package_identification:_identify(Library/Artifacts/5a) by extensions ['cmake', 'python']
[4.381s] Level 1:colcon.colcon_core.package_identification:_identify(Library/Artifacts/5a) by extension 'cmake'
[4.384s] Level 1:colcon.colcon_core.package_identification:_identify(Library/Artifacts/5a) by extension 'python'
[4.387s] Level 1:colcon.colcon_core.package_identification:_identify(Library/Artifacts/5a) by extensions ['python_setup_py']
[4.387s] Level 1:colcon.colcon_core.package_identification:_identify(Library/Artifacts/5a) by extension 'python_setup_py'
[4.397s] Level 1:colcon.colcon_core.package_identification:_identify(Library/Artifacts/5b) by extensions ['ignore', 'ignore_ament_install']
[4.398s] Level 1:colcon.colcon_core.package_identification:_identify(Library/Artifacts/5b) by extension 'ignore'
[4.400s] Level 1:colcon.colcon_core.package_identification:_identify(Library/Artifacts/5b) by extension 'ignore_ament_install'
[4.405s] Level 1:colcon.colcon_core.package_identification:_identify(Library/Artifacts/5b) by extensions ['colcon_pkg']
[4.405s] Level 1:colcon.colcon_core.package_identification:_identify(Library/Artifacts/5b) by extension 'colcon_pkg'
[4.407s] Level 1:colcon.colcon_core.package_identification:_identify(Library/Artifacts/5b) by extensions ['colcon_meta']
[4.408s] Level 1:colcon.colcon_core.package_identification:_identify(Library/Artifacts/5b) by extension 'colcon_meta'
[4.411s] Level 1:colcon.colcon_core.package_identification:_identify(Library/Artifacts/5b) by extensions ['ros']
[4.412s] Level 1:colcon.colcon_core.package_identification:_identify(Library/Artifacts/5b) by extension 'ros'
[4.419s] Level 1:colcon.colcon_core.package_identification:_identify(Library/Artifacts/5b) by extensions ['cmake', 'python']
[4.420s] Level 1:colcon.colcon_core.package_identification:_identify(Library/Artifacts/5b) by extension 'cmake'
[4.421s] Level 1:colcon.colcon_core.package_identification:_identify(Library/Artifacts/5b) by extension 'python'
[4.423s] Level 1:colcon.colcon_core.package_identification:_identify(Library/Artifacts/5b) by extensions ['python_setup_py']
[4.424s] Level 1:colcon.colcon_core.package_identification:_identify(Library/Artifacts/5b) by extension 'python_setup_py'
[4.431s] Level 1:colcon.colcon_core.package_identification:_identify(Library/Artifacts/5c) by extensions ['ignore', 'ignore_ament_install']
[4.432s] Level 1:colcon.colcon_core.package_identification:_identify(Library/Artifacts/5c) by extension 'ignore'
[4.434s] Level 1:colcon.colcon_core.package_identification:_identify(Library/Artifacts/5c) by extension 'ignore_ament_install'
[4.437s] Level 1:colcon.colcon_core.package_identification:_identify(Library/Artifacts/5c) by extensions ['colcon_pkg']
[4.437s] Level 1:colcon.colcon_core.package_identification:_identify(Library/Artifacts/5c) by extension 'colcon_pkg'
[4.439s] Level 1:colcon.colcon_core.package_identification:_identify(Library/Artifacts/5c) by extensions ['colcon_meta']
[4.439s] Level 1:colcon.colcon_core.package_identification:_identify(Library/Artifacts/5c) by extension 'colcon_meta'
[4.443s] Level 1:colcon.colcon_core.package_identification:_identify(Library/Artifacts/5c) by extensions ['ros']
[4.443s] Level 1:colcon.colcon_core.package_identification:_identify(Library/Artifacts/5c) by extension 'ros'
[4.452s] Level 1:colcon.colcon_core.package_identification:_identify(Library/Artifacts/5c) by extensions ['cmake', 'python']
[4.452s] Level 1:colcon.colcon_core.package_identification:_identify(Library/Artifacts/5c) by extension 'cmake'
[4.454s] Level 1:colcon.colcon_core.package_identification:_identify(Library/Artifacts/5c) by extension 'python'
[4.456s] Level 1:colcon.colcon_core.package_identification:_identify(Library/Artifacts/5c) by extensions ['python_setup_py']
[4.457s] Level 1:colcon.colcon_core.package_identification:_identify(Library/Artifacts/5c) by extension 'python_setup_py'
[4.465s] Level 1:colcon.colcon_core.package_identification:_identify(Library/Artifacts/5d) by extensions ['ignore', 'ignore_ament_install']
[4.466s] Level 1:colcon.colcon_core.package_identification:_identify(Library/Artifacts/5d) by extension 'ignore'
[4.468s] Level 1:colcon.colcon_core.package_identification:_identify(Library/Artifacts/5d) by extension 'ignore_ament_install'
[4.471s] Level 1:colcon.colcon_core.package_identification:_identify(Library/Artifacts/5d) by extensions ['colcon_pkg']
[4.472s] Level 1:colcon.colcon_core.package_identification:_identify(Library/Artifacts/5d) by extension 'colcon_pkg'
[4.474s] Level 1:colcon.colcon_core.package_identification:_identify(Library/Artifacts/5d) by extensions ['colcon_meta']
[4.474s] Level 1:colcon.colcon_core.package_identification:_identify(Library/Artifacts/5d) by extension 'colcon_meta'
[4.477s] Level 1:colcon.colcon_core.package_identification:_identify(Library/Artifacts/5d) by extensions ['ros']
[4.478s] Level 1:colcon.colcon_core.package_identification:_identify(Library/Artifacts/5d) by extension 'ros'
[4.486s] Level 1:colcon.colcon_core.package_identification:_identify(Library/Artifacts/5d) by extensions ['cmake', 'python']
[4.487s] Level 1:colcon.colcon_core.package_identification:_identify(Library/Artifacts/5d) by extension 'cmake'
[4.489s] Level 1:colcon.colcon_core.package_identification:_identify(Library/Artifacts/5d) by extension 'python'
[4.491s] Level 1:colcon.colcon_core.package_identification:_identify(Library/Artifacts/5d) by extensions ['python_setup_py']
[4.491s] Level 1:colcon.colcon_core.package_identification:_identify(Library/Artifacts/5d) by extension 'python_setup_py'
[4.499s] Level 1:colcon.colcon_core.package_identification:_identify(Library/Artifacts/5e) by extensions ['ignore', 'ignore_ament_install']
[4.499s] Level 1:colcon.colcon_core.package_identification:_identify(Library/Artifacts/5e) by extension 'ignore'
[4.501s] Level 1:colcon.colcon_core.package_identification:_identify(Library/Artifacts/5e) by extension 'ignore_ament_install'
[4.505s] Level 1:colcon.colcon_core.package_identification:_identify(Library/Artifacts/5e) by extensions ['colcon_pkg']
[4.505s] Level 1:colcon.colcon_core.package_identification:_identify(Library/Artifacts/5e) by extension 'colcon_pkg'
[4.507s] Level 1:colcon.colcon_core.package_identification:_identify(Library/Artifacts/5e) by extensions ['colcon_meta']
[4.507s] Level 1:colcon.colcon_core.package_identification:_identify(Library/Artifacts/5e) by extension 'colcon_meta'
[4.510s] Level 1:colcon.colcon_core.package_identification:_identify(Library/Artifacts/5e) by extensions ['ros']
[4.511s] Level 1:colcon.colcon_core.package_identification:_identify(Library/Artifacts/5e) by extension 'ros'
[4.520s] Level 1:colcon.colcon_core.package_identification:_identify(Library/Artifacts/5e) by extensions ['cmake', 'python']
[4.521s] Level 1:colcon.colcon_core.package_identification:_identify(Library/Artifacts/5e) by extension 'cmake'
[4.523s] Level 1:colcon.colcon_core.package_identification:_identify(Library/Artifacts/5e) by extension 'python'
[4.526s] Level 1:colcon.colcon_core.package_identification:_identify(Library/Artifacts/5e) by extensions ['python_setup_py']
[4.527s] Level 1:colcon.colcon_core.package_identification:_identify(Library/Artifacts/5e) by extension 'python_setup_py'
[4.536s] Level 1:colcon.colcon_core.package_identification:_identify(Library/Artifacts/5f) by extensions ['ignore', 'ignore_ament_install']
[4.537s] Level 1:colcon.colcon_core.package_identification:_identify(Library/Artifacts/5f) by extension 'ignore'
[4.540s] Level 1:colcon.colcon_core.package_identification:_identify(Library/Artifacts/5f) by extension 'ignore_ament_install'
[4.544s] Level 1:colcon.colcon_core.package_identification:_identify(Library/Artifacts/5f) by extensions ['colcon_pkg']
[4.544s] Level 1:colcon.colcon_core.package_identification:_identify(Library/Artifacts/5f) by extension 'colcon_pkg'
[4.547s] Level 1:colcon.colcon_core.package_identification:_identify(Library/Artifacts/5f) by extensions ['colcon_meta']
[4.547s] Level 1:colcon.colcon_core.package_identification:_identify(Library/Artifacts/5f) by extension 'colcon_meta'
[4.552s] Level 1:colcon.colcon_core.package_identification:_identify(Library/Artifacts/5f) by extensions ['ros']
[4.553s] Level 1:colcon.colcon_core.package_identification:_identify(Library/Artifacts/5f) by extension 'ros'
[4.563s] Level 1:colcon.colcon_core.package_identification:_identify(Library/Artifacts/5f) by extensions ['cmake', 'python']
[4.563s] Level 1:colcon.colcon_core.package_identification:_identify(Library/Artifacts/5f) by extension 'cmake'
[4.566s] Level 1:colcon.colcon_core.package_identification:_identify(Library/Artifacts/5f) by extension 'python'
[4.568s] Level 1:colcon.colcon_core.package_identification:_identify(Library/Artifacts/5f) by extensions ['python_setup_py']
[4.569s] Level 1:colcon.colcon_core.package_identification:_identify(Library/Artifacts/5f) by extension 'python_setup_py'
[4.578s] Level 1:colcon.colcon_core.package_identification:_identify(Library/Artifacts/60) by extensions ['ignore', 'ignore_ament_install']
[4.578s] Level 1:colcon.colcon_core.package_identification:_identify(Library/Artifacts/60) by extension 'ignore'
[4.581s] Level 1:colcon.colcon_core.package_identification:_identify(Library/Artifacts/60) by extension 'ignore_ament_install'
[4.585s] Level 1:colcon.colcon_core.package_identification:_identify(Library/Artifacts/60) by extensions ['colcon_pkg']
[4.586s] Level 1:colcon.colcon_core.package_identification:_identify(Library/Artifacts/60) by extension 'colcon_pkg'
[4.588s] Level 1:colcon.colcon_core.package_identification:_identify(Library/Artifacts/60) by extensions ['colcon_meta']
[4.589s] Level 1:colcon.colcon_core.package_identification:_identify(Library/Artifacts/60) by extension 'colcon_meta'
[4.593s] Level 1:colcon.colcon_core.package_identification:_identify(Library/Artifacts/60) by extensions ['ros']
[4.594s] Level 1:colcon.colcon_core.package_identification:_identify(Library/Artifacts/60) by extension 'ros'
[4.605s] Level 1:colcon.colcon_core.package_identification:_identify(Library/Artifacts/60) by extensions ['cmake', 'python']
[4.606s] Level 1:colcon.colcon_core.package_identification:_identify(Library/Artifacts/60) by extension 'cmake'
[4.609s] Level 1:colcon.colcon_core.package_identification:_identify(Library/Artifacts/60) by extension 'python'
[4.611s] Level 1:colcon.colcon_core.package_identification:_identify(Library/Artifacts/60) by extensions ['python_setup_py']
[4.612s] Level 1:colcon.colcon_core.package_identification:_identify(Library/Artifacts/60) by extension 'python_setup_py'
[4.622s] Level 1:colcon.colcon_core.package_identification:_identify(Library/Artifacts/61) by extensions ['ignore', 'ignore_ament_install']
[4.623s] Level 1:colcon.colcon_core.package_identification:_identify(Library/Artifacts/61) by extension 'ignore'
[4.625s] Level 1:colcon.colcon_core.package_identification:_identify(Library/Artifacts/61) by extension 'ignore_ament_install'
[4.630s] Level 1:colcon.colcon_core.package_identification:_identify(Library/Artifacts/61) by extensions ['colcon_pkg']
[4.630s] Level 1:colcon.colcon_core.package_identification:_identify(Library/Artifacts/61) by extension 'colcon_pkg'
[4.633s] Level 1:colcon.colcon_core.package_identification:_identify(Library/Artifacts/61) by extensions ['colcon_meta']
[4.634s] Level 1:colcon.colcon_core.package_identification:_identify(Library/Artifacts/61) by extension 'colcon_meta'
[4.639s] Level 1:colcon.colcon_core.package_identification:_identify(Library/Artifacts/61) by extensions ['ros']
[4.639s] Level 1:colcon.colcon_core.package_identification:_identify(Library/Artifacts/61) by extension 'ros'
[4.649s] Level 1:colcon.colcon_core.package_identification:_identify(Library/Artifacts/61) by extensions ['cmake', 'python']
[4.650s] Level 1:colcon.colcon_core.package_identification:_identify(Library/Artifacts/61) by extension 'cmake'
[4.653s] Level 1:colcon.colcon_core.package_identification:_identify(Library/Artifacts/61) by extension 'python'
[4.656s] Level 1:colcon.colcon_core.package_identification:_identify(Library/Artifacts/61) by extensions ['python_setup_py']
[4.657s] Level 1:colcon.colcon_core.package_identification:_identify(Library/Artifacts/61) by extension 'python_setup_py'
[4.665s] Level 1:colcon.colcon_core.package_identification:_identify(Library/Artifacts/62) by extensions ['ignore', 'ignore_ament_install']
[4.667s] Level 1:colcon.colcon_core.package_identification:_identify(Library/Artifacts/62) by extension 'ignore'
[4.670s] Level 1:colcon.colcon_core.package_identification:_identify(Library/Artifacts/62) by extension 'ignore_ament_install'
[4.679s] Level 1:colcon.colcon_core.package_identification:_identify(Library/Artifacts/62) by extensions ['colcon_pkg']
[4.680s] Level 1:colcon.colcon_core.package_identification:_identify(Library/Artifacts/62) by extension 'colcon_pkg'
[4.682s] Level 1:colcon.colcon_core.package_identification:_identify(Library/Artifacts/62) by extensions ['colcon_meta']
[4.683s] Level 1:colcon.colcon_core.package_identification:_identify(Library/Artifacts/62) by extension 'colcon_meta'
[4.687s] Level 1:colcon.colcon_core.package_identification:_identify(Library/Artifacts/62) by extensions ['ros']
[4.688s] Level 1:colcon.colcon_core.package_identification:_identify(Library/Artifacts/62) by extension 'ros'
[4.697s] Level 1:colcon.colcon_core.package_identification:_identify(Library/Artifacts/62) by extensions ['cmake', 'python']
[4.698s] Level 1:colcon.colcon_core.package_identification:_identify(Library/Artifacts/62) by extension 'cmake'
[4.702s] Level 1:colcon.colcon_core.package_identification:_identify(Library/Artifacts/62) by extension 'python'
[4.704s] Level 1:colcon.colcon_core.package_identification:_identify(Library/Artifacts/62) by extensions ['python_setup_py']
[4.705s] Level 1:colcon.colcon_core.package_identification:_identify(Library/Artifacts/62) by extension 'python_setup_py'
[4.715s] Level 1:colcon.colcon_core.package_identification:_identify(Library/Artifacts/63) by extensions ['ignore', 'ignore_ament_install']
[4.715s] Level 1:colcon.colcon_core.package_identification:_identify(Library/Artifacts/63) by extension 'ignore'
[4.720s] Level 1:colcon.colcon_core.package_identification:_identify(Library/Artifacts/63) by extension 'ignore_ament_install'
[4.724s] Level 1:colcon.colcon_core.package_identification:_identify(Library/Artifacts/63) by extensions ['colcon_pkg']
[4.725s] Level 1:colcon.colcon_core.package_identification:_identify(Library/Artifacts/63) by extension 'colcon_pkg'
[4.729s] Level 1:colcon.colcon_core.package_identification:_identify(Library/Artifacts/63) by extensions ['colcon_meta']
[4.730s] Level 1:colcon.colcon_core.package_identification:_identify(Library/Artifacts/63) by extension 'colcon_meta'
[4.735s] Level 1:colcon.colcon_core.package_identification:_identify(Library/Artifacts/63) by extensions ['ros']
[4.736s] Level 1:colcon.colcon_core.package_identification:_identify(Library/Artifacts/63) by extension 'ros'
[4.745s] Level 1:colcon.colcon_core.package_identification:_identify(Library/Artifacts/63) by extensions ['cmake', 'python']
[4.746s] Level 1:colcon.colcon_core.package_identification:_identify(Library/Artifacts/63) by extension 'cmake'
[4.749s] Level 1:colcon.colcon_core.package_identification:_identify(Library/Artifacts/63) by extension 'python'
[4.752s] Level 1:colcon.colcon_core.package_identification:_identify(Library/Artifacts/63) by extensions ['python_setup_py']
[4.753s] Level 1:colcon.colcon_core.package_identification:_identify(Library/Artifacts/63) by extension 'python_setup_py'
[4.760s] Level 1:colcon.colcon_core.package_identification:_identify(Library/Artifacts/64) by extensions ['ignore', 'ignore_ament_install']
[4.761s] Level 1:colcon.colcon_core.package_identification:_identify(Library/Artifacts/64) by extension 'ignore'
[4.763s] Level 1:colcon.colcon_core.package_identification:_identify(Library/Artifacts/64) by extension 'ignore_ament_install'
[4.767s] Level 1:colcon.colcon_core.package_identification:_identify(Library/Artifacts/64) by extensions ['colcon_pkg']
[4.767s] Level 1:colcon.colcon_core.package_identification:_identify(Library/Artifacts/64) by extension 'colcon_pkg'
[4.769s] Level 1:colcon.colcon_core.package_identification:_identify(Library/Artifacts/64) by extensions ['colcon_meta']
[4.770s] Level 1:colcon.colcon_core.package_identification:_identify(Library/Artifacts/64) by extension 'colcon_meta'
[4.774s] Level 1:colcon.colcon_core.package_identification:_identify(Library/Artifacts/64) by extensions ['ros']
[4.774s] Level 1:colcon.colcon_core.package_identification:_identify(Library/Artifacts/64) by extension 'ros'
[4.783s] Level 1:colcon.colcon_core.package_identification:_identify(Library/Artifacts/64) by extensions ['cmake', 'python']
[4.784s] Level 1:colcon.colcon_core.package_identification:_identify(Library/Artifacts/64) by extension 'cmake'
[4.786s] Level 1:colcon.colcon_core.package_identification:_identify(Library/Artifacts/64) by extension 'python'
[4.788s] Level 1:colcon.colcon_core.package_identification:_identify(Library/Artifacts/64) by extensions ['python_setup_py']
[4.789s] Level 1:colcon.colcon_core.package_identification:_identify(Library/Artifacts/64) by extension 'python_setup_py'
[4.798s] Level 1:colcon.colcon_core.package_identification:_identify(Library/Artifacts/65) by extensions ['ignore', 'ignore_ament_install']
[4.799s] Level 1:colcon.colcon_core.package_identification:_identify(Library/Artifacts/65) by extension 'ignore'
[4.801s] Level 1:colcon.colcon_core.package_identification:_identify(Library/Artifacts/65) by extension 'ignore_ament_install'
[4.804s] Level 1:colcon.colcon_core.package_identification:_identify(Library/Artifacts/65) by extensions ['colcon_pkg']
[4.805s] Level 1:colcon.colcon_core.package_identification:_identify(Library/Artifacts/65) by extension 'colcon_pkg'
[4.807s] Level 1:colcon.colcon_core.package_identification:_identify(Library/Artifacts/65) by extensions ['colcon_meta']
[4.808s] Level 1:colcon.colcon_core.package_identification:_identify(Library/Artifacts/65) by extension 'colcon_meta'
[4.812s] Level 1:colcon.colcon_core.package_identification:_identify(Library/Artifacts/65) by extensions ['ros']
[4.813s] Level 1:colcon.colcon_core.package_identification:_identify(Library/Artifacts/65) by extension 'ros'
[4.821s] Level 1:colcon.colcon_core.package_identification:_identify(Library/Artifacts/65) by extensions ['cmake', 'python']
[4.822s] Level 1:colcon.colcon_core.package_identification:_identify(Library/Artifacts/65) by extension 'cmake'
[4.824s] Level 1:colcon.colcon_core.package_identification:_identify(Library/Artifacts/65) by extension 'python'
[4.827s] Level 1:colcon.colcon_core.package_identification:_identify(Library/Artifacts/65) by extensions ['python_setup_py']
[4.827s] Level 1:colcon.colcon_core.package_identification:_identify(Library/Artifacts/65) by extension 'python_setup_py'
[4.835s] Level 1:colcon.colcon_core.package_identification:_identify(Library/Artifacts/66) by extensions ['ignore', 'ignore_ament_install']
[4.835s] Level 1:colcon.colcon_core.package_identification:_identify(Library/Artifacts/66) by extension 'ignore'
[4.837s] Level 1:colcon.colcon_core.package_identification:_identify(Library/Artifacts/66) by extension 'ignore_ament_install'
[4.841s] Level 1:colcon.colcon_core.package_identification:_identify(Library/Artifacts/66) by extensions ['colcon_pkg']
[4.841s] Level 1:colcon.colcon_core.package_identification:_identify(Library/Artifacts/66) by extension 'colcon_pkg'
[4.843s] Level 1:colcon.colcon_core.package_identification:_identify(Library/Artifacts/66) by extensions ['colcon_meta']
[4.844s] Level 1:colcon.colcon_core.package_identification:_identify(Library/Artifacts/66) by extension 'colcon_meta'
[4.849s] Level 1:colcon.colcon_core.package_identification:_identify(Library/Artifacts/66) by extensions ['ros']
[4.849s] Level 1:colcon.colcon_core.package_identification:_identify(Library/Artifacts/66) by extension 'ros'
[4.855s] Level 1:colcon.colcon_core.package_identification:_identify(Library/Artifacts/66) by extensions ['cmake', 'python']
[4.856s] Level 1:colcon.colcon_core.package_identification:_identify(Library/Artifacts/66) by extension 'cmake'
[4.858s] Level 1:colcon.colcon_core.package_identification:_identify(Library/Artifacts/66) by extension 'python'
[4.860s] Level 1:colcon.colcon_core.package_identification:_identify(Library/Artifacts/66) by extensions ['python_setup_py']
[4.861s] Level 1:colcon.colcon_core.package_identification:_identify(Library/Artifacts/66) by extension 'python_setup_py'
[4.866s] Level 1:colcon.colcon_core.package_identification:_identify(Library/Artifacts/67) by extensions ['ignore', 'ignore_ament_install']
[4.867s] Level 1:colcon.colcon_core.package_identification:_identify(Library/Artifacts/67) by extension 'ignore'
[4.868s] Level 1:colcon.colcon_core.package_identification:_identify(Library/Artifacts/67) by extension 'ignore_ament_install'
[4.870s] Level 1:colcon.colcon_core.package_identification:_identify(Library/Artifacts/67) by extensions ['colcon_pkg']
[4.871s] Level 1:colcon.colcon_core.package_identification:_identify(Library/Artifacts/67) by extension 'colcon_pkg'
[4.872s] Level 1:colcon.colcon_core.package_identification:_identify(Library/Artifacts/67) by extensions ['colcon_meta']
[4.873s] Level 1:colcon.colcon_core.package_identification:_identify(Library/Artifacts/67) by extension 'colcon_meta'
[4.875s] Level 1:colcon.colcon_core.package_identification:_identify(Library/Artifacts/67) by extensions ['ros']
[4.875s] Level 1:colcon.colcon_core.package_identification:_identify(Library/Artifacts/67) by extension 'ros'
[4.880s] Level 1:colcon.colcon_core.package_identification:_identify(Library/Artifacts/67) by extensions ['cmake', 'python']
[4.880s] Level 1:colcon.colcon_core.package_identification:_identify(Library/Artifacts/67) by extension 'cmake'
[4.882s] Level 1:colcon.colcon_core.package_identification:_identify(Library/Artifacts/67) by extension 'python'
[4.884s] Level 1:colcon.colcon_core.package_identification:_identify(Library/Artifacts/67) by extensions ['python_setup_py']
[4.884s] Level 1:colcon.colcon_core.package_identification:_identify(Library/Artifacts/67) by extension 'python_setup_py'
[4.889s] Level 1:colcon.colcon_core.package_identification:_identify(Library/Artifacts/68) by extensions ['ignore', 'ignore_ament_install']
[4.890s] Level 1:colcon.colcon_core.package_identification:_identify(Library/Artifacts/68) by extension 'ignore'
[4.893s] Level 1:colcon.colcon_core.package_identification:_identify(Library/Artifacts/68) by extension 'ignore_ament_install'
[4.898s] Level 1:colcon.colcon_core.package_identification:_identify(Library/Artifacts/68) by extensions ['colcon_pkg']
[4.898s] Level 1:colcon.colcon_core.package_identification:_identify(Library/Artifacts/68) by extension 'colcon_pkg'
[4.900s] Level 1:colcon.colcon_core.package_identification:_identify(Library/Artifacts/68) by extensions ['colcon_meta']
[4.901s] Level 1:colcon.colcon_core.package_identification:_identify(Library/Artifacts/68) by extension 'colcon_meta'
[4.905s] Level 1:colcon.colcon_core.package_identification:_identify(Library/Artifacts/68) by extensions ['ros']
[4.906s] Level 1:colcon.colcon_core.package_identification:_identify(Library/Artifacts/68) by extension 'ros'
[4.913s] Level 1:colcon.colcon_core.package_identification:_identify(Library/Artifacts/68) by extensions ['cmake', 'python']
[4.914s] Level 1:colcon.colcon_core.package_identification:_identify(Library/Artifacts/68) by extension 'cmake'
[4.916s] Level 1:colcon.colcon_core.package_identification:_identify(Library/Artifacts/68) by extension 'python'
[4.919s] Level 1:colcon.colcon_core.package_identification:_identify(Library/Artifacts/68) by extensions ['python_setup_py']
[4.919s] Level 1:colcon.colcon_core.package_identification:_identify(Library/Artifacts/68) by extension 'python_setup_py'
[4.927s] Level 1:colcon.colcon_core.package_identification:_identify(Library/Artifacts/69) by extensions ['ignore', 'ignore_ament_install']
[4.928s] Level 1:colcon.colcon_core.package_identification:_identify(Library/Artifacts/69) by extension 'ignore'
[4.930s] Level 1:colcon.colcon_core.package_identification:_identify(Library/Artifacts/69) by extension 'ignore_ament_install'
[4.934s] Level 1:colcon.colcon_core.package_identification:_identify(Library/Artifacts/69) by extensions ['colcon_pkg']
[4.934s] Level 1:colcon.colcon_core.package_identification:_identify(Library/Artifacts/69) by extension 'colcon_pkg'
[4.937s] Level 1:colcon.colcon_core.package_identification:_identify(Library/Artifacts/69) by extensions ['colcon_meta']
[4.937s] Level 1:colcon.colcon_core.package_identification:_identify(Library/Artifacts/69) by extension 'colcon_meta'
[4.940s] Level 1:colcon.colcon_core.package_identification:_identify(Library/Artifacts/69) by extensions ['ros']
[4.941s] Level 1:colcon.colcon_core.package_identification:_identify(Library/Artifacts/69) by extension 'ros'
[4.949s] Level 1:colcon.colcon_core.package_identification:_identify(Library/Artifacts/69) by extensions ['cmake', 'python']
[4.950s] Level 1:colcon.colcon_core.package_identification:_identify(Library/Artifacts/69) by extension 'cmake'
[4.952s] Level 1:colcon.colcon_core.package_identification:_identify(Library/Artifacts/69) by extension 'python'
[4.954s] Level 1:colcon.colcon_core.package_identification:_identify(Library/Artifacts/69) by extensions ['python_setup_py']
[4.955s] Level 1:colcon.colcon_core.package_identification:_identify(Library/Artifacts/69) by extension 'python_setup_py'
[4.964s] Level 1:colcon.colcon_core.package_identification:_identify(Library/Artifacts/6a) by extensions ['ignore', 'ignore_ament_install']
[4.964s] Level 1:colcon.colcon_core.package_identification:_identify(Library/Artifacts/6a) by extension 'ignore'
[4.967s] Level 1:colcon.colcon_core.package_identification:_identify(Library/Artifacts/6a) by extension 'ignore_ament_install'
[4.971s] Level 1:colcon.colcon_core.package_identification:_identify(Library/Artifacts/6a) by extensions ['colcon_pkg']
[4.971s] Level 1:colcon.colcon_core.package_identification:_identify(Library/Artifacts/6a) by extension 'colcon_pkg'
[4.973s] Level 1:colcon.colcon_core.package_identification:_identify(Library/Artifacts/6a) by extensions ['colcon_meta']
[4.974s] Level 1:colcon.colcon_core.package_identification:_identify(Library/Artifacts/6a) by extension 'colcon_meta'
[4.977s] Level 1:colcon.colcon_core.package_identification:_identify(Library/Artifacts/6a) by extensions ['ros']
[4.978s] Level 1:colcon.colcon_core.package_identification:_identify(Library/Artifacts/6a) by extension 'ros'
[4.985s] Level 1:colcon.colcon_core.package_identification:_identify(Library/Artifacts/6a) by extensions ['cmake', 'python']
[4.986s] Level 1:colcon.colcon_core.package_identification:_identify(Library/Artifacts/6a) by extension 'cmake'
[4.988s] Level 1:colcon.colcon_core.package_identification:_identify(Library/Artifacts/6a) by extension 'python'
[4.991s] Level 1:colcon.colcon_core.package_identification:_identify(Library/Artifacts/6a) by extensions ['python_setup_py']
[4.991s] Level 1:colcon.colcon_core.package_identification:_identify(Library/Artifacts/6a) by extension 'python_setup_py'
[5.000s] Level 1:colcon.colcon_core.package_identification:_identify(Library/Artifacts/6b) by extensions ['ignore', 'ignore_ament_install']
[5.001s] Level 1:colcon.colcon_core.package_identification:_identify(Library/Artifacts/6b) by extension 'ignore'
[5.003s] Level 1:colcon.colcon_core.package_identification:_identify(Library/Artifacts/6b) by extension 'ignore_ament_install'
[5.007s] Level 1:colcon.colcon_core.package_identification:_identify(Library/Artifacts/6b) by extensions ['colcon_pkg']
[5.008s] Level 1:colcon.colcon_core.package_identification:_identify(Library/Artifacts/6b) by extension 'colcon_pkg'
[5.010s] Level 1:colcon.colcon_core.package_identification:_identify(Library/Artifacts/6b) by extensions ['colcon_meta']
[5.011s] Level 1:colcon.colcon_core.package_identification:_identify(Library/Artifacts/6b) by extension 'colcon_meta'
[5.015s] Level 1:colcon.colcon_core.package_identification:_identify(Library/Artifacts/6b) by extensions ['ros']
[5.015s] Level 1:colcon.colcon_core.package_identification:_identify(Library/Artifacts/6b) by extension 'ros'
[5.024s] Level 1:colcon.colcon_core.package_identification:_identify(Library/Artifacts/6b) by extensions ['cmake', 'python']
[5.024s] Level 1:colcon.colcon_core.package_identification:_identify(Library/Artifacts/6b) by extension 'cmake'
[5.026s] Level 1:colcon.colcon_core.package_identification:_identify(Library/Artifacts/6b) by extension 'python'
[5.028s] Level 1:colcon.colcon_core.package_identification:_identify(Library/Artifacts/6b) by extensions ['python_setup_py']
[5.028s] Level 1:colcon.colcon_core.package_identification:_identify(Library/Artifacts/6b) by extension 'python_setup_py'
[5.033s] Level 1:colcon.colcon_core.package_identification:_identify(Library/Artifacts/6c) by extensions ['ignore', 'ignore_ament_install']
[5.034s] Level 1:colcon.colcon_core.package_identification:_identify(Library/Artifacts/6c) by extension 'ignore'
[5.035s] Level 1:colcon.colcon_core.package_identification:_identify(Library/Artifacts/6c) by extension 'ignore_ament_install'
[5.038s] Level 1:colcon.colcon_core.package_identification:_identify(Library/Artifacts/6c) by extensions ['colcon_pkg']
[5.038s] Level 1:colcon.colcon_core.package_identification:_identify(Library/Artifacts/6c) by extension 'colcon_pkg'
[5.040s] Level 1:colcon.colcon_core.package_identification:_identify(Library/Artifacts/6c) by extensions ['colcon_meta']
[5.040s] Level 1:colcon.colcon_core.package_identification:_identify(Library/Artifacts/6c) by extension 'colcon_meta'
[5.043s] Level 1:colcon.colcon_core.package_identification:_identify(Library/Artifacts/6c) by extensions ['ros']
[5.043s] Level 1:colcon.colcon_core.package_identification:_identify(Library/Artifacts/6c) by extension 'ros'
[5.049s] Level 1:colcon.colcon_core.package_identification:_identify(Library/Artifacts/6c) by extensions ['cmake', 'python']
[5.050s] Level 1:colcon.colcon_core.package_identification:_identify(Library/Artifacts/6c) by extension 'cmake'
[5.051s] Level 1:colcon.colcon_core.package_identification:_identify(Library/Artifacts/6c) by extension 'python'
[5.053s] Level 1:colcon.colcon_core.package_identification:_identify(Library/Artifacts/6c) by extensions ['python_setup_py']
[5.053s] Level 1:colcon.colcon_core.package_identification:_identify(Library/Artifacts/6c) by extension 'python_setup_py'
[5.062s] Level 1:colcon.colcon_core.package_identification:_identify(Library/Artifacts/6d) by extensions ['ignore', 'ignore_ament_install']
[5.063s] Level 1:colcon.colcon_core.package_identification:_identify(Library/Artifacts/6d) by extension 'ignore'
[5.065s] Level 1:colcon.colcon_core.package_identification:_identify(Library/Artifacts/6d) by extension 'ignore_ament_install'
[5.069s] Level 1:colcon.colcon_core.package_identification:_identify(Library/Artifacts/6d) by extensions ['colcon_pkg']
[5.069s] Level 1:colcon.colcon_core.package_identification:_identify(Library/Artifacts/6d) by extension 'colcon_pkg'
[5.072s] Level 1:colcon.colcon_core.package_identification:_identify(Library/Artifacts/6d) by extensions ['colcon_meta']
[5.072s] Level 1:colcon.colcon_core.package_identification:_identify(Library/Artifacts/6d) by extension 'colcon_meta'
[5.076s] Level 1:colcon.colcon_core.package_identification:_identify(Library/Artifacts/6d) by extensions ['ros']
[5.077s] Level 1:colcon.colcon_core.package_identification:_identify(Library/Artifacts/6d) by extension 'ros'
[5.085s] Level 1:colcon.colcon_core.package_identification:_identify(Library/Artifacts/6d) by extensions ['cmake', 'python']
[5.086s] Level 1:colcon.colcon_core.package_identification:_identify(Library/Artifacts/6d) by extension 'cmake'
[5.089s] Level 1:colcon.colcon_core.package_identification:_identify(Library/Artifacts/6d) by extension 'python'
[5.092s] Level 1:colcon.colcon_core.package_identification:_identify(Library/Artifacts/6d) by extensions ['python_setup_py']
[5.093s] Level 1:colcon.colcon_core.package_identification:_identify(Library/Artifacts/6d) by extension 'python_setup_py'
[5.103s] Level 1:colcon.colcon_core.package_identification:_identify(Library/Artifacts/6e) by extensions ['ignore', 'ignore_ament_install']
[5.103s] Level 1:colcon.colcon_core.package_identification:_identify(Library/Artifacts/6e) by extension 'ignore'
[5.106s] Level 1:colcon.colcon_core.package_identification:_identify(Library/Artifacts/6e) by extension 'ignore_ament_install'
[5.110s] Level 1:colcon.colcon_core.package_identification:_identify(Library/Artifacts/6e) by extensions ['colcon_pkg']
[5.111s] Level 1:colcon.colcon_core.package_identification:_identify(Library/Artifacts/6e) by extension 'colcon_pkg'
[5.114s] Level 1:colcon.colcon_core.package_identification:_identify(Library/Artifacts/6e) by extensions ['colcon_meta']
[5.114s] Level 1:colcon.colcon_core.package_identification:_identify(Library/Artifacts/6e) by extension 'colcon_meta'
[5.118s] Level 1:colcon.colcon_core.package_identification:_identify(Library/Artifacts/6e) by extensions ['ros']
[5.119s] Level 1:colcon.colcon_core.package_identification:_identify(Library/Artifacts/6e) by extension 'ros'
[5.129s] Level 1:colcon.colcon_core.package_identification:_identify(Library/Artifacts/6e) by extensions ['cmake', 'python']
[5.130s] Level 1:colcon.colcon_core.package_identification:_identify(Library/Artifacts/6e) by extension 'cmake'
[5.132s] Level 1:colcon.colcon_core.package_identification:_identify(Library/Artifacts/6e) by extension 'python'
[5.136s] Level 1:colcon.colcon_core.package_identification:_identify(Library/Artifacts/6e) by extensions ['python_setup_py']
[5.136s] Level 1:colcon.colcon_core.package_identification:_identify(Library/Artifacts/6e) by extension 'python_setup_py'
[5.144s] Level 1:colcon.colcon_core.package_identification:_identify(Library/Artifacts/6f) by extensions ['ignore', 'ignore_ament_install']
[5.145s] Level 1:colcon.colcon_core.package_identification:_identify(Library/Artifacts/6f) by extension 'ignore'
[5.147s] Level 1:colcon.colcon_core.package_identification:_identify(Library/Artifacts/6f) by extension 'ignore_ament_install'
[5.151s] Level 1:colcon.colcon_core.package_identification:_identify(Library/Artifacts/6f) by extensions ['colcon_pkg']
[5.152s] Level 1:colcon.colcon_core.package_identification:_identify(Library/Artifacts/6f) by extension 'colcon_pkg'
[5.155s] Level 1:colcon.colcon_core.package_identification:_identify(Library/Artifacts/6f) by extensions ['colcon_meta']
[5.155s] Level 1:colcon.colcon_core.package_identification:_identify(Library/Artifacts/6f) by extension 'colcon_meta'
[5.160s] Level 1:colcon.colcon_core.package_identification:_identify(Library/Artifacts/6f) by extensions ['ros']
[5.160s] Level 1:colcon.colcon_core.package_identification:_identify(Library/Artifacts/6f) by extension 'ros'
[5.169s] Level 1:colcon.colcon_core.package_identification:_identify(Library/Artifacts/6f) by extensions ['cmake', 'python']
[5.170s] Level 1:colcon.colcon_core.package_identification:_identify(Library/Artifacts/6f) by extension 'cmake'
[5.172s] Level 1:colcon.colcon_core.package_identification:_identify(Library/Artifacts/6f) by extension 'python'
[5.174s] Level 1:colcon.colcon_core.package_identification:_identify(Library/Artifacts/6f) by extensions ['python_setup_py']
[5.175s] Level 1:colcon.colcon_core.package_identification:_identify(Library/Artifacts/6f) by extension 'python_setup_py'
[5.184s] Level 1:colcon.colcon_core.package_identification:_identify(Library/Artifacts/70) by extensions ['ignore', 'ignore_ament_install']
[5.185s] Level 1:colcon.colcon_core.package_identification:_identify(Library/Artifacts/70) by extension 'ignore'
[5.187s] Level 1:colcon.colcon_core.package_identification:_identify(Library/Artifacts/70) by extension 'ignore_ament_install'
[5.191s] Level 1:colcon.colcon_core.package_identification:_identify(Library/Artifacts/70) by extensions ['colcon_pkg']
[5.191s] Level 1:colcon.colcon_core.package_identification:_identify(Library/Artifacts/70) by extension 'colcon_pkg'
[5.193s] Level 1:colcon.colcon_core.package_identification:_identify(Library/Artifacts/70) by extensions ['colcon_meta']
[5.194s] Level 1:colcon.colcon_core.package_identification:_identify(Library/Artifacts/70) by extension 'colcon_meta'
[5.199s] Level 1:colcon.colcon_core.package_identification:_identify(Library/Artifacts/70) by extensions ['ros']
[5.199s] Level 1:colcon.colcon_core.package_identification:_identify(Library/Artifacts/70) by extension 'ros'
[5.205s] Level 1:colcon.colcon_core.package_identification:_identify(Library/Artifacts/70) by extensions ['cmake', 'python']
[5.206s] Level 1:colcon.colcon_core.package_identification:_identify(Library/Artifacts/70) by extension 'cmake'
[5.208s] Level 1:colcon.colcon_core.package_identification:_identify(Library/Artifacts/70) by extension 'python'
[5.210s] Level 1:colcon.colcon_core.package_identification:_identify(Library/Artifacts/70) by extensions ['python_setup_py']
[5.211s] Level 1:colcon.colcon_core.package_identification:_identify(Library/Artifacts/70) by extension 'python_setup_py'
[5.221s] Level 1:colcon.colcon_core.package_identification:_identify(Library/Artifacts/71) by extensions ['ignore', 'ignore_ament_install']
[5.221s] Level 1:colcon.colcon_core.package_identification:_identify(Library/Artifacts/71) by extension 'ignore'
[5.226s] Level 1:colcon.colcon_core.package_identification:_identify(Library/Artifacts/71) by extension 'ignore_ament_install'
[5.229s] Level 1:colcon.colcon_core.package_identification:_identify(Library/Artifacts/71) by extensions ['colcon_pkg']
[5.230s] Level 1:colcon.colcon_core.package_identification:_identify(Library/Artifacts/71) by extension 'colcon_pkg'
[5.232s] Level 1:colcon.colcon_core.package_identification:_identify(Library/Artifacts/71) by extensions ['colcon_meta']
[5.232s] Level 1:colcon.colcon_core.package_identification:_identify(Library/Artifacts/71) by extension 'colcon_meta'
[5.237s] Level 1:colcon.colcon_core.package_identification:_identify(Library/Artifacts/71) by extensions ['ros']
[5.237s] Level 1:colcon.colcon_core.package_identification:_identify(Library/Artifacts/71) by extension 'ros'
[5.246s] Level 1:colcon.colcon_core.package_identification:_identify(Library/Artifacts/71) by extensions ['cmake', 'python']
[5.247s] Level 1:colcon.colcon_core.package_identification:_identify(Library/Artifacts/71) by extension 'cmake'
[5.250s] Level 1:colcon.colcon_core.package_identification:_identify(Library/Artifacts/71) by extension 'python'
[5.252s] Level 1:colcon.colcon_core.package_identification:_identify(Library/Artifacts/71) by extensions ['python_setup_py']
[5.252s] Level 1:colcon.colcon_core.package_identification:_identify(Library/Artifacts/71) by extension 'python_setup_py'
[5.261s] Level 1:colcon.colcon_core.package_identification:_identify(Library/Artifacts/72) by extensions ['ignore', 'ignore_ament_install']
[5.262s] Level 1:colcon.colcon_core.package_identification:_identify(Library/Artifacts/72) by extension 'ignore'
[5.263s] Level 1:colcon.colcon_core.package_identification:_identify(Library/Artifacts/72) by extension 'ignore_ament_install'
[5.267s] Level 1:colcon.colcon_core.package_identification:_identify(Library/Artifacts/72) by extensions ['colcon_pkg']
[5.268s] Level 1:colcon.colcon_core.package_identification:_identify(Library/Artifacts/72) by extension 'colcon_pkg'
[5.271s] Level 1:colcon.colcon_core.package_identification:_identify(Library/Artifacts/72) by extensions ['colcon_meta']
[5.271s] Level 1:colcon.colcon_core.package_identification:_identify(Library/Artifacts/72) by extension 'colcon_meta'
[5.274s] Level 1:colcon.colcon_core.package_identification:_identify(Library/Artifacts/72) by extensions ['ros']
[5.274s] Level 1:colcon.colcon_core.package_identification:_identify(Library/Artifacts/72) by extension 'ros'
[5.280s] Level 1:colcon.colcon_core.package_identification:_identify(Library/Artifacts/72) by extensions ['cmake', 'python']
[5.280s] Level 1:colcon.colcon_core.package_identification:_identify(Library/Artifacts/72) by extension 'cmake'
[5.281s] Level 1:colcon.colcon_core.package_identification:_identify(Library/Artifacts/72) by extension 'python'
[5.283s] Level 1:colcon.colcon_core.package_identification:_identify(Library/Artifacts/72) by extensions ['python_setup_py']
[5.283s] Level 1:colcon.colcon_core.package_identification:_identify(Library/Artifacts/72) by extension 'python_setup_py'
[5.289s] Level 1:colcon.colcon_core.package_identification:_identify(Library/Artifacts/73) by extensions ['ignore', 'ignore_ament_install']
[5.290s] Level 1:colcon.colcon_core.package_identification:_identify(Library/Artifacts/73) by extension 'ignore'
[5.292s] Level 1:colcon.colcon_core.package_identification:_identify(Library/Artifacts/73) by extension 'ignore_ament_install'
[5.295s] Level 1:colcon.colcon_core.package_identification:_identify(Library/Artifacts/73) by extensions ['colcon_pkg']
[5.296s] Level 1:colcon.colcon_core.package_identification:_identify(Library/Artifacts/73) by extension 'colcon_pkg'
[5.297s] Level 1:colcon.colcon_core.package_identification:_identify(Library/Artifacts/73) by extensions ['colcon_meta']
[5.297s] Level 1:colcon.colcon_core.package_identification:_identify(Library/Artifacts/73) by extension 'colcon_meta'
[5.300s] Level 1:colcon.colcon_core.package_identification:_identify(Library/Artifacts/73) by extensions ['ros']
[5.300s] Level 1:colcon.colcon_core.package_identification:_identify(Library/Artifacts/73) by extension 'ros'
[5.309s] Level 1:colcon.colcon_core.package_identification:_identify(Library/Artifacts/73) by extensions ['cmake', 'python']
[5.310s] Level 1:colcon.colcon_core.package_identification:_identify(Library/Artifacts/73) by extension 'cmake'
[5.312s] Level 1:colcon.colcon_core.package_identification:_identify(Library/Artifacts/73) by extension 'python'
[5.315s] Level 1:colcon.colcon_core.package_identification:_identify(Library/Artifacts/73) by extensions ['python_setup_py']
[5.316s] Level 1:colcon.colcon_core.package_identification:_identify(Library/Artifacts/73) by extension 'python_setup_py'
[5.324s] Level 1:colcon.colcon_core.package_identification:_identify(Library/Artifacts/74) by extensions ['ignore', 'ignore_ament_install']
[5.324s] Level 1:colcon.colcon_core.package_identification:_identify(Library/Artifacts/74) by extension 'ignore'
[5.327s] Level 1:colcon.colcon_core.package_identification:_identify(Library/Artifacts/74) by extension 'ignore_ament_install'
[5.331s] Level 1:colcon.colcon_core.package_identification:_identify(Library/Artifacts/74) by extensions ['colcon_pkg']
[5.331s] Level 1:colcon.colcon_core.package_identification:_identify(Library/Artifacts/74) by extension 'colcon_pkg'
[5.334s] Level 1:colcon.colcon_core.package_identification:_identify(Library/Artifacts/74) by extensions ['colcon_meta']
[5.334s] Level 1:colcon.colcon_core.package_identification:_identify(Library/Artifacts/74) by extension 'colcon_meta'
[5.338s] Level 1:colcon.colcon_core.package_identification:_identify(Library/Artifacts/74) by extensions ['ros']
[5.338s] Level 1:colcon.colcon_core.package_identification:_identify(Library/Artifacts/74) by extension 'ros'
[5.347s] Level 1:colcon.colcon_core.package_identification:_identify(Library/Artifacts/74) by extensions ['cmake', 'python']
[5.348s] Level 1:colcon.colcon_core.package_identification:_identify(Library/Artifacts/74) by extension 'cmake'
[5.350s] Level 1:colcon.colcon_core.package_identification:_identify(Library/Artifacts/74) by extension 'python'
[5.352s] Level 1:colcon.colcon_core.package_identification:_identify(Library/Artifacts/74) by extensions ['python_setup_py']
[5.352s] Level 1:colcon.colcon_core.package_identification:_identify(Library/Artifacts/74) by extension 'python_setup_py'
[5.359s] Level 1:colcon.colcon_core.package_identification:_identify(Library/Artifacts/75) by extensions ['ignore', 'ignore_ament_install']
[5.359s] Level 1:colcon.colcon_core.package_identification:_identify(Library/Artifacts/75) by extension 'ignore'
[5.362s] Level 1:colcon.colcon_core.package_identification:_identify(Library/Artifacts/75) by extension 'ignore_ament_install'
[5.365s] Level 1:colcon.colcon_core.package_identification:_identify(Library/Artifacts/75) by extensions ['colcon_pkg']
[5.366s] Level 1:colcon.colcon_core.package_identification:_identify(Library/Artifacts/75) by extension 'colcon_pkg'
[5.368s] Level 1:colcon.colcon_core.package_identification:_identify(Library/Artifacts/75) by extensions ['colcon_meta']
[5.369s] Level 1:colcon.colcon_core.package_identification:_identify(Library/Artifacts/75) by extension 'colcon_meta'
[5.373s] Level 1:colcon.colcon_core.package_identification:_identify(Library/Artifacts/75) by extensions ['ros']
[5.373s] Level 1:colcon.colcon_core.package_identification:_identify(Library/Artifacts/75) by extension 'ros'
[5.382s] Level 1:colcon.colcon_core.package_identification:_identify(Library/Artifacts/75) by extensions ['cmake', 'python']
[5.383s] Level 1:colcon.colcon_core.package_identification:_identify(Library/Artifacts/75) by extension 'cmake'
[5.385s] Level 1:colcon.colcon_core.package_identification:_identify(Library/Artifacts/75) by extension 'python'
[5.387s] Level 1:colcon.colcon_core.package_identification:_identify(Library/Artifacts/75) by extensions ['python_setup_py']
[5.387s] Level 1:colcon.colcon_core.package_identification:_identify(Library/Artifacts/75) by extension 'python_setup_py'
[5.396s] Level 1:colcon.colcon_core.package_identification:_identify(Library/Artifacts/76) by extensions ['ignore', 'ignore_ament_install']
[5.396s] Level 1:colcon.colcon_core.package_identification:_identify(Library/Artifacts/76) by extension 'ignore'
[5.399s] Level 1:colcon.colcon_core.package_identification:_identify(Library/Artifacts/76) by extension 'ignore_ament_install'
[5.402s] Level 1:colcon.colcon_core.package_identification:_identify(Library/Artifacts/76) by extensions ['colcon_pkg']
[5.403s] Level 1:colcon.colcon_core.package_identification:_identify(Library/Artifacts/76) by extension 'colcon_pkg'
[5.405s] Level 1:colcon.colcon_core.package_identification:_identify(Library/Artifacts/76) by extensions ['colcon_meta']
[5.405s] Level 1:colcon.colcon_core.package_identification:_identify(Library/Artifacts/76) by extension 'colcon_meta'
[5.409s] Level 1:colcon.colcon_core.package_identification:_identify(Library/Artifacts/76) by extensions ['ros']
[5.410s] Level 1:colcon.colcon_core.package_identification:_identify(Library/Artifacts/76) by extension 'ros'
[5.419s] Level 1:colcon.colcon_core.package_identification:_identify(Library/Artifacts/76) by extensions ['cmake', 'python']
[5.419s] Level 1:colcon.colcon_core.package_identification:_identify(Library/Artifacts/76) by extension 'cmake'
[5.422s] Level 1:colcon.colcon_core.package_identification:_identify(Library/Artifacts/76) by extension 'python'
[5.424s] Level 1:colcon.colcon_core.package_identification:_identify(Library/Artifacts/76) by extensions ['python_setup_py']
[5.424s] Level 1:colcon.colcon_core.package_identification:_identify(Library/Artifacts/76) by extension 'python_setup_py'
[5.432s] Level 1:colcon.colcon_core.package_identification:_identify(Library/Artifacts/77) by extensions ['ignore', 'ignore_ament_install']
[5.432s] Level 1:colcon.colcon_core.package_identification:_identify(Library/Artifacts/77) by extension 'ignore'
[5.434s] Level 1:colcon.colcon_core.package_identification:_identify(Library/Artifacts/77) by extension 'ignore_ament_install'
[5.436s] Level 1:colcon.colcon_core.package_identification:_identify(Library/Artifacts/77) by extensions ['colcon_pkg']
[5.437s] Level 1:colcon.colcon_core.package_identification:_identify(Library/Artifacts/77) by extension 'colcon_pkg'
[5.438s] Level 1:colcon.colcon_core.package_identification:_identify(Library/Artifacts/77) by extensions ['colcon_meta']
[5.438s] Level 1:colcon.colcon_core.package_identification:_identify(Library/Artifacts/77) by extension 'colcon_meta'
[5.441s] Level 1:colcon.colcon_core.package_identification:_identify(Library/Artifacts/77) by extensions ['ros']
[5.441s] Level 1:colcon.colcon_core.package_identification:_identify(Library/Artifacts/77) by extension 'ros'
[5.447s] Level 1:colcon.colcon_core.package_identification:_identify(Library/Artifacts/77) by extensions ['cmake', 'python']
[5.448s] Level 1:colcon.colcon_core.package_identification:_identify(Library/Artifacts/77) by extension 'cmake'
[5.449s] Level 1:colcon.colcon_core.package_identification:_identify(Library/Artifacts/77) by extension 'python'
[5.451s] Level 1:colcon.colcon_core.package_identification:_identify(Library/Artifacts/77) by extensions ['python_setup_py']
[5.451s] Level 1:colcon.colcon_core.package_identification:_identify(Library/Artifacts/77) by extension 'python_setup_py'
[5.457s] Level 1:colcon.colcon_core.package_identification:_identify(Library/Artifacts/78) by extensions ['ignore', 'ignore_ament_install']
[5.457s] Level 1:colcon.colcon_core.package_identification:_identify(Library/Artifacts/78) by extension 'ignore'
[5.459s] Level 1:colcon.colcon_core.package_identification:_identify(Library/Artifacts/78) by extension 'ignore_ament_install'
[5.461s] Level 1:colcon.colcon_core.package_identification:_identify(Library/Artifacts/78) by extensions ['colcon_pkg']
[5.462s] Level 1:colcon.colcon_core.package_identification:_identify(Library/Artifacts/78) by extension 'colcon_pkg'
[5.463s] Level 1:colcon.colcon_core.package_identification:_identify(Library/Artifacts/78) by extensions ['colcon_meta']
[5.464s] Level 1:colcon.colcon_core.package_identification:_identify(Library/Artifacts/78) by extension 'colcon_meta'
[5.466s] Level 1:colcon.colcon_core.package_identification:_identify(Library/Artifacts/78) by extensions ['ros']
[5.466s] Level 1:colcon.colcon_core.package_identification:_identify(Library/Artifacts/78) by extension 'ros'
[5.472s] Level 1:colcon.colcon_core.package_identification:_identify(Library/Artifacts/78) by extensions ['cmake', 'python']
[5.473s] Level 1:colcon.colcon_core.package_identification:_identify(Library/Artifacts/78) by extension 'cmake'
[5.474s] Level 1:colcon.colcon_core.package_identification:_identify(Library/Artifacts/78) by extension 'python'
[5.476s] Level 1:colcon.colcon_core.package_identification:_identify(Library/Artifacts/78) by extensions ['python_setup_py']
[5.476s] Level 1:colcon.colcon_core.package_identification:_identify(Library/Artifacts/78) by extension 'python_setup_py'
[5.481s] Level 1:colcon.colcon_core.package_identification:_identify(Library/Artifacts/79) by extensions ['ignore', 'ignore_ament_install']
[5.482s] Level 1:colcon.colcon_core.package_identification:_identify(Library/Artifacts/79) by extension 'ignore'
[5.484s] Level 1:colcon.colcon_core.package_identification:_identify(Library/Artifacts/79) by extension 'ignore_ament_install'
[5.488s] Level 1:colcon.colcon_core.package_identification:_identify(Library/Artifacts/79) by extensions ['colcon_pkg']
[5.489s] Level 1:colcon.colcon_core.package_identification:_identify(Library/Artifacts/79) by extension 'colcon_pkg'
[5.491s] Level 1:colcon.colcon_core.package_identification:_identify(Library/Artifacts/79) by extensions ['colcon_meta']
[5.492s] Level 1:colcon.colcon_core.package_identification:_identify(Library/Artifacts/79) by extension 'colcon_meta'
[5.497s] Level 1:colcon.colcon_core.package_identification:_identify(Library/Artifacts/79) by extensions ['ros']
[5.497s] Level 1:colcon.colcon_core.package_identification:_identify(Library/Artifacts/79) by extension 'ros'
[5.507s] Level 1:colcon.colcon_core.package_identification:_identify(Library/Artifacts/79) by extensions ['cmake', 'python']
[5.507s] Level 1:colcon.colcon_core.package_identification:_identify(Library/Artifacts/79) by extension 'cmake'
[5.509s] Level 1:colcon.colcon_core.package_identification:_identify(Library/Artifacts/79) by extension 'python'
[5.511s] Level 1:colcon.colcon_core.package_identification:_identify(Library/Artifacts/79) by extensions ['python_setup_py']
[5.512s] Level 1:colcon.colcon_core.package_identification:_identify(Library/Artifacts/79) by extension 'python_setup_py'
[5.520s] Level 1:colcon.colcon_core.package_identification:_identify(Library/Artifacts/7a) by extensions ['ignore', 'ignore_ament_install']
[5.521s] Level 1:colcon.colcon_core.package_identification:_identify(Library/Artifacts/7a) by extension 'ignore'
[5.523s] Level 1:colcon.colcon_core.package_identification:_identify(Library/Artifacts/7a) by extension 'ignore_ament_install'
[5.525s] Level 1:colcon.colcon_core.package_identification:_identify(Library/Artifacts/7a) by extensions ['colcon_pkg']
[5.525s] Level 1:colcon.colcon_core.package_identification:_identify(Library/Artifacts/7a) by extension 'colcon_pkg'
[5.528s] Level 1:colcon.colcon_core.package_identification:_identify(Library/Artifacts/7a) by extensions ['colcon_meta']
[5.528s] Level 1:colcon.colcon_core.package_identification:_identify(Library/Artifacts/7a) by extension 'colcon_meta'
[5.532s] Level 1:colcon.colcon_core.package_identification:_identify(Library/Artifacts/7a) by extensions ['ros']
[5.533s] Level 1:colcon.colcon_core.package_identification:_identify(Library/Artifacts/7a) by extension 'ros'
[5.541s] Level 1:colcon.colcon_core.package_identification:_identify(Library/Artifacts/7a) by extensions ['cmake', 'python']
[5.542s] Level 1:colcon.colcon_core.package_identification:_identify(Library/Artifacts/7a) by extension 'cmake'
[5.544s] Level 1:colcon.colcon_core.package_identification:_identify(Library/Artifacts/7a) by extension 'python'
[5.546s] Level 1:colcon.colcon_core.package_identification:_identify(Library/Artifacts/7a) by extensions ['python_setup_py']
[5.547s] Level 1:colcon.colcon_core.package_identification:_identify(Library/Artifacts/7a) by extension 'python_setup_py'
[5.555s] Level 1:colcon.colcon_core.package_identification:_identify(Library/Artifacts/7b) by extensions ['ignore', 'ignore_ament_install']
[5.556s] Level 1:colcon.colcon_core.package_identification:_identify(Library/Artifacts/7b) by extension 'ignore'
[5.558s] Level 1:colcon.colcon_core.package_identification:_identify(Library/Artifacts/7b) by extension 'ignore_ament_install'
[5.561s] Level 1:colcon.colcon_core.package_identification:_identify(Library/Artifacts/7b) by extensions ['colcon_pkg']
[5.562s] Level 1:colcon.colcon_core.package_identification:_identify(Library/Artifacts/7b) by extension 'colcon_pkg'
[5.564s] Level 1:colcon.colcon_core.package_identification:_identify(Library/Artifacts/7b) by extensions ['colcon_meta']
[5.565s] Level 1:colcon.colcon_core.package_identification:_identify(Library/Artifacts/7b) by extension 'colcon_meta'
[5.569s] Level 1:colcon.colcon_core.package_identification:_identify(Library/Artifacts/7b) by extensions ['ros']
[5.569s] Level 1:colcon.colcon_core.package_identification:_identify(Library/Artifacts/7b) by extension 'ros'
[5.575s] Level 1:colcon.colcon_core.package_identification:_identify(Library/Artifacts/7b) by extensions ['cmake', 'python']
[5.575s] Level 1:colcon.colcon_core.package_identification:_identify(Library/Artifacts/7b) by extension 'cmake'
[5.577s] Level 1:colcon.colcon_core.package_identification:_identify(Library/Artifacts/7b) by extension 'python'
[5.578s] Level 1:colcon.colcon_core.package_identification:_identify(Library/Artifacts/7b) by extensions ['python_setup_py']
[5.578s] Level 1:colcon.colcon_core.package_identification:_identify(Library/Artifacts/7b) by extension 'python_setup_py'
[5.584s] Level 1:colcon.colcon_core.package_identification:_identify(Library/Artifacts/7c) by extensions ['ignore', 'ignore_ament_install']
[5.584s] Level 1:colcon.colcon_core.package_identification:_identify(Library/Artifacts/7c) by extension 'ignore'
[5.586s] Level 1:colcon.colcon_core.package_identification:_identify(Library/Artifacts/7c) by extension 'ignore_ament_install'
[5.588s] Level 1:colcon.colcon_core.package_identification:_identify(Library/Artifacts/7c) by extensions ['colcon_pkg']
[5.588s] Level 1:colcon.colcon_core.package_identification:_identify(Library/Artifacts/7c) by extension 'colcon_pkg'
[5.590s] Level 1:colcon.colcon_core.package_identification:_identify(Library/Artifacts/7c) by extensions ['colcon_meta']
[5.590s] Level 1:colcon.colcon_core.package_identification:_identify(Library/Artifacts/7c) by extension 'colcon_meta'
[5.593s] Level 1:colcon.colcon_core.package_identification:_identify(Library/Artifacts/7c) by extensions ['ros']
[5.594s] Level 1:colcon.colcon_core.package_identification:_identify(Library/Artifacts/7c) by extension 'ros'
[5.599s] Level 1:colcon.colcon_core.package_identification:_identify(Library/Artifacts/7c) by extensions ['cmake', 'python']
[5.600s] Level 1:colcon.colcon_core.package_identification:_identify(Library/Artifacts/7c) by extension 'cmake'
[5.601s] Level 1:colcon.colcon_core.package_identification:_identify(Library/Artifacts/7c) by extension 'python'
[5.602s] Level 1:colcon.colcon_core.package_identification:_identify(Library/Artifacts/7c) by extensions ['python_setup_py']
[5.603s] Level 1:colcon.colcon_core.package_identification:_identify(Library/Artifacts/7c) by extension 'python_setup_py'
[5.608s] Level 1:colcon.colcon_core.package_identification:_identify(Library/Artifacts/7d) by extensions ['ignore', 'ignore_ament_install']
[5.608s] Level 1:colcon.colcon_core.package_identification:_identify(Library/Artifacts/7d) by extension 'ignore'
[5.610s] Level 1:colcon.colcon_core.package_identification:_identify(Library/Artifacts/7d) by extension 'ignore_ament_install'
[5.612s] Level 1:colcon.colcon_core.package_identification:_identify(Library/Artifacts/7d) by extensions ['colcon_pkg']
[5.613s] Level 1:colcon.colcon_core.package_identification:_identify(Library/Artifacts/7d) by extension 'colcon_pkg'
[5.614s] Level 1:colcon.colcon_core.package_identification:_identify(Library/Artifacts/7d) by extensions ['colcon_meta']
[5.615s] Level 1:colcon.colcon_core.package_identification:_identify(Library/Artifacts/7d) by extension 'colcon_meta'
[5.617s] Level 1:colcon.colcon_core.package_identification:_identify(Library/Artifacts/7d) by extensions ['ros']
[5.617s] Level 1:colcon.colcon_core.package_identification:_identify(Library/Artifacts/7d) by extension 'ros'
[5.627s] Level 1:colcon.colcon_core.package_identification:_identify(Library/Artifacts/7d) by extensions ['cmake', 'python']
[5.628s] Level 1:colcon.colcon_core.package_identification:_identify(Library/Artifacts/7d) by extension 'cmake'
[5.630s] Level 1:colcon.colcon_core.package_identification:_identify(Library/Artifacts/7d) by extension 'python'
[5.631s] Level 1:colcon.colcon_core.package_identification:_identify(Library/Artifacts/7d) by extensions ['python_setup_py']
[5.632s] Level 1:colcon.colcon_core.package_identification:_identify(Library/Artifacts/7d) by extension 'python_setup_py'
[5.640s] Level 1:colcon.colcon_core.package_identification:_identify(Library/Artifacts/7e) by extensions ['ignore', 'ignore_ament_install']
[5.640s] Level 1:colcon.colcon_core.package_identification:_identify(Library/Artifacts/7e) by extension 'ignore'
[5.642s] Level 1:colcon.colcon_core.package_identification:_identify(Library/Artifacts/7e) by extension 'ignore_ament_install'
[5.646s] Level 1:colcon.colcon_core.package_identification:_identify(Library/Artifacts/7e) by extensions ['colcon_pkg']
[5.646s] Level 1:colcon.colcon_core.package_identification:_identify(Library/Artifacts/7e) by extension 'colcon_pkg'
[5.648s] Level 1:colcon.colcon_core.package_identification:_identify(Library/Artifacts/7e) by extensions ['colcon_meta']
[5.649s] Level 1:colcon.colcon_core.package_identification:_identify(Library/Artifacts/7e) by extension 'colcon_meta'
[5.653s] Level 1:colcon.colcon_core.package_identification:_identify(Library/Artifacts/7e) by extensions ['ros']
[5.653s] Level 1:colcon.colcon_core.package_identification:_identify(Library/Artifacts/7e) by extension 'ros'
[5.661s] Level 1:colcon.colcon_core.package_identification:_identify(Library/Artifacts/7e) by extensions ['cmake', 'python']
[5.662s] Level 1:colcon.colcon_core.package_identification:_identify(Library/Artifacts/7e) by extension 'cmake'
[5.664s] Level 1:colcon.colcon_core.package_identification:_identify(Library/Artifacts/7e) by extension 'python'
[5.666s] Level 1:colcon.colcon_core.package_identification:_identify(Library/Artifacts/7e) by extensions ['python_setup_py']
[5.666s] Level 1:colcon.colcon_core.package_identification:_identify(Library/Artifacts/7e) by extension 'python_setup_py'
[5.675s] Level 1:colcon.colcon_core.package_identification:_identify(Library/Artifacts/7f) by extensions ['ignore', 'ignore_ament_install']
[5.676s] Level 1:colcon.colcon_core.package_identification:_identify(Library/Artifacts/7f) by extension 'ignore'
[5.678s] Level 1:colcon.colcon_core.package_identification:_identify(Library/Artifacts/7f) by extension 'ignore_ament_install'
[5.681s] Level 1:colcon.colcon_core.package_identification:_identify(Library/Artifacts/7f) by extensions ['colcon_pkg']
[5.681s] Level 1:colcon.colcon_core.package_identification:_identify(Library/Artifacts/7f) by extension 'colcon_pkg'
[5.684s] Level 1:colcon.colcon_core.package_identification:_identify(Library/Artifacts/7f) by extensions ['colcon_meta']
[5.684s] Level 1:colcon.colcon_core.package_identification:_identify(Library/Artifacts/7f) by extension 'colcon_meta'
[5.688s] Level 1:colcon.colcon_core.package_identification:_identify(Library/Artifacts/7f) by extensions ['ros']
[5.689s] Level 1:colcon.colcon_core.package_identification:_identify(Library/Artifacts/7f) by extension 'ros'
[5.697s] Level 1:colcon.colcon_core.package_identification:_identify(Library/Artifacts/7f) by extensions ['cmake', 'python']
[5.697s] Level 1:colcon.colcon_core.package_identification:_identify(Library/Artifacts/7f) by extension 'cmake'
[5.700s] Level 1:colcon.colcon_core.package_identification:_identify(Library/Artifacts/7f) by extension 'python'
[5.702s] Level 1:colcon.colcon_core.package_identification:_identify(Library/Artifacts/7f) by extensions ['python_setup_py']
[5.702s] Level 1:colcon.colcon_core.package_identification:_identify(Library/Artifacts/7f) by extension 'python_setup_py'
[5.711s] Level 1:colcon.colcon_core.package_identification:_identify(Library/Artifacts/80) by extensions ['ignore', 'ignore_ament_install']
[5.713s] Level 1:colcon.colcon_core.package_identification:_identify(Library/Artifacts/80) by extension 'ignore'
[5.715s] Level 1:colcon.colcon_core.package_identification:_identify(Library/Artifacts/80) by extension 'ignore_ament_install'
[5.719s] Level 1:colcon.colcon_core.package_identification:_identify(Library/Artifacts/80) by extensions ['colcon_pkg']
[5.720s] Level 1:colcon.colcon_core.package_identification:_identify(Library/Artifacts/80) by extension 'colcon_pkg'
[5.722s] Level 1:colcon.colcon_core.package_identification:_identify(Library/Artifacts/80) by extensions ['colcon_meta']
[5.723s] Level 1:colcon.colcon_core.package_identification:_identify(Library/Artifacts/80) by extension 'colcon_meta'
[5.726s] Level 1:colcon.colcon_core.package_identification:_identify(Library/Artifacts/80) by extensions ['ros']
[5.726s] Level 1:colcon.colcon_core.package_identification:_identify(Library/Artifacts/80) by extension 'ros'
[5.735s] Level 1:colcon.colcon_core.package_identification:_identify(Library/Artifacts/80) by extensions ['cmake', 'python']
[5.735s] Level 1:colcon.colcon_core.package_identification:_identify(Library/Artifacts/80) by extension 'cmake'
[5.737s] Level 1:colcon.colcon_core.package_identification:_identify(Library/Artifacts/80) by extension 'python'
[5.739s] Level 1:colcon.colcon_core.package_identification:_identify(Library/Artifacts/80) by extensions ['python_setup_py']
[5.739s] Level 1:colcon.colcon_core.package_identification:_identify(Library/Artifacts/80) by extension 'python_setup_py'
[5.748s] Level 1:colcon.colcon_core.package_identification:_identify(Library/Artifacts/81) by extensions ['ignore', 'ignore_ament_install']
[5.748s] Level 1:colcon.colcon_core.package_identification:_identify(Library/Artifacts/81) by extension 'ignore'
[5.750s] Level 1:colcon.colcon_core.package_identification:_identify(Library/Artifacts/81) by extension 'ignore_ament_install'
[5.753s] Level 1:colcon.colcon_core.package_identification:_identify(Library/Artifacts/81) by extensions ['colcon_pkg']
[5.754s] Level 1:colcon.colcon_core.package_identification:_identify(Library/Artifacts/81) by extension 'colcon_pkg'
[5.755s] Level 1:colcon.colcon_core.package_identification:_identify(Library/Artifacts/81) by extensions ['colcon_meta']
[5.755s] Level 1:colcon.colcon_core.package_identification:_identify(Library/Artifacts/81) by extension 'colcon_meta'
[5.758s] Level 1:colcon.colcon_core.package_identification:_identify(Library/Artifacts/81) by extensions ['ros']
[5.758s] Level 1:colcon.colcon_core.package_identification:_identify(Library/Artifacts/81) by extension 'ros'
[5.764s] Level 1:colcon.colcon_core.package_identification:_identify(Library/Artifacts/81) by extensions ['cmake', 'python']
[5.764s] Level 1:colcon.colcon_core.package_identification:_identify(Library/Artifacts/81) by extension 'cmake'
[5.766s] Level 1:colcon.colcon_core.package_identification:_identify(Library/Artifacts/81) by extension 'python'
[5.767s] Level 1:colcon.colcon_core.package_identification:_identify(Library/Artifacts/81) by extensions ['python_setup_py']
[5.767s] Level 1:colcon.colcon_core.package_identification:_identify(Library/Artifacts/81) by extension 'python_setup_py'
[5.773s] Level 1:colcon.colcon_core.package_identification:_identify(Library/Artifacts/82) by extensions ['ignore', 'ignore_ament_install']
[5.773s] Level 1:colcon.colcon_core.package_identification:_identify(Library/Artifacts/82) by extension 'ignore'
[5.775s] Level 1:colcon.colcon_core.package_identification:_identify(Library/Artifacts/82) by extension 'ignore_ament_install'
[5.778s] Level 1:colcon.colcon_core.package_identification:_identify(Library/Artifacts/82) by extensions ['colcon_pkg']
[5.778s] Level 1:colcon.colcon_core.package_identification:_identify(Library/Artifacts/82) by extension 'colcon_pkg'
[5.780s] Level 1:colcon.colcon_core.package_identification:_identify(Library/Artifacts/82) by extensions ['colcon_meta']
[5.780s] Level 1:colcon.colcon_core.package_identification:_identify(Library/Artifacts/82) by extension 'colcon_meta'
[5.782s] Level 1:colcon.colcon_core.package_identification:_identify(Library/Artifacts/82) by extensions ['ros']
[5.783s] Level 1:colcon.colcon_core.package_identification:_identify(Library/Artifacts/82) by extension 'ros'
[5.788s] Level 1:colcon.colcon_core.package_identification:_identify(Library/Artifacts/82) by extensions ['cmake', 'python']
[5.789s] Level 1:colcon.colcon_core.package_identification:_identify(Library/Artifacts/82) by extension 'cmake'
[5.791s] Level 1:colcon.colcon_core.package_identification:_identify(Library/Artifacts/82) by extension 'python'
[5.792s] Level 1:colcon.colcon_core.package_identification:_identify(Library/Artifacts/82) by extensions ['python_setup_py']
[5.792s] Level 1:colcon.colcon_core.package_identification:_identify(Library/Artifacts/82) by extension 'python_setup_py'
[5.798s] Level 1:colcon.colcon_core.package_identification:_identify(Library/Artifacts/83) by extensions ['ignore', 'ignore_ament_install']
[5.799s] Level 1:colcon.colcon_core.package_identification:_identify(Library/Artifacts/83) by extension 'ignore'
[5.801s] Level 1:colcon.colcon_core.package_identification:_identify(Library/Artifacts/83) by extension 'ignore_ament_install'
[5.803s] Level 1:colcon.colcon_core.package_identification:_identify(Library/Artifacts/83) by extensions ['colcon_pkg']
[5.803s] Level 1:colcon.colcon_core.package_identification:_identify(Library/Artifacts/83) by extension 'colcon_pkg'
[5.805s] Level 1:colcon.colcon_core.package_identification:_identify(Library/Artifacts/83) by extensions ['colcon_meta']
[5.805s] Level 1:colcon.colcon_core.package_identification:_identify(Library/Artifacts/83) by extension 'colcon_meta'
[5.808s] Level 1:colcon.colcon_core.package_identification:_identify(Library/Artifacts/83) by extensions ['ros']
[5.809s] Level 1:colcon.colcon_core.package_identification:_identify(Library/Artifacts/83) by extension 'ros'
[5.817s] Level 1:colcon.colcon_core.package_identification:_identify(Library/Artifacts/83) by extensions ['cmake', 'python']
[5.817s] Level 1:colcon.colcon_core.package_identification:_identify(Library/Artifacts/83) by extension 'cmake'
[5.819s] Level 1:colcon.colcon_core.package_identification:_identify(Library/Artifacts/83) by extension 'python'
[5.822s] Level 1:colcon.colcon_core.package_identification:_identify(Library/Artifacts/83) by extensions ['python_setup_py']
[5.822s] Level 1:colcon.colcon_core.package_identification:_identify(Library/Artifacts/83) by extension 'python_setup_py'
[5.830s] Level 1:colcon.colcon_core.package_identification:_identify(Library/Artifacts/84) by extensions ['ignore', 'ignore_ament_install']
[5.831s] Level 1:colcon.colcon_core.package_identification:_identify(Library/Artifacts/84) by extension 'ignore'
[5.834s] Level 1:colcon.colcon_core.package_identification:_identify(Library/Artifacts/84) by extension 'ignore_ament_install'
[5.837s] Level 1:colcon.colcon_core.package_identification:_identify(Library/Artifacts/84) by extensions ['colcon_pkg']
[5.838s] Level 1:colcon.colcon_core.package_identification:_identify(Library/Artifacts/84) by extension 'colcon_pkg'
[5.840s] Level 1:colcon.colcon_core.package_identification:_identify(Library/Artifacts/84) by extensions ['colcon_meta']
[5.840s] Level 1:colcon.colcon_core.package_identification:_identify(Library/Artifacts/84) by extension 'colcon_meta'
[5.844s] Level 1:colcon.colcon_core.package_identification:_identify(Library/Artifacts/84) by extensions ['ros']
[5.845s] Level 1:colcon.colcon_core.package_identification:_identify(Library/Artifacts/84) by extension 'ros'
[5.854s] Level 1:colcon.colcon_core.package_identification:_identify(Library/Artifacts/84) by extensions ['cmake', 'python']
[5.854s] Level 1:colcon.colcon_core.package_identification:_identify(Library/Artifacts/84) by extension 'cmake'
[5.857s] Level 1:colcon.colcon_core.package_identification:_identify(Library/Artifacts/84) by extension 'python'
[5.859s] Level 1:colcon.colcon_core.package_identification:_identify(Library/Artifacts/84) by extensions ['python_setup_py']
[5.859s] Level 1:colcon.colcon_core.package_identification:_identify(Library/Artifacts/84) by extension 'python_setup_py'
[5.868s] Level 1:colcon.colcon_core.package_identification:_identify(Library/Artifacts/85) by extensions ['ignore', 'ignore_ament_install']
[5.869s] Level 1:colcon.colcon_core.package_identification:_identify(Library/Artifacts/85) by extension 'ignore'
[5.871s] Level 1:colcon.colcon_core.package_identification:_identify(Library/Artifacts/85) by extension 'ignore_ament_install'
[5.874s] Level 1:colcon.colcon_core.package_identification:_identify(Library/Artifacts/85) by extensions ['colcon_pkg']
[5.875s] Level 1:colcon.colcon_core.package_identification:_identify(Library/Artifacts/85) by extension 'colcon_pkg'
[5.877s] Level 1:colcon.colcon_core.package_identification:_identify(Library/Artifacts/85) by extensions ['colcon_meta']
[5.878s] Level 1:colcon.colcon_core.package_identification:_identify(Library/Artifacts/85) by extension 'colcon_meta'
[5.883s] Level 1:colcon.colcon_core.package_identification:_identify(Library/Artifacts/85) by extensions ['ros']
[5.883s] Level 1:colcon.colcon_core.package_identification:_identify(Library/Artifacts/85) by extension 'ros'
[5.891s] Level 1:colcon.colcon_core.package_identification:_identify(Library/Artifacts/85) by extensions ['cmake', 'python']
[5.892s] Level 1:colcon.colcon_core.package_identification:_identify(Library/Artifacts/85) by extension 'cmake'
[5.894s] Level 1:colcon.colcon_core.package_identification:_identify(Library/Artifacts/85) by extension 'python'
[5.897s] Level 1:colcon.colcon_core.package_identification:_identify(Library/Artifacts/85) by extensions ['python_setup_py']
[5.897s] Level 1:colcon.colcon_core.package_identification:_identify(Library/Artifacts/85) by extension 'python_setup_py'
[5.905s] Level 1:colcon.colcon_core.package_identification:_identify(Library/Artifacts/86) by extensions ['ignore', 'ignore_ament_install']
[5.906s] Level 1:colcon.colcon_core.package_identification:_identify(Library/Artifacts/86) by extension 'ignore'
[5.908s] Level 1:colcon.colcon_core.package_identification:_identify(Library/Artifacts/86) by extension 'ignore_ament_install'
[5.912s] Level 1:colcon.colcon_core.package_identification:_identify(Library/Artifacts/86) by extensions ['colcon_pkg']
[5.913s] Level 1:colcon.colcon_core.package_identification:_identify(Library/Artifacts/86) by extension 'colcon_pkg'
[5.915s] Level 1:colcon.colcon_core.package_identification:_identify(Library/Artifacts/86) by extensions ['colcon_meta']
[5.915s] Level 1:colcon.colcon_core.package_identification:_identify(Library/Artifacts/86) by extension 'colcon_meta'
[5.918s] Level 1:colcon.colcon_core.package_identification:_identify(Library/Artifacts/86) by extensions ['ros']
[5.919s] Level 1:colcon.colcon_core.package_identification:_identify(Library/Artifacts/86) by extension 'ros'
[5.924s] Level 1:colcon.colcon_core.package_identification:_identify(Library/Artifacts/86) by extensions ['cmake', 'python']
[5.924s] Level 1:colcon.colcon_core.package_identification:_identify(Library/Artifacts/86) by extension 'cmake'
[5.926s] Level 1:colcon.colcon_core.package_identification:_identify(Library/Artifacts/86) by extension 'python'
[5.928s] Level 1:colcon.colcon_core.package_identification:_identify(Library/Artifacts/86) by extensions ['python_setup_py']
[5.928s] Level 1:colcon.colcon_core.package_identification:_identify(Library/Artifacts/86) by extension 'python_setup_py'
[5.934s] Level 1:colcon.colcon_core.package_identification:_identify(Library/Artifacts/87) by extensions ['ignore', 'ignore_ament_install']
[5.934s] Level 1:colcon.colcon_core.package_identification:_identify(Library/Artifacts/87) by extension 'ignore'
[5.936s] Level 1:colcon.colcon_core.package_identification:_identify(Library/Artifacts/87) by extension 'ignore_ament_install'
[5.938s] Level 1:colcon.colcon_core.package_identification:_identify(Library/Artifacts/87) by extensions ['colcon_pkg']
[5.939s] Level 1:colcon.colcon_core.package_identification:_identify(Library/Artifacts/87) by extension 'colcon_pkg'
[5.940s] Level 1:colcon.colcon_core.package_identification:_identify(Library/Artifacts/87) by extensions ['colcon_meta']
[5.941s] Level 1:colcon.colcon_core.package_identification:_identify(Library/Artifacts/87) by extension 'colcon_meta'
[5.944s] Level 1:colcon.colcon_core.package_identification:_identify(Library/Artifacts/87) by extensions ['ros']
[5.944s] Level 1:colcon.colcon_core.package_identification:_identify(Library/Artifacts/87) by extension 'ros'
[5.950s] Level 1:colcon.colcon_core.package_identification:_identify(Library/Artifacts/87) by extensions ['cmake', 'python']
[5.950s] Level 1:colcon.colcon_core.package_identification:_identify(Library/Artifacts/87) by extension 'cmake'
[5.952s] Level 1:colcon.colcon_core.package_identification:_identify(Library/Artifacts/87) by extension 'python'
[5.953s] Level 1:colcon.colcon_core.package_identification:_identify(Library/Artifacts/87) by extensions ['python_setup_py']
[5.953s] Level 1:colcon.colcon_core.package_identification:_identify(Library/Artifacts/87) by extension 'python_setup_py'
[5.959s] Level 1:colcon.colcon_core.package_identification:_identify(Library/Artifacts/88) by extensions ['ignore', 'ignore_ament_install']
[5.959s] Level 1:colcon.colcon_core.package_identification:_identify(Library/Artifacts/88) by extension 'ignore'
[5.961s] Level 1:colcon.colcon_core.package_identification:_identify(Library/Artifacts/88) by extension 'ignore_ament_install'
[5.964s] Level 1:colcon.colcon_core.package_identification:_identify(Library/Artifacts/88) by extensions ['colcon_pkg']
[5.964s] Level 1:colcon.colcon_core.package_identification:_identify(Library/Artifacts/88) by extension 'colcon_pkg'
[5.966s] Level 1:colcon.colcon_core.package_identification:_identify(Library/Artifacts/88) by extensions ['colcon_meta']
[5.966s] Level 1:colcon.colcon_core.package_identification:_identify(Library/Artifacts/88) by extension 'colcon_meta'
[5.968s] Level 1:colcon.colcon_core.package_identification:_identify(Library/Artifacts/88) by extensions ['ros']
[5.969s] Level 1:colcon.colcon_core.package_identification:_identify(Library/Artifacts/88) by extension 'ros'
[5.974s] Level 1:colcon.colcon_core.package_identification:_identify(Library/Artifacts/88) by extensions ['cmake', 'python']
[5.974s] Level 1:colcon.colcon_core.package_identification:_identify(Library/Artifacts/88) by extension 'cmake'
[5.976s] Level 1:colcon.colcon_core.package_identification:_identify(Library/Artifacts/88) by extension 'python'
[5.977s] Level 1:colcon.colcon_core.package_identification:_identify(Library/Artifacts/88) by extensions ['python_setup_py']
[5.977s] Level 1:colcon.colcon_core.package_identification:_identify(Library/Artifacts/88) by extension 'python_setup_py'
[5.982s] Level 1:colcon.colcon_core.package_identification:_identify(Library/Artifacts/89) by extensions ['ignore', 'ignore_ament_install']
[5.983s] Level 1:colcon.colcon_core.package_identification:_identify(Library/Artifacts/89) by extension 'ignore'
[5.985s] Level 1:colcon.colcon_core.package_identification:_identify(Library/Artifacts/89) by extension 'ignore_ament_install'
[5.987s] Level 1:colcon.colcon_core.package_identification:_identify(Library/Artifacts/89) by extensions ['colcon_pkg']
[5.988s] Level 1:colcon.colcon_core.package_identification:_identify(Library/Artifacts/89) by extension 'colcon_pkg'
[5.989s] Level 1:colcon.colcon_core.package_identification:_identify(Library/Artifacts/89) by extensions ['colcon_meta']
[5.989s] Level 1:colcon.colcon_core.package_identification:_identify(Library/Artifacts/89) by extension 'colcon_meta'
[5.992s] Level 1:colcon.colcon_core.package_identification:_identify(Library/Artifacts/89) by extensions ['ros']
[5.993s] Level 1:colcon.colcon_core.package_identification:_identify(Library/Artifacts/89) by extension 'ros'
[5.999s] Level 1:colcon.colcon_core.package_identification:_identify(Library/Artifacts/89) by extensions ['cmake', 'python']
[6.000s] Level 1:colcon.colcon_core.package_identification:_identify(Library/Artifacts/89) by extension 'cmake'
[6.001s] Level 1:colcon.colcon_core.package_identification:_identify(Library/Artifacts/89) by extension 'python'
[6.002s] Level 1:colcon.colcon_core.package_identification:_identify(Library/Artifacts/89) by extensions ['python_setup_py']
[6.003s] Level 1:colcon.colcon_core.package_identification:_identify(Library/Artifacts/89) by extension 'python_setup_py'
[6.008s] Level 1:colcon.colcon_core.package_identification:_identify(Library/Artifacts/8a) by extensions ['ignore', 'ignore_ament_install']
[6.009s] Level 1:colcon.colcon_core.package_identification:_identify(Library/Artifacts/8a) by extension 'ignore'
[6.010s] Level 1:colcon.colcon_core.package_identification:_identify(Library/Artifacts/8a) by extension 'ignore_ament_install'
[6.013s] Level 1:colcon.colcon_core.package_identification:_identify(Library/Artifacts/8a) by extensions ['colcon_pkg']
[6.013s] Level 1:colcon.colcon_core.package_identification:_identify(Library/Artifacts/8a) by extension 'colcon_pkg'
[6.015s] Level 1:colcon.colcon_core.package_identification:_identify(Library/Artifacts/8a) by extensions ['colcon_meta']
[6.016s] Level 1:colcon.colcon_core.package_identification:_identify(Library/Artifacts/8a) by extension 'colcon_meta'
[6.018s] Level 1:colcon.colcon_core.package_identification:_identify(Library/Artifacts/8a) by extensions ['ros']
[6.019s] Level 1:colcon.colcon_core.package_identification:_identify(Library/Artifacts/8a) by extension 'ros'
[6.024s] Level 1:colcon.colcon_core.package_identification:_identify(Library/Artifacts/8a) by extensions ['cmake', 'python']
[6.025s] Level 1:colcon.colcon_core.package_identification:_identify(Library/Artifacts/8a) by extension 'cmake'
[6.026s] Level 1:colcon.colcon_core.package_identification:_identify(Library/Artifacts/8a) by extension 'python'
[6.028s] Level 1:colcon.colcon_core.package_identification:_identify(Library/Artifacts/8a) by extensions ['python_setup_py']
[6.029s] Level 1:colcon.colcon_core.package_identification:_identify(Library/Artifacts/8a) by extension 'python_setup_py'
[6.034s] Level 1:colcon.colcon_core.package_identification:_identify(Library/Artifacts/8b) by extensions ['ignore', 'ignore_ament_install']
[6.035s] Level 1:colcon.colcon_core.package_identification:_identify(Library/Artifacts/8b) by extension 'ignore'
[6.036s] Level 1:colcon.colcon_core.package_identification:_identify(Library/Artifacts/8b) by extension 'ignore_ament_install'
[6.039s] Level 1:colcon.colcon_core.package_identification:_identify(Library/Artifacts/8b) by extensions ['colcon_pkg']
[6.039s] Level 1:colcon.colcon_core.package_identification:_identify(Library/Artifacts/8b) by extension 'colcon_pkg'
[6.041s] Level 1:colcon.colcon_core.package_identification:_identify(Library/Artifacts/8b) by extensions ['colcon_meta']
[6.041s] Level 1:colcon.colcon_core.package_identification:_identify(Library/Artifacts/8b) by extension 'colcon_meta'
[6.044s] Level 1:colcon.colcon_core.package_identification:_identify(Library/Artifacts/8b) by extensions ['ros']
[6.044s] Level 1:colcon.colcon_core.package_identification:_identify(Library/Artifacts/8b) by extension 'ros'
[6.050s] Level 1:colcon.colcon_core.package_identification:_identify(Library/Artifacts/8b) by extensions ['cmake', 'python']
[6.050s] Level 1:colcon.colcon_core.package_identification:_identify(Library/Artifacts/8b) by extension 'cmake'
[6.052s] Level 1:colcon.colcon_core.package_identification:_identify(Library/Artifacts/8b) by extension 'python'
[6.053s] Level 1:colcon.colcon_core.package_identification:_identify(Library/Artifacts/8b) by extensions ['python_setup_py']
[6.054s] Level 1:colcon.colcon_core.package_identification:_identify(Library/Artifacts/8b) by extension 'python_setup_py'
[6.059s] Level 1:colcon.colcon_core.package_identification:_identify(Library/Artifacts/8c) by extensions ['ignore', 'ignore_ament_install']
[6.060s] Level 1:colcon.colcon_core.package_identification:_identify(Library/Artifacts/8c) by extension 'ignore'
[6.061s] Level 1:colcon.colcon_core.package_identification:_identify(Library/Artifacts/8c) by extension 'ignore_ament_install'
[6.064s] Level 1:colcon.colcon_core.package_identification:_identify(Library/Artifacts/8c) by extensions ['colcon_pkg']
[6.064s] Level 1:colcon.colcon_core.package_identification:_identify(Library/Artifacts/8c) by extension 'colcon_pkg'
[6.066s] Level 1:colcon.colcon_core.package_identification:_identify(Library/Artifacts/8c) by extensions ['colcon_meta']
[6.066s] Level 1:colcon.colcon_core.package_identification:_identify(Library/Artifacts/8c) by extension 'colcon_meta'
[6.069s] Level 1:colcon.colcon_core.package_identification:_identify(Library/Artifacts/8c) by extensions ['ros']
[6.069s] Level 1:colcon.colcon_core.package_identification:_identify(Library/Artifacts/8c) by extension 'ros'
[6.074s] Level 1:colcon.colcon_core.package_identification:_identify(Library/Artifacts/8c) by extensions ['cmake', 'python']
[6.075s] Level 1:colcon.colcon_core.package_identification:_identify(Library/Artifacts/8c) by extension 'cmake'
[6.076s] Level 1:colcon.colcon_core.package_identification:_identify(Library/Artifacts/8c) by extension 'python'
[6.077s] Level 1:colcon.colcon_core.package_identification:_identify(Library/Artifacts/8c) by extensions ['python_setup_py']
[6.077s] Level 1:colcon.colcon_core.package_identification:_identify(Library/Artifacts/8c) by extension 'python_setup_py'
[9.666s] Level 1:colcon.colcon_core.package_identification:_identify(Library/Artifacts/8d) by extensions ['ignore', 'ignore_ament_install']
[9.667s] Level 1:colcon.colcon_core.package_identification:_identify(Library/Artifacts/8d) by extension 'ignore'
[9.668s] Level 1:colcon.colcon_core.package_identification:_identify(Library/Artifacts/8d) by extension 'ignore_ament_install'
[9.671s] Level 1:colcon.colcon_core.package_identification:_identify(Library/Artifacts/8d) by extensions ['colcon_pkg']
[9.672s] Level 1:colcon.colcon_core.package_identification:_identify(Library/Artifacts/8d) by extension 'colcon_pkg'
[9.673s] Level 1:colcon.colcon_core.package_identification:_identify(Library/Artifacts/8d) by extensions ['colcon_meta']
[9.673s] Level 1:colcon.colcon_core.package_identification:_identify(Library/Artifacts/8d) by extension 'colcon_meta'
[9.676s] Level 1:colcon.colcon_core.package_identification:_identify(Library/Artifacts/8d) by extensions ['ros']
[9.676s] Level 1:colcon.colcon_core.package_identification:_identify(Library/Artifacts/8d) by extension 'ros'
[9.682s] Level 1:colcon.colcon_core.package_identification:_identify(Library/Artifacts/8d) by extensions ['cmake', 'python']
[9.682s] Level 1:colcon.colcon_core.package_identification:_identify(Library/Artifacts/8d) by extension 'cmake'
[9.684s] Level 1:colcon.colcon_core.package_identification:_identify(Library/Artifacts/8d) by extension 'python'
[9.685s] Level 1:colcon.colcon_core.package_identification:_identify(Library/Artifacts/8d) by extensions ['python_setup_py']
[9.685s] Level 1:colcon.colcon_core.package_identification:_identify(Library/Artifacts/8d) by extension 'python_setup_py'
[9.691s] Level 1:colcon.colcon_core.package_identification:_identify(Library/Artifacts/8e) by extensions ['ignore', 'ignore_ament_install']
[9.692s] Level 1:colcon.colcon_core.package_identification:_identify(Library/Artifacts/8e) by extension 'ignore'
[9.695s] Level 1:colcon.colcon_core.package_identification:_identify(Library/Artifacts/8e) by extension 'ignore_ament_install'
[9.698s] Level 1:colcon.colcon_core.package_identification:_identify(Library/Artifacts/8e) by extensions ['colcon_pkg']
[9.699s] Level 1:colcon.colcon_core.package_identification:_identify(Library/Artifacts/8e) by extension 'colcon_pkg'
[9.701s] Level 1:colcon.colcon_core.package_identification:_identify(Library/Artifacts/8e) by extensions ['colcon_meta']
[9.702s] Level 1:colcon.colcon_core.package_identification:_identify(Library/Artifacts/8e) by extension 'colcon_meta'
[9.706s] Level 1:colcon.colcon_core.package_identification:_identify(Library/Artifacts/8e) by extensions ['ros']
[9.707s] Level 1:colcon.colcon_core.package_identification:_identify(Library/Artifacts/8e) by extension 'ros'
[9.715s] Level 1:colcon.colcon_core.package_identification:_identify(Library/Artifacts/8e) by extensions ['cmake', 'python']
[9.715s] Level 1:colcon.colcon_core.package_identification:_identify(Library/Artifacts/8e) by extension 'cmake'
[9.718s] Level 1:colcon.colcon_core.package_identification:_identify(Library/Artifacts/8e) by extension 'python'
[9.719s] Level 1:colcon.colcon_core.package_identification:_identify(Library/Artifacts/8e) by extensions ['python_setup_py']
[9.720s] Level 1:colcon.colcon_core.package_identification:_identify(Library/Artifacts/8e) by extension 'python_setup_py'
[9.728s] Level 1:colcon.colcon_core.package_identification:_identify(Library/Artifacts/8f) by extensions ['ignore', 'ignore_ament_install']
[9.728s] Level 1:colcon.colcon_core.package_identification:_identify(Library/Artifacts/8f) by extension 'ignore'
[9.731s] Level 1:colcon.colcon_core.package_identification:_identify(Library/Artifacts/8f) by extension 'ignore_ament_install'
[9.735s] Level 1:colcon.colcon_core.package_identification:_identify(Library/Artifacts/8f) by extensions ['colcon_pkg']
[9.735s] Level 1:colcon.colcon_core.package_identification:_identify(Library/Artifacts/8f) by extension 'colcon_pkg'
[9.738s] Level 1:colcon.colcon_core.package_identification:_identify(Library/Artifacts/8f) by extensions ['colcon_meta']
[9.738s] Level 1:colcon.colcon_core.package_identification:_identify(Library/Artifacts/8f) by extension 'colcon_meta'
[9.742s] Level 1:colcon.colcon_core.package_identification:_identify(Library/Artifacts/8f) by extensions ['ros']
[9.742s] Level 1:colcon.colcon_core.package_identification:_identify(Library/Artifacts/8f) by extension 'ros'
[9.751s] Level 1:colcon.colcon_core.package_identification:_identify(Library/Artifacts/8f) by extensions ['cmake', 'python']
[9.752s] Level 1:colcon.colcon_core.package_identification:_identify(Library/Artifacts/8f) by extension 'cmake'
[9.754s] Level 1:colcon.colcon_core.package_identification:_identify(Library/Artifacts/8f) by extension 'python'
[9.756s] Level 1:colcon.colcon_core.package_identification:_identify(Library/Artifacts/8f) by extensions ['python_setup_py']
[9.757s] Level 1:colcon.colcon_core.package_identification:_identify(Library/Artifacts/8f) by extension 'python_setup_py'
[9.766s] Level 1:colcon.colcon_core.package_identification:_identify(Library/Artifacts/90) by extensions ['ignore', 'ignore_ament_install']
[9.766s] Level 1:colcon.colcon_core.package_identification:_identify(Library/Artifacts/90) by extension 'ignore'
[9.769s] Level 1:colcon.colcon_core.package_identification:_identify(Library/Artifacts/90) by extension 'ignore_ament_install'
[9.772s] Level 1:colcon.colcon_core.package_identification:_identify(Library/Artifacts/90) by extensions ['colcon_pkg']
[9.772s] Level 1:colcon.colcon_core.package_identification:_identify(Library/Artifacts/90) by extension 'colcon_pkg'
[9.775s] Level 1:colcon.colcon_core.package_identification:_identify(Library/Artifacts/90) by extensions ['colcon_meta']
[9.776s] Level 1:colcon.colcon_core.package_identification:_identify(Library/Artifacts/90) by extension 'colcon_meta'
[9.780s] Level 1:colcon.colcon_core.package_identification:_identify(Library/Artifacts/90) by extensions ['ros']
[9.780s] Level 1:colcon.colcon_core.package_identification:_identify(Library/Artifacts/90) by extension 'ros'
[9.787s] Level 1:colcon.colcon_core.package_identification:_identify(Library/Artifacts/90) by extensions ['cmake', 'python']
[9.788s] Level 1:colcon.colcon_core.package_identification:_identify(Library/Artifacts/90) by extension 'cmake'
[9.789s] Level 1:colcon.colcon_core.package_identification:_identify(Library/Artifacts/90) by extension 'python'
[9.792s] Level 1:colcon.colcon_core.package_identification:_identify(Library/Artifacts/90) by extensions ['python_setup_py']
[9.795s] Level 1:colcon.colcon_core.package_identification:_identify(Library/Artifacts/90) by extension 'python_setup_py'
[9.804s] Level 1:colcon.colcon_core.package_identification:_identify(Library/Artifacts/91) by extensions ['ignore', 'ignore_ament_install']
[9.805s] Level 1:colcon.colcon_core.package_identification:_identify(Library/Artifacts/91) by extension 'ignore'
[9.807s] Level 1:colcon.colcon_core.package_identification:_identify(Library/Artifacts/91) by extension 'ignore_ament_install'
[9.811s] Level 1:colcon.colcon_core.package_identification:_identify(Library/Artifacts/91) by extensions ['colcon_pkg']
[9.811s] Level 1:colcon.colcon_core.package_identification:_identify(Library/Artifacts/91) by extension 'colcon_pkg'
[9.814s] Level 1:colcon.colcon_core.package_identification:_identify(Library/Artifacts/91) by extensions ['colcon_meta']
[9.814s] Level 1:colcon.colcon_core.package_identification:_identify(Library/Artifacts/91) by extension 'colcon_meta'
[9.818s] Level 1:colcon.colcon_core.package_identification:_identify(Library/Artifacts/91) by extensions ['ros']
[9.819s] Level 1:colcon.colcon_core.package_identification:_identify(Library/Artifacts/91) by extension 'ros'
[9.826s] Level 1:colcon.colcon_core.package_identification:_identify(Library/Artifacts/91) by extensions ['cmake', 'python']
[9.826s] Level 1:colcon.colcon_core.package_identification:_identify(Library/Artifacts/91) by extension 'cmake'
[9.828s] Level 1:colcon.colcon_core.package_identification:_identify(Library/Artifacts/91) by extension 'python'
[9.829s] Level 1:colcon.colcon_core.package_identification:_identify(Library/Artifacts/91) by extensions ['python_setup_py']
[9.829s] Level 1:colcon.colcon_core.package_identification:_identify(Library/Artifacts/91) by extension 'python_setup_py'
[9.835s] Level 1:colcon.colcon_core.package_identification:_identify(Library/Artifacts/92) by extensions ['ignore', 'ignore_ament_install']
[9.836s] Level 1:colcon.colcon_core.package_identification:_identify(Library/Artifacts/92) by extension 'ignore'
[9.837s] Level 1:colcon.colcon_core.package_identification:_identify(Library/Artifacts/92) by extension 'ignore_ament_install'
[9.840s] Level 1:colcon.colcon_core.package_identification:_identify(Library/Artifacts/92) by extensions ['colcon_pkg']
[9.840s] Level 1:colcon.colcon_core.package_identification:_identify(Library/Artifacts/92) by extension 'colcon_pkg'
[9.842s] Level 1:colcon.colcon_core.package_identification:_identify(Library/Artifacts/92) by extensions ['colcon_meta']
[9.842s] Level 1:colcon.colcon_core.package_identification:_identify(Library/Artifacts/92) by extension 'colcon_meta'
[9.844s] Level 1:colcon.colcon_core.package_identification:_identify(Library/Artifacts/92) by extensions ['ros']
[9.845s] Level 1:colcon.colcon_core.package_identification:_identify(Library/Artifacts/92) by extension 'ros'
[9.851s] Level 1:colcon.colcon_core.package_identification:_identify(Library/Artifacts/92) by extensions ['cmake', 'python']
[9.851s] Level 1:colcon.colcon_core.package_identification:_identify(Library/Artifacts/92) by extension 'cmake'
[9.853s] Level 1:colcon.colcon_core.package_identification:_identify(Library/Artifacts/92) by extension 'python'
[9.854s] Level 1:colcon.colcon_core.package_identification:_identify(Library/Artifacts/92) by extensions ['python_setup_py']
[9.854s] Level 1:colcon.colcon_core.package_identification:_identify(Library/Artifacts/92) by extension 'python_setup_py'
[9.860s] Level 1:colcon.colcon_core.package_identification:_identify(Library/Artifacts/93) by extensions ['ignore', 'ignore_ament_install']
[9.860s] Level 1:colcon.colcon_core.package_identification:_identify(Library/Artifacts/93) by extension 'ignore'
[9.862s] Level 1:colcon.colcon_core.package_identification:_identify(Library/Artifacts/93) by extension 'ignore_ament_install'
[9.865s] Level 1:colcon.colcon_core.package_identification:_identify(Library/Artifacts/93) by extensions ['colcon_pkg']
[9.865s] Level 1:colcon.colcon_core.package_identification:_identify(Library/Artifacts/93) by extension 'colcon_pkg'
[9.867s] Level 1:colcon.colcon_core.package_identification:_identify(Library/Artifacts/93) by extensions ['colcon_meta']
[9.867s] Level 1:colcon.colcon_core.package_identification:_identify(Library/Artifacts/93) by extension 'colcon_meta'
[9.870s] Level 1:colcon.colcon_core.package_identification:_identify(Library/Artifacts/93) by extensions ['ros']
[9.870s] Level 1:colcon.colcon_core.package_identification:_identify(Library/Artifacts/93) by extension 'ros'
[9.875s] Level 1:colcon.colcon_core.package_identification:_identify(Library/Artifacts/93) by extensions ['cmake', 'python']
[9.876s] Level 1:colcon.colcon_core.package_identification:_identify(Library/Artifacts/93) by extension 'cmake'
[9.877s] Level 1:colcon.colcon_core.package_identification:_identify(Library/Artifacts/93) by extension 'python'
[9.879s] Level 1:colcon.colcon_core.package_identification:_identify(Library/Artifacts/93) by extensions ['python_setup_py']
[9.879s] Level 1:colcon.colcon_core.package_identification:_identify(Library/Artifacts/93) by extension 'python_setup_py'
[9.885s] Level 1:colcon.colcon_core.package_identification:_identify(Library/Artifacts/94) by extensions ['ignore', 'ignore_ament_install']
[9.886s] Level 1:colcon.colcon_core.package_identification:_identify(Library/Artifacts/94) by extension 'ignore'
[9.887s] Level 1:colcon.colcon_core.package_identification:_identify(Library/Artifacts/94) by extension 'ignore_ament_install'
[9.890s] Level 1:colcon.colcon_core.package_identification:_identify(Library/Artifacts/94) by extensions ['colcon_pkg']
[9.890s] Level 1:colcon.colcon_core.package_identification:_identify(Library/Artifacts/94) by extension 'colcon_pkg'
[9.892s] Level 1:colcon.colcon_core.package_identification:_identify(Library/Artifacts/94) by extensions ['colcon_meta']
[9.892s] Level 1:colcon.colcon_core.package_identification:_identify(Library/Artifacts/94) by extension 'colcon_meta'
[9.895s] Level 1:colcon.colcon_core.package_identification:_identify(Library/Artifacts/94) by extensions ['ros']
[9.895s] Level 1:colcon.colcon_core.package_identification:_identify(Library/Artifacts/94) by extension 'ros'
[9.900s] Level 1:colcon.colcon_core.package_identification:_identify(Library/Artifacts/94) by extensions ['cmake', 'python']
[9.901s] Level 1:colcon.colcon_core.package_identification:_identify(Library/Artifacts/94) by extension 'cmake'
[9.903s] Level 1:colcon.colcon_core.package_identification:_identify(Library/Artifacts/94) by extension 'python'
[9.904s] Level 1:colcon.colcon_core.package_identification:_identify(Library/Artifacts/94) by extensions ['python_setup_py']
[9.905s] Level 1:colcon.colcon_core.package_identification:_identify(Library/Artifacts/94) by extension 'python_setup_py'
[9.910s] Level 1:colcon.colcon_core.package_identification:_identify(Library/Artifacts/95) by extensions ['ignore', 'ignore_ament_install']
[9.911s] Level 1:colcon.colcon_core.package_identification:_identify(Library/Artifacts/95) by extension 'ignore'
[9.912s] Level 1:colcon.colcon_core.package_identification:_identify(Library/Artifacts/95) by extension 'ignore_ament_install'
[9.915s] Level 1:colcon.colcon_core.package_identification:_identify(Library/Artifacts/95) by extensions ['colcon_pkg']
[9.916s] Level 1:colcon.colcon_core.package_identification:_identify(Library/Artifacts/95) by extension 'colcon_pkg'
[9.917s] Level 1:colcon.colcon_core.package_identification:_identify(Library/Artifacts/95) by extensions ['colcon_meta']
[9.917s] Level 1:colcon.colcon_core.package_identification:_identify(Library/Artifacts/95) by extension 'colcon_meta'
[9.920s] Level 1:colcon.colcon_core.package_identification:_identify(Library/Artifacts/95) by extensions ['ros']
[9.921s] Level 1:colcon.colcon_core.package_identification:_identify(Library/Artifacts/95) by extension 'ros'
[9.926s] Level 1:colcon.colcon_core.package_identification:_identify(Library/Artifacts/95) by extensions ['cmake', 'python']
[9.927s] Level 1:colcon.colcon_core.package_identification:_identify(Library/Artifacts/95) by extension 'cmake'
[9.928s] Level 1:colcon.colcon_core.package_identification:_identify(Library/Artifacts/95) by extension 'python'
[9.930s] Level 1:colcon.colcon_core.package_identification:_identify(Library/Artifacts/95) by extensions ['python_setup_py']
[9.930s] Level 1:colcon.colcon_core.package_identification:_identify(Library/Artifacts/95) by extension 'python_setup_py'
[9.937s] Level 1:colcon.colcon_core.package_identification:_identify(Library/Artifacts/96) by extensions ['ignore', 'ignore_ament_install']
[9.937s] Level 1:colcon.colcon_core.package_identification:_identify(Library/Artifacts/96) by extension 'ignore'
[9.939s] Level 1:colcon.colcon_core.package_identification:_identify(Library/Artifacts/96) by extension 'ignore_ament_install'
[9.944s] Level 1:colcon.colcon_core.package_identification:_identify(Library/Artifacts/96) by extensions ['colcon_pkg']
[9.945s] Level 1:colcon.colcon_core.package_identification:_identify(Library/Artifacts/96) by extension 'colcon_pkg'
[9.947s] Level 1:colcon.colcon_core.package_identification:_identify(Library/Artifacts/96) by extensions ['colcon_meta']
[9.948s] Level 1:colcon.colcon_core.package_identification:_identify(Library/Artifacts/96) by extension 'colcon_meta'
[9.952s] Level 1:colcon.colcon_core.package_identification:_identify(Library/Artifacts/96) by extensions ['ros']
[9.952s] Level 1:colcon.colcon_core.package_identification:_identify(Library/Artifacts/96) by extension 'ros'
[9.960s] Level 1:colcon.colcon_core.package_identification:_identify(Library/Artifacts/96) by extensions ['cmake', 'python']
[9.961s] Level 1:colcon.colcon_core.package_identification:_identify(Library/Artifacts/96) by extension 'cmake'
[9.963s] Level 1:colcon.colcon_core.package_identification:_identify(Library/Artifacts/96) by extension 'python'
[9.965s] Level 1:colcon.colcon_core.package_identification:_identify(Library/Artifacts/96) by extensions ['python_setup_py']
[9.966s] Level 1:colcon.colcon_core.package_identification:_identify(Library/Artifacts/96) by extension 'python_setup_py'
[9.973s] Level 1:colcon.colcon_core.package_identification:_identify(Library/Artifacts/97) by extensions ['ignore', 'ignore_ament_install']
[9.974s] Level 1:colcon.colcon_core.package_identification:_identify(Library/Artifacts/97) by extension 'ignore'
[9.976s] Level 1:colcon.colcon_core.package_identification:_identify(Library/Artifacts/97) by extension 'ignore_ament_install'
[9.980s] Level 1:colcon.colcon_core.package_identification:_identify(Library/Artifacts/97) by extensions ['colcon_pkg']
[9.980s] Level 1:colcon.colcon_core.package_identification:_identify(Library/Artifacts/97) by extension 'colcon_pkg'
[9.983s] Level 1:colcon.colcon_core.package_identification:_identify(Library/Artifacts/97) by extensions ['colcon_meta']
[9.983s] Level 1:colcon.colcon_core.package_identification:_identify(Library/Artifacts/97) by extension 'colcon_meta'
[9.988s] Level 1:colcon.colcon_core.package_identification:_identify(Library/Artifacts/97) by extensions ['ros']
[9.988s] Level 1:colcon.colcon_core.package_identification:_identify(Library/Artifacts/97) by extension 'ros'
[9.996s] Level 1:colcon.colcon_core.package_identification:_identify(Library/Artifacts/97) by extensions ['cmake', 'python']
[9.997s] Level 1:colcon.colcon_core.package_identification:_identify(Library/Artifacts/97) by extension 'cmake'
[10.000s] Level 1:colcon.colcon_core.package_identification:_identify(Library/Artifacts/97) by extension 'python'
[10.002s] Level 1:colcon.colcon_core.package_identification:_identify(Library/Artifacts/97) by extensions ['python_setup_py']
[10.003s] Level 1:colcon.colcon_core.package_identification:_identify(Library/Artifacts/97) by extension 'python_setup_py'
[10.009s] Level 1:colcon.colcon_core.package_identification:_identify(Library/Artifacts/98) by extensions ['ignore', 'ignore_ament_install']
[10.010s] Level 1:colcon.colcon_core.package_identification:_identify(Library/Artifacts/98) by extension 'ignore'
[10.011s] Level 1:colcon.colcon_core.package_identification:_identify(Library/Artifacts/98) by extension 'ignore_ament_install'
[10.014s] Level 1:colcon.colcon_core.package_identification:_identify(Library/Artifacts/98) by extensions ['colcon_pkg']
[10.015s] Level 1:colcon.colcon_core.package_identification:_identify(Library/Artifacts/98) by extension 'colcon_pkg'
[10.017s] Level 1:colcon.colcon_core.package_identification:_identify(Library/Artifacts/98) by extensions ['colcon_meta']
[10.018s] Level 1:colcon.colcon_core.package_identification:_identify(Library/Artifacts/98) by extension 'colcon_meta'
[10.022s] Level 1:colcon.colcon_core.package_identification:_identify(Library/Artifacts/98) by extensions ['ros']
[10.023s] Level 1:colcon.colcon_core.package_identification:_identify(Library/Artifacts/98) by extension 'ros'
[10.031s] Level 1:colcon.colcon_core.package_identification:_identify(Library/Artifacts/98) by extensions ['cmake', 'python']
[10.032s] Level 1:colcon.colcon_core.package_identification:_identify(Library/Artifacts/98) by extension 'cmake'
[10.033s] Level 1:colcon.colcon_core.package_identification:_identify(Library/Artifacts/98) by extension 'python'
[10.035s] Level 1:colcon.colcon_core.package_identification:_identify(Library/Artifacts/98) by extensions ['python_setup_py']
[10.036s] Level 1:colcon.colcon_core.package_identification:_identify(Library/Artifacts/98) by extension 'python_setup_py'
[10.044s] Level 1:colcon.colcon_core.package_identification:_identify(Library/Artifacts/99) by extensions ['ignore', 'ignore_ament_install']
[10.045s] Level 1:colcon.colcon_core.package_identification:_identify(Library/Artifacts/99) by extension 'ignore'
[10.047s] Level 1:colcon.colcon_core.package_identification:_identify(Library/Artifacts/99) by extension 'ignore_ament_install'
[10.051s] Level 1:colcon.colcon_core.package_identification:_identify(Library/Artifacts/99) by extensions ['colcon_pkg']
[10.052s] Level 1:colcon.colcon_core.package_identification:_identify(Library/Artifacts/99) by extension 'colcon_pkg'
[10.054s] Level 1:colcon.colcon_core.package_identification:_identify(Library/Artifacts/99) by extensions ['colcon_meta']
[10.055s] Level 1:colcon.colcon_core.package_identification:_identify(Library/Artifacts/99) by extension 'colcon_meta'
[10.058s] Level 1:colcon.colcon_core.package_identification:_identify(Library/Artifacts/99) by extensions ['ros']
[10.058s] Level 1:colcon.colcon_core.package_identification:_identify(Library/Artifacts/99) by extension 'ros'
[10.067s] Level 1:colcon.colcon_core.package_identification:_identify(Library/Artifacts/99) by extensions ['cmake', 'python']
[10.067s] Level 1:colcon.colcon_core.package_identification:_identify(Library/Artifacts/99) by extension 'cmake'
[10.069s] Level 1:colcon.colcon_core.package_identification:_identify(Library/Artifacts/99) by extension 'python'
[10.071s] Level 1:colcon.colcon_core.package_identification:_identify(Library/Artifacts/99) by extensions ['python_setup_py']
[10.071s] Level 1:colcon.colcon_core.package_identification:_identify(Library/Artifacts/99) by extension 'python_setup_py'
[10.077s] Level 1:colcon.colcon_core.package_identification:_identify(Library/Artifacts/9a) by extensions ['ignore', 'ignore_ament_install']
[10.077s] Level 1:colcon.colcon_core.package_identification:_identify(Library/Artifacts/9a) by extension 'ignore'
[10.079s] Level 1:colcon.colcon_core.package_identification:_identify(Library/Artifacts/9a) by extension 'ignore_ament_install'
[10.082s] Level 1:colcon.colcon_core.package_identification:_identify(Library/Artifacts/9a) by extensions ['colcon_pkg']
[10.083s] Level 1:colcon.colcon_core.package_identification:_identify(Library/Artifacts/9a) by extension 'colcon_pkg'
[10.084s] Level 1:colcon.colcon_core.package_identification:_identify(Library/Artifacts/9a) by extensions ['colcon_meta']
[10.084s] Level 1:colcon.colcon_core.package_identification:_identify(Library/Artifacts/9a) by extension 'colcon_meta'
[10.087s] Level 1:colcon.colcon_core.package_identification:_identify(Library/Artifacts/9a) by extensions ['ros']
[10.088s] Level 1:colcon.colcon_core.package_identification:_identify(Library/Artifacts/9a) by extension 'ros'
[10.093s] Level 1:colcon.colcon_core.package_identification:_identify(Library/Artifacts/9a) by extensions ['cmake', 'python']
[10.093s] Level 1:colcon.colcon_core.package_identification:_identify(Library/Artifacts/9a) by extension 'cmake'
[10.095s] Level 1:colcon.colcon_core.package_identification:_identify(Library/Artifacts/9a) by extension 'python'
[10.098s] Level 1:colcon.colcon_core.package_identification:_identify(Library/Artifacts/9a) by extensions ['python_setup_py']
[10.098s] Level 1:colcon.colcon_core.package_identification:_identify(Library/Artifacts/9a) by extension 'python_setup_py'
[10.107s] Level 1:colcon.colcon_core.package_identification:_identify(Library/Artifacts/9b) by extensions ['ignore', 'ignore_ament_install']
[10.108s] Level 1:colcon.colcon_core.package_identification:_identify(Library/Artifacts/9b) by extension 'ignore'
[10.110s] Level 1:colcon.colcon_core.package_identification:_identify(Library/Artifacts/9b) by extension 'ignore_ament_install'
[10.114s] Level 1:colcon.colcon_core.package_identification:_identify(Library/Artifacts/9b) by extensions ['colcon_pkg']
[10.115s] Level 1:colcon.colcon_core.package_identification:_identify(Library/Artifacts/9b) by extension 'colcon_pkg'
[10.117s] Level 1:colcon.colcon_core.package_identification:_identify(Library/Artifacts/9b) by extensions ['colcon_meta']
[10.118s] Level 1:colcon.colcon_core.package_identification:_identify(Library/Artifacts/9b) by extension 'colcon_meta'
[10.121s] Level 1:colcon.colcon_core.package_identification:_identify(Library/Artifacts/9b) by extensions ['ros']
[10.122s] Level 1:colcon.colcon_core.package_identification:_identify(Library/Artifacts/9b) by extension 'ros'
[10.130s] Level 1:colcon.colcon_core.package_identification:_identify(Library/Artifacts/9b) by extensions ['cmake', 'python']
[10.130s] Level 1:colcon.colcon_core.package_identification:_identify(Library/Artifacts/9b) by extension 'cmake'
[10.132s] Level 1:colcon.colcon_core.package_identification:_identify(Library/Artifacts/9b) by extension 'python'
[10.134s] Level 1:colcon.colcon_core.package_identification:_identify(Library/Artifacts/9b) by extensions ['python_setup_py']
[10.134s] Level 1:colcon.colcon_core.package_identification:_identify(Library/Artifacts/9b) by extension 'python_setup_py'
[10.142s] Level 1:colcon.colcon_core.package_identification:_identify(Library/Artifacts/9c) by extensions ['ignore', 'ignore_ament_install']
[10.143s] Level 1:colcon.colcon_core.package_identification:_identify(Library/Artifacts/9c) by extension 'ignore'
[10.144s] Level 1:colcon.colcon_core.package_identification:_identify(Library/Artifacts/9c) by extension 'ignore_ament_install'
[10.148s] Level 1:colcon.colcon_core.package_identification:_identify(Library/Artifacts/9c) by extensions ['colcon_pkg']
[10.149s] Level 1:colcon.colcon_core.package_identification:_identify(Library/Artifacts/9c) by extension 'colcon_pkg'
[10.151s] Level 1:colcon.colcon_core.package_identification:_identify(Library/Artifacts/9c) by extensions ['colcon_meta']
[10.151s] Level 1:colcon.colcon_core.package_identification:_identify(Library/Artifacts/9c) by extension 'colcon_meta'
[10.155s] Level 1:colcon.colcon_core.package_identification:_identify(Library/Artifacts/9c) by extensions ['ros']
[10.156s] Level 1:colcon.colcon_core.package_identification:_identify(Library/Artifacts/9c) by extension 'ros'
[10.165s] Level 1:colcon.colcon_core.package_identification:_identify(Library/Artifacts/9c) by extensions ['cmake', 'python']
[10.165s] Level 1:colcon.colcon_core.package_identification:_identify(Library/Artifacts/9c) by extension 'cmake'
[10.167s] Level 1:colcon.colcon_core.package_identification:_identify(Library/Artifacts/9c) by extension 'python'
[10.170s] Level 1:colcon.colcon_core.package_identification:_identify(Library/Artifacts/9c) by extensions ['python_setup_py']
[10.170s] Level 1:colcon.colcon_core.package_identification:_identify(Library/Artifacts/9c) by extension 'python_setup_py'
[10.180s] Level 1:colcon.colcon_core.package_identification:_identify(Library/Artifacts/9d) by extensions ['ignore', 'ignore_ament_install']
[10.181s] Level 1:colcon.colcon_core.package_identification:_identify(Library/Artifacts/9d) by extension 'ignore'
[10.183s] Level 1:colcon.colcon_core.package_identification:_identify(Library/Artifacts/9d) by extension 'ignore_ament_install'
[10.187s] Level 1:colcon.colcon_core.package_identification:_identify(Library/Artifacts/9d) by extensions ['colcon_pkg']
[10.188s] Level 1:colcon.colcon_core.package_identification:_identify(Library/Artifacts/9d) by extension 'colcon_pkg'
[10.190s] Level 1:colcon.colcon_core.package_identification:_identify(Library/Artifacts/9d) by extensions ['colcon_meta']
[10.190s] Level 1:colcon.colcon_core.package_identification:_identify(Library/Artifacts/9d) by extension 'colcon_meta'
[10.195s] Level 1:colcon.colcon_core.package_identification:_identify(Library/Artifacts/9d) by extensions ['ros']
[10.195s] Level 1:colcon.colcon_core.package_identification:_identify(Library/Artifacts/9d) by extension 'ros'
[10.202s] Level 1:colcon.colcon_core.package_identification:_identify(Library/Artifacts/9d) by extensions ['cmake', 'python']
[10.203s] Level 1:colcon.colcon_core.package_identification:_identify(Library/Artifacts/9d) by extension 'cmake'
[10.206s] Level 1:colcon.colcon_core.package_identification:_identify(Library/Artifacts/9d) by extension 'python'
[10.208s] Level 1:colcon.colcon_core.package_identification:_identify(Library/Artifacts/9d) by extensions ['python_setup_py']
[10.208s] Level 1:colcon.colcon_core.package_identification:_identify(Library/Artifacts/9d) by extension 'python_setup_py'
[10.216s] Level 1:colcon.colcon_core.package_identification:_identify(Library/Artifacts/9e) by extensions ['ignore', 'ignore_ament_install']
[10.217s] Level 1:colcon.colcon_core.package_identification:_identify(Library/Artifacts/9e) by extension 'ignore'
[10.219s] Level 1:colcon.colcon_core.package_identification:_identify(Library/Artifacts/9e) by extension 'ignore_ament_install'
[10.222s] Level 1:colcon.colcon_core.package_identification:_identify(Library/Artifacts/9e) by extensions ['colcon_pkg']
[10.223s] Level 1:colcon.colcon_core.package_identification:_identify(Library/Artifacts/9e) by extension 'colcon_pkg'
[10.226s] Level 1:colcon.colcon_core.package_identification:_identify(Library/Artifacts/9e) by extensions ['colcon_meta']
[10.226s] Level 1:colcon.colcon_core.package_identification:_identify(Library/Artifacts/9e) by extension 'colcon_meta'
[10.229s] Level 1:colcon.colcon_core.package_identification:_identify(Library/Artifacts/9e) by extensions ['ros']
[10.230s] Level 1:colcon.colcon_core.package_identification:_identify(Library/Artifacts/9e) by extension 'ros'
[10.235s] Level 1:colcon.colcon_core.package_identification:_identify(Library/Artifacts/9e) by extensions ['cmake', 'python']
[10.236s] Level 1:colcon.colcon_core.package_identification:_identify(Library/Artifacts/9e) by extension 'cmake'
[10.237s] Level 1:colcon.colcon_core.package_identification:_identify(Library/Artifacts/9e) by extension 'python'
[10.239s] Level 1:colcon.colcon_core.package_identification:_identify(Library/Artifacts/9e) by extensions ['python_setup_py']
[10.240s] Level 1:colcon.colcon_core.package_identification:_identify(Library/Artifacts/9e) by extension 'python_setup_py'
[10.245s] Level 1:colcon.colcon_core.package_identification:_identify(Library/Artifacts/9f) by extensions ['ignore', 'ignore_ament_install']
[10.246s] Level 1:colcon.colcon_core.package_identification:_identify(Library/Artifacts/9f) by extension 'ignore'
[10.248s] Level 1:colcon.colcon_core.package_identification:_identify(Library/Artifacts/9f) by extension 'ignore_ament_install'
[10.249s] Level 1:colcon.colcon_core.package_identification:_identify(Library/Artifacts/9f) by extensions ['colcon_pkg']
[10.250s] Level 1:colcon.colcon_core.package_identification:_identify(Library/Artifacts/9f) by extension 'colcon_pkg'
[10.251s] Level 1:colcon.colcon_core.package_identification:_identify(Library/Artifacts/9f) by extensions ['colcon_meta']
[10.252s] Level 1:colcon.colcon_core.package_identification:_identify(Library/Artifacts/9f) by extension 'colcon_meta'
[10.254s] Level 1:colcon.colcon_core.package_identification:_identify(Library/Artifacts/9f) by extensions ['ros']
[10.254s] Level 1:colcon.colcon_core.package_identification:_identify(Library/Artifacts/9f) by extension 'ros'
[10.263s] Level 1:colcon.colcon_core.package_identification:_identify(Library/Artifacts/9f) by extensions ['cmake', 'python']
[10.264s] Level 1:colcon.colcon_core.package_identification:_identify(Library/Artifacts/9f) by extension 'cmake'
[10.266s] Level 1:colcon.colcon_core.package_identification:_identify(Library/Artifacts/9f) by extension 'python'
[10.268s] Level 1:colcon.colcon_core.package_identification:_identify(Library/Artifacts/9f) by extensions ['python_setup_py']
[10.269s] Level 1:colcon.colcon_core.package_identification:_identify(Library/Artifacts/9f) by extension 'python_setup_py'
[10.277s] Level 1:colcon.colcon_core.package_identification:_identify(Library/Artifacts/a0) by extensions ['ignore', 'ignore_ament_install']
[10.278s] Level 1:colcon.colcon_core.package_identification:_identify(Library/Artifacts/a0) by extension 'ignore'
[10.280s] Level 1:colcon.colcon_core.package_identification:_identify(Library/Artifacts/a0) by extension 'ignore_ament_install'
[10.284s] Level 1:colcon.colcon_core.package_identification:_identify(Library/Artifacts/a0) by extensions ['colcon_pkg']
[10.285s] Level 1:colcon.colcon_core.package_identification:_identify(Library/Artifacts/a0) by extension 'colcon_pkg'
[10.287s] Level 1:colcon.colcon_core.package_identification:_identify(Library/Artifacts/a0) by extensions ['colcon_meta']
[10.288s] Level 1:colcon.colcon_core.package_identification:_identify(Library/Artifacts/a0) by extension 'colcon_meta'
[10.292s] Level 1:colcon.colcon_core.package_identification:_identify(Library/Artifacts/a0) by extensions ['ros']
[10.292s] Level 1:colcon.colcon_core.package_identification:_identify(Library/Artifacts/a0) by extension 'ros'
[10.298s] Level 1:colcon.colcon_core.package_identification:_identify(Library/Artifacts/a0) by extensions ['cmake', 'python']
[10.299s] Level 1:colcon.colcon_core.package_identification:_identify(Library/Artifacts/a0) by extension 'cmake'
[10.301s] Level 1:colcon.colcon_core.package_identification:_identify(Library/Artifacts/a0) by extension 'python'
[10.303s] Level 1:colcon.colcon_core.package_identification:_identify(Library/Artifacts/a0) by extensions ['python_setup_py']
[10.304s] Level 1:colcon.colcon_core.package_identification:_identify(Library/Artifacts/a0) by extension 'python_setup_py'
[10.311s] Level 1:colcon.colcon_core.package_identification:_identify(Library/Artifacts/a1) by extensions ['ignore', 'ignore_ament_install']
[10.312s] Level 1:colcon.colcon_core.package_identification:_identify(Library/Artifacts/a1) by extension 'ignore'
[10.314s] Level 1:colcon.colcon_core.package_identification:_identify(Library/Artifacts/a1) by extension 'ignore_ament_install'
[10.318s] Level 1:colcon.colcon_core.package_identification:_identify(Library/Artifacts/a1) by extensions ['colcon_pkg']
[10.318s] Level 1:colcon.colcon_core.package_identification:_identify(Library/Artifacts/a1) by extension 'colcon_pkg'
[10.321s] Level 1:colcon.colcon_core.package_identification:_identify(Library/Artifacts/a1) by extensions ['colcon_meta']
[10.322s] Level 1:colcon.colcon_core.package_identification:_identify(Library/Artifacts/a1) by extension 'colcon_meta'
[10.325s] Level 1:colcon.colcon_core.package_identification:_identify(Library/Artifacts/a1) by extensions ['ros']
[10.325s] Level 1:colcon.colcon_core.package_identification:_identify(Library/Artifacts/a1) by extension 'ros'
[10.334s] Level 1:colcon.colcon_core.package_identification:_identify(Library/Artifacts/a1) by extensions ['cmake', 'python']
[10.334s] Level 1:colcon.colcon_core.package_identification:_identify(Library/Artifacts/a1) by extension 'cmake'
[10.336s] Level 1:colcon.colcon_core.package_identification:_identify(Library/Artifacts/a1) by extension 'python'
[10.338s] Level 1:colcon.colcon_core.package_identification:_identify(Library/Artifacts/a1) by extensions ['python_setup_py']
[10.339s] Level 1:colcon.colcon_core.package_identification:_identify(Library/Artifacts/a1) by extension 'python_setup_py'
[10.347s] Level 1:colcon.colcon_core.package_identification:_identify(Library/Artifacts/a2) by extensions ['ignore', 'ignore_ament_install']
[10.347s] Level 1:colcon.colcon_core.package_identification:_identify(Library/Artifacts/a2) by extension 'ignore'
[10.350s] Level 1:colcon.colcon_core.package_identification:_identify(Library/Artifacts/a2) by extension 'ignore_ament_install'
[10.353s] Level 1:colcon.colcon_core.package_identification:_identify(Library/Artifacts/a2) by extensions ['colcon_pkg']
[10.353s] Level 1:colcon.colcon_core.package_identification:_identify(Library/Artifacts/a2) by extension 'colcon_pkg'
[10.355s] Level 1:colcon.colcon_core.package_identification:_identify(Library/Artifacts/a2) by extensions ['colcon_meta']
[10.356s] Level 1:colcon.colcon_core.package_identification:_identify(Library/Artifacts/a2) by extension 'colcon_meta'
[10.360s] Level 1:colcon.colcon_core.package_identification:_identify(Library/Artifacts/a2) by extensions ['ros']
[10.361s] Level 1:colcon.colcon_core.package_identification:_identify(Library/Artifacts/a2) by extension 'ros'
[10.366s] Level 1:colcon.colcon_core.package_identification:_identify(Library/Artifacts/a2) by extensions ['cmake', 'python']
[10.366s] Level 1:colcon.colcon_core.package_identification:_identify(Library/Artifacts/a2) by extension 'cmake'
[10.368s] Level 1:colcon.colcon_core.package_identification:_identify(Library/Artifacts/a2) by extension 'python'
[10.369s] Level 1:colcon.colcon_core.package_identification:_identify(Library/Artifacts/a2) by extensions ['python_setup_py']
[10.369s] Level 1:colcon.colcon_core.package_identification:_identify(Library/Artifacts/a2) by extension 'python_setup_py'
[10.374s] Level 1:colcon.colcon_core.package_identification:_identify(Library/Artifacts/a3) by extensions ['ignore', 'ignore_ament_install']
[10.375s] Level 1:colcon.colcon_core.package_identification:_identify(Library/Artifacts/a3) by extension 'ignore'
[10.376s] Level 1:colcon.colcon_core.package_identification:_identify(Library/Artifacts/a3) by extension 'ignore_ament_install'
[10.379s] Level 1:colcon.colcon_core.package_identification:_identify(Library/Artifacts/a3) by extensions ['colcon_pkg']
[10.379s] Level 1:colcon.colcon_core.package_identification:_identify(Library/Artifacts/a3) by extension 'colcon_pkg'
[10.381s] Level 1:colcon.colcon_core.package_identification:_identify(Library/Artifacts/a3) by extensions ['colcon_meta']
[10.381s] Level 1:colcon.colcon_core.package_identification:_identify(Library/Artifacts/a3) by extension 'colcon_meta'
[10.386s] Level 1:colcon.colcon_core.package_identification:_identify(Library/Artifacts/a3) by extensions ['ros']
[10.386s] Level 1:colcon.colcon_core.package_identification:_identify(Library/Artifacts/a3) by extension 'ros'
[10.392s] Level 1:colcon.colcon_core.package_identification:_identify(Library/Artifacts/a3) by extensions ['cmake', 'python']
[10.393s] Level 1:colcon.colcon_core.package_identification:_identify(Library/Artifacts/a3) by extension 'cmake'
[10.394s] Level 1:colcon.colcon_core.package_identification:_identify(Library/Artifacts/a3) by extension 'python'
[10.395s] Level 1:colcon.colcon_core.package_identification:_identify(Library/Artifacts/a3) by extensions ['python_setup_py']
[10.396s] Level 1:colcon.colcon_core.package_identification:_identify(Library/Artifacts/a3) by extension 'python_setup_py'
[10.401s] Level 1:colcon.colcon_core.package_identification:_identify(Library/Artifacts/a4) by extensions ['ignore', 'ignore_ament_install']
[10.402s] Level 1:colcon.colcon_core.package_identification:_identify(Library/Artifacts/a4) by extension 'ignore'
[10.404s] Level 1:colcon.colcon_core.package_identification:_identify(Library/Artifacts/a4) by extension 'ignore_ament_install'
[10.406s] Level 1:colcon.colcon_core.package_identification:_identify(Library/Artifacts/a4) by extensions ['colcon_pkg']
[10.407s] Level 1:colcon.colcon_core.package_identification:_identify(Library/Artifacts/a4) by extension 'colcon_pkg'
[10.408s] Level 1:colcon.colcon_core.package_identification:_identify(Library/Artifacts/a4) by extensions ['colcon_meta']
[10.409s] Level 1:colcon.colcon_core.package_identification:_identify(Library/Artifacts/a4) by extension 'colcon_meta'
[10.411s] Level 1:colcon.colcon_core.package_identification:_identify(Library/Artifacts/a4) by extensions ['ros']
[10.412s] Level 1:colcon.colcon_core.package_identification:_identify(Library/Artifacts/a4) by extension 'ros'
[10.418s] Level 1:colcon.colcon_core.package_identification:_identify(Library/Artifacts/a4) by extensions ['cmake', 'python']
[10.419s] Level 1:colcon.colcon_core.package_identification:_identify(Library/Artifacts/a4) by extension 'cmake'
[10.421s] Level 1:colcon.colcon_core.package_identification:_identify(Library/Artifacts/a4) by extension 'python'
[10.424s] Level 1:colcon.colcon_core.package_identification:_identify(Library/Artifacts/a4) by extensions ['python_setup_py']
[10.424s] Level 1:colcon.colcon_core.package_identification:_identify(Library/Artifacts/a4) by extension 'python_setup_py'
[10.432s] Level 1:colcon.colcon_core.package_identification:_identify(Library/Artifacts/a5) by extensions ['ignore', 'ignore_ament_install']
[10.433s] Level 1:colcon.colcon_core.package_identification:_identify(Library/Artifacts/a5) by extension 'ignore'
[10.435s] Level 1:colcon.colcon_core.package_identification:_identify(Library/Artifacts/a5) by extension 'ignore_ament_install'
[10.439s] Level 1:colcon.colcon_core.package_identification:_identify(Library/Artifacts/a5) by extensions ['colcon_pkg']
[10.439s] Level 1:colcon.colcon_core.package_identification:_identify(Library/Artifacts/a5) by extension 'colcon_pkg'
[10.442s] Level 1:colcon.colcon_core.package_identification:_identify(Library/Artifacts/a5) by extensions ['colcon_meta']
[10.442s] Level 1:colcon.colcon_core.package_identification:_identify(Library/Artifacts/a5) by extension 'colcon_meta'
[10.446s] Level 1:colcon.colcon_core.package_identification:_identify(Library/Artifacts/a5) by extensions ['ros']
[10.447s] Level 1:colcon.colcon_core.package_identification:_identify(Library/Artifacts/a5) by extension 'ros'
[10.455s] Level 1:colcon.colcon_core.package_identification:_identify(Library/Artifacts/a5) by extensions ['cmake', 'python']
[10.456s] Level 1:colcon.colcon_core.package_identification:_identify(Library/Artifacts/a5) by extension 'cmake'
[10.458s] Level 1:colcon.colcon_core.package_identification:_identify(Library/Artifacts/a5) by extension 'python'
[10.460s] Level 1:colcon.colcon_core.package_identification:_identify(Library/Artifacts/a5) by extensions ['python_setup_py']
[10.461s] Level 1:colcon.colcon_core.package_identification:_identify(Library/Artifacts/a5) by extension 'python_setup_py'
[10.470s] Level 1:colcon.colcon_core.package_identification:_identify(Library/Artifacts/a6) by extensions ['ignore', 'ignore_ament_install']
[10.470s] Level 1:colcon.colcon_core.package_identification:_identify(Library/Artifacts/a6) by extension 'ignore'
[10.472s] Level 1:colcon.colcon_core.package_identification:_identify(Library/Artifacts/a6) by extension 'ignore_ament_install'
[10.476s] Level 1:colcon.colcon_core.package_identification:_identify(Library/Artifacts/a6) by extensions ['colcon_pkg']
[10.477s] Level 1:colcon.colcon_core.package_identification:_identify(Library/Artifacts/a6) by extension 'colcon_pkg'
[10.479s] Level 1:colcon.colcon_core.package_identification:_identify(Library/Artifacts/a6) by extensions ['colcon_meta']
[10.480s] Level 1:colcon.colcon_core.package_identification:_identify(Library/Artifacts/a6) by extension 'colcon_meta'
[10.484s] Level 1:colcon.colcon_core.package_identification:_identify(Library/Artifacts/a6) by extensions ['ros']
[10.484s] Level 1:colcon.colcon_core.package_identification:_identify(Library/Artifacts/a6) by extension 'ros'
[10.492s] Level 1:colcon.colcon_core.package_identification:_identify(Library/Artifacts/a6) by extensions ['cmake', 'python']
[10.492s] Level 1:colcon.colcon_core.package_identification:_identify(Library/Artifacts/a6) by extension 'cmake'
[10.495s] Level 1:colcon.colcon_core.package_identification:_identify(Library/Artifacts/a6) by extension 'python'
[10.496s] Level 1:colcon.colcon_core.package_identification:_identify(Library/Artifacts/a6) by extensions ['python_setup_py']
[10.497s] Level 1:colcon.colcon_core.package_identification:_identify(Library/Artifacts/a6) by extension 'python_setup_py'
[10.506s] Level 1:colcon.colcon_core.package_identification:_identify(Library/Artifacts/a7) by extensions ['ignore', 'ignore_ament_install']
[10.507s] Level 1:colcon.colcon_core.package_identification:_identify(Library/Artifacts/a7) by extension 'ignore'
[10.509s] Level 1:colcon.colcon_core.package_identification:_identify(Library/Artifacts/a7) by extension 'ignore_ament_install'
[10.513s] Level 1:colcon.colcon_core.package_identification:_identify(Library/Artifacts/a7) by extensions ['colcon_pkg']
[10.514s] Level 1:colcon.colcon_core.package_identification:_identify(Library/Artifacts/a7) by extension 'colcon_pkg'
[10.516s] Level 1:colcon.colcon_core.package_identification:_identify(Library/Artifacts/a7) by extensions ['colcon_meta']
[10.516s] Level 1:colcon.colcon_core.package_identification:_identify(Library/Artifacts/a7) by extension 'colcon_meta'
[10.520s] Level 1:colcon.colcon_core.package_identification:_identify(Library/Artifacts/a7) by extensions ['ros']
[10.521s] Level 1:colcon.colcon_core.package_identification:_identify(Library/Artifacts/a7) by extension 'ros'
[10.530s] Level 1:colcon.colcon_core.package_identification:_identify(Library/Artifacts/a7) by extensions ['cmake', 'python']
[10.531s] Level 1:colcon.colcon_core.package_identification:_identify(Library/Artifacts/a7) by extension 'cmake'
[10.533s] Level 1:colcon.colcon_core.package_identification:_identify(Library/Artifacts/a7) by extension 'python'
[10.536s] Level 1:colcon.colcon_core.package_identification:_identify(Library/Artifacts/a7) by extensions ['python_setup_py']
[10.537s] Level 1:colcon.colcon_core.package_identification:_identify(Library/Artifacts/a7) by extension 'python_setup_py'
[10.547s] Level 1:colcon.colcon_core.package_identification:_identify(Library/Artifacts/a8) by extensions ['ignore', 'ignore_ament_install']
[10.549s] Level 1:colcon.colcon_core.package_identification:_identify(Library/Artifacts/a8) by extension 'ignore'
[10.552s] Level 1:colcon.colcon_core.package_identification:_identify(Library/Artifacts/a8) by extension 'ignore_ament_install'
[10.557s] Level 1:colcon.colcon_core.package_identification:_identify(Library/Artifacts/a8) by extensions ['colcon_pkg']
[10.558s] Level 1:colcon.colcon_core.package_identification:_identify(Library/Artifacts/a8) by extension 'colcon_pkg'
[10.561s] Level 1:colcon.colcon_core.package_identification:_identify(Library/Artifacts/a8) by extensions ['colcon_meta']
[10.561s] Level 1:colcon.colcon_core.package_identification:_identify(Library/Artifacts/a8) by extension 'colcon_meta'
[10.565s] Level 1:colcon.colcon_core.package_identification:_identify(Library/Artifacts/a8) by extensions ['ros']
[10.566s] Level 1:colcon.colcon_core.package_identification:_identify(Library/Artifacts/a8) by extension 'ros'
[10.575s] Level 1:colcon.colcon_core.package_identification:_identify(Library/Artifacts/a8) by extensions ['cmake', 'python']
[10.575s] Level 1:colcon.colcon_core.package_identification:_identify(Library/Artifacts/a8) by extension 'cmake'
[10.578s] Level 1:colcon.colcon_core.package_identification:_identify(Library/Artifacts/a8) by extension 'python'
[10.580s] Level 1:colcon.colcon_core.package_identification:_identify(Library/Artifacts/a8) by extensions ['python_setup_py']
[10.581s] Level 1:colcon.colcon_core.package_identification:_identify(Library/Artifacts/a8) by extension 'python_setup_py'
[10.590s] Level 1:colcon.colcon_core.package_identification:_identify(Library/Artifacts/a9) by extensions ['ignore', 'ignore_ament_install']
[10.591s] Level 1:colcon.colcon_core.package_identification:_identify(Library/Artifacts/a9) by extension 'ignore'
[10.593s] Level 1:colcon.colcon_core.package_identification:_identify(Library/Artifacts/a9) by extension 'ignore_ament_install'
[10.597s] Level 1:colcon.colcon_core.package_identification:_identify(Library/Artifacts/a9) by extensions ['colcon_pkg']
[10.597s] Level 1:colcon.colcon_core.package_identification:_identify(Library/Artifacts/a9) by extension 'colcon_pkg'
[10.600s] Level 1:colcon.colcon_core.package_identification:_identify(Library/Artifacts/a9) by extensions ['colcon_meta']
[10.601s] Level 1:colcon.colcon_core.package_identification:_identify(Library/Artifacts/a9) by extension 'colcon_meta'
[10.604s] Level 1:colcon.colcon_core.package_identification:_identify(Library/Artifacts/a9) by extensions ['ros']
[10.605s] Level 1:colcon.colcon_core.package_identification:_identify(Library/Artifacts/a9) by extension 'ros'
[10.613s] Level 1:colcon.colcon_core.package_identification:_identify(Library/Artifacts/a9) by extensions ['cmake', 'python']
[10.614s] Level 1:colcon.colcon_core.package_identification:_identify(Library/Artifacts/a9) by extension 'cmake'
[10.616s] Level 1:colcon.colcon_core.package_identification:_identify(Library/Artifacts/a9) by extension 'python'
[10.619s] Level 1:colcon.colcon_core.package_identification:_identify(Library/Artifacts/a9) by extensions ['python_setup_py']
[10.619s] Level 1:colcon.colcon_core.package_identification:_identify(Library/Artifacts/a9) by extension 'python_setup_py'
[10.628s] Level 1:colcon.colcon_core.package_identification:_identify(Library/Artifacts/aa) by extensions ['ignore', 'ignore_ament_install']
[10.628s] Level 1:colcon.colcon_core.package_identification:_identify(Library/Artifacts/aa) by extension 'ignore'
[10.631s] Level 1:colcon.colcon_core.package_identification:_identify(Library/Artifacts/aa) by extension 'ignore_ament_install'
[10.635s] Level 1:colcon.colcon_core.package_identification:_identify(Library/Artifacts/aa) by extensions ['colcon_pkg']
[10.636s] Level 1:colcon.colcon_core.package_identification:_identify(Library/Artifacts/aa) by extension 'colcon_pkg'
[10.638s] Level 1:colcon.colcon_core.package_identification:_identify(Library/Artifacts/aa) by extensions ['colcon_meta']
[10.638s] Level 1:colcon.colcon_core.package_identification:_identify(Library/Artifacts/aa) by extension 'colcon_meta'
[10.642s] Level 1:colcon.colcon_core.package_identification:_identify(Library/Artifacts/aa) by extensions ['ros']
[10.643s] Level 1:colcon.colcon_core.package_identification:_identify(Library/Artifacts/aa) by extension 'ros'
[10.652s] Level 1:colcon.colcon_core.package_identification:_identify(Library/Artifacts/aa) by extensions ['cmake', 'python']
[10.652s] Level 1:colcon.colcon_core.package_identification:_identify(Library/Artifacts/aa) by extension 'cmake'
[10.655s] Level 1:colcon.colcon_core.package_identification:_identify(Library/Artifacts/aa) by extension 'python'
[10.657s] Level 1:colcon.colcon_core.package_identification:_identify(Library/Artifacts/aa) by extensions ['python_setup_py']
[10.658s] Level 1:colcon.colcon_core.package_identification:_identify(Library/Artifacts/aa) by extension 'python_setup_py'
[10.666s] Level 1:colcon.colcon_core.package_identification:_identify(Library/Artifacts/ab) by extensions ['ignore', 'ignore_ament_install']
[10.666s] Level 1:colcon.colcon_core.package_identification:_identify(Library/Artifacts/ab) by extension 'ignore'
[10.669s] Level 1:colcon.colcon_core.package_identification:_identify(Library/Artifacts/ab) by extension 'ignore_ament_install'
[10.673s] Level 1:colcon.colcon_core.package_identification:_identify(Library/Artifacts/ab) by extensions ['colcon_pkg']
[10.673s] Level 1:colcon.colcon_core.package_identification:_identify(Library/Artifacts/ab) by extension 'colcon_pkg'
[10.675s] Level 1:colcon.colcon_core.package_identification:_identify(Library/Artifacts/ab) by extensions ['colcon_meta']
[10.675s] Level 1:colcon.colcon_core.package_identification:_identify(Library/Artifacts/ab) by extension 'colcon_meta'
[10.679s] Level 1:colcon.colcon_core.package_identification:_identify(Library/Artifacts/ab) by extensions ['ros']
[10.679s] Level 1:colcon.colcon_core.package_identification:_identify(Library/Artifacts/ab) by extension 'ros'
[10.688s] Level 1:colcon.colcon_core.package_identification:_identify(Library/Artifacts/ab) by extensions ['cmake', 'python']
[10.688s] Level 1:colcon.colcon_core.package_identification:_identify(Library/Artifacts/ab) by extension 'cmake'
[10.690s] Level 1:colcon.colcon_core.package_identification:_identify(Library/Artifacts/ab) by extension 'python'
[10.691s] Level 1:colcon.colcon_core.package_identification:_identify(Library/Artifacts/ab) by extensions ['python_setup_py']
[10.692s] Level 1:colcon.colcon_core.package_identification:_identify(Library/Artifacts/ab) by extension 'python_setup_py'
[10.697s] Level 1:colcon.colcon_core.package_identification:_identify(Library/Artifacts/ac) by extensions ['ignore', 'ignore_ament_install']
[10.697s] Level 1:colcon.colcon_core.package_identification:_identify(Library/Artifacts/ac) by extension 'ignore'
[10.699s] Level 1:colcon.colcon_core.package_identification:_identify(Library/Artifacts/ac) by extension 'ignore_ament_install'
[10.702s] Level 1:colcon.colcon_core.package_identification:_identify(Library/Artifacts/ac) by extensions ['colcon_pkg']
[10.703s] Level 1:colcon.colcon_core.package_identification:_identify(Library/Artifacts/ac) by extension 'colcon_pkg'
[10.704s] Level 1:colcon.colcon_core.package_identification:_identify(Library/Artifacts/ac) by extensions ['colcon_meta']
[10.704s] Level 1:colcon.colcon_core.package_identification:_identify(Library/Artifacts/ac) by extension 'colcon_meta'
[10.707s] Level 1:colcon.colcon_core.package_identification:_identify(Library/Artifacts/ac) by extensions ['ros']
[10.707s] Level 1:colcon.colcon_core.package_identification:_identify(Library/Artifacts/ac) by extension 'ros'
[10.713s] Level 1:colcon.colcon_core.package_identification:_identify(Library/Artifacts/ac) by extensions ['cmake', 'python']
[10.713s] Level 1:colcon.colcon_core.package_identification:_identify(Library/Artifacts/ac) by extension 'cmake'
[10.715s] Level 1:colcon.colcon_core.package_identification:_identify(Library/Artifacts/ac) by extension 'python'
[10.717s] Level 1:colcon.colcon_core.package_identification:_identify(Library/Artifacts/ac) by extensions ['python_setup_py']
[10.718s] Level 1:colcon.colcon_core.package_identification:_identify(Library/Artifacts/ac) by extension 'python_setup_py'
[10.723s] Level 1:colcon.colcon_core.package_identification:_identify(Library/Artifacts/ad) by extensions ['ignore', 'ignore_ament_install']
[10.724s] Level 1:colcon.colcon_core.package_identification:_identify(Library/Artifacts/ad) by extension 'ignore'
[10.726s] Level 1:colcon.colcon_core.package_identification:_identify(Library/Artifacts/ad) by extension 'ignore_ament_install'
[10.728s] Level 1:colcon.colcon_core.package_identification:_identify(Library/Artifacts/ad) by extensions ['colcon_pkg']
[10.728s] Level 1:colcon.colcon_core.package_identification:_identify(Library/Artifacts/ad) by extension 'colcon_pkg'
[10.730s] Level 1:colcon.colcon_core.package_identification:_identify(Library/Artifacts/ad) by extensions ['colcon_meta']
[10.730s] Level 1:colcon.colcon_core.package_identification:_identify(Library/Artifacts/ad) by extension 'colcon_meta'
[10.733s] Level 1:colcon.colcon_core.package_identification:_identify(Library/Artifacts/ad) by extensions ['ros']
[10.733s] Level 1:colcon.colcon_core.package_identification:_identify(Library/Artifacts/ad) by extension 'ros'
[10.738s] Level 1:colcon.colcon_core.package_identification:_identify(Library/Artifacts/ad) by extensions ['cmake', 'python']
[10.739s] Level 1:colcon.colcon_core.package_identification:_identify(Library/Artifacts/ad) by extension 'cmake'
[10.741s] Level 1:colcon.colcon_core.package_identification:_identify(Library/Artifacts/ad) by extension 'python'
[10.742s] Level 1:colcon.colcon_core.package_identification:_identify(Library/Artifacts/ad) by extensions ['python_setup_py']
[10.742s] Level 1:colcon.colcon_core.package_identification:_identify(Library/Artifacts/ad) by extension 'python_setup_py'
[10.750s] Level 1:colcon.colcon_core.package_identification:_identify(Library/Artifacts/ae) by extensions ['ignore', 'ignore_ament_install']
[10.751s] Level 1:colcon.colcon_core.package_identification:_identify(Library/Artifacts/ae) by extension 'ignore'
[10.754s] Level 1:colcon.colcon_core.package_identification:_identify(Library/Artifacts/ae) by extension 'ignore_ament_install'
[10.759s] Level 1:colcon.colcon_core.package_identification:_identify(Library/Artifacts/ae) by extensions ['colcon_pkg']
[10.759s] Level 1:colcon.colcon_core.package_identification:_identify(Library/Artifacts/ae) by extension 'colcon_pkg'
[10.761s] Level 1:colcon.colcon_core.package_identification:_identify(Library/Artifacts/ae) by extensions ['colcon_meta']
[10.762s] Level 1:colcon.colcon_core.package_identification:_identify(Library/Artifacts/ae) by extension 'colcon_meta'
[10.766s] Level 1:colcon.colcon_core.package_identification:_identify(Library/Artifacts/ae) by extensions ['ros']
[10.767s] Level 1:colcon.colcon_core.package_identification:_identify(Library/Artifacts/ae) by extension 'ros'
[10.775s] Level 1:colcon.colcon_core.package_identification:_identify(Library/Artifacts/ae) by extensions ['cmake', 'python']
[10.776s] Level 1:colcon.colcon_core.package_identification:_identify(Library/Artifacts/ae) by extension 'cmake'
[10.778s] Level 1:colcon.colcon_core.package_identification:_identify(Library/Artifacts/ae) by extension 'python'
[10.779s] Level 1:colcon.colcon_core.package_identification:_identify(Library/Artifacts/ae) by extensions ['python_setup_py']
[10.780s] Level 1:colcon.colcon_core.package_identification:_identify(Library/Artifacts/ae) by extension 'python_setup_py'
[10.792s] Level 1:colcon.colcon_core.package_identification:_identify(Library/Artifacts/af) by extensions ['ignore', 'ignore_ament_install']
[10.793s] Level 1:colcon.colcon_core.package_identification:_identify(Library/Artifacts/af) by extension 'ignore'
[10.795s] Level 1:colcon.colcon_core.package_identification:_identify(Library/Artifacts/af) by extension 'ignore_ament_install'
[10.797s] Level 1:colcon.colcon_core.package_identification:_identify(Library/Artifacts/af) by extensions ['colcon_pkg']
[10.798s] Level 1:colcon.colcon_core.package_identification:_identify(Library/Artifacts/af) by extension 'colcon_pkg'
[10.800s] Level 1:colcon.colcon_core.package_identification:_identify(Library/Artifacts/af) by extensions ['colcon_meta']
[10.801s] Level 1:colcon.colcon_core.package_identification:_identify(Library/Artifacts/af) by extension 'colcon_meta'
[10.805s] Level 1:colcon.colcon_core.package_identification:_identify(Library/Artifacts/af) by extensions ['ros']
[10.806s] Level 1:colcon.colcon_core.package_identification:_identify(Library/Artifacts/af) by extension 'ros'
[10.814s] Level 1:colcon.colcon_core.package_identification:_identify(Library/Artifacts/af) by extensions ['cmake', 'python']
[10.815s] Level 1:colcon.colcon_core.package_identification:_identify(Library/Artifacts/af) by extension 'cmake'
[10.817s] Level 1:colcon.colcon_core.package_identification:_identify(Library/Artifacts/af) by extension 'python'
[10.819s] Level 1:colcon.colcon_core.package_identification:_identify(Library/Artifacts/af) by extensions ['python_setup_py']
[10.819s] Level 1:colcon.colcon_core.package_identification:_identify(Library/Artifacts/af) by extension 'python_setup_py'
[10.828s] Level 1:colcon.colcon_core.package_identification:_identify(Library/Artifacts/b0) by extensions ['ignore', 'ignore_ament_install']
[10.829s] Level 1:colcon.colcon_core.package_identification:_identify(Library/Artifacts/b0) by extension 'ignore'
[10.831s] Level 1:colcon.colcon_core.package_identification:_identify(Library/Artifacts/b0) by extension 'ignore_ament_install'
[10.836s] Level 1:colcon.colcon_core.package_identification:_identify(Library/Artifacts/b0) by extensions ['colcon_pkg']
[10.837s] Level 1:colcon.colcon_core.package_identification:_identify(Library/Artifacts/b0) by extension 'colcon_pkg'
[10.839s] Level 1:colcon.colcon_core.package_identification:_identify(Library/Artifacts/b0) by extensions ['colcon_meta']
[10.840s] Level 1:colcon.colcon_core.package_identification:_identify(Library/Artifacts/b0) by extension 'colcon_meta'
[10.845s] Level 1:colcon.colcon_core.package_identification:_identify(Library/Artifacts/b0) by extensions ['ros']
[10.846s] Level 1:colcon.colcon_core.package_identification:_identify(Library/Artifacts/b0) by extension 'ros'
[10.857s] Level 1:colcon.colcon_core.package_identification:_identify(Library/Artifacts/b0) by extensions ['cmake', 'python']
[10.858s] Level 1:colcon.colcon_core.package_identification:_identify(Library/Artifacts/b0) by extension 'cmake'
[10.861s] Level 1:colcon.colcon_core.package_identification:_identify(Library/Artifacts/b0) by extension 'python'
[10.864s] Level 1:colcon.colcon_core.package_identification:_identify(Library/Artifacts/b0) by extensions ['python_setup_py']
[10.865s] Level 1:colcon.colcon_core.package_identification:_identify(Library/Artifacts/b0) by extension 'python_setup_py'
[10.875s] Level 1:colcon.colcon_core.package_identification:_identify(Library/Artifacts/b1) by extensions ['ignore', 'ignore_ament_install']
[10.875s] Level 1:colcon.colcon_core.package_identification:_identify(Library/Artifacts/b1) by extension 'ignore'
[10.878s] Level 1:colcon.colcon_core.package_identification:_identify(Library/Artifacts/b1) by extension 'ignore_ament_install'
[10.883s] Level 1:colcon.colcon_core.package_identification:_identify(Library/Artifacts/b1) by extensions ['colcon_pkg']
[10.883s] Level 1:colcon.colcon_core.package_identification:_identify(Library/Artifacts/b1) by extension 'colcon_pkg'
[10.886s] Level 1:colcon.colcon_core.package_identification:_identify(Library/Artifacts/b1) by extensions ['colcon_meta']
[10.887s] Level 1:colcon.colcon_core.package_identification:_identify(Library/Artifacts/b1) by extension 'colcon_meta'
[10.891s] Level 1:colcon.colcon_core.package_identification:_identify(Library/Artifacts/b1) by extensions ['ros']
[10.892s] Level 1:colcon.colcon_core.package_identification:_identify(Library/Artifacts/b1) by extension 'ros'
[10.900s] Level 1:colcon.colcon_core.package_identification:_identify(Library/Artifacts/b1) by extensions ['cmake', 'python']
[10.901s] Level 1:colcon.colcon_core.package_identification:_identify(Library/Artifacts/b1) by extension 'cmake'
[10.904s] Level 1:colcon.colcon_core.package_identification:_identify(Library/Artifacts/b1) by extension 'python'
[10.908s] Level 1:colcon.colcon_core.package_identification:_identify(Library/Artifacts/b1) by extensions ['python_setup_py']
[10.909s] Level 1:colcon.colcon_core.package_identification:_identify(Library/Artifacts/b1) by extension 'python_setup_py'
[10.920s] Level 1:colcon.colcon_core.package_identification:_identify(Library/Artifacts/b2) by extensions ['ignore', 'ignore_ament_install']
[10.922s] Level 1:colcon.colcon_core.package_identification:_identify(Library/Artifacts/b2) by extension 'ignore'
[10.924s] Level 1:colcon.colcon_core.package_identification:_identify(Library/Artifacts/b2) by extension 'ignore_ament_install'
[10.929s] Level 1:colcon.colcon_core.package_identification:_identify(Library/Artifacts/b2) by extensions ['colcon_pkg']
[10.929s] Level 1:colcon.colcon_core.package_identification:_identify(Library/Artifacts/b2) by extension 'colcon_pkg'
[10.932s] Level 1:colcon.colcon_core.package_identification:_identify(Library/Artifacts/b2) by extensions ['colcon_meta']
[10.932s] Level 1:colcon.colcon_core.package_identification:_identify(Library/Artifacts/b2) by extension 'colcon_meta'
[10.937s] Level 1:colcon.colcon_core.package_identification:_identify(Library/Artifacts/b2) by extensions ['ros']
[10.938s] Level 1:colcon.colcon_core.package_identification:_identify(Library/Artifacts/b2) by extension 'ros'
[10.947s] Level 1:colcon.colcon_core.package_identification:_identify(Library/Artifacts/b2) by extensions ['cmake', 'python']
[10.947s] Level 1:colcon.colcon_core.package_identification:_identify(Library/Artifacts/b2) by extension 'cmake'
[10.949s] Level 1:colcon.colcon_core.package_identification:_identify(Library/Artifacts/b2) by extension 'python'
[10.951s] Level 1:colcon.colcon_core.package_identification:_identify(Library/Artifacts/b2) by extensions ['python_setup_py']
[10.952s] Level 1:colcon.colcon_core.package_identification:_identify(Library/Artifacts/b2) by extension 'python_setup_py'
[10.961s] Level 1:colcon.colcon_core.package_identification:_identify(Library/Artifacts/b3) by extensions ['ignore', 'ignore_ament_install']
[10.962s] Level 1:colcon.colcon_core.package_identification:_identify(Library/Artifacts/b3) by extension 'ignore'
[10.964s] Level 1:colcon.colcon_core.package_identification:_identify(Library/Artifacts/b3) by extension 'ignore_ament_install'
[10.968s] Level 1:colcon.colcon_core.package_identification:_identify(Library/Artifacts/b3) by extensions ['colcon_pkg']
[10.968s] Level 1:colcon.colcon_core.package_identification:_identify(Library/Artifacts/b3) by extension 'colcon_pkg'
[10.971s] Level 1:colcon.colcon_core.package_identification:_identify(Library/Artifacts/b3) by extensions ['colcon_meta']
[10.971s] Level 1:colcon.colcon_core.package_identification:_identify(Library/Artifacts/b3) by extension 'colcon_meta'
[10.976s] Level 1:colcon.colcon_core.package_identification:_identify(Library/Artifacts/b3) by extensions ['ros']
[10.976s] Level 1:colcon.colcon_core.package_identification:_identify(Library/Artifacts/b3) by extension 'ros'
[10.985s] Level 1:colcon.colcon_core.package_identification:_identify(Library/Artifacts/b3) by extensions ['cmake', 'python']
[10.986s] Level 1:colcon.colcon_core.package_identification:_identify(Library/Artifacts/b3) by extension 'cmake'
[10.988s] Level 1:colcon.colcon_core.package_identification:_identify(Library/Artifacts/b3) by extension 'python'
[10.990s] Level 1:colcon.colcon_core.package_identification:_identify(Library/Artifacts/b3) by extensions ['python_setup_py']
[10.991s] Level 1:colcon.colcon_core.package_identification:_identify(Library/Artifacts/b3) by extension 'python_setup_py'
[11.000s] Level 1:colcon.colcon_core.package_identification:_identify(Library/Artifacts/b4) by extensions ['ignore', 'ignore_ament_install']
[11.001s] Level 1:colcon.colcon_core.package_identification:_identify(Library/Artifacts/b4) by extension 'ignore'
[11.003s] Level 1:colcon.colcon_core.package_identification:_identify(Library/Artifacts/b4) by extension 'ignore_ament_install'
[11.007s] Level 1:colcon.colcon_core.package_identification:_identify(Library/Artifacts/b4) by extensions ['colcon_pkg']
[11.007s] Level 1:colcon.colcon_core.package_identification:_identify(Library/Artifacts/b4) by extension 'colcon_pkg'
[11.010s] Level 1:colcon.colcon_core.package_identification:_identify(Library/Artifacts/b4) by extensions ['colcon_meta']
[11.010s] Level 1:colcon.colcon_core.package_identification:_identify(Library/Artifacts/b4) by extension 'colcon_meta'
[11.013s] Level 1:colcon.colcon_core.package_identification:_identify(Library/Artifacts/b4) by extensions ['ros']
[11.014s] Level 1:colcon.colcon_core.package_identification:_identify(Library/Artifacts/b4) by extension 'ros'
[11.021s] Level 1:colcon.colcon_core.package_identification:_identify(Library/Artifacts/b4) by extensions ['cmake', 'python']
[11.021s] Level 1:colcon.colcon_core.package_identification:_identify(Library/Artifacts/b4) by extension 'cmake'
[11.025s] Level 1:colcon.colcon_core.package_identification:_identify(Library/Artifacts/b4) by extension 'python'
[11.027s] Level 1:colcon.colcon_core.package_identification:_identify(Library/Artifacts/b4) by extensions ['python_setup_py']
[11.027s] Level 1:colcon.colcon_core.package_identification:_identify(Library/Artifacts/b4) by extension 'python_setup_py'
[11.034s] Level 1:colcon.colcon_core.package_identification:_identify(Library/Artifacts/b5) by extensions ['ignore', 'ignore_ament_install']
[11.034s] Level 1:colcon.colcon_core.package_identification:_identify(Library/Artifacts/b5) by extension 'ignore'
[11.036s] Level 1:colcon.colcon_core.package_identification:_identify(Library/Artifacts/b5) by extension 'ignore_ament_install'
[11.038s] Level 1:colcon.colcon_core.package_identification:_identify(Library/Artifacts/b5) by extensions ['colcon_pkg']
[11.039s] Level 1:colcon.colcon_core.package_identification:_identify(Library/Artifacts/b5) by extension 'colcon_pkg'
[11.040s] Level 1:colcon.colcon_core.package_identification:_identify(Library/Artifacts/b5) by extensions ['colcon_meta']
[11.041s] Level 1:colcon.colcon_core.package_identification:_identify(Library/Artifacts/b5) by extension 'colcon_meta'
[11.047s] Level 1:colcon.colcon_core.package_identification:_identify(Library/Artifacts/b5) by extensions ['ros']
[11.048s] Level 1:colcon.colcon_core.package_identification:_identify(Library/Artifacts/b5) by extension 'ros'
[11.062s] Level 1:colcon.colcon_core.package_identification:_identify(Library/Artifacts/b5) by extensions ['cmake', 'python']
[11.063s] Level 1:colcon.colcon_core.package_identification:_identify(Library/Artifacts/b5) by extension 'cmake'
[11.066s] Level 1:colcon.colcon_core.package_identification:_identify(Library/Artifacts/b5) by extension 'python'
[11.068s] Level 1:colcon.colcon_core.package_identification:_identify(Library/Artifacts/b5) by extensions ['python_setup_py']
[11.069s] Level 1:colcon.colcon_core.package_identification:_identify(Library/Artifacts/b5) by extension 'python_setup_py'
[11.081s] Level 1:colcon.colcon_core.package_identification:_identify(Library/Artifacts/b6) by extensions ['ignore', 'ignore_ament_install']
[11.082s] Level 1:colcon.colcon_core.package_identification:_identify(Library/Artifacts/b6) by extension 'ignore'
[11.084s] Level 1:colcon.colcon_core.package_identification:_identify(Library/Artifacts/b6) by extension 'ignore_ament_install'
[11.096s] Level 1:colcon.colcon_core.package_identification:_identify(Library/Artifacts/b6) by extensions ['colcon_pkg']
[11.097s] Level 1:colcon.colcon_core.package_identification:_identify(Library/Artifacts/b6) by extension 'colcon_pkg'
[11.100s] Level 1:colcon.colcon_core.package_identification:_identify(Library/Artifacts/b6) by extensions ['colcon_meta']
[11.101s] Level 1:colcon.colcon_core.package_identification:_identify(Library/Artifacts/b6) by extension 'colcon_meta'
[11.107s] Level 1:colcon.colcon_core.package_identification:_identify(Library/Artifacts/b6) by extensions ['ros']
[11.108s] Level 1:colcon.colcon_core.package_identification:_identify(Library/Artifacts/b6) by extension 'ros'
[11.116s] Level 1:colcon.colcon_core.package_identification:_identify(Library/Artifacts/b6) by extensions ['cmake', 'python']
[11.117s] Level 1:colcon.colcon_core.package_identification:_identify(Library/Artifacts/b6) by extension 'cmake'
[11.119s] Level 1:colcon.colcon_core.package_identification:_identify(Library/Artifacts/b6) by extension 'python'
[11.121s] Level 1:colcon.colcon_core.package_identification:_identify(Library/Artifacts/b6) by extensions ['python_setup_py']
[11.122s] Level 1:colcon.colcon_core.package_identification:_identify(Library/Artifacts/b6) by extension 'python_setup_py'
[11.130s] Level 1:colcon.colcon_core.package_identification:_identify(Library/Artifacts/b7) by extensions ['ignore', 'ignore_ament_install']
[11.131s] Level 1:colcon.colcon_core.package_identification:_identify(Library/Artifacts/b7) by extension 'ignore'
[11.133s] Level 1:colcon.colcon_core.package_identification:_identify(Library/Artifacts/b7) by extension 'ignore_ament_install'
[11.138s] Level 1:colcon.colcon_core.package_identification:_identify(Library/Artifacts/b7) by extensions ['colcon_pkg']
[11.138s] Level 1:colcon.colcon_core.package_identification:_identify(Library/Artifacts/b7) by extension 'colcon_pkg'
[11.140s] Level 1:colcon.colcon_core.package_identification:_identify(Library/Artifacts/b7) by extensions ['colcon_meta']
[11.141s] Level 1:colcon.colcon_core.package_identification:_identify(Library/Artifacts/b7) by extension 'colcon_meta'
[11.144s] Level 1:colcon.colcon_core.package_identification:_identify(Library/Artifacts/b7) by extensions ['ros']
[11.145s] Level 1:colcon.colcon_core.package_identification:_identify(Library/Artifacts/b7) by extension 'ros'
[11.154s] Level 1:colcon.colcon_core.package_identification:_identify(Library/Artifacts/b7) by extensions ['cmake', 'python']
[11.154s] Level 1:colcon.colcon_core.package_identification:_identify(Library/Artifacts/b7) by extension 'cmake'
[11.157s] Level 1:colcon.colcon_core.package_identification:_identify(Library/Artifacts/b7) by extension 'python'
[11.159s] Level 1:colcon.colcon_core.package_identification:_identify(Library/Artifacts/b7) by extensions ['python_setup_py']
[11.160s] Level 1:colcon.colcon_core.package_identification:_identify(Library/Artifacts/b7) by extension 'python_setup_py'
[11.169s] Level 1:colcon.colcon_core.package_identification:_identify(Library/Artifacts/b8) by extensions ['ignore', 'ignore_ament_install']
[11.170s] Level 1:colcon.colcon_core.package_identification:_identify(Library/Artifacts/b8) by extension 'ignore'
[11.173s] Level 1:colcon.colcon_core.package_identification:_identify(Library/Artifacts/b8) by extension 'ignore_ament_install'
[11.178s] Level 1:colcon.colcon_core.package_identification:_identify(Library/Artifacts/b8) by extensions ['colcon_pkg']
[11.178s] Level 1:colcon.colcon_core.package_identification:_identify(Library/Artifacts/b8) by extension 'colcon_pkg'
[11.179s] Level 1:colcon.colcon_core.package_identification:_identify(Library/Artifacts/b8) by extensions ['colcon_meta']
[11.180s] Level 1:colcon.colcon_core.package_identification:_identify(Library/Artifacts/b8) by extension 'colcon_meta'
[11.182s] Level 1:colcon.colcon_core.package_identification:_identify(Library/Artifacts/b8) by extensions ['ros']
[11.183s] Level 1:colcon.colcon_core.package_identification:_identify(Library/Artifacts/b8) by extension 'ros'
[11.188s] Level 1:colcon.colcon_core.package_identification:_identify(Library/Artifacts/b8) by extensions ['cmake', 'python']
[11.189s] Level 1:colcon.colcon_core.package_identification:_identify(Library/Artifacts/b8) by extension 'cmake'
[11.192s] Level 1:colcon.colcon_core.package_identification:_identify(Library/Artifacts/b8) by extension 'python'
[11.193s] Level 1:colcon.colcon_core.package_identification:_identify(Library/Artifacts/b8) by extensions ['python_setup_py']
[11.194s] Level 1:colcon.colcon_core.package_identification:_identify(Library/Artifacts/b8) by extension 'python_setup_py'
[11.199s] Level 1:colcon.colcon_core.package_identification:_identify(Library/Artifacts/b9) by extensions ['ignore', 'ignore_ament_install']
[11.200s] Level 1:colcon.colcon_core.package_identification:_identify(Library/Artifacts/b9) by extension 'ignore'
[11.201s] Level 1:colcon.colcon_core.package_identification:_identify(Library/Artifacts/b9) by extension 'ignore_ament_install'
[11.204s] Level 1:colcon.colcon_core.package_identification:_identify(Library/Artifacts/b9) by extensions ['colcon_pkg']
[11.204s] Level 1:colcon.colcon_core.package_identification:_identify(Library/Artifacts/b9) by extension 'colcon_pkg'
[11.206s] Level 1:colcon.colcon_core.package_identification:_identify(Library/Artifacts/b9) by extensions ['colcon_meta']
[11.206s] Level 1:colcon.colcon_core.package_identification:_identify(Library/Artifacts/b9) by extension 'colcon_meta'
[11.209s] Level 1:colcon.colcon_core.package_identification:_identify(Library/Artifacts/b9) by extensions ['ros']
[11.210s] Level 1:colcon.colcon_core.package_identification:_identify(Library/Artifacts/b9) by extension 'ros'
[11.215s] Level 1:colcon.colcon_core.package_identification:_identify(Library/Artifacts/b9) by extensions ['cmake', 'python']
[11.215s] Level 1:colcon.colcon_core.package_identification:_identify(Library/Artifacts/b9) by extension 'cmake'
[11.217s] Level 1:colcon.colcon_core.package_identification:_identify(Library/Artifacts/b9) by extension 'python'
[11.219s] Level 1:colcon.colcon_core.package_identification:_identify(Library/Artifacts/b9) by extensions ['python_setup_py']
[11.219s] Level 1:colcon.colcon_core.package_identification:_identify(Library/Artifacts/b9) by extension 'python_setup_py'
[11.224s] Level 1:colcon.colcon_core.package_identification:_identify(Library/Artifacts/ba) by extensions ['ignore', 'ignore_ament_install']
[11.225s] Level 1:colcon.colcon_core.package_identification:_identify(Library/Artifacts/ba) by extension 'ignore'
[11.227s] Level 1:colcon.colcon_core.package_identification:_identify(Library/Artifacts/ba) by extension 'ignore_ament_install'
[11.232s] Level 1:colcon.colcon_core.package_identification:_identify(Library/Artifacts/ba) by extensions ['colcon_pkg']
[11.233s] Level 1:colcon.colcon_core.package_identification:_identify(Library/Artifacts/ba) by extension 'colcon_pkg'
[11.237s] Level 1:colcon.colcon_core.package_identification:_identify(Library/Artifacts/ba) by extensions ['colcon_meta']
[11.237s] Level 1:colcon.colcon_core.package_identification:_identify(Library/Artifacts/ba) by extension 'colcon_meta'
[11.241s] Level 1:colcon.colcon_core.package_identification:_identify(Library/Artifacts/ba) by extensions ['ros']
[11.242s] Level 1:colcon.colcon_core.package_identification:_identify(Library/Artifacts/ba) by extension 'ros'
[11.250s] Level 1:colcon.colcon_core.package_identification:_identify(Library/Artifacts/ba) by extensions ['cmake', 'python']
[11.250s] Level 1:colcon.colcon_core.package_identification:_identify(Library/Artifacts/ba) by extension 'cmake'
[11.252s] Level 1:colcon.colcon_core.package_identification:_identify(Library/Artifacts/ba) by extension 'python'
[11.254s] Level 1:colcon.colcon_core.package_identification:_identify(Library/Artifacts/ba) by extensions ['python_setup_py']
[11.255s] Level 1:colcon.colcon_core.package_identification:_identify(Library/Artifacts/ba) by extension 'python_setup_py'
[11.263s] Level 1:colcon.colcon_core.package_identification:_identify(Library/Artifacts/bb) by extensions ['ignore', 'ignore_ament_install']
[11.264s] Level 1:colcon.colcon_core.package_identification:_identify(Library/Artifacts/bb) by extension 'ignore'
[11.266s] Level 1:colcon.colcon_core.package_identification:_identify(Library/Artifacts/bb) by extension 'ignore_ament_install'
[11.270s] Level 1:colcon.colcon_core.package_identification:_identify(Library/Artifacts/bb) by extensions ['colcon_pkg']
[11.271s] Level 1:colcon.colcon_core.package_identification:_identify(Library/Artifacts/bb) by extension 'colcon_pkg'
[11.273s] Level 1:colcon.colcon_core.package_identification:_identify(Library/Artifacts/bb) by extensions ['colcon_meta']
[11.274s] Level 1:colcon.colcon_core.package_identification:_identify(Library/Artifacts/bb) by extension 'colcon_meta'
[11.278s] Level 1:colcon.colcon_core.package_identification:_identify(Library/Artifacts/bb) by extensions ['ros']
[11.278s] Level 1:colcon.colcon_core.package_identification:_identify(Library/Artifacts/bb) by extension 'ros'
[11.285s] Level 1:colcon.colcon_core.package_identification:_identify(Library/Artifacts/bb) by extensions ['cmake', 'python']
[11.285s] Level 1:colcon.colcon_core.package_identification:_identify(Library/Artifacts/bb) by extension 'cmake'
[11.288s] Level 1:colcon.colcon_core.package_identification:_identify(Library/Artifacts/bb) by extension 'python'
[11.290s] Level 1:colcon.colcon_core.package_identification:_identify(Library/Artifacts/bb) by extensions ['python_setup_py']
[11.290s] Level 1:colcon.colcon_core.package_identification:_identify(Library/Artifacts/bb) by extension 'python_setup_py'
[11.299s] Level 1:colcon.colcon_core.package_identification:_identify(Library/Artifacts/bc) by extensions ['ignore', 'ignore_ament_install']
[11.299s] Level 1:colcon.colcon_core.package_identification:_identify(Library/Artifacts/bc) by extension 'ignore'
[11.302s] Level 1:colcon.colcon_core.package_identification:_identify(Library/Artifacts/bc) by extension 'ignore_ament_install'
[11.306s] Level 1:colcon.colcon_core.package_identification:_identify(Library/Artifacts/bc) by extensions ['colcon_pkg']
[11.307s] Level 1:colcon.colcon_core.package_identification:_identify(Library/Artifacts/bc) by extension 'colcon_pkg'
[11.309s] Level 1:colcon.colcon_core.package_identification:_identify(Library/Artifacts/bc) by extensions ['colcon_meta']
[11.310s] Level 1:colcon.colcon_core.package_identification:_identify(Library/Artifacts/bc) by extension 'colcon_meta'
[11.314s] Level 1:colcon.colcon_core.package_identification:_identify(Library/Artifacts/bc) by extensions ['ros']
[11.314s] Level 1:colcon.colcon_core.package_identification:_identify(Library/Artifacts/bc) by extension 'ros'
[11.321s] Level 1:colcon.colcon_core.package_identification:_identify(Library/Artifacts/bc) by extensions ['cmake', 'python']
[11.322s] Level 1:colcon.colcon_core.package_identification:_identify(Library/Artifacts/bc) by extension 'cmake'
[11.324s] Level 1:colcon.colcon_core.package_identification:_identify(Library/Artifacts/bc) by extension 'python'
[11.326s] Level 1:colcon.colcon_core.package_identification:_identify(Library/Artifacts/bc) by extensions ['python_setup_py']
[11.326s] Level 1:colcon.colcon_core.package_identification:_identify(Library/Artifacts/bc) by extension 'python_setup_py'
[11.335s] Level 1:colcon.colcon_core.package_identification:_identify(Library/Artifacts/bd) by extensions ['ignore', 'ignore_ament_install']
[11.335s] Level 1:colcon.colcon_core.package_identification:_identify(Library/Artifacts/bd) by extension 'ignore'
[11.337s] Level 1:colcon.colcon_core.package_identification:_identify(Library/Artifacts/bd) by extension 'ignore_ament_install'
[11.340s] Level 1:colcon.colcon_core.package_identification:_identify(Library/Artifacts/bd) by extensions ['colcon_pkg']
[11.340s] Level 1:colcon.colcon_core.package_identification:_identify(Library/Artifacts/bd) by extension 'colcon_pkg'
[11.342s] Level 1:colcon.colcon_core.package_identification:_identify(Library/Artifacts/bd) by extensions ['colcon_meta']
[11.342s] Level 1:colcon.colcon_core.package_identification:_identify(Library/Artifacts/bd) by extension 'colcon_meta'
[11.344s] Level 1:colcon.colcon_core.package_identification:_identify(Library/Artifacts/bd) by extensions ['ros']
[11.345s] Level 1:colcon.colcon_core.package_identification:_identify(Library/Artifacts/bd) by extension 'ros'
[11.350s] Level 1:colcon.colcon_core.package_identification:_identify(Library/Artifacts/bd) by extensions ['cmake', 'python']
[11.350s] Level 1:colcon.colcon_core.package_identification:_identify(Library/Artifacts/bd) by extension 'cmake'
[11.352s] Level 1:colcon.colcon_core.package_identification:_identify(Library/Artifacts/bd) by extension 'python'
[11.353s] Level 1:colcon.colcon_core.package_identification:_identify(Library/Artifacts/bd) by extensions ['python_setup_py']
[11.353s] Level 1:colcon.colcon_core.package_identification:_identify(Library/Artifacts/bd) by extension 'python_setup_py'
[11.360s] Level 1:colcon.colcon_core.package_identification:_identify(Library/Artifacts/be) by extensions ['ignore', 'ignore_ament_install']
[11.360s] Level 1:colcon.colcon_core.package_identification:_identify(Library/Artifacts/be) by extension 'ignore'
[11.362s] Level 1:colcon.colcon_core.package_identification:_identify(Library/Artifacts/be) by extension 'ignore_ament_install'
[11.364s] Level 1:colcon.colcon_core.package_identification:_identify(Library/Artifacts/be) by extensions ['colcon_pkg']
[11.365s] Level 1:colcon.colcon_core.package_identification:_identify(Library/Artifacts/be) by extension 'colcon_pkg'
[11.366s] Level 1:colcon.colcon_core.package_identification:_identify(Library/Artifacts/be) by extensions ['colcon_meta']
[11.367s] Level 1:colcon.colcon_core.package_identification:_identify(Library/Artifacts/be) by extension 'colcon_meta'
[11.370s] Level 1:colcon.colcon_core.package_identification:_identify(Library/Artifacts/be) by extensions ['ros']
[11.374s] Level 1:colcon.colcon_core.package_identification:_identify(Library/Artifacts/be) by extension 'ros'
[11.378s] Level 1:colcon.colcon_core.package_identification:_identify(Library/Artifacts/be) by extensions ['cmake', 'python']
[11.379s] Level 1:colcon.colcon_core.package_identification:_identify(Library/Artifacts/be) by extension 'cmake'
[11.380s] Level 1:colcon.colcon_core.package_identification:_identify(Library/Artifacts/be) by extension 'python'
[11.381s] Level 1:colcon.colcon_core.package_identification:_identify(Library/Artifacts/be) by extensions ['python_setup_py']
[11.382s] Level 1:colcon.colcon_core.package_identification:_identify(Library/Artifacts/be) by extension 'python_setup_py'
[11.387s] Level 1:colcon.colcon_core.package_identification:_identify(Library/Artifacts/bf) by extensions ['ignore', 'ignore_ament_install']
[11.387s] Level 1:colcon.colcon_core.package_identification:_identify(Library/Artifacts/bf) by extension 'ignore'
[11.390s] Level 1:colcon.colcon_core.package_identification:_identify(Library/Artifacts/bf) by extension 'ignore_ament_install'
[11.397s] Level 1:colcon.colcon_core.package_identification:_identify(Library/Artifacts/bf) by extensions ['colcon_pkg']
[11.397s] Level 1:colcon.colcon_core.package_identification:_identify(Library/Artifacts/bf) by extension 'colcon_pkg'
[11.401s] Level 1:colcon.colcon_core.package_identification:_identify(Library/Artifacts/bf) by extensions ['colcon_meta']
[11.402s] Level 1:colcon.colcon_core.package_identification:_identify(Library/Artifacts/bf) by extension 'colcon_meta'
[11.409s] Level 1:colcon.colcon_core.package_identification:_identify(Library/Artifacts/bf) by extensions ['ros']
[11.410s] Level 1:colcon.colcon_core.package_identification:_identify(Library/Artifacts/bf) by extension 'ros'
[11.424s] Level 1:colcon.colcon_core.package_identification:_identify(Library/Artifacts/bf) by extensions ['cmake', 'python']
[11.425s] Level 1:colcon.colcon_core.package_identification:_identify(Library/Artifacts/bf) by extension 'cmake'
[11.427s] Level 1:colcon.colcon_core.package_identification:_identify(Library/Artifacts/bf) by extension 'python'
[11.433s] Level 1:colcon.colcon_core.package_identification:_identify(Library/Artifacts/bf) by extensions ['python_setup_py']
[11.434s] Level 1:colcon.colcon_core.package_identification:_identify(Library/Artifacts/bf) by extension 'python_setup_py'
[11.445s] Level 1:colcon.colcon_core.package_identification:_identify(Library/Artifacts/c0) by extensions ['ignore', 'ignore_ament_install']
[11.446s] Level 1:colcon.colcon_core.package_identification:_identify(Library/Artifacts/c0) by extension 'ignore'
[11.449s] Level 1:colcon.colcon_core.package_identification:_identify(Library/Artifacts/c0) by extension 'ignore_ament_install'
[11.453s] Level 1:colcon.colcon_core.package_identification:_identify(Library/Artifacts/c0) by extensions ['colcon_pkg']
[11.454s] Level 1:colcon.colcon_core.package_identification:_identify(Library/Artifacts/c0) by extension 'colcon_pkg'
[11.457s] Level 1:colcon.colcon_core.package_identification:_identify(Library/Artifacts/c0) by extensions ['colcon_meta']
[11.458s] Level 1:colcon.colcon_core.package_identification:_identify(Library/Artifacts/c0) by extension 'colcon_meta'
[11.461s] Level 1:colcon.colcon_core.package_identification:_identify(Library/Artifacts/c0) by extensions ['ros']
[11.462s] Level 1:colcon.colcon_core.package_identification:_identify(Library/Artifacts/c0) by extension 'ros'
[11.471s] Level 1:colcon.colcon_core.package_identification:_identify(Library/Artifacts/c0) by extensions ['cmake', 'python']
[11.472s] Level 1:colcon.colcon_core.package_identification:_identify(Library/Artifacts/c0) by extension 'cmake'
[11.475s] Level 1:colcon.colcon_core.package_identification:_identify(Library/Artifacts/c0) by extension 'python'
[11.477s] Level 1:colcon.colcon_core.package_identification:_identify(Library/Artifacts/c0) by extensions ['python_setup_py']
[11.478s] Level 1:colcon.colcon_core.package_identification:_identify(Library/Artifacts/c0) by extension 'python_setup_py'
[11.486s] Level 1:colcon.colcon_core.package_identification:_identify(Library/Artifacts/c1) by extensions ['ignore', 'ignore_ament_install']
[11.487s] Level 1:colcon.colcon_core.package_identification:_identify(Library/Artifacts/c1) by extension 'ignore'
[11.490s] Level 1:colcon.colcon_core.package_identification:_identify(Library/Artifacts/c1) by extension 'ignore_ament_install'
[11.497s] Level 1:colcon.colcon_core.package_identification:_identify(Library/Artifacts/c1) by extensions ['colcon_pkg']
[11.498s] Level 1:colcon.colcon_core.package_identification:_identify(Library/Artifacts/c1) by extension 'colcon_pkg'
[11.502s] Level 1:colcon.colcon_core.package_identification:_identify(Library/Artifacts/c1) by extensions ['colcon_meta']
[11.503s] Level 1:colcon.colcon_core.package_identification:_identify(Library/Artifacts/c1) by extension 'colcon_meta'
[11.508s] Level 1:colcon.colcon_core.package_identification:_identify(Library/Artifacts/c1) by extensions ['ros']
[11.509s] Level 1:colcon.colcon_core.package_identification:_identify(Library/Artifacts/c1) by extension 'ros'
[11.518s] Level 1:colcon.colcon_core.package_identification:_identify(Library/Artifacts/c1) by extensions ['cmake', 'python']
[11.519s] Level 1:colcon.colcon_core.package_identification:_identify(Library/Artifacts/c1) by extension 'cmake'
[11.523s] Level 1:colcon.colcon_core.package_identification:_identify(Library/Artifacts/c1) by extension 'python'
[11.527s] Level 1:colcon.colcon_core.package_identification:_identify(Library/Artifacts/c1) by extensions ['python_setup_py']
[11.528s] Level 1:colcon.colcon_core.package_identification:_identify(Library/Artifacts/c1) by extension 'python_setup_py'
[11.537s] Level 1:colcon.colcon_core.package_identification:_identify(Library/Artifacts/c2) by extensions ['ignore', 'ignore_ament_install']
[11.538s] Level 1:colcon.colcon_core.package_identification:_identify(Library/Artifacts/c2) by extension 'ignore'
[11.540s] Level 1:colcon.colcon_core.package_identification:_identify(Library/Artifacts/c2) by extension 'ignore_ament_install'
[11.545s] Level 1:colcon.colcon_core.package_identification:_identify(Library/Artifacts/c2) by extensions ['colcon_pkg']
[11.546s] Level 1:colcon.colcon_core.package_identification:_identify(Library/Artifacts/c2) by extension 'colcon_pkg'
[11.548s] Level 1:colcon.colcon_core.package_identification:_identify(Library/Artifacts/c2) by extensions ['colcon_meta']
[11.549s] Level 1:colcon.colcon_core.package_identification:_identify(Library/Artifacts/c2) by extension 'colcon_meta'
[11.553s] Level 1:colcon.colcon_core.package_identification:_identify(Library/Artifacts/c2) by extensions ['ros']
[11.554s] Level 1:colcon.colcon_core.package_identification:_identify(Library/Artifacts/c2) by extension 'ros'
[11.562s] Level 1:colcon.colcon_core.package_identification:_identify(Library/Artifacts/c2) by extensions ['cmake', 'python']
[11.563s] Level 1:colcon.colcon_core.package_identification:_identify(Library/Artifacts/c2) by extension 'cmake'
[11.564s] Level 1:colcon.colcon_core.package_identification:_identify(Library/Artifacts/c2) by extension 'python'
[11.566s] Level 1:colcon.colcon_core.package_identification:_identify(Library/Artifacts/c2) by extensions ['python_setup_py']
[11.567s] Level 1:colcon.colcon_core.package_identification:_identify(Library/Artifacts/c2) by extension 'python_setup_py'
[11.575s] Level 1:colcon.colcon_core.package_identification:_identify(Library/Artifacts/c3) by extensions ['ignore', 'ignore_ament_install']
[11.576s] Level 1:colcon.colcon_core.package_identification:_identify(Library/Artifacts/c3) by extension 'ignore'
[11.578s] Level 1:colcon.colcon_core.package_identification:_identify(Library/Artifacts/c3) by extension 'ignore_ament_install'
[11.582s] Level 1:colcon.colcon_core.package_identification:_identify(Library/Artifacts/c3) by extensions ['colcon_pkg']
[11.583s] Level 1:colcon.colcon_core.package_identification:_identify(Library/Artifacts/c3) by extension 'colcon_pkg'
[11.585s] Level 1:colcon.colcon_core.package_identification:_identify(Library/Artifacts/c3) by extensions ['colcon_meta']
[11.586s] Level 1:colcon.colcon_core.package_identification:_identify(Library/Artifacts/c3) by extension 'colcon_meta'
[11.590s] Level 1:colcon.colcon_core.package_identification:_identify(Library/Artifacts/c3) by extensions ['ros']
[11.590s] Level 1:colcon.colcon_core.package_identification:_identify(Library/Artifacts/c3) by extension 'ros'
[11.599s] Level 1:colcon.colcon_core.package_identification:_identify(Library/Artifacts/c3) by extensions ['cmake', 'python']
[11.600s] Level 1:colcon.colcon_core.package_identification:_identify(Library/Artifacts/c3) by extension 'cmake'
[11.602s] Level 1:colcon.colcon_core.package_identification:_identify(Library/Artifacts/c3) by extension 'python'
[11.605s] Level 1:colcon.colcon_core.package_identification:_identify(Library/Artifacts/c3) by extensions ['python_setup_py']
[11.605s] Level 1:colcon.colcon_core.package_identification:_identify(Library/Artifacts/c3) by extension 'python_setup_py'
[11.614s] Level 1:colcon.colcon_core.package_identification:_identify(Library/Artifacts/c4) by extensions ['ignore', 'ignore_ament_install']
[11.615s] Level 1:colcon.colcon_core.package_identification:_identify(Library/Artifacts/c4) by extension 'ignore'
[11.618s] Level 1:colcon.colcon_core.package_identification:_identify(Library/Artifacts/c4) by extension 'ignore_ament_install'
[11.621s] Level 1:colcon.colcon_core.package_identification:_identify(Library/Artifacts/c4) by extensions ['colcon_pkg']
[11.622s] Level 1:colcon.colcon_core.package_identification:_identify(Library/Artifacts/c4) by extension 'colcon_pkg'
[11.624s] Level 1:colcon.colcon_core.package_identification:_identify(Library/Artifacts/c4) by extensions ['colcon_meta']
[11.624s] Level 1:colcon.colcon_core.package_identification:_identify(Library/Artifacts/c4) by extension 'colcon_meta'
[11.629s] Level 1:colcon.colcon_core.package_identification:_identify(Library/Artifacts/c4) by extensions ['ros']
[11.629s] Level 1:colcon.colcon_core.package_identification:_identify(Library/Artifacts/c4) by extension 'ros'
[11.638s] Level 1:colcon.colcon_core.package_identification:_identify(Library/Artifacts/c4) by extensions ['cmake', 'python']
[11.638s] Level 1:colcon.colcon_core.package_identification:_identify(Library/Artifacts/c4) by extension 'cmake'
[11.641s] Level 1:colcon.colcon_core.package_identification:_identify(Library/Artifacts/c4) by extension 'python'
[11.644s] Level 1:colcon.colcon_core.package_identification:_identify(Library/Artifacts/c4) by extensions ['python_setup_py']
[11.644s] Level 1:colcon.colcon_core.package_identification:_identify(Library/Artifacts/c4) by extension 'python_setup_py'
[11.653s] Level 1:colcon.colcon_core.package_identification:_identify(Library/Artifacts/c5) by extensions ['ignore', 'ignore_ament_install']
[11.654s] Level 1:colcon.colcon_core.package_identification:_identify(Library/Artifacts/c5) by extension 'ignore'
[11.656s] Level 1:colcon.colcon_core.package_identification:_identify(Library/Artifacts/c5) by extension 'ignore_ament_install'
[11.659s] Level 1:colcon.colcon_core.package_identification:_identify(Library/Artifacts/c5) by extensions ['colcon_pkg']
[11.660s] Level 1:colcon.colcon_core.package_identification:_identify(Library/Artifacts/c5) by extension 'colcon_pkg'
[11.663s] Level 1:colcon.colcon_core.package_identification:_identify(Library/Artifacts/c5) by extensions ['colcon_meta']
[11.663s] Level 1:colcon.colcon_core.package_identification:_identify(Library/Artifacts/c5) by extension 'colcon_meta'
[11.666s] Level 1:colcon.colcon_core.package_identification:_identify(Library/Artifacts/c5) by extensions ['ros']
[11.666s] Level 1:colcon.colcon_core.package_identification:_identify(Library/Artifacts/c5) by extension 'ros'
[11.671s] Level 1:colcon.colcon_core.package_identification:_identify(Library/Artifacts/c5) by extensions ['cmake', 'python']
[11.672s] Level 1:colcon.colcon_core.package_identification:_identify(Library/Artifacts/c5) by extension 'cmake'
[11.673s] Level 1:colcon.colcon_core.package_identification:_identify(Library/Artifacts/c5) by extension 'python'
[11.675s] Level 1:colcon.colcon_core.package_identification:_identify(Library/Artifacts/c5) by extensions ['python_setup_py']
[11.675s] Level 1:colcon.colcon_core.package_identification:_identify(Library/Artifacts/c5) by extension 'python_setup_py'
[11.681s] Level 1:colcon.colcon_core.package_identification:_identify(Library/Artifacts/c6) by extensions ['ignore', 'ignore_ament_install']
[11.681s] Level 1:colcon.colcon_core.package_identification:_identify(Library/Artifacts/c6) by extension 'ignore'
[11.683s] Level 1:colcon.colcon_core.package_identification:_identify(Library/Artifacts/c6) by extension 'ignore_ament_install'
[11.685s] Level 1:colcon.colcon_core.package_identification:_identify(Library/Artifacts/c6) by extensions ['colcon_pkg']
[11.685s] Level 1:colcon.colcon_core.package_identification:_identify(Library/Artifacts/c6) by extension 'colcon_pkg'
[11.687s] Level 1:colcon.colcon_core.package_identification:_identify(Library/Artifacts/c6) by extensions ['colcon_meta']
[11.687s] Level 1:colcon.colcon_core.package_identification:_identify(Library/Artifacts/c6) by extension 'colcon_meta'
[11.695s] Level 1:colcon.colcon_core.package_identification:_identify(Library/Artifacts/c6) by extensions ['ros']
[11.696s] Level 1:colcon.colcon_core.package_identification:_identify(Library/Artifacts/c6) by extension 'ros'
[11.706s] Level 1:colcon.colcon_core.package_identification:_identify(Library/Artifacts/c6) by extensions ['cmake', 'python']
[11.707s] Level 1:colcon.colcon_core.package_identification:_identify(Library/Artifacts/c6) by extension 'cmake'
[11.710s] Level 1:colcon.colcon_core.package_identification:_identify(Library/Artifacts/c6) by extension 'python'
[11.713s] Level 1:colcon.colcon_core.package_identification:_identify(Library/Artifacts/c6) by extensions ['python_setup_py']
[11.714s] Level 1:colcon.colcon_core.package_identification:_identify(Library/Artifacts/c6) by extension 'python_setup_py'
[11.726s] Level 1:colcon.colcon_core.package_identification:_identify(Library/Artifacts/c7) by extensions ['ignore', 'ignore_ament_install']
[11.727s] Level 1:colcon.colcon_core.package_identification:_identify(Library/Artifacts/c7) by extension 'ignore'
[11.729s] Level 1:colcon.colcon_core.package_identification:_identify(Library/Artifacts/c7) by extension 'ignore_ament_install'
[11.736s] Level 1:colcon.colcon_core.package_identification:_identify(Library/Artifacts/c7) by extensions ['colcon_pkg']
[11.737s] Level 1:colcon.colcon_core.package_identification:_identify(Library/Artifacts/c7) by extension 'colcon_pkg'
[11.740s] Level 1:colcon.colcon_core.package_identification:_identify(Library/Artifacts/c7) by extensions ['colcon_meta']
[11.741s] Level 1:colcon.colcon_core.package_identification:_identify(Library/Artifacts/c7) by extension 'colcon_meta'
[11.745s] Level 1:colcon.colcon_core.package_identification:_identify(Library/Artifacts/c7) by extensions ['ros']
[11.746s] Level 1:colcon.colcon_core.package_identification:_identify(Library/Artifacts/c7) by extension 'ros'
[11.757s] Level 1:colcon.colcon_core.package_identification:_identify(Library/Artifacts/c7) by extensions ['cmake', 'python']
[11.758s] Level 1:colcon.colcon_core.package_identification:_identify(Library/Artifacts/c7) by extension 'cmake'
[11.761s] Level 1:colcon.colcon_core.package_identification:_identify(Library/Artifacts/c7) by extension 'python'
[11.763s] Level 1:colcon.colcon_core.package_identification:_identify(Library/Artifacts/c7) by extensions ['python_setup_py']
[11.764s] Level 1:colcon.colcon_core.package_identification:_identify(Library/Artifacts/c7) by extension 'python_setup_py'
[11.773s] Level 1:colcon.colcon_core.package_identification:_identify(Library/Artifacts/c8) by extensions ['ignore', 'ignore_ament_install']
[11.774s] Level 1:colcon.colcon_core.package_identification:_identify(Library/Artifacts/c8) by extension 'ignore'
[11.776s] Level 1:colcon.colcon_core.package_identification:_identify(Library/Artifacts/c8) by extension 'ignore_ament_install'
[11.783s] Level 1:colcon.colcon_core.package_identification:_identify(Library/Artifacts/c8) by extensions ['colcon_pkg']
[11.784s] Level 1:colcon.colcon_core.package_identification:_identify(Library/Artifacts/c8) by extension 'colcon_pkg'
[11.786s] Level 1:colcon.colcon_core.package_identification:_identify(Library/Artifacts/c8) by extensions ['colcon_meta']
[11.786s] Level 1:colcon.colcon_core.package_identification:_identify(Library/Artifacts/c8) by extension 'colcon_meta'
[11.791s] Level 1:colcon.colcon_core.package_identification:_identify(Library/Artifacts/c8) by extensions ['ros']
[11.792s] Level 1:colcon.colcon_core.package_identification:_identify(Library/Artifacts/c8) by extension 'ros'
[11.801s] Level 1:colcon.colcon_core.package_identification:_identify(Library/Artifacts/c8) by extensions ['cmake', 'python']
[11.802s] Level 1:colcon.colcon_core.package_identification:_identify(Library/Artifacts/c8) by extension 'cmake'
[11.804s] Level 1:colcon.colcon_core.package_identification:_identify(Library/Artifacts/c8) by extension 'python'
[11.807s] Level 1:colcon.colcon_core.package_identification:_identify(Library/Artifacts/c8) by extensions ['python_setup_py']
[11.808s] Level 1:colcon.colcon_core.package_identification:_identify(Library/Artifacts/c8) by extension 'python_setup_py'
[11.819s] Level 1:colcon.colcon_core.package_identification:_identify(Library/Artifacts/c9) by extensions ['ignore', 'ignore_ament_install']
[11.820s] Level 1:colcon.colcon_core.package_identification:_identify(Library/Artifacts/c9) by extension 'ignore'
[11.823s] Level 1:colcon.colcon_core.package_identification:_identify(Library/Artifacts/c9) by extension 'ignore_ament_install'
[11.830s] Level 1:colcon.colcon_core.package_identification:_identify(Library/Artifacts/c9) by extensions ['colcon_pkg']
[11.831s] Level 1:colcon.colcon_core.package_identification:_identify(Library/Artifacts/c9) by extension 'colcon_pkg'
[11.833s] Level 1:colcon.colcon_core.package_identification:_identify(Library/Artifacts/c9) by extensions ['colcon_meta']
[11.834s] Level 1:colcon.colcon_core.package_identification:_identify(Library/Artifacts/c9) by extension 'colcon_meta'
[11.838s] Level 1:colcon.colcon_core.package_identification:_identify(Library/Artifacts/c9) by extensions ['ros']
[11.839s] Level 1:colcon.colcon_core.package_identification:_identify(Library/Artifacts/c9) by extension 'ros'
[11.847s] Level 1:colcon.colcon_core.package_identification:_identify(Library/Artifacts/c9) by extensions ['cmake', 'python']
[11.847s] Level 1:colcon.colcon_core.package_identification:_identify(Library/Artifacts/c9) by extension 'cmake'
[11.850s] Level 1:colcon.colcon_core.package_identification:_identify(Library/Artifacts/c9) by extension 'python'
[11.852s] Level 1:colcon.colcon_core.package_identification:_identify(Library/Artifacts/c9) by extensions ['python_setup_py']
[11.852s] Level 1:colcon.colcon_core.package_identification:_identify(Library/Artifacts/c9) by extension 'python_setup_py'
[11.861s] Level 1:colcon.colcon_core.package_identification:_identify(Library/Artifacts/ca) by extensions ['ignore', 'ignore_ament_install']
[11.861s] Level 1:colcon.colcon_core.package_identification:_identify(Library/Artifacts/ca) by extension 'ignore'
[11.864s] Level 1:colcon.colcon_core.package_identification:_identify(Library/Artifacts/ca) by extension 'ignore_ament_install'
[11.867s] Level 1:colcon.colcon_core.package_identification:_identify(Library/Artifacts/ca) by extensions ['colcon_pkg']
[11.867s] Level 1:colcon.colcon_core.package_identification:_identify(Library/Artifacts/ca) by extension 'colcon_pkg'
[11.869s] Level 1:colcon.colcon_core.package_identification:_identify(Library/Artifacts/ca) by extensions ['colcon_meta']
[11.869s] Level 1:colcon.colcon_core.package_identification:_identify(Library/Artifacts/ca) by extension 'colcon_meta'
[11.871s] Level 1:colcon.colcon_core.package_identification:_identify(Library/Artifacts/ca) by extensions ['ros']
[11.872s] Level 1:colcon.colcon_core.package_identification:_identify(Library/Artifacts/ca) by extension 'ros'
[11.875s] Level 1:colcon.colcon_core.package_identification:_identify(Library/Artifacts/ca) by extensions ['cmake', 'python']
[11.876s] Level 1:colcon.colcon_core.package_identification:_identify(Library/Artifacts/ca) by extension 'cmake'
[11.878s] Level 1:colcon.colcon_core.package_identification:_identify(Library/Artifacts/ca) by extension 'python'
[11.881s] Level 1:colcon.colcon_core.package_identification:_identify(Library/Artifacts/ca) by extensions ['python_setup_py']
[11.882s] Level 1:colcon.colcon_core.package_identification:_identify(Library/Artifacts/ca) by extension 'python_setup_py'
[11.888s] Level 1:colcon.colcon_core.package_identification:_identify(Library/Artifacts/cb) by extensions ['ignore', 'ignore_ament_install']
[11.889s] Level 1:colcon.colcon_core.package_identification:_identify(Library/Artifacts/cb) by extension 'ignore'
[11.890s] Level 1:colcon.colcon_core.package_identification:_identify(Library/Artifacts/cb) by extension 'ignore_ament_install'
[11.893s] Level 1:colcon.colcon_core.package_identification:_identify(Library/Artifacts/cb) by extensions ['colcon_pkg']
[11.894s] Level 1:colcon.colcon_core.package_identification:_identify(Library/Artifacts/cb) by extension 'colcon_pkg'
[11.897s] Level 1:colcon.colcon_core.package_identification:_identify(Library/Artifacts/cb) by extensions ['colcon_meta']
[11.897s] Level 1:colcon.colcon_core.package_identification:_identify(Library/Artifacts/cb) by extension 'colcon_meta'
[11.900s] Level 1:colcon.colcon_core.package_identification:_identify(Library/Artifacts/cb) by extensions ['ros']
[11.901s] Level 1:colcon.colcon_core.package_identification:_identify(Library/Artifacts/cb) by extension 'ros'
[11.907s] Level 1:colcon.colcon_core.package_identification:_identify(Library/Artifacts/cb) by extensions ['cmake', 'python']
[11.908s] Level 1:colcon.colcon_core.package_identification:_identify(Library/Artifacts/cb) by extension 'cmake'
[11.910s] Level 1:colcon.colcon_core.package_identification:_identify(Library/Artifacts/cb) by extension 'python'
[11.912s] Level 1:colcon.colcon_core.package_identification:_identify(Library/Artifacts/cb) by extensions ['python_setup_py']
[11.913s] Level 1:colcon.colcon_core.package_identification:_identify(Library/Artifacts/cb) by extension 'python_setup_py'
[11.919s] Level 1:colcon.colcon_core.package_identification:_identify(Library/Artifacts/cc) by extensions ['ignore', 'ignore_ament_install']
[11.919s] Level 1:colcon.colcon_core.package_identification:_identify(Library/Artifacts/cc) by extension 'ignore'
[11.922s] Level 1:colcon.colcon_core.package_identification:_identify(Library/Artifacts/cc) by extension 'ignore_ament_install'
[11.925s] Level 1:colcon.colcon_core.package_identification:_identify(Library/Artifacts/cc) by extensions ['colcon_pkg']
[11.925s] Level 1:colcon.colcon_core.package_identification:_identify(Library/Artifacts/cc) by extension 'colcon_pkg'
[11.927s] Level 1:colcon.colcon_core.package_identification:_identify(Library/Artifacts/cc) by extensions ['colcon_meta']
[11.928s] Level 1:colcon.colcon_core.package_identification:_identify(Library/Artifacts/cc) by extension 'colcon_meta'
[11.930s] Level 1:colcon.colcon_core.package_identification:_identify(Library/Artifacts/cc) by extensions ['ros']
[11.931s] Level 1:colcon.colcon_core.package_identification:_identify(Library/Artifacts/cc) by extension 'ros'
[11.936s] Level 1:colcon.colcon_core.package_identification:_identify(Library/Artifacts/cc) by extensions ['cmake', 'python']
[11.936s] Level 1:colcon.colcon_core.package_identification:_identify(Library/Artifacts/cc) by extension 'cmake'
[11.938s] Level 1:colcon.colcon_core.package_identification:_identify(Library/Artifacts/cc) by extension 'python'
[11.940s] Level 1:colcon.colcon_core.package_identification:_identify(Library/Artifacts/cc) by extensions ['python_setup_py']
[11.940s] Level 1:colcon.colcon_core.package_identification:_identify(Library/Artifacts/cc) by extension 'python_setup_py'
[11.946s] Level 1:colcon.colcon_core.package_identification:_identify(Library/Artifacts/cd) by extensions ['ignore', 'ignore_ament_install']
[11.947s] Level 1:colcon.colcon_core.package_identification:_identify(Library/Artifacts/cd) by extension 'ignore'
[11.948s] Level 1:colcon.colcon_core.package_identification:_identify(Library/Artifacts/cd) by extension 'ignore_ament_install'
[11.951s] Level 1:colcon.colcon_core.package_identification:_identify(Library/Artifacts/cd) by extensions ['colcon_pkg']
[11.952s] Level 1:colcon.colcon_core.package_identification:_identify(Library/Artifacts/cd) by extension 'colcon_pkg'
[11.954s] Level 1:colcon.colcon_core.package_identification:_identify(Library/Artifacts/cd) by extensions ['colcon_meta']
[11.955s] Level 1:colcon.colcon_core.package_identification:_identify(Library/Artifacts/cd) by extension 'colcon_meta'
[11.957s] Level 1:colcon.colcon_core.package_identification:_identify(Library/Artifacts/cd) by extensions ['ros']
[11.958s] Level 1:colcon.colcon_core.package_identification:_identify(Library/Artifacts/cd) by extension 'ros'
[11.963s] Level 1:colcon.colcon_core.package_identification:_identify(Library/Artifacts/cd) by extensions ['cmake', 'python']
[11.963s] Level 1:colcon.colcon_core.package_identification:_identify(Library/Artifacts/cd) by extension 'cmake'
[11.965s] Level 1:colcon.colcon_core.package_identification:_identify(Library/Artifacts/cd) by extension 'python'
[11.967s] Level 1:colcon.colcon_core.package_identification:_identify(Library/Artifacts/cd) by extensions ['python_setup_py']
[11.968s] Level 1:colcon.colcon_core.package_identification:_identify(Library/Artifacts/cd) by extension 'python_setup_py'
[11.975s] Level 1:colcon.colcon_core.package_identification:_identify(Library/Artifacts/ce) by extensions ['ignore', 'ignore_ament_install']
[11.976s] Level 1:colcon.colcon_core.package_identification:_identify(Library/Artifacts/ce) by extension 'ignore'
[11.979s] Level 1:colcon.colcon_core.package_identification:_identify(Library/Artifacts/ce) by extension 'ignore_ament_install'
[11.982s] Level 1:colcon.colcon_core.package_identification:_identify(Library/Artifacts/ce) by extensions ['colcon_pkg']
[11.983s] Level 1:colcon.colcon_core.package_identification:_identify(Library/Artifacts/ce) by extension 'colcon_pkg'
[11.985s] Level 1:colcon.colcon_core.package_identification:_identify(Library/Artifacts/ce) by extensions ['colcon_meta']
[11.986s] Level 1:colcon.colcon_core.package_identification:_identify(Library/Artifacts/ce) by extension 'colcon_meta'
[11.988s] Level 1:colcon.colcon_core.package_identification:_identify(Library/Artifacts/ce) by extensions ['ros']
[11.989s] Level 1:colcon.colcon_core.package_identification:_identify(Library/Artifacts/ce) by extension 'ros'
[11.997s] Level 1:colcon.colcon_core.package_identification:_identify(Library/Artifacts/ce) by extensions ['cmake', 'python']
[11.997s] Level 1:colcon.colcon_core.package_identification:_identify(Library/Artifacts/ce) by extension 'cmake'
[11.999s] Level 1:colcon.colcon_core.package_identification:_identify(Library/Artifacts/ce) by extension 'python'
[12.001s] Level 1:colcon.colcon_core.package_identification:_identify(Library/Artifacts/ce) by extensions ['python_setup_py']
[12.002s] Level 1:colcon.colcon_core.package_identification:_identify(Library/Artifacts/ce) by extension 'python_setup_py'
[12.010s] Level 1:colcon.colcon_core.package_identification:_identify(Library/Artifacts/cf) by extensions ['ignore', 'ignore_ament_install']
[12.011s] Level 1:colcon.colcon_core.package_identification:_identify(Library/Artifacts/cf) by extension 'ignore'
[12.013s] Level 1:colcon.colcon_core.package_identification:_identify(Library/Artifacts/cf) by extension 'ignore_ament_install'
[12.015s] Level 1:colcon.colcon_core.package_identification:_identify(Library/Artifacts/cf) by extensions ['colcon_pkg']
[12.016s] Level 1:colcon.colcon_core.package_identification:_identify(Library/Artifacts/cf) by extension 'colcon_pkg'
[12.018s] Level 1:colcon.colcon_core.package_identification:_identify(Library/Artifacts/cf) by extensions ['colcon_meta']
[12.018s] Level 1:colcon.colcon_core.package_identification:_identify(Library/Artifacts/cf) by extension 'colcon_meta'
[12.021s] Level 1:colcon.colcon_core.package_identification:_identify(Library/Artifacts/cf) by extensions ['ros']
[12.022s] Level 1:colcon.colcon_core.package_identification:_identify(Library/Artifacts/cf) by extension 'ros'
[12.029s] Level 1:colcon.colcon_core.package_identification:_identify(Library/Artifacts/cf) by extensions ['cmake', 'python']
[12.030s] Level 1:colcon.colcon_core.package_identification:_identify(Library/Artifacts/cf) by extension 'cmake'
[12.031s] Level 1:colcon.colcon_core.package_identification:_identify(Library/Artifacts/cf) by extension 'python'
[12.033s] Level 1:colcon.colcon_core.package_identification:_identify(Library/Artifacts/cf) by extensions ['python_setup_py']
[12.034s] Level 1:colcon.colcon_core.package_identification:_identify(Library/Artifacts/cf) by extension 'python_setup_py'
[12.042s] Level 1:colcon.colcon_core.package_identification:_identify(Library/Artifacts/d0) by extensions ['ignore', 'ignore_ament_install']
[12.042s] Level 1:colcon.colcon_core.package_identification:_identify(Library/Artifacts/d0) by extension 'ignore'
[12.045s] Level 1:colcon.colcon_core.package_identification:_identify(Library/Artifacts/d0) by extension 'ignore_ament_install'
[12.048s] Level 1:colcon.colcon_core.package_identification:_identify(Library/Artifacts/d0) by extensions ['colcon_pkg']
[12.049s] Level 1:colcon.colcon_core.package_identification:_identify(Library/Artifacts/d0) by extension 'colcon_pkg'
[12.051s] Level 1:colcon.colcon_core.package_identification:_identify(Library/Artifacts/d0) by extensions ['colcon_meta']
[12.052s] Level 1:colcon.colcon_core.package_identification:_identify(Library/Artifacts/d0) by extension 'colcon_meta'
[12.055s] Level 1:colcon.colcon_core.package_identification:_identify(Library/Artifacts/d0) by extensions ['ros']
[12.055s] Level 1:colcon.colcon_core.package_identification:_identify(Library/Artifacts/d0) by extension 'ros'
[12.063s] Level 1:colcon.colcon_core.package_identification:_identify(Library/Artifacts/d0) by extensions ['cmake', 'python']
[12.064s] Level 1:colcon.colcon_core.package_identification:_identify(Library/Artifacts/d0) by extension 'cmake'
[12.066s] Level 1:colcon.colcon_core.package_identification:_identify(Library/Artifacts/d0) by extension 'python'
[12.068s] Level 1:colcon.colcon_core.package_identification:_identify(Library/Artifacts/d0) by extensions ['python_setup_py']
[12.068s] Level 1:colcon.colcon_core.package_identification:_identify(Library/Artifacts/d0) by extension 'python_setup_py'
[12.076s] Level 1:colcon.colcon_core.package_identification:_identify(Library/Artifacts/d1) by extensions ['ignore', 'ignore_ament_install']
[12.076s] Level 1:colcon.colcon_core.package_identification:_identify(Library/Artifacts/d1) by extension 'ignore'
[12.079s] Level 1:colcon.colcon_core.package_identification:_identify(Library/Artifacts/d1) by extension 'ignore_ament_install'
[12.083s] Level 1:colcon.colcon_core.package_identification:_identify(Library/Artifacts/d1) by extensions ['colcon_pkg']
[12.084s] Level 1:colcon.colcon_core.package_identification:_identify(Library/Artifacts/d1) by extension 'colcon_pkg'
[12.086s] Level 1:colcon.colcon_core.package_identification:_identify(Library/Artifacts/d1) by extensions ['colcon_meta']
[12.087s] Level 1:colcon.colcon_core.package_identification:_identify(Library/Artifacts/d1) by extension 'colcon_meta'
[12.090s] Level 1:colcon.colcon_core.package_identification:_identify(Library/Artifacts/d1) by extensions ['ros']
[12.090s] Level 1:colcon.colcon_core.package_identification:_identify(Library/Artifacts/d1) by extension 'ros'
[12.098s] Level 1:colcon.colcon_core.package_identification:_identify(Library/Artifacts/d1) by extensions ['cmake', 'python']
[12.099s] Level 1:colcon.colcon_core.package_identification:_identify(Library/Artifacts/d1) by extension 'cmake'
[12.101s] Level 1:colcon.colcon_core.package_identification:_identify(Library/Artifacts/d1) by extension 'python'
[12.103s] Level 1:colcon.colcon_core.package_identification:_identify(Library/Artifacts/d1) by extensions ['python_setup_py']
[12.104s] Level 1:colcon.colcon_core.package_identification:_identify(Library/Artifacts/d1) by extension 'python_setup_py'
[12.111s] Level 1:colcon.colcon_core.package_identification:_identify(Library/Artifacts/d2) by extensions ['ignore', 'ignore_ament_install']
[12.111s] Level 1:colcon.colcon_core.package_identification:_identify(Library/Artifacts/d2) by extension 'ignore'
[12.113s] Level 1:colcon.colcon_core.package_identification:_identify(Library/Artifacts/d2) by extension 'ignore_ament_install'
[12.117s] Level 1:colcon.colcon_core.package_identification:_identify(Library/Artifacts/d2) by extensions ['colcon_pkg']
[12.118s] Level 1:colcon.colcon_core.package_identification:_identify(Library/Artifacts/d2) by extension 'colcon_pkg'
[12.120s] Level 1:colcon.colcon_core.package_identification:_identify(Library/Artifacts/d2) by extensions ['colcon_meta']
[12.121s] Level 1:colcon.colcon_core.package_identification:_identify(Library/Artifacts/d2) by extension 'colcon_meta'
[12.124s] Level 1:colcon.colcon_core.package_identification:_identify(Library/Artifacts/d2) by extensions ['ros']
[12.124s] Level 1:colcon.colcon_core.package_identification:_identify(Library/Artifacts/d2) by extension 'ros'
[12.131s] Level 1:colcon.colcon_core.package_identification:_identify(Library/Artifacts/d2) by extensions ['cmake', 'python']
[12.132s] Level 1:colcon.colcon_core.package_identification:_identify(Library/Artifacts/d2) by extension 'cmake'
[12.134s] Level 1:colcon.colcon_core.package_identification:_identify(Library/Artifacts/d2) by extension 'python'
[12.136s] Level 1:colcon.colcon_core.package_identification:_identify(Library/Artifacts/d2) by extensions ['python_setup_py']
[12.137s] Level 1:colcon.colcon_core.package_identification:_identify(Library/Artifacts/d2) by extension 'python_setup_py'
[12.144s] Level 1:colcon.colcon_core.package_identification:_identify(Library/Artifacts/d3) by extensions ['ignore', 'ignore_ament_install']
[12.145s] Level 1:colcon.colcon_core.package_identification:_identify(Library/Artifacts/d3) by extension 'ignore'
[12.147s] Level 1:colcon.colcon_core.package_identification:_identify(Library/Artifacts/d3) by extension 'ignore_ament_install'
[12.150s] Level 1:colcon.colcon_core.package_identification:_identify(Library/Artifacts/d3) by extensions ['colcon_pkg']
[12.150s] Level 1:colcon.colcon_core.package_identification:_identify(Library/Artifacts/d3) by extension 'colcon_pkg'
[12.152s] Level 1:colcon.colcon_core.package_identification:_identify(Library/Artifacts/d3) by extensions ['colcon_meta']
[12.152s] Level 1:colcon.colcon_core.package_identification:_identify(Library/Artifacts/d3) by extension 'colcon_meta'
[12.155s] Level 1:colcon.colcon_core.package_identification:_identify(Library/Artifacts/d3) by extensions ['ros']
[12.155s] Level 1:colcon.colcon_core.package_identification:_identify(Library/Artifacts/d3) by extension 'ros'
[12.160s] Level 1:colcon.colcon_core.package_identification:_identify(Library/Artifacts/d3) by extensions ['cmake', 'python']
[12.161s] Level 1:colcon.colcon_core.package_identification:_identify(Library/Artifacts/d3) by extension 'cmake'
[12.162s] Level 1:colcon.colcon_core.package_identification:_identify(Library/Artifacts/d3) by extension 'python'
[12.164s] Level 1:colcon.colcon_core.package_identification:_identify(Library/Artifacts/d3) by extensions ['python_setup_py']
[12.165s] Level 1:colcon.colcon_core.package_identification:_identify(Library/Artifacts/d3) by extension 'python_setup_py'
[12.169s] Level 1:colcon.colcon_core.package_identification:_identify(Library/Artifacts/d4) by extensions ['ignore', 'ignore_ament_install']
[12.170s] Level 1:colcon.colcon_core.package_identification:_identify(Library/Artifacts/d4) by extension 'ignore'
[12.172s] Level 1:colcon.colcon_core.package_identification:_identify(Library/Artifacts/d4) by extension 'ignore_ament_install'
[12.175s] Level 1:colcon.colcon_core.package_identification:_identify(Library/Artifacts/d4) by extensions ['colcon_pkg']
[12.176s] Level 1:colcon.colcon_core.package_identification:_identify(Library/Artifacts/d4) by extension 'colcon_pkg'
[12.177s] Level 1:colcon.colcon_core.package_identification:_identify(Library/Artifacts/d4) by extensions ['colcon_meta']
[12.177s] Level 1:colcon.colcon_core.package_identification:_identify(Library/Artifacts/d4) by extension 'colcon_meta'
[12.180s] Level 1:colcon.colcon_core.package_identification:_identify(Library/Artifacts/d4) by extensions ['ros']
[12.180s] Level 1:colcon.colcon_core.package_identification:_identify(Library/Artifacts/d4) by extension 'ros'
[12.185s] Level 1:colcon.colcon_core.package_identification:_identify(Library/Artifacts/d4) by extensions ['cmake', 'python']
[12.186s] Level 1:colcon.colcon_core.package_identification:_identify(Library/Artifacts/d4) by extension 'cmake'
[12.188s] Level 1:colcon.colcon_core.package_identification:_identify(Library/Artifacts/d4) by extension 'python'
[12.189s] Level 1:colcon.colcon_core.package_identification:_identify(Library/Artifacts/d4) by extensions ['python_setup_py']
[12.189s] Level 1:colcon.colcon_core.package_identification:_identify(Library/Artifacts/d4) by extension 'python_setup_py'
[12.195s] Level 1:colcon.colcon_core.package_identification:_identify(Library/Artifacts/d5) by extensions ['ignore', 'ignore_ament_install']
[12.196s] Level 1:colcon.colcon_core.package_identification:_identify(Library/Artifacts/d5) by extension 'ignore'
[12.198s] Level 1:colcon.colcon_core.package_identification:_identify(Library/Artifacts/d5) by extension 'ignore_ament_install'
[12.200s] Level 1:colcon.colcon_core.package_identification:_identify(Library/Artifacts/d5) by extensions ['colcon_pkg']
[12.201s] Level 1:colcon.colcon_core.package_identification:_identify(Library/Artifacts/d5) by extension 'colcon_pkg'
[12.202s] Level 1:colcon.colcon_core.package_identification:_identify(Library/Artifacts/d5) by extensions ['colcon_meta']
[12.202s] Level 1:colcon.colcon_core.package_identification:_identify(Library/Artifacts/d5) by extension 'colcon_meta'
[12.205s] Level 1:colcon.colcon_core.package_identification:_identify(Library/Artifacts/d5) by extensions ['ros']
[12.206s] Level 1:colcon.colcon_core.package_identification:_identify(Library/Artifacts/d5) by extension 'ros'
[12.215s] Level 1:colcon.colcon_core.package_identification:_identify(Library/Artifacts/d5) by extensions ['cmake', 'python']
[12.216s] Level 1:colcon.colcon_core.package_identification:_identify(Library/Artifacts/d5) by extension 'cmake'
[12.218s] Level 1:colcon.colcon_core.package_identification:_identify(Library/Artifacts/d5) by extension 'python'
[12.221s] Level 1:colcon.colcon_core.package_identification:_identify(Library/Artifacts/d5) by extensions ['python_setup_py']
[12.222s] Level 1:colcon.colcon_core.package_identification:_identify(Library/Artifacts/d5) by extension 'python_setup_py'
[12.230s] Level 1:colcon.colcon_core.package_identification:_identify(Library/Artifacts/d6) by extensions ['ignore', 'ignore_ament_install']
[12.230s] Level 1:colcon.colcon_core.package_identification:_identify(Library/Artifacts/d6) by extension 'ignore'
[12.232s] Level 1:colcon.colcon_core.package_identification:_identify(Library/Artifacts/d6) by extension 'ignore_ament_install'
[12.236s] Level 1:colcon.colcon_core.package_identification:_identify(Library/Artifacts/d6) by extensions ['colcon_pkg']
[12.236s] Level 1:colcon.colcon_core.package_identification:_identify(Library/Artifacts/d6) by extension 'colcon_pkg'
[12.242s] Level 1:colcon.colcon_core.package_identification:_identify(Library/Artifacts/d6) by extensions ['colcon_meta']
[12.243s] Level 1:colcon.colcon_core.package_identification:_identify(Library/Artifacts/d6) by extension 'colcon_meta'
[12.247s] Level 1:colcon.colcon_core.package_identification:_identify(Library/Artifacts/d6) by extensions ['ros']
[12.249s] Level 1:colcon.colcon_core.package_identification:_identify(Library/Artifacts/d6) by extension 'ros'
[12.256s] Level 1:colcon.colcon_core.package_identification:_identify(Library/Artifacts/d6) by extensions ['cmake', 'python']
[12.257s] Level 1:colcon.colcon_core.package_identification:_identify(Library/Artifacts/d6) by extension 'cmake'
[12.259s] Level 1:colcon.colcon_core.package_identification:_identify(Library/Artifacts/d6) by extension 'python'
[12.261s] Level 1:colcon.colcon_core.package_identification:_identify(Library/Artifacts/d6) by extensions ['python_setup_py']
[12.262s] Level 1:colcon.colcon_core.package_identification:_identify(Library/Artifacts/d6) by extension 'python_setup_py'
[12.269s] Level 1:colcon.colcon_core.package_identification:_identify(Library/Artifacts/d7) by extensions ['ignore', 'ignore_ament_install']
[12.270s] Level 1:colcon.colcon_core.package_identification:_identify(Library/Artifacts/d7) by extension 'ignore'
[12.272s] Level 1:colcon.colcon_core.package_identification:_identify(Library/Artifacts/d7) by extension 'ignore_ament_install'
[12.276s] Level 1:colcon.colcon_core.package_identification:_identify(Library/Artifacts/d7) by extensions ['colcon_pkg']
[12.276s] Level 1:colcon.colcon_core.package_identification:_identify(Library/Artifacts/d7) by extension 'colcon_pkg'
[12.279s] Level 1:colcon.colcon_core.package_identification:_identify(Library/Artifacts/d7) by extensions ['colcon_meta']
[12.279s] Level 1:colcon.colcon_core.package_identification:_identify(Library/Artifacts/d7) by extension 'colcon_meta'
[12.282s] Level 1:colcon.colcon_core.package_identification:_identify(Library/Artifacts/d7) by extensions ['ros']
[12.283s] Level 1:colcon.colcon_core.package_identification:_identify(Library/Artifacts/d7) by extension 'ros'
[12.290s] Level 1:colcon.colcon_core.package_identification:_identify(Library/Artifacts/d7) by extensions ['cmake', 'python']
[12.291s] Level 1:colcon.colcon_core.package_identification:_identify(Library/Artifacts/d7) by extension 'cmake'
[12.293s] Level 1:colcon.colcon_core.package_identification:_identify(Library/Artifacts/d7) by extension 'python'
[12.295s] Level 1:colcon.colcon_core.package_identification:_identify(Library/Artifacts/d7) by extensions ['python_setup_py']
[12.296s] Level 1:colcon.colcon_core.package_identification:_identify(Library/Artifacts/d7) by extension 'python_setup_py'
[12.304s] Level 1:colcon.colcon_core.package_identification:_identify(Library/Artifacts/d8) by extensions ['ignore', 'ignore_ament_install']
[12.304s] Level 1:colcon.colcon_core.package_identification:_identify(Library/Artifacts/d8) by extension 'ignore'
[12.307s] Level 1:colcon.colcon_core.package_identification:_identify(Library/Artifacts/d8) by extension 'ignore_ament_install'
[12.310s] Level 1:colcon.colcon_core.package_identification:_identify(Library/Artifacts/d8) by extensions ['colcon_pkg']
[12.311s] Level 1:colcon.colcon_core.package_identification:_identify(Library/Artifacts/d8) by extension 'colcon_pkg'
[12.313s] Level 1:colcon.colcon_core.package_identification:_identify(Library/Artifacts/d8) by extensions ['colcon_meta']
[12.314s] Level 1:colcon.colcon_core.package_identification:_identify(Library/Artifacts/d8) by extension 'colcon_meta'
[12.317s] Level 1:colcon.colcon_core.package_identification:_identify(Library/Artifacts/d8) by extensions ['ros']
[12.318s] Level 1:colcon.colcon_core.package_identification:_identify(Library/Artifacts/d8) by extension 'ros'
[12.326s] Level 1:colcon.colcon_core.package_identification:_identify(Library/Artifacts/d8) by extensions ['cmake', 'python']
[12.326s] Level 1:colcon.colcon_core.package_identification:_identify(Library/Artifacts/d8) by extension 'cmake'
[12.329s] Level 1:colcon.colcon_core.package_identification:_identify(Library/Artifacts/d8) by extension 'python'
[12.331s] Level 1:colcon.colcon_core.package_identification:_identify(Library/Artifacts/d8) by extensions ['python_setup_py']
[12.332s] Level 1:colcon.colcon_core.package_identification:_identify(Library/Artifacts/d8) by extension 'python_setup_py'
[12.339s] Level 1:colcon.colcon_core.package_identification:_identify(Library/Artifacts/d9) by extensions ['ignore', 'ignore_ament_install']
[12.340s] Level 1:colcon.colcon_core.package_identification:_identify(Library/Artifacts/d9) by extension 'ignore'
[12.341s] Level 1:colcon.colcon_core.package_identification:_identify(Library/Artifacts/d9) by extension 'ignore_ament_install'
[12.343s] Level 1:colcon.colcon_core.package_identification:_identify(Library/Artifacts/d9) by extensions ['colcon_pkg']
[12.344s] Level 1:colcon.colcon_core.package_identification:_identify(Library/Artifacts/d9) by extension 'colcon_pkg'
[12.346s] Level 1:colcon.colcon_core.package_identification:_identify(Library/Artifacts/d9) by extensions ['colcon_meta']
[12.346s] Level 1:colcon.colcon_core.package_identification:_identify(Library/Artifacts/d9) by extension 'colcon_meta'
[12.349s] Level 1:colcon.colcon_core.package_identification:_identify(Library/Artifacts/d9) by extensions ['ros']
[12.349s] Level 1:colcon.colcon_core.package_identification:_identify(Library/Artifacts/d9) by extension 'ros'
[12.354s] Level 1:colcon.colcon_core.package_identification:_identify(Library/Artifacts/d9) by extensions ['cmake', 'python']
[12.355s] Level 1:colcon.colcon_core.package_identification:_identify(Library/Artifacts/d9) by extension 'cmake'
[12.356s] Level 1:colcon.colcon_core.package_identification:_identify(Library/Artifacts/d9) by extension 'python'
[12.358s] Level 1:colcon.colcon_core.package_identification:_identify(Library/Artifacts/d9) by extensions ['python_setup_py']
[12.359s] Level 1:colcon.colcon_core.package_identification:_identify(Library/Artifacts/d9) by extension 'python_setup_py'
[12.368s] Level 1:colcon.colcon_core.package_identification:_identify(Library/Artifacts/da) by extensions ['ignore', 'ignore_ament_install']
[12.369s] Level 1:colcon.colcon_core.package_identification:_identify(Library/Artifacts/da) by extension 'ignore'
[12.371s] Level 1:colcon.colcon_core.package_identification:_identify(Library/Artifacts/da) by extension 'ignore_ament_install'
[12.376s] Level 1:colcon.colcon_core.package_identification:_identify(Library/Artifacts/da) by extensions ['colcon_pkg']
[12.377s] Level 1:colcon.colcon_core.package_identification:_identify(Library/Artifacts/da) by extension 'colcon_pkg'
[12.379s] Level 1:colcon.colcon_core.package_identification:_identify(Library/Artifacts/da) by extensions ['colcon_meta']
[12.380s] Level 1:colcon.colcon_core.package_identification:_identify(Library/Artifacts/da) by extension 'colcon_meta'
[12.384s] Level 1:colcon.colcon_core.package_identification:_identify(Library/Artifacts/da) by extensions ['ros']
[12.384s] Level 1:colcon.colcon_core.package_identification:_identify(Library/Artifacts/da) by extension 'ros'
[12.395s] Level 1:colcon.colcon_core.package_identification:_identify(Library/Artifacts/da) by extensions ['cmake', 'python']
[12.395s] Level 1:colcon.colcon_core.package_identification:_identify(Library/Artifacts/da) by extension 'cmake'
[12.398s] Level 1:colcon.colcon_core.package_identification:_identify(Library/Artifacts/da) by extension 'python'
[12.401s] Level 1:colcon.colcon_core.package_identification:_identify(Library/Artifacts/da) by extensions ['python_setup_py']
[12.401s] Level 1:colcon.colcon_core.package_identification:_identify(Library/Artifacts/da) by extension 'python_setup_py'
[12.410s] Level 1:colcon.colcon_core.package_identification:_identify(Library/Artifacts/db) by extensions ['ignore', 'ignore_ament_install']
[12.411s] Level 1:colcon.colcon_core.package_identification:_identify(Library/Artifacts/db) by extension 'ignore'
[12.414s] Level 1:colcon.colcon_core.package_identification:_identify(Library/Artifacts/db) by extension 'ignore_ament_install'
[12.418s] Level 1:colcon.colcon_core.package_identification:_identify(Library/Artifacts/db) by extensions ['colcon_pkg']
[12.418s] Level 1:colcon.colcon_core.package_identification:_identify(Library/Artifacts/db) by extension 'colcon_pkg'
[12.420s] Level 1:colcon.colcon_core.package_identification:_identify(Library/Artifacts/db) by extensions ['colcon_meta']
[12.421s] Level 1:colcon.colcon_core.package_identification:_identify(Library/Artifacts/db) by extension 'colcon_meta'
[12.426s] Level 1:colcon.colcon_core.package_identification:_identify(Library/Artifacts/db) by extensions ['ros']
[12.426s] Level 1:colcon.colcon_core.package_identification:_identify(Library/Artifacts/db) by extension 'ros'
[12.435s] Level 1:colcon.colcon_core.package_identification:_identify(Library/Artifacts/db) by extensions ['cmake', 'python']
[12.435s] Level 1:colcon.colcon_core.package_identification:_identify(Library/Artifacts/db) by extension 'cmake'
[12.437s] Level 1:colcon.colcon_core.package_identification:_identify(Library/Artifacts/db) by extension 'python'
[12.440s] Level 1:colcon.colcon_core.package_identification:_identify(Library/Artifacts/db) by extensions ['python_setup_py']
[12.441s] Level 1:colcon.colcon_core.package_identification:_identify(Library/Artifacts/db) by extension 'python_setup_py'
[12.452s] Level 1:colcon.colcon_core.package_identification:_identify(Library/Artifacts/dc) by extensions ['ignore', 'ignore_ament_install']
[12.453s] Level 1:colcon.colcon_core.package_identification:_identify(Library/Artifacts/dc) by extension 'ignore'
[12.455s] Level 1:colcon.colcon_core.package_identification:_identify(Library/Artifacts/dc) by extension 'ignore_ament_install'
[12.460s] Level 1:colcon.colcon_core.package_identification:_identify(Library/Artifacts/dc) by extensions ['colcon_pkg']
[12.460s] Level 1:colcon.colcon_core.package_identification:_identify(Library/Artifacts/dc) by extension 'colcon_pkg'
[12.463s] Level 1:colcon.colcon_core.package_identification:_identify(Library/Artifacts/dc) by extensions ['colcon_meta']
[12.464s] Level 1:colcon.colcon_core.package_identification:_identify(Library/Artifacts/dc) by extension 'colcon_meta'
[12.469s] Level 1:colcon.colcon_core.package_identification:_identify(Library/Artifacts/dc) by extensions ['ros']
[12.469s] Level 1:colcon.colcon_core.package_identification:_identify(Library/Artifacts/dc) by extension 'ros'
[12.479s] Level 1:colcon.colcon_core.package_identification:_identify(Library/Artifacts/dc) by extensions ['cmake', 'python']
[12.480s] Level 1:colcon.colcon_core.package_identification:_identify(Library/Artifacts/dc) by extension 'cmake'
[12.482s] Level 1:colcon.colcon_core.package_identification:_identify(Library/Artifacts/dc) by extension 'python'
[12.485s] Level 1:colcon.colcon_core.package_identification:_identify(Library/Artifacts/dc) by extensions ['python_setup_py']
[12.486s] Level 1:colcon.colcon_core.package_identification:_identify(Library/Artifacts/dc) by extension 'python_setup_py'
[12.497s] Level 1:colcon.colcon_core.package_identification:_identify(Library/Artifacts/dd) by extensions ['ignore', 'ignore_ament_install']
[12.497s] Level 1:colcon.colcon_core.package_identification:_identify(Library/Artifacts/dd) by extension 'ignore'
[12.500s] Level 1:colcon.colcon_core.package_identification:_identify(Library/Artifacts/dd) by extension 'ignore_ament_install'
[12.504s] Level 1:colcon.colcon_core.package_identification:_identify(Library/Artifacts/dd) by extensions ['colcon_pkg']
[12.504s] Level 1:colcon.colcon_core.package_identification:_identify(Library/Artifacts/dd) by extension 'colcon_pkg'
[12.507s] Level 1:colcon.colcon_core.package_identification:_identify(Library/Artifacts/dd) by extensions ['colcon_meta']
[12.508s] Level 1:colcon.colcon_core.package_identification:_identify(Library/Artifacts/dd) by extension 'colcon_meta'
[12.512s] Level 1:colcon.colcon_core.package_identification:_identify(Library/Artifacts/dd) by extensions ['ros']
[12.513s] Level 1:colcon.colcon_core.package_identification:_identify(Library/Artifacts/dd) by extension 'ros'
[12.523s] Level 1:colcon.colcon_core.package_identification:_identify(Library/Artifacts/dd) by extensions ['cmake', 'python']
[12.523s] Level 1:colcon.colcon_core.package_identification:_identify(Library/Artifacts/dd) by extension 'cmake'
[12.526s] Level 1:colcon.colcon_core.package_identification:_identify(Library/Artifacts/dd) by extension 'python'
[12.529s] Level 1:colcon.colcon_core.package_identification:_identify(Library/Artifacts/dd) by extensions ['python_setup_py']
[12.530s] Level 1:colcon.colcon_core.package_identification:_identify(Library/Artifacts/dd) by extension 'python_setup_py'
[12.540s] Level 1:colcon.colcon_core.package_identification:_identify(Library/Artifacts/de) by extensions ['ignore', 'ignore_ament_install']
[12.541s] Level 1:colcon.colcon_core.package_identification:_identify(Library/Artifacts/de) by extension 'ignore'
[12.544s] Level 1:colcon.colcon_core.package_identification:_identify(Library/Artifacts/de) by extension 'ignore_ament_install'
[12.548s] Level 1:colcon.colcon_core.package_identification:_identify(Library/Artifacts/de) by extensions ['colcon_pkg']
[12.549s] Level 1:colcon.colcon_core.package_identification:_identify(Library/Artifacts/de) by extension 'colcon_pkg'
[12.551s] Level 1:colcon.colcon_core.package_identification:_identify(Library/Artifacts/de) by extensions ['colcon_meta']
[12.551s] Level 1:colcon.colcon_core.package_identification:_identify(Library/Artifacts/de) by extension 'colcon_meta'
[12.554s] Level 1:colcon.colcon_core.package_identification:_identify(Library/Artifacts/de) by extensions ['ros']
[12.555s] Level 1:colcon.colcon_core.package_identification:_identify(Library/Artifacts/de) by extension 'ros'
[12.562s] Level 1:colcon.colcon_core.package_identification:_identify(Library/Artifacts/de) by extensions ['cmake', 'python']
[12.563s] Level 1:colcon.colcon_core.package_identification:_identify(Library/Artifacts/de) by extension 'cmake'
[12.565s] Level 1:colcon.colcon_core.package_identification:_identify(Library/Artifacts/de) by extension 'python'
[12.567s] Level 1:colcon.colcon_core.package_identification:_identify(Library/Artifacts/de) by extensions ['python_setup_py']
[12.567s] Level 1:colcon.colcon_core.package_identification:_identify(Library/Artifacts/de) by extension 'python_setup_py'
[12.575s] Level 1:colcon.colcon_core.package_identification:_identify(Library/Artifacts/df) by extensions ['ignore', 'ignore_ament_install']
[12.575s] Level 1:colcon.colcon_core.package_identification:_identify(Library/Artifacts/df) by extension 'ignore'
[12.577s] Level 1:colcon.colcon_core.package_identification:_identify(Library/Artifacts/df) by extension 'ignore_ament_install'
[12.580s] Level 1:colcon.colcon_core.package_identification:_identify(Library/Artifacts/df) by extensions ['colcon_pkg']
[12.581s] Level 1:colcon.colcon_core.package_identification:_identify(Library/Artifacts/df) by extension 'colcon_pkg'
[12.583s] Level 1:colcon.colcon_core.package_identification:_identify(Library/Artifacts/df) by extensions ['colcon_meta']
[12.583s] Level 1:colcon.colcon_core.package_identification:_identify(Library/Artifacts/df) by extension 'colcon_meta'
[12.586s] Level 1:colcon.colcon_core.package_identification:_identify(Library/Artifacts/df) by extensions ['ros']
[12.587s] Level 1:colcon.colcon_core.package_identification:_identify(Library/Artifacts/df) by extension 'ros'
[12.594s] Level 1:colcon.colcon_core.package_identification:_identify(Library/Artifacts/df) by extensions ['cmake', 'python']
[12.595s] Level 1:colcon.colcon_core.package_identification:_identify(Library/Artifacts/df) by extension 'cmake'
[12.597s] Level 1:colcon.colcon_core.package_identification:_identify(Library/Artifacts/df) by extension 'python'
[12.599s] Level 1:colcon.colcon_core.package_identification:_identify(Library/Artifacts/df) by extensions ['python_setup_py']
[12.600s] Level 1:colcon.colcon_core.package_identification:_identify(Library/Artifacts/df) by extension 'python_setup_py'
[12.611s] Level 1:colcon.colcon_core.package_identification:_identify(Library/Artifacts/e0) by extensions ['ignore', 'ignore_ament_install']
[12.612s] Level 1:colcon.colcon_core.package_identification:_identify(Library/Artifacts/e0) by extension 'ignore'
[12.615s] Level 1:colcon.colcon_core.package_identification:_identify(Library/Artifacts/e0) by extension 'ignore_ament_install'
[12.619s] Level 1:colcon.colcon_core.package_identification:_identify(Library/Artifacts/e0) by extensions ['colcon_pkg']
[12.620s] Level 1:colcon.colcon_core.package_identification:_identify(Library/Artifacts/e0) by extension 'colcon_pkg'
[12.623s] Level 1:colcon.colcon_core.package_identification:_identify(Library/Artifacts/e0) by extensions ['colcon_meta']
[12.624s] Level 1:colcon.colcon_core.package_identification:_identify(Library/Artifacts/e0) by extension 'colcon_meta'
[12.628s] Level 1:colcon.colcon_core.package_identification:_identify(Library/Artifacts/e0) by extensions ['ros']
[12.629s] Level 1:colcon.colcon_core.package_identification:_identify(Library/Artifacts/e0) by extension 'ros'
[12.641s] Level 1:colcon.colcon_core.package_identification:_identify(Library/Artifacts/e0) by extensions ['cmake', 'python']
[12.641s] Level 1:colcon.colcon_core.package_identification:_identify(Library/Artifacts/e0) by extension 'cmake'
[12.644s] Level 1:colcon.colcon_core.package_identification:_identify(Library/Artifacts/e0) by extension 'python'
[12.647s] Level 1:colcon.colcon_core.package_identification:_identify(Library/Artifacts/e0) by extensions ['python_setup_py']
[12.648s] Level 1:colcon.colcon_core.package_identification:_identify(Library/Artifacts/e0) by extension 'python_setup_py'
[12.658s] Level 1:colcon.colcon_core.package_identification:_identify(Library/Artifacts/e1) by extensions ['ignore', 'ignore_ament_install']
[12.659s] Level 1:colcon.colcon_core.package_identification:_identify(Library/Artifacts/e1) by extension 'ignore'
[12.661s] Level 1:colcon.colcon_core.package_identification:_identify(Library/Artifacts/e1) by extension 'ignore_ament_install'
[12.666s] Level 1:colcon.colcon_core.package_identification:_identify(Library/Artifacts/e1) by extensions ['colcon_pkg']
[12.666s] Level 1:colcon.colcon_core.package_identification:_identify(Library/Artifacts/e1) by extension 'colcon_pkg'
[12.669s] Level 1:colcon.colcon_core.package_identification:_identify(Library/Artifacts/e1) by extensions ['colcon_meta']
[12.669s] Level 1:colcon.colcon_core.package_identification:_identify(Library/Artifacts/e1) by extension 'colcon_meta'
[12.674s] Level 1:colcon.colcon_core.package_identification:_identify(Library/Artifacts/e1) by extensions ['ros']
[12.675s] Level 1:colcon.colcon_core.package_identification:_identify(Library/Artifacts/e1) by extension 'ros'
[12.684s] Level 1:colcon.colcon_core.package_identification:_identify(Library/Artifacts/e1) by extensions ['cmake', 'python']
[12.685s] Level 1:colcon.colcon_core.package_identification:_identify(Library/Artifacts/e1) by extension 'cmake'
[12.687s] Level 1:colcon.colcon_core.package_identification:_identify(Library/Artifacts/e1) by extension 'python'
[12.690s] Level 1:colcon.colcon_core.package_identification:_identify(Library/Artifacts/e1) by extensions ['python_setup_py']
[12.690s] Level 1:colcon.colcon_core.package_identification:_identify(Library/Artifacts/e1) by extension 'python_setup_py'
[12.699s] Level 1:colcon.colcon_core.package_identification:_identify(Library/Artifacts/e2) by extensions ['ignore', 'ignore_ament_install']
[12.700s] Level 1:colcon.colcon_core.package_identification:_identify(Library/Artifacts/e2) by extension 'ignore'
[12.703s] Level 1:colcon.colcon_core.package_identification:_identify(Library/Artifacts/e2) by extension 'ignore_ament_install'
[12.707s] Level 1:colcon.colcon_core.package_identification:_identify(Library/Artifacts/e2) by extensions ['colcon_pkg']
[12.708s] Level 1:colcon.colcon_core.package_identification:_identify(Library/Artifacts/e2) by extension 'colcon_pkg'
[12.710s] Level 1:colcon.colcon_core.package_identification:_identify(Library/Artifacts/e2) by extensions ['colcon_meta']
[12.711s] Level 1:colcon.colcon_core.package_identification:_identify(Library/Artifacts/e2) by extension 'colcon_meta'
[12.715s] Level 1:colcon.colcon_core.package_identification:_identify(Library/Artifacts/e2) by extensions ['ros']
[12.715s] Level 1:colcon.colcon_core.package_identification:_identify(Library/Artifacts/e2) by extension 'ros'
[12.725s] Level 1:colcon.colcon_core.package_identification:_identify(Library/Artifacts/e2) by extensions ['cmake', 'python']
[12.725s] Level 1:colcon.colcon_core.package_identification:_identify(Library/Artifacts/e2) by extension 'cmake'
[12.728s] Level 1:colcon.colcon_core.package_identification:_identify(Library/Artifacts/e2) by extension 'python'
[12.730s] Level 1:colcon.colcon_core.package_identification:_identify(Library/Artifacts/e2) by extensions ['python_setup_py']
[12.731s] Level 1:colcon.colcon_core.package_identification:_identify(Library/Artifacts/e2) by extension 'python_setup_py'
[12.741s] Level 1:colcon.colcon_core.package_identification:_identify(Library/Artifacts/e3) by extensions ['ignore', 'ignore_ament_install']
[12.742s] Level 1:colcon.colcon_core.package_identification:_identify(Library/Artifacts/e3) by extension 'ignore'
[12.744s] Level 1:colcon.colcon_core.package_identification:_identify(Library/Artifacts/e3) by extension 'ignore_ament_install'
[12.750s] Level 1:colcon.colcon_core.package_identification:_identify(Library/Artifacts/e3) by extensions ['colcon_pkg']
[12.750s] Level 1:colcon.colcon_core.package_identification:_identify(Library/Artifacts/e3) by extension 'colcon_pkg'
[12.753s] Level 1:colcon.colcon_core.package_identification:_identify(Library/Artifacts/e3) by extensions ['colcon_meta']
[12.754s] Level 1:colcon.colcon_core.package_identification:_identify(Library/Artifacts/e3) by extension 'colcon_meta'
[12.757s] Level 1:colcon.colcon_core.package_identification:_identify(Library/Artifacts/e3) by extensions ['ros']
[12.758s] Level 1:colcon.colcon_core.package_identification:_identify(Library/Artifacts/e3) by extension 'ros'
[12.769s] Level 1:colcon.colcon_core.package_identification:_identify(Library/Artifacts/e3) by extensions ['cmake', 'python']
[12.769s] Level 1:colcon.colcon_core.package_identification:_identify(Library/Artifacts/e3) by extension 'cmake'
[12.772s] Level 1:colcon.colcon_core.package_identification:_identify(Library/Artifacts/e3) by extension 'python'
[12.775s] Level 1:colcon.colcon_core.package_identification:_identify(Library/Artifacts/e3) by extensions ['python_setup_py']
[12.775s] Level 1:colcon.colcon_core.package_identification:_identify(Library/Artifacts/e3) by extension 'python_setup_py'
[12.785s] Level 1:colcon.colcon_core.package_identification:_identify(Library/Artifacts/e4) by extensions ['ignore', 'ignore_ament_install']
[12.786s] Level 1:colcon.colcon_core.package_identification:_identify(Library/Artifacts/e4) by extension 'ignore'
[12.788s] Level 1:colcon.colcon_core.package_identification:_identify(Library/Artifacts/e4) by extension 'ignore_ament_install'
[12.793s] Level 1:colcon.colcon_core.package_identification:_identify(Library/Artifacts/e4) by extensions ['colcon_pkg']
[12.793s] Level 1:colcon.colcon_core.package_identification:_identify(Library/Artifacts/e4) by extension 'colcon_pkg'
[12.796s] Level 1:colcon.colcon_core.package_identification:_identify(Library/Artifacts/e4) by extensions ['colcon_meta']
[12.797s] Level 1:colcon.colcon_core.package_identification:_identify(Library/Artifacts/e4) by extension 'colcon_meta'
[12.801s] Level 1:colcon.colcon_core.package_identification:_identify(Library/Artifacts/e4) by extensions ['ros']
[12.801s] Level 1:colcon.colcon_core.package_identification:_identify(Library/Artifacts/e4) by extension 'ros'
[12.808s] Level 1:colcon.colcon_core.package_identification:_identify(Library/Artifacts/e4) by extensions ['cmake', 'python']
[12.809s] Level 1:colcon.colcon_core.package_identification:_identify(Library/Artifacts/e4) by extension 'cmake'
[12.811s] Level 1:colcon.colcon_core.package_identification:_identify(Library/Artifacts/e4) by extension 'python'
[12.812s] Level 1:colcon.colcon_core.package_identification:_identify(Library/Artifacts/e4) by extensions ['python_setup_py']
[12.813s] Level 1:colcon.colcon_core.package_identification:_identify(Library/Artifacts/e4) by extension 'python_setup_py'
[12.821s] Level 1:colcon.colcon_core.package_identification:_identify(Library/Artifacts/e5) by extensions ['ignore', 'ignore_ament_install']
[12.822s] Level 1:colcon.colcon_core.package_identification:_identify(Library/Artifacts/e5) by extension 'ignore'
[12.826s] Level 1:colcon.colcon_core.package_identification:_identify(Library/Artifacts/e5) by extension 'ignore_ament_install'
[12.830s] Level 1:colcon.colcon_core.package_identification:_identify(Library/Artifacts/e5) by extensions ['colcon_pkg']
[12.831s] Level 1:colcon.colcon_core.package_identification:_identify(Library/Artifacts/e5) by extension 'colcon_pkg'
[12.833s] Level 1:colcon.colcon_core.package_identification:_identify(Library/Artifacts/e5) by extensions ['colcon_meta']
[12.834s] Level 1:colcon.colcon_core.package_identification:_identify(Library/Artifacts/e5) by extension 'colcon_meta'
[12.838s] Level 1:colcon.colcon_core.package_identification:_identify(Library/Artifacts/e5) by extensions ['ros']
[12.839s] Level 1:colcon.colcon_core.package_identification:_identify(Library/Artifacts/e5) by extension 'ros'
[12.849s] Level 1:colcon.colcon_core.package_identification:_identify(Library/Artifacts/e5) by extensions ['cmake', 'python']
[12.850s] Level 1:colcon.colcon_core.package_identification:_identify(Library/Artifacts/e5) by extension 'cmake'
[12.852s] Level 1:colcon.colcon_core.package_identification:_identify(Library/Artifacts/e5) by extension 'python'
[12.855s] Level 1:colcon.colcon_core.package_identification:_identify(Library/Artifacts/e5) by extensions ['python_setup_py']
[12.855s] Level 1:colcon.colcon_core.package_identification:_identify(Library/Artifacts/e5) by extension 'python_setup_py'
[12.866s] Level 1:colcon.colcon_core.package_identification:_identify(Library/Artifacts/e6) by extensions ['ignore', 'ignore_ament_install']
[12.866s] Level 1:colcon.colcon_core.package_identification:_identify(Library/Artifacts/e6) by extension 'ignore'
[12.869s] Level 1:colcon.colcon_core.package_identification:_identify(Library/Artifacts/e6) by extension 'ignore_ament_install'
[12.874s] Level 1:colcon.colcon_core.package_identification:_identify(Library/Artifacts/e6) by extensions ['colcon_pkg']
[12.875s] Level 1:colcon.colcon_core.package_identification:_identify(Library/Artifacts/e6) by extension 'colcon_pkg'
[12.877s] Level 1:colcon.colcon_core.package_identification:_identify(Library/Artifacts/e6) by extensions ['colcon_meta']
[12.878s] Level 1:colcon.colcon_core.package_identification:_identify(Library/Artifacts/e6) by extension 'colcon_meta'
[12.882s] Level 1:colcon.colcon_core.package_identification:_identify(Library/Artifacts/e6) by extensions ['ros']
[12.883s] Level 1:colcon.colcon_core.package_identification:_identify(Library/Artifacts/e6) by extension 'ros'
[12.893s] Level 1:colcon.colcon_core.package_identification:_identify(Library/Artifacts/e6) by extensions ['cmake', 'python']
[12.893s] Level 1:colcon.colcon_core.package_identification:_identify(Library/Artifacts/e6) by extension 'cmake'
[12.896s] Level 1:colcon.colcon_core.package_identification:_identify(Library/Artifacts/e6) by extension 'python'
[12.899s] Level 1:colcon.colcon_core.package_identification:_identify(Library/Artifacts/e6) by extensions ['python_setup_py']
[12.899s] Level 1:colcon.colcon_core.package_identification:_identify(Library/Artifacts/e6) by extension 'python_setup_py'
[12.907s] Level 1:colcon.colcon_core.package_identification:_identify(Library/Artifacts/e7) by extensions ['ignore', 'ignore_ament_install']
[12.908s] Level 1:colcon.colcon_core.package_identification:_identify(Library/Artifacts/e7) by extension 'ignore'
[12.910s] Level 1:colcon.colcon_core.package_identification:_identify(Library/Artifacts/e7) by extension 'ignore_ament_install'
[12.913s] Level 1:colcon.colcon_core.package_identification:_identify(Library/Artifacts/e7) by extensions ['colcon_pkg']
[12.914s] Level 1:colcon.colcon_core.package_identification:_identify(Library/Artifacts/e7) by extension 'colcon_pkg'
[12.916s] Level 1:colcon.colcon_core.package_identification:_identify(Library/Artifacts/e7) by extensions ['colcon_meta']
[12.916s] Level 1:colcon.colcon_core.package_identification:_identify(Library/Artifacts/e7) by extension 'colcon_meta'
[12.920s] Level 1:colcon.colcon_core.package_identification:_identify(Library/Artifacts/e7) by extensions ['ros']
[12.920s] Level 1:colcon.colcon_core.package_identification:_identify(Library/Artifacts/e7) by extension 'ros'
[12.927s] Level 1:colcon.colcon_core.package_identification:_identify(Library/Artifacts/e7) by extensions ['cmake', 'python']
[12.928s] Level 1:colcon.colcon_core.package_identification:_identify(Library/Artifacts/e7) by extension 'cmake'
[12.931s] Level 1:colcon.colcon_core.package_identification:_identify(Library/Artifacts/e7) by extension 'python'
[12.934s] Level 1:colcon.colcon_core.package_identification:_identify(Library/Artifacts/e7) by extensions ['python_setup_py']
[12.935s] Level 1:colcon.colcon_core.package_identification:_identify(Library/Artifacts/e7) by extension 'python_setup_py'
[12.945s] Level 1:colcon.colcon_core.package_identification:_identify(Library/Artifacts/e8) by extensions ['ignore', 'ignore_ament_install']
[12.946s] Level 1:colcon.colcon_core.package_identification:_identify(Library/Artifacts/e8) by extension 'ignore'
[12.949s] Level 1:colcon.colcon_core.package_identification:_identify(Library/Artifacts/e8) by extension 'ignore_ament_install'
[12.953s] Level 1:colcon.colcon_core.package_identification:_identify(Library/Artifacts/e8) by extensions ['colcon_pkg']
[12.954s] Level 1:colcon.colcon_core.package_identification:_identify(Library/Artifacts/e8) by extension 'colcon_pkg'
[12.956s] Level 1:colcon.colcon_core.package_identification:_identify(Library/Artifacts/e8) by extensions ['colcon_meta']
[12.957s] Level 1:colcon.colcon_core.package_identification:_identify(Library/Artifacts/e8) by extension 'colcon_meta'
[12.961s] Level 1:colcon.colcon_core.package_identification:_identify(Library/Artifacts/e8) by extensions ['ros']
[12.962s] Level 1:colcon.colcon_core.package_identification:_identify(Library/Artifacts/e8) by extension 'ros'
[12.972s] Level 1:colcon.colcon_core.package_identification:_identify(Library/Artifacts/e8) by extensions ['cmake', 'python']
[12.973s] Level 1:colcon.colcon_core.package_identification:_identify(Library/Artifacts/e8) by extension 'cmake'
[12.975s] Level 1:colcon.colcon_core.package_identification:_identify(Library/Artifacts/e8) by extension 'python'
[12.978s] Level 1:colcon.colcon_core.package_identification:_identify(Library/Artifacts/e8) by extensions ['python_setup_py']
[12.979s] Level 1:colcon.colcon_core.package_identification:_identify(Library/Artifacts/e8) by extension 'python_setup_py'
[12.989s] Level 1:colcon.colcon_core.package_identification:_identify(Library/Artifacts/e9) by extensions ['ignore', 'ignore_ament_install']
[12.989s] Level 1:colcon.colcon_core.package_identification:_identify(Library/Artifacts/e9) by extension 'ignore'
[12.992s] Level 1:colcon.colcon_core.package_identification:_identify(Library/Artifacts/e9) by extension 'ignore_ament_install'
[12.995s] Level 1:colcon.colcon_core.package_identification:_identify(Library/Artifacts/e9) by extensions ['colcon_pkg']
[12.996s] Level 1:colcon.colcon_core.package_identification:_identify(Library/Artifacts/e9) by extension 'colcon_pkg'
[12.999s] Level 1:colcon.colcon_core.package_identification:_identify(Library/Artifacts/e9) by extensions ['colcon_meta']
[13.000s] Level 1:colcon.colcon_core.package_identification:_identify(Library/Artifacts/e9) by extension 'colcon_meta'
[13.004s] Level 1:colcon.colcon_core.package_identification:_identify(Library/Artifacts/e9) by extensions ['ros']
[13.004s] Level 1:colcon.colcon_core.package_identification:_identify(Library/Artifacts/e9) by extension 'ros'
[13.016s] Level 1:colcon.colcon_core.package_identification:_identify(Library/Artifacts/e9) by extensions ['cmake', 'python']
[13.017s] Level 1:colcon.colcon_core.package_identification:_identify(Library/Artifacts/e9) by extension 'cmake'
[13.019s] Level 1:colcon.colcon_core.package_identification:_identify(Library/Artifacts/e9) by extension 'python'
[13.022s] Level 1:colcon.colcon_core.package_identification:_identify(Library/Artifacts/e9) by extensions ['python_setup_py']
[13.023s] Level 1:colcon.colcon_core.package_identification:_identify(Library/Artifacts/e9) by extension 'python_setup_py'
[13.033s] Level 1:colcon.colcon_core.package_identification:_identify(Library/Artifacts/ea) by extensions ['ignore', 'ignore_ament_install']
[13.034s] Level 1:colcon.colcon_core.package_identification:_identify(Library/Artifacts/ea) by extension 'ignore'
[13.037s] Level 1:colcon.colcon_core.package_identification:_identify(Library/Artifacts/ea) by extension 'ignore_ament_install'
[13.042s] Level 1:colcon.colcon_core.package_identification:_identify(Library/Artifacts/ea) by extensions ['colcon_pkg']
[13.043s] Level 1:colcon.colcon_core.package_identification:_identify(Library/Artifacts/ea) by extension 'colcon_pkg'
[13.045s] Level 1:colcon.colcon_core.package_identification:_identify(Library/Artifacts/ea) by extensions ['colcon_meta']
[13.046s] Level 1:colcon.colcon_core.package_identification:_identify(Library/Artifacts/ea) by extension 'colcon_meta'
[13.051s] Level 1:colcon.colcon_core.package_identification:_identify(Library/Artifacts/ea) by extensions ['ros']
[13.052s] Level 1:colcon.colcon_core.package_identification:_identify(Library/Artifacts/ea) by extension 'ros'
[13.062s] Level 1:colcon.colcon_core.package_identification:_identify(Library/Artifacts/ea) by extensions ['cmake', 'python']
[13.062s] Level 1:colcon.colcon_core.package_identification:_identify(Library/Artifacts/ea) by extension 'cmake'
[13.065s] Level 1:colcon.colcon_core.package_identification:_identify(Library/Artifacts/ea) by extension 'python'
[13.068s] Level 1:colcon.colcon_core.package_identification:_identify(Library/Artifacts/ea) by extensions ['python_setup_py']
[13.069s] Level 1:colcon.colcon_core.package_identification:_identify(Library/Artifacts/ea) by extension 'python_setup_py'
[13.078s] Level 1:colcon.colcon_core.package_identification:_identify(Library/Artifacts/eb) by extensions ['ignore', 'ignore_ament_install']
[13.079s] Level 1:colcon.colcon_core.package_identification:_identify(Library/Artifacts/eb) by extension 'ignore'
[13.082s] Level 1:colcon.colcon_core.package_identification:_identify(Library/Artifacts/eb) by extension 'ignore_ament_install'
[13.086s] Level 1:colcon.colcon_core.package_identification:_identify(Library/Artifacts/eb) by extensions ['colcon_pkg']
[13.087s] Level 1:colcon.colcon_core.package_identification:_identify(Library/Artifacts/eb) by extension 'colcon_pkg'
[13.090s] Level 1:colcon.colcon_core.package_identification:_identify(Library/Artifacts/eb) by extensions ['colcon_meta']
[13.091s] Level 1:colcon.colcon_core.package_identification:_identify(Library/Artifacts/eb) by extension 'colcon_meta'
[13.095s] Level 1:colcon.colcon_core.package_identification:_identify(Library/Artifacts/eb) by extensions ['ros']
[13.096s] Level 1:colcon.colcon_core.package_identification:_identify(Library/Artifacts/eb) by extension 'ros'
[13.106s] Level 1:colcon.colcon_core.package_identification:_identify(Library/Artifacts/eb) by extensions ['cmake', 'python']
[13.106s] Level 1:colcon.colcon_core.package_identification:_identify(Library/Artifacts/eb) by extension 'cmake'
[13.109s] Level 1:colcon.colcon_core.package_identification:_identify(Library/Artifacts/eb) by extension 'python'
[13.112s] Level 1:colcon.colcon_core.package_identification:_identify(Library/Artifacts/eb) by extensions ['python_setup_py']
[13.112s] Level 1:colcon.colcon_core.package_identification:_identify(Library/Artifacts/eb) by extension 'python_setup_py'
[13.122s] Level 1:colcon.colcon_core.package_identification:_identify(Library/Artifacts/ec) by extensions ['ignore', 'ignore_ament_install']
[13.123s] Level 1:colcon.colcon_core.package_identification:_identify(Library/Artifacts/ec) by extension 'ignore'
[13.125s] Level 1:colcon.colcon_core.package_identification:_identify(Library/Artifacts/ec) by extension 'ignore_ament_install'
[13.130s] Level 1:colcon.colcon_core.package_identification:_identify(Library/Artifacts/ec) by extensions ['colcon_pkg']
[13.130s] Level 1:colcon.colcon_core.package_identification:_identify(Library/Artifacts/ec) by extension 'colcon_pkg'
[13.133s] Level 1:colcon.colcon_core.package_identification:_identify(Library/Artifacts/ec) by extensions ['colcon_meta']
[13.134s] Level 1:colcon.colcon_core.package_identification:_identify(Library/Artifacts/ec) by extension 'colcon_meta'
[13.139s] Level 1:colcon.colcon_core.package_identification:_identify(Library/Artifacts/ec) by extensions ['ros']
[13.140s] Level 1:colcon.colcon_core.package_identification:_identify(Library/Artifacts/ec) by extension 'ros'
[13.149s] Level 1:colcon.colcon_core.package_identification:_identify(Library/Artifacts/ec) by extensions ['cmake', 'python']
[13.150s] Level 1:colcon.colcon_core.package_identification:_identify(Library/Artifacts/ec) by extension 'cmake'
[13.153s] Level 1:colcon.colcon_core.package_identification:_identify(Library/Artifacts/ec) by extension 'python'
[13.155s] Level 1:colcon.colcon_core.package_identification:_identify(Library/Artifacts/ec) by extensions ['python_setup_py']
[13.156s] Level 1:colcon.colcon_core.package_identification:_identify(Library/Artifacts/ec) by extension 'python_setup_py'
[13.166s] Level 1:colcon.colcon_core.package_identification:_identify(Library/Artifacts/ed) by extensions ['ignore', 'ignore_ament_install']
[13.167s] Level 1:colcon.colcon_core.package_identification:_identify(Library/Artifacts/ed) by extension 'ignore'
[13.170s] Level 1:colcon.colcon_core.package_identification:_identify(Library/Artifacts/ed) by extension 'ignore_ament_install'
[13.174s] Level 1:colcon.colcon_core.package_identification:_identify(Library/Artifacts/ed) by extensions ['colcon_pkg']
[13.175s] Level 1:colcon.colcon_core.package_identification:_identify(Library/Artifacts/ed) by extension 'colcon_pkg'
[13.177s] Level 1:colcon.colcon_core.package_identification:_identify(Library/Artifacts/ed) by extensions ['colcon_meta']
[13.178s] Level 1:colcon.colcon_core.package_identification:_identify(Library/Artifacts/ed) by extension 'colcon_meta'
[13.182s] Level 1:colcon.colcon_core.package_identification:_identify(Library/Artifacts/ed) by extensions ['ros']
[13.183s] Level 1:colcon.colcon_core.package_identification:_identify(Library/Artifacts/ed) by extension 'ros'
[13.193s] Level 1:colcon.colcon_core.package_identification:_identify(Library/Artifacts/ed) by extensions ['cmake', 'python']
[13.194s] Level 1:colcon.colcon_core.package_identification:_identify(Library/Artifacts/ed) by extension 'cmake'
[13.197s] Level 1:colcon.colcon_core.package_identification:_identify(Library/Artifacts/ed) by extension 'python'
[13.199s] Level 1:colcon.colcon_core.package_identification:_identify(Library/Artifacts/ed) by extensions ['python_setup_py']
[13.200s] Level 1:colcon.colcon_core.package_identification:_identify(Library/Artifacts/ed) by extension 'python_setup_py'
[13.207s] Level 1:colcon.colcon_core.package_identification:_identify(Library/Artifacts/ee) by extensions ['ignore', 'ignore_ament_install']
[13.208s] Level 1:colcon.colcon_core.package_identification:_identify(Library/Artifacts/ee) by extension 'ignore'
[13.210s] Level 1:colcon.colcon_core.package_identification:_identify(Library/Artifacts/ee) by extension 'ignore_ament_install'
[13.213s] Level 1:colcon.colcon_core.package_identification:_identify(Library/Artifacts/ee) by extensions ['colcon_pkg']
[13.214s] Level 1:colcon.colcon_core.package_identification:_identify(Library/Artifacts/ee) by extension 'colcon_pkg'
[13.216s] Level 1:colcon.colcon_core.package_identification:_identify(Library/Artifacts/ee) by extensions ['colcon_meta']
[13.217s] Level 1:colcon.colcon_core.package_identification:_identify(Library/Artifacts/ee) by extension 'colcon_meta'
[13.220s] Level 1:colcon.colcon_core.package_identification:_identify(Library/Artifacts/ee) by extensions ['ros']
[13.221s] Level 1:colcon.colcon_core.package_identification:_identify(Library/Artifacts/ee) by extension 'ros'
[13.229s] Level 1:colcon.colcon_core.package_identification:_identify(Library/Artifacts/ee) by extensions ['cmake', 'python']
[13.230s] Level 1:colcon.colcon_core.package_identification:_identify(Library/Artifacts/ee) by extension 'cmake'
[13.233s] Level 1:colcon.colcon_core.package_identification:_identify(Library/Artifacts/ee) by extension 'python'
[13.236s] Level 1:colcon.colcon_core.package_identification:_identify(Library/Artifacts/ee) by extensions ['python_setup_py']
[13.236s] Level 1:colcon.colcon_core.package_identification:_identify(Library/Artifacts/ee) by extension 'python_setup_py'
[13.245s] Level 1:colcon.colcon_core.package_identification:_identify(Library/Artifacts/ef) by extensions ['ignore', 'ignore_ament_install']
[13.246s] Level 1:colcon.colcon_core.package_identification:_identify(Library/Artifacts/ef) by extension 'ignore'
[13.248s] Level 1:colcon.colcon_core.package_identification:_identify(Library/Artifacts/ef) by extension 'ignore_ament_install'
[13.253s] Level 1:colcon.colcon_core.package_identification:_identify(Library/Artifacts/ef) by extensions ['colcon_pkg']
[13.254s] Level 1:colcon.colcon_core.package_identification:_identify(Library/Artifacts/ef) by extension 'colcon_pkg'
[13.257s] Level 1:colcon.colcon_core.package_identification:_identify(Library/Artifacts/ef) by extensions ['colcon_meta']
[13.258s] Level 1:colcon.colcon_core.package_identification:_identify(Library/Artifacts/ef) by extension 'colcon_meta'
[13.263s] Level 1:colcon.colcon_core.package_identification:_identify(Library/Artifacts/ef) by extensions ['ros']
[13.263s] Level 1:colcon.colcon_core.package_identification:_identify(Library/Artifacts/ef) by extension 'ros'
[13.274s] Level 1:colcon.colcon_core.package_identification:_identify(Library/Artifacts/ef) by extensions ['cmake', 'python']
[13.275s] Level 1:colcon.colcon_core.package_identification:_identify(Library/Artifacts/ef) by extension 'cmake'
[13.278s] Level 1:colcon.colcon_core.package_identification:_identify(Library/Artifacts/ef) by extension 'python'
[13.281s] Level 1:colcon.colcon_core.package_identification:_identify(Library/Artifacts/ef) by extensions ['python_setup_py']
[13.281s] Level 1:colcon.colcon_core.package_identification:_identify(Library/Artifacts/ef) by extension 'python_setup_py'
[13.292s] Level 1:colcon.colcon_core.package_identification:_identify(Library/Artifacts/f0) by extensions ['ignore', 'ignore_ament_install']
[13.293s] Level 1:colcon.colcon_core.package_identification:_identify(Library/Artifacts/f0) by extension 'ignore'
[13.296s] Level 1:colcon.colcon_core.package_identification:_identify(Library/Artifacts/f0) by extension 'ignore_ament_install'
[13.300s] Level 1:colcon.colcon_core.package_identification:_identify(Library/Artifacts/f0) by extensions ['colcon_pkg']
[13.300s] Level 1:colcon.colcon_core.package_identification:_identify(Library/Artifacts/f0) by extension 'colcon_pkg'
[13.303s] Level 1:colcon.colcon_core.package_identification:_identify(Library/Artifacts/f0) by extensions ['colcon_meta']
[13.303s] Level 1:colcon.colcon_core.package_identification:_identify(Library/Artifacts/f0) by extension 'colcon_meta'
[13.308s] Level 1:colcon.colcon_core.package_identification:_identify(Library/Artifacts/f0) by extensions ['ros']
[13.309s] Level 1:colcon.colcon_core.package_identification:_identify(Library/Artifacts/f0) by extension 'ros'
[13.318s] Level 1:colcon.colcon_core.package_identification:_identify(Library/Artifacts/f0) by extensions ['cmake', 'python']
[13.318s] Level 1:colcon.colcon_core.package_identification:_identify(Library/Artifacts/f0) by extension 'cmake'
[13.321s] Level 1:colcon.colcon_core.package_identification:_identify(Library/Artifacts/f0) by extension 'python'
[13.324s] Level 1:colcon.colcon_core.package_identification:_identify(Library/Artifacts/f0) by extensions ['python_setup_py']
[13.325s] Level 1:colcon.colcon_core.package_identification:_identify(Library/Artifacts/f0) by extension 'python_setup_py'
[13.335s] Level 1:colcon.colcon_core.package_identification:_identify(Library/Artifacts/f1) by extensions ['ignore', 'ignore_ament_install']
[13.336s] Level 1:colcon.colcon_core.package_identification:_identify(Library/Artifacts/f1) by extension 'ignore'
[13.339s] Level 1:colcon.colcon_core.package_identification:_identify(Library/Artifacts/f1) by extension 'ignore_ament_install'
[13.343s] Level 1:colcon.colcon_core.package_identification:_identify(Library/Artifacts/f1) by extensions ['colcon_pkg']
[13.344s] Level 1:colcon.colcon_core.package_identification:_identify(Library/Artifacts/f1) by extension 'colcon_pkg'
[13.347s] Level 1:colcon.colcon_core.package_identification:_identify(Library/Artifacts/f1) by extensions ['colcon_meta']
[13.347s] Level 1:colcon.colcon_core.package_identification:_identify(Library/Artifacts/f1) by extension 'colcon_meta'
[13.353s] Level 1:colcon.colcon_core.package_identification:_identify(Library/Artifacts/f1) by extensions ['ros']
[13.354s] Level 1:colcon.colcon_core.package_identification:_identify(Library/Artifacts/f1) by extension 'ros'
[13.363s] Level 1:colcon.colcon_core.package_identification:_identify(Library/Artifacts/f1) by extensions ['cmake', 'python']
[13.364s] Level 1:colcon.colcon_core.package_identification:_identify(Library/Artifacts/f1) by extension 'cmake'
[13.365s] Level 1:colcon.colcon_core.package_identification:_identify(Library/Artifacts/f1) by extension 'python'
[13.367s] Level 1:colcon.colcon_core.package_identification:_identify(Library/Artifacts/f1) by extensions ['python_setup_py']
[13.367s] Level 1:colcon.colcon_core.package_identification:_identify(Library/Artifacts/f1) by extension 'python_setup_py'
[13.375s] Level 1:colcon.colcon_core.package_identification:_identify(Library/Artifacts/f2) by extensions ['ignore', 'ignore_ament_install']
[13.376s] Level 1:colcon.colcon_core.package_identification:_identify(Library/Artifacts/f2) by extension 'ignore'
[13.378s] Level 1:colcon.colcon_core.package_identification:_identify(Library/Artifacts/f2) by extension 'ignore_ament_install'
[13.381s] Level 1:colcon.colcon_core.package_identification:_identify(Library/Artifacts/f2) by extensions ['colcon_pkg']
[13.381s] Level 1:colcon.colcon_core.package_identification:_identify(Library/Artifacts/f2) by extension 'colcon_pkg'
[13.384s] Level 1:colcon.colcon_core.package_identification:_identify(Library/Artifacts/f2) by extensions ['colcon_meta']
[13.384s] Level 1:colcon.colcon_core.package_identification:_identify(Library/Artifacts/f2) by extension 'colcon_meta'
[13.388s] Level 1:colcon.colcon_core.package_identification:_identify(Library/Artifacts/f2) by extensions ['ros']
[13.389s] Level 1:colcon.colcon_core.package_identification:_identify(Library/Artifacts/f2) by extension 'ros'
[13.400s] Level 1:colcon.colcon_core.package_identification:_identify(Library/Artifacts/f2) by extensions ['cmake', 'python']
[13.400s] Level 1:colcon.colcon_core.package_identification:_identify(Library/Artifacts/f2) by extension 'cmake'
[13.402s] Level 1:colcon.colcon_core.package_identification:_identify(Library/Artifacts/f2) by extension 'python'
[13.405s] Level 1:colcon.colcon_core.package_identification:_identify(Library/Artifacts/f2) by extensions ['python_setup_py']
[13.406s] Level 1:colcon.colcon_core.package_identification:_identify(Library/Artifacts/f2) by extension 'python_setup_py'
[13.416s] Level 1:colcon.colcon_core.package_identification:_identify(Library/Artifacts/f3) by extensions ['ignore', 'ignore_ament_install']
[13.417s] Level 1:colcon.colcon_core.package_identification:_identify(Library/Artifacts/f3) by extension 'ignore'
[13.419s] Level 1:colcon.colcon_core.package_identification:_identify(Library/Artifacts/f3) by extension 'ignore_ament_install'
[13.424s] Level 1:colcon.colcon_core.package_identification:_identify(Library/Artifacts/f3) by extensions ['colcon_pkg']
[13.424s] Level 1:colcon.colcon_core.package_identification:_identify(Library/Artifacts/f3) by extension 'colcon_pkg'
[13.427s] Level 1:colcon.colcon_core.package_identification:_identify(Library/Artifacts/f3) by extensions ['colcon_meta']
[13.427s] Level 1:colcon.colcon_core.package_identification:_identify(Library/Artifacts/f3) by extension 'colcon_meta'
[13.432s] Level 1:colcon.colcon_core.package_identification:_identify(Library/Artifacts/f3) by extensions ['ros']
[13.433s] Level 1:colcon.colcon_core.package_identification:_identify(Library/Artifacts/f3) by extension 'ros'
[13.443s] Level 1:colcon.colcon_core.package_identification:_identify(Library/Artifacts/f3) by extensions ['cmake', 'python']
[13.443s] Level 1:colcon.colcon_core.package_identification:_identify(Library/Artifacts/f3) by extension 'cmake'
[13.446s] Level 1:colcon.colcon_core.package_identification:_identify(Library/Artifacts/f3) by extension 'python'
[13.448s] Level 1:colcon.colcon_core.package_identification:_identify(Library/Artifacts/f3) by extensions ['python_setup_py']
[13.449s] Level 1:colcon.colcon_core.package_identification:_identify(Library/Artifacts/f3) by extension 'python_setup_py'
[13.458s] Level 1:colcon.colcon_core.package_identification:_identify(Library/Artifacts/f4) by extensions ['ignore', 'ignore_ament_install']
[13.459s] Level 1:colcon.colcon_core.package_identification:_identify(Library/Artifacts/f4) by extension 'ignore'
[13.461s] Level 1:colcon.colcon_core.package_identification:_identify(Library/Artifacts/f4) by extension 'ignore_ament_install'
[13.466s] Level 1:colcon.colcon_core.package_identification:_identify(Library/Artifacts/f4) by extensions ['colcon_pkg']
[13.466s] Level 1:colcon.colcon_core.package_identification:_identify(Library/Artifacts/f4) by extension 'colcon_pkg'
[13.469s] Level 1:colcon.colcon_core.package_identification:_identify(Library/Artifacts/f4) by extensions ['colcon_meta']
[13.470s] Level 1:colcon.colcon_core.package_identification:_identify(Library/Artifacts/f4) by extension 'colcon_meta'
[13.475s] Level 1:colcon.colcon_core.package_identification:_identify(Library/Artifacts/f4) by extensions ['ros']
[13.478s] Level 1:colcon.colcon_core.package_identification:_identify(Library/Artifacts/f4) by extension 'ros'
[13.487s] Level 1:colcon.colcon_core.package_identification:_identify(Library/Artifacts/f4) by extensions ['cmake', 'python']
[13.488s] Level 1:colcon.colcon_core.package_identification:_identify(Library/Artifacts/f4) by extension 'cmake'
[13.490s] Level 1:colcon.colcon_core.package_identification:_identify(Library/Artifacts/f4) by extension 'python'
[13.492s] Level 1:colcon.colcon_core.package_identification:_identify(Library/Artifacts/f4) by extensions ['python_setup_py']
[13.493s] Level 1:colcon.colcon_core.package_identification:_identify(Library/Artifacts/f4) by extension 'python_setup_py'
[13.503s] Level 1:colcon.colcon_core.package_identification:_identify(Library/Artifacts/f5) by extensions ['ignore', 'ignore_ament_install']
[13.503s] Level 1:colcon.colcon_core.package_identification:_identify(Library/Artifacts/f5) by extension 'ignore'
[13.507s] Level 1:colcon.colcon_core.package_identification:_identify(Library/Artifacts/f5) by extension 'ignore_ament_install'
[13.511s] Level 1:colcon.colcon_core.package_identification:_identify(Library/Artifacts/f5) by extensions ['colcon_pkg']
[13.511s] Level 1:colcon.colcon_core.package_identification:_identify(Library/Artifacts/f5) by extension 'colcon_pkg'
[13.514s] Level 1:colcon.colcon_core.package_identification:_identify(Library/Artifacts/f5) by extensions ['colcon_meta']
[13.515s] Level 1:colcon.colcon_core.package_identification:_identify(Library/Artifacts/f5) by extension 'colcon_meta'
[13.519s] Level 1:colcon.colcon_core.package_identification:_identify(Library/Artifacts/f5) by extensions ['ros']
[13.520s] Level 1:colcon.colcon_core.package_identification:_identify(Library/Artifacts/f5) by extension 'ros'
[13.528s] Level 1:colcon.colcon_core.package_identification:_identify(Library/Artifacts/f5) by extensions ['cmake', 'python']
[13.528s] Level 1:colcon.colcon_core.package_identification:_identify(Library/Artifacts/f5) by extension 'cmake'
[13.529s] Level 1:colcon.colcon_core.package_identification:_identify(Library/Artifacts/f5) by extension 'python'
[13.532s] Level 1:colcon.colcon_core.package_identification:_identify(Library/Artifacts/f5) by extensions ['python_setup_py']
[13.532s] Level 1:colcon.colcon_core.package_identification:_identify(Library/Artifacts/f5) by extension 'python_setup_py'
[13.539s] Level 1:colcon.colcon_core.package_identification:_identify(Library/Artifacts/f6) by extensions ['ignore', 'ignore_ament_install']
[13.540s] Level 1:colcon.colcon_core.package_identification:_identify(Library/Artifacts/f6) by extension 'ignore'
[13.542s] Level 1:colcon.colcon_core.package_identification:_identify(Library/Artifacts/f6) by extension 'ignore_ament_install'
[13.545s] Level 1:colcon.colcon_core.package_identification:_identify(Library/Artifacts/f6) by extensions ['colcon_pkg']
[13.545s] Level 1:colcon.colcon_core.package_identification:_identify(Library/Artifacts/f6) by extension 'colcon_pkg'
[13.548s] Level 1:colcon.colcon_core.package_identification:_identify(Library/Artifacts/f6) by extensions ['colcon_meta']
[13.548s] Level 1:colcon.colcon_core.package_identification:_identify(Library/Artifacts/f6) by extension 'colcon_meta'
[13.551s] Level 1:colcon.colcon_core.package_identification:_identify(Library/Artifacts/f6) by extensions ['ros']
[13.552s] Level 1:colcon.colcon_core.package_identification:_identify(Library/Artifacts/f6) by extension 'ros'
[13.559s] Level 1:colcon.colcon_core.package_identification:_identify(Library/Artifacts/f6) by extensions ['cmake', 'python']
[13.560s] Level 1:colcon.colcon_core.package_identification:_identify(Library/Artifacts/f6) by extension 'cmake'
[13.562s] Level 1:colcon.colcon_core.package_identification:_identify(Library/Artifacts/f6) by extension 'python'
[13.564s] Level 1:colcon.colcon_core.package_identification:_identify(Library/Artifacts/f6) by extensions ['python_setup_py']
[13.565s] Level 1:colcon.colcon_core.package_identification:_identify(Library/Artifacts/f6) by extension 'python_setup_py'
[13.572s] Level 1:colcon.colcon_core.package_identification:_identify(Library/Artifacts/f7) by extensions ['ignore', 'ignore_ament_install']
[13.572s] Level 1:colcon.colcon_core.package_identification:_identify(Library/Artifacts/f7) by extension 'ignore'
[13.574s] Level 1:colcon.colcon_core.package_identification:_identify(Library/Artifacts/f7) by extension 'ignore_ament_install'
[13.580s] Level 1:colcon.colcon_core.package_identification:_identify(Library/Artifacts/f7) by extensions ['colcon_pkg']
[13.581s] Level 1:colcon.colcon_core.package_identification:_identify(Library/Artifacts/f7) by extension 'colcon_pkg'
[13.583s] Level 1:colcon.colcon_core.package_identification:_identify(Library/Artifacts/f7) by extensions ['colcon_meta']
[13.584s] Level 1:colcon.colcon_core.package_identification:_identify(Library/Artifacts/f7) by extension 'colcon_meta'
[13.588s] Level 1:colcon.colcon_core.package_identification:_identify(Library/Artifacts/f7) by extensions ['ros']
[13.589s] Level 1:colcon.colcon_core.package_identification:_identify(Library/Artifacts/f7) by extension 'ros'
[13.599s] Level 1:colcon.colcon_core.package_identification:_identify(Library/Artifacts/f7) by extensions ['cmake', 'python']
[13.599s] Level 1:colcon.colcon_core.package_identification:_identify(Library/Artifacts/f7) by extension 'cmake'
[13.602s] Level 1:colcon.colcon_core.package_identification:_identify(Library/Artifacts/f7) by extension 'python'
[13.604s] Level 1:colcon.colcon_core.package_identification:_identify(Library/Artifacts/f7) by extensions ['python_setup_py']
[13.605s] Level 1:colcon.colcon_core.package_identification:_identify(Library/Artifacts/f7) by extension 'python_setup_py'
[13.614s] Level 1:colcon.colcon_core.package_identification:_identify(Library/Artifacts/f8) by extensions ['ignore', 'ignore_ament_install']
[13.615s] Level 1:colcon.colcon_core.package_identification:_identify(Library/Artifacts/f8) by extension 'ignore'
[13.618s] Level 1:colcon.colcon_core.package_identification:_identify(Library/Artifacts/f8) by extension 'ignore_ament_install'
[13.622s] Level 1:colcon.colcon_core.package_identification:_identify(Library/Artifacts/f8) by extensions ['colcon_pkg']
[13.623s] Level 1:colcon.colcon_core.package_identification:_identify(Library/Artifacts/f8) by extension 'colcon_pkg'
[13.626s] Level 1:colcon.colcon_core.package_identification:_identify(Library/Artifacts/f8) by extensions ['colcon_meta']
[13.626s] Level 1:colcon.colcon_core.package_identification:_identify(Library/Artifacts/f8) by extension 'colcon_meta'
[13.631s] Level 1:colcon.colcon_core.package_identification:_identify(Library/Artifacts/f8) by extensions ['ros']
[13.631s] Level 1:colcon.colcon_core.package_identification:_identify(Library/Artifacts/f8) by extension 'ros'
[13.641s] Level 1:colcon.colcon_core.package_identification:_identify(Library/Artifacts/f8) by extensions ['cmake', 'python']
[13.641s] Level 1:colcon.colcon_core.package_identification:_identify(Library/Artifacts/f8) by extension 'cmake'
[13.643s] Level 1:colcon.colcon_core.package_identification:_identify(Library/Artifacts/f8) by extension 'python'
[13.645s] Level 1:colcon.colcon_core.package_identification:_identify(Library/Artifacts/f8) by extensions ['python_setup_py']
[13.646s] Level 1:colcon.colcon_core.package_identification:_identify(Library/Artifacts/f8) by extension 'python_setup_py'
[13.656s] Level 1:colcon.colcon_core.package_identification:_identify(Library/Artifacts/f9) by extensions ['ignore', 'ignore_ament_install']
[13.657s] Level 1:colcon.colcon_core.package_identification:_identify(Library/Artifacts/f9) by extension 'ignore'
[13.659s] Level 1:colcon.colcon_core.package_identification:_identify(Library/Artifacts/f9) by extension 'ignore_ament_install'
[13.663s] Level 1:colcon.colcon_core.package_identification:_identify(Library/Artifacts/f9) by extensions ['colcon_pkg']
[13.664s] Level 1:colcon.colcon_core.package_identification:_identify(Library/Artifacts/f9) by extension 'colcon_pkg'
[13.666s] Level 1:colcon.colcon_core.package_identification:_identify(Library/Artifacts/f9) by extensions ['colcon_meta']
[13.667s] Level 1:colcon.colcon_core.package_identification:_identify(Library/Artifacts/f9) by extension 'colcon_meta'
[13.671s] Level 1:colcon.colcon_core.package_identification:_identify(Library/Artifacts/f9) by extensions ['ros']
[13.672s] Level 1:colcon.colcon_core.package_identification:_identify(Library/Artifacts/f9) by extension 'ros'
[13.681s] Level 1:colcon.colcon_core.package_identification:_identify(Library/Artifacts/f9) by extensions ['cmake', 'python']
[13.682s] Level 1:colcon.colcon_core.package_identification:_identify(Library/Artifacts/f9) by extension 'cmake'
[13.684s] Level 1:colcon.colcon_core.package_identification:_identify(Library/Artifacts/f9) by extension 'python'
[13.686s] Level 1:colcon.colcon_core.package_identification:_identify(Library/Artifacts/f9) by extensions ['python_setup_py']
[13.686s] Level 1:colcon.colcon_core.package_identification:_identify(Library/Artifacts/f9) by extension 'python_setup_py'
[13.693s] Level 1:colcon.colcon_core.package_identification:_identify(Library/Artifacts/fa) by extensions ['ignore', 'ignore_ament_install']
[13.694s] Level 1:colcon.colcon_core.package_identification:_identify(Library/Artifacts/fa) by extension 'ignore'
[13.696s] Level 1:colcon.colcon_core.package_identification:_identify(Library/Artifacts/fa) by extension 'ignore_ament_install'
[13.699s] Level 1:colcon.colcon_core.package_identification:_identify(Library/Artifacts/fa) by extensions ['colcon_pkg']
[13.699s] Level 1:colcon.colcon_core.package_identification:_identify(Library/Artifacts/fa) by extension 'colcon_pkg'
[13.701s] Level 1:colcon.colcon_core.package_identification:_identify(Library/Artifacts/fa) by extensions ['colcon_meta']
[13.701s] Level 1:colcon.colcon_core.package_identification:_identify(Library/Artifacts/fa) by extension 'colcon_meta'
[13.705s] Level 1:colcon.colcon_core.package_identification:_identify(Library/Artifacts/fa) by extensions ['ros']
[13.705s] Level 1:colcon.colcon_core.package_identification:_identify(Library/Artifacts/fa) by extension 'ros'
[13.713s] Level 1:colcon.colcon_core.package_identification:_identify(Library/Artifacts/fa) by extensions ['cmake', 'python']
[13.714s] Level 1:colcon.colcon_core.package_identification:_identify(Library/Artifacts/fa) by extension 'cmake'
[13.716s] Level 1:colcon.colcon_core.package_identification:_identify(Library/Artifacts/fa) by extension 'python'
[13.718s] Level 1:colcon.colcon_core.package_identification:_identify(Library/Artifacts/fa) by extensions ['python_setup_py']
[13.719s] Level 1:colcon.colcon_core.package_identification:_identify(Library/Artifacts/fa) by extension 'python_setup_py'
[13.725s] Level 1:colcon.colcon_core.package_identification:_identify(Library/Artifacts/fb) by extensions ['ignore', 'ignore_ament_install']
[13.726s] Level 1:colcon.colcon_core.package_identification:_identify(Library/Artifacts/fb) by extension 'ignore'
[13.728s] Level 1:colcon.colcon_core.package_identification:_identify(Library/Artifacts/fb) by extension 'ignore_ament_install'
[13.731s] Level 1:colcon.colcon_core.package_identification:_identify(Library/Artifacts/fb) by extensions ['colcon_pkg']
[13.732s] Level 1:colcon.colcon_core.package_identification:_identify(Library/Artifacts/fb) by extension 'colcon_pkg'
[13.734s] Level 1:colcon.colcon_core.package_identification:_identify(Library/Artifacts/fb) by extensions ['colcon_meta']
[13.735s] Level 1:colcon.colcon_core.package_identification:_identify(Library/Artifacts/fb) by extension 'colcon_meta'
[13.738s] Level 1:colcon.colcon_core.package_identification:_identify(Library/Artifacts/fb) by extensions ['ros']
[13.739s] Level 1:colcon.colcon_core.package_identification:_identify(Library/Artifacts/fb) by extension 'ros'
[13.746s] Level 1:colcon.colcon_core.package_identification:_identify(Library/Artifacts/fb) by extensions ['cmake', 'python']
[13.747s] Level 1:colcon.colcon_core.package_identification:_identify(Library/Artifacts/fb) by extension 'cmake'
[13.748s] Level 1:colcon.colcon_core.package_identification:_identify(Library/Artifacts/fb) by extension 'python'
[13.750s] Level 1:colcon.colcon_core.package_identification:_identify(Library/Artifacts/fb) by extensions ['python_setup_py']
[13.750s] Level 1:colcon.colcon_core.package_identification:_identify(Library/Artifacts/fb) by extension 'python_setup_py'
[13.758s] Level 1:colcon.colcon_core.package_identification:_identify(Library/Artifacts/fc) by extensions ['ignore', 'ignore_ament_install']
[13.758s] Level 1:colcon.colcon_core.package_identification:_identify(Library/Artifacts/fc) by extension 'ignore'
[13.761s] Level 1:colcon.colcon_core.package_identification:_identify(Library/Artifacts/fc) by extension 'ignore_ament_install'
[13.764s] Level 1:colcon.colcon_core.package_identification:_identify(Library/Artifacts/fc) by extensions ['colcon_pkg']
[13.765s] Level 1:colcon.colcon_core.package_identification:_identify(Library/Artifacts/fc) by extension 'colcon_pkg'
[13.766s] Level 1:colcon.colcon_core.package_identification:_identify(Library/Artifacts/fc) by extensions ['colcon_meta']
[13.767s] Level 1:colcon.colcon_core.package_identification:_identify(Library/Artifacts/fc) by extension 'colcon_meta'
[13.770s] Level 1:colcon.colcon_core.package_identification:_identify(Library/Artifacts/fc) by extensions ['ros']
[13.771s] Level 1:colcon.colcon_core.package_identification:_identify(Library/Artifacts/fc) by extension 'ros'
[13.778s] Level 1:colcon.colcon_core.package_identification:_identify(Library/Artifacts/fc) by extensions ['cmake', 'python']
[13.779s] Level 1:colcon.colcon_core.package_identification:_identify(Library/Artifacts/fc) by extension 'cmake'
[13.780s] Level 1:colcon.colcon_core.package_identification:_identify(Library/Artifacts/fc) by extension 'python'
[13.783s] Level 1:colcon.colcon_core.package_identification:_identify(Library/Artifacts/fc) by extensions ['python_setup_py']
[13.783s] Level 1:colcon.colcon_core.package_identification:_identify(Library/Artifacts/fc) by extension 'python_setup_py'
[13.792s] Level 1:colcon.colcon_core.package_identification:_identify(Library/Artifacts/fd) by extensions ['ignore', 'ignore_ament_install']
[13.792s] Level 1:colcon.colcon_core.package_identification:_identify(Library/Artifacts/fd) by extension 'ignore'
[13.794s] Level 1:colcon.colcon_core.package_identification:_identify(Library/Artifacts/fd) by extension 'ignore_ament_install'
[13.797s] Level 1:colcon.colcon_core.package_identification:_identify(Library/Artifacts/fd) by extensions ['colcon_pkg']
[13.798s] Level 1:colcon.colcon_core.package_identification:_identify(Library/Artifacts/fd) by extension 'colcon_pkg'
[13.800s] Level 1:colcon.colcon_core.package_identification:_identify(Library/Artifacts/fd) by extensions ['colcon_meta']
[13.801s] Level 1:colcon.colcon_core.package_identification:_identify(Library/Artifacts/fd) by extension 'colcon_meta'
[13.804s] Level 1:colcon.colcon_core.package_identification:_identify(Library/Artifacts/fd) by extensions ['ros']
[13.805s] Level 1:colcon.colcon_core.package_identification:_identify(Library/Artifacts/fd) by extension 'ros'
[13.813s] Level 1:colcon.colcon_core.package_identification:_identify(Library/Artifacts/fd) by extensions ['cmake', 'python']
[13.814s] Level 1:colcon.colcon_core.package_identification:_identify(Library/Artifacts/fd) by extension 'cmake'
[13.817s] Level 1:colcon.colcon_core.package_identification:_identify(Library/Artifacts/fd) by extension 'python'
[13.818s] Level 1:colcon.colcon_core.package_identification:_identify(Library/Artifacts/fd) by extensions ['python_setup_py']
[13.819s] Level 1:colcon.colcon_core.package_identification:_identify(Library/Artifacts/fd) by extension 'python_setup_py'
[13.831s] Level 1:colcon.colcon_core.package_identification:_identify(Library/Artifacts/fe) by extensions ['ignore', 'ignore_ament_install']
[13.832s] Level 1:colcon.colcon_core.package_identification:_identify(Library/Artifacts/fe) by extension 'ignore'
[13.834s] Level 1:colcon.colcon_core.package_identification:_identify(Library/Artifacts/fe) by extension 'ignore_ament_install'
[13.838s] Level 1:colcon.colcon_core.package_identification:_identify(Library/Artifacts/fe) by extensions ['colcon_pkg']
[13.839s] Level 1:colcon.colcon_core.package_identification:_identify(Library/Artifacts/fe) by extension 'colcon_pkg'
[13.841s] Level 1:colcon.colcon_core.package_identification:_identify(Library/Artifacts/fe) by extensions ['colcon_meta']
[13.842s] Level 1:colcon.colcon_core.package_identification:_identify(Library/Artifacts/fe) by extension 'colcon_meta'
[13.847s] Level 1:colcon.colcon_core.package_identification:_identify(Library/Artifacts/fe) by extensions ['ros']
[13.847s] Level 1:colcon.colcon_core.package_identification:_identify(Library/Artifacts/fe) by extension 'ros'
[13.857s] Level 1:colcon.colcon_core.package_identification:_identify(Library/Artifacts/fe) by extensions ['cmake', 'python']
[13.858s] Level 1:colcon.colcon_core.package_identification:_identify(Library/Artifacts/fe) by extension 'cmake'
[13.861s] Level 1:colcon.colcon_core.package_identification:_identify(Library/Artifacts/fe) by extension 'python'
[13.863s] Level 1:colcon.colcon_core.package_identification:_identify(Library/Artifacts/fe) by extensions ['python_setup_py']
[13.864s] Level 1:colcon.colcon_core.package_identification:_identify(Library/Artifacts/fe) by extension 'python_setup_py'
[13.874s] Level 1:colcon.colcon_core.package_identification:_identify(Library/Artifacts/ff) by extensions ['ignore', 'ignore_ament_install']
[13.875s] Level 1:colcon.colcon_core.package_identification:_identify(Library/Artifacts/ff) by extension 'ignore'
[13.877s] Level 1:colcon.colcon_core.package_identification:_identify(Library/Artifacts/ff) by extension 'ignore_ament_install'
[13.882s] Level 1:colcon.colcon_core.package_identification:_identify(Library/Artifacts/ff) by extensions ['colcon_pkg']
[13.882s] Level 1:colcon.colcon_core.package_identification:_identify(Library/Artifacts/ff) by extension 'colcon_pkg'
[13.884s] Level 1:colcon.colcon_core.package_identification:_identify(Library/Artifacts/ff) by extensions ['colcon_meta']
[13.885s] Level 1:colcon.colcon_core.package_identification:_identify(Library/Artifacts/ff) by extension 'colcon_meta'
[13.889s] Level 1:colcon.colcon_core.package_identification:_identify(Library/Artifacts/ff) by extensions ['ros']
[13.889s] Level 1:colcon.colcon_core.package_identification:_identify(Library/Artifacts/ff) by extension 'ros'
[13.899s] Level 1:colcon.colcon_core.package_identification:_identify(Library/Artifacts/ff) by extensions ['cmake', 'python']
[13.900s] Level 1:colcon.colcon_core.package_identification:_identify(Library/Artifacts/ff) by extension 'cmake'
[13.903s] Level 1:colcon.colcon_core.package_identification:_identify(Library/Artifacts/ff) by extension 'python'
[13.906s] Level 1:colcon.colcon_core.package_identification:_identify(Library/Artifacts/ff) by extensions ['python_setup_py']
[13.907s] Level 1:colcon.colcon_core.package_identification:_identify(Library/Artifacts/ff) by extension 'python_setup_py'
[13.915s] Level 1:colcon.colcon_core.package_identification:_identify(Library/Bee) by extensions ['ignore', 'ignore_ament_install']
[13.916s] Level 1:colcon.colcon_core.package_identification:_identify(Library/Bee) by extension 'ignore'
[13.918s] Level 1:colcon.colcon_core.package_identification:_identify(Library/Bee) by extension 'ignore_ament_install'
[13.921s] Level 1:colcon.colcon_core.package_identification:_identify(Library/Bee) by extensions ['colcon_pkg']
[13.922s] Level 1:colcon.colcon_core.package_identification:_identify(Library/Bee) by extension 'colcon_pkg'
[13.924s] Level 1:colcon.colcon_core.package_identification:_identify(Library/Bee) by extensions ['colcon_meta']
[13.924s] Level 1:colcon.colcon_core.package_identification:_identify(Library/Bee) by extension 'colcon_meta'
[13.927s] Level 1:colcon.colcon_core.package_identification:_identify(Library/Bee) by extensions ['ros']
[13.928s] Level 1:colcon.colcon_core.package_identification:_identify(Library/Bee) by extension 'ros'
[13.936s] Level 1:colcon.colcon_core.package_identification:_identify(Library/Bee) by extensions ['cmake', 'python']
[13.937s] Level 1:colcon.colcon_core.package_identification:_identify(Library/Bee) by extension 'cmake'
[13.938s] Level 1:colcon.colcon_core.package_identification:_identify(Library/Bee) by extension 'python'
[13.941s] Level 1:colcon.colcon_core.package_identification:_identify(Library/Bee) by extensions ['python_setup_py']
[13.941s] Level 1:colcon.colcon_core.package_identification:_identify(Library/Bee) by extension 'python_setup_py'
[13.950s] Level 1:colcon.colcon_core.package_identification:_identify(Library/Bee/CachedNodeOutput) by extensions ['ignore', 'ignore_ament_install']
[13.951s] Level 1:colcon.colcon_core.package_identification:_identify(Library/Bee/CachedNodeOutput) by extension 'ignore'
[13.953s] Level 1:colcon.colcon_core.package_identification:_identify(Library/Bee/CachedNodeOutput) by extension 'ignore_ament_install'
[13.958s] Level 1:colcon.colcon_core.package_identification:_identify(Library/Bee/CachedNodeOutput) by extensions ['colcon_pkg']
[13.959s] Level 1:colcon.colcon_core.package_identification:_identify(Library/Bee/CachedNodeOutput) by extension 'colcon_pkg'
[13.962s] Level 1:colcon.colcon_core.package_identification:_identify(Library/Bee/CachedNodeOutput) by extensions ['colcon_meta']
[13.963s] Level 1:colcon.colcon_core.package_identification:_identify(Library/Bee/CachedNodeOutput) by extension 'colcon_meta'
[13.968s] Level 1:colcon.colcon_core.package_identification:_identify(Library/Bee/CachedNodeOutput) by extensions ['ros']
[13.969s] Level 1:colcon.colcon_core.package_identification:_identify(Library/Bee/CachedNodeOutput) by extension 'ros'
[13.980s] Level 1:colcon.colcon_core.package_identification:_identify(Library/Bee/CachedNodeOutput) by extensions ['cmake', 'python']
[13.981s] Level 1:colcon.colcon_core.package_identification:_identify(Library/Bee/CachedNodeOutput) by extension 'cmake'
[13.984s] Level 1:colcon.colcon_core.package_identification:_identify(Library/Bee/CachedNodeOutput) by extension 'python'
[13.988s] Level 1:colcon.colcon_core.package_identification:_identify(Library/Bee/CachedNodeOutput) by extensions ['python_setup_py']
[13.989s] Level 1:colcon.colcon_core.package_identification:_identify(Library/Bee/CachedNodeOutput) by extension 'python_setup_py'
[13.998s] Level 1:colcon.colcon_core.package_identification:_identify(Library/PackageCache) by extensions ['ignore', 'ignore_ament_install']
[13.999s] Level 1:colcon.colcon_core.package_identification:_identify(Library/PackageCache) by extension 'ignore'
[14.001s] Level 1:colcon.colcon_core.package_identification:_identify(Library/PackageCache) by extension 'ignore_ament_install'
[14.006s] Level 1:colcon.colcon_core.package_identification:_identify(Library/PackageCache) by extensions ['colcon_pkg']
[14.007s] Level 1:colcon.colcon_core.package_identification:_identify(Library/PackageCache) by extension 'colcon_pkg'
[14.010s] Level 1:colcon.colcon_core.package_identification:_identify(Library/PackageCache) by extensions ['colcon_meta']
[14.011s] Level 1:colcon.colcon_core.package_identification:_identify(Library/PackageCache) by extension 'colcon_meta'
[14.014s] Level 1:colcon.colcon_core.package_identification:_identify(Library/PackageCache) by extensions ['ros']
[14.015s] Level 1:colcon.colcon_core.package_identification:_identify(Library/PackageCache) by extension 'ros'
[14.023s] Level 1:colcon.colcon_core.package_identification:_identify(Library/PackageCache) by extensions ['cmake', 'python']
[14.024s] Level 1:colcon.colcon_core.package_identification:_identify(Library/PackageCache) by extension 'cmake'
[14.026s] Level 1:colcon.colcon_core.package_identification:_identify(Library/PackageCache) by extension 'python'
[14.029s] Level 1:colcon.colcon_core.package_identification:_identify(Library/PackageCache) by extensions ['python_setup_py']
[14.030s] Level 1:colcon.colcon_core.package_identification:_identify(Library/PackageCache) by extension 'python_setup_py'
[14.044s] Level 1:colcon.colcon_core.package_identification:_identify(Library/PackageCache/com.unity.modules.ai@1.0.0) by extensions ['ignore', 'ignore_ament_install']
[14.045s] Level 1:colcon.colcon_core.package_identification:_identify(Library/PackageCache/com.unity.modules.ai@1.0.0) by extension 'ignore'
[14.047s] Level 1:colcon.colcon_core.package_identification:_identify(Library/PackageCache/com.unity.modules.ai@1.0.0) by extension 'ignore_ament_install'
[14.055s] Level 1:colcon.colcon_core.package_identification:_identify(Library/PackageCache/com.unity.modules.ai@1.0.0) by extensions ['colcon_pkg']
[14.055s] Level 1:colcon.colcon_core.package_identification:_identify(Library/PackageCache/com.unity.modules.ai@1.0.0) by extension 'colcon_pkg'
[14.058s] Level 1:colcon.colcon_core.package_identification:_identify(Library/PackageCache/com.unity.modules.ai@1.0.0) by extensions ['colcon_meta']
[14.059s] Level 1:colcon.colcon_core.package_identification:_identify(Library/PackageCache/com.unity.modules.ai@1.0.0) by extension 'colcon_meta'
[14.070s] Level 1:colcon.colcon_core.package_identification:_identify(Library/PackageCache/com.unity.modules.ai@1.0.0) by extensions ['ros']
[14.071s] Level 1:colcon.colcon_core.package_identification:_identify(Library/PackageCache/com.unity.modules.ai@1.0.0) by extension 'ros'
[14.080s] Level 1:colcon.colcon_core.package_identification:_identify(Library/PackageCache/com.unity.modules.ai@1.0.0) by extensions ['cmake', 'python']
[14.081s] Level 1:colcon.colcon_core.package_identification:_identify(Library/PackageCache/com.unity.modules.ai@1.0.0) by extension 'cmake'
[14.083s] Level 1:colcon.colcon_core.package_identification:_identify(Library/PackageCache/com.unity.modules.ai@1.0.0) by extension 'python'
[14.086s] Level 1:colcon.colcon_core.package_identification:_identify(Library/PackageCache/com.unity.modules.ai@1.0.0) by extensions ['python_setup_py']
[14.087s] Level 1:colcon.colcon_core.package_identification:_identify(Library/PackageCache/com.unity.modules.ai@1.0.0) by extension 'python_setup_py'
[14.096s] Level 1:colcon.colcon_core.package_identification:_identify(Library/PackageCache/com.unity.modules.androidjni@1.0.0) by extensions ['ignore', 'ignore_ament_install']
[14.097s] Level 1:colcon.colcon_core.package_identification:_identify(Library/PackageCache/com.unity.modules.androidjni@1.0.0) by extension 'ignore'
[14.100s] Level 1:colcon.colcon_core.package_identification:_identify(Library/PackageCache/com.unity.modules.androidjni@1.0.0) by extension 'ignore_ament_install'
[14.104s] Level 1:colcon.colcon_core.package_identification:_identify(Library/PackageCache/com.unity.modules.androidjni@1.0.0) by extensions ['colcon_pkg']
[14.105s] Level 1:colcon.colcon_core.package_identification:_identify(Library/PackageCache/com.unity.modules.androidjni@1.0.0) by extension 'colcon_pkg'
[14.107s] Level 1:colcon.colcon_core.package_identification:_identify(Library/PackageCache/com.unity.modules.androidjni@1.0.0) by extensions ['colcon_meta']
[14.108s] Level 1:colcon.colcon_core.package_identification:_identify(Library/PackageCache/com.unity.modules.androidjni@1.0.0) by extension 'colcon_meta'
[14.113s] Level 1:colcon.colcon_core.package_identification:_identify(Library/PackageCache/com.unity.modules.androidjni@1.0.0) by extensions ['ros']
[14.113s] Level 1:colcon.colcon_core.package_identification:_identify(Library/PackageCache/com.unity.modules.androidjni@1.0.0) by extension 'ros'
[14.123s] Level 1:colcon.colcon_core.package_identification:_identify(Library/PackageCache/com.unity.modules.androidjni@1.0.0) by extensions ['cmake', 'python']
[14.124s] Level 1:colcon.colcon_core.package_identification:_identify(Library/PackageCache/com.unity.modules.androidjni@1.0.0) by extension 'cmake'
[14.126s] Level 1:colcon.colcon_core.package_identification:_identify(Library/PackageCache/com.unity.modules.androidjni@1.0.0) by extension 'python'
[14.128s] Level 1:colcon.colcon_core.package_identification:_identify(Library/PackageCache/com.unity.modules.androidjni@1.0.0) by extensions ['python_setup_py']
[14.129s] Level 1:colcon.colcon_core.package_identification:_identify(Library/PackageCache/com.unity.modules.androidjni@1.0.0) by extension 'python_setup_py'
[14.138s] Level 1:colcon.colcon_core.package_identification:_identify(Library/PackageCache/com.unity.modules.animation@1.0.0) by extensions ['ignore', 'ignore_ament_install']
[14.139s] Level 1:colcon.colcon_core.package_identification:_identify(Library/PackageCache/com.unity.modules.animation@1.0.0) by extension 'ignore'
[14.141s] Level 1:colcon.colcon_core.package_identification:_identify(Library/PackageCache/com.unity.modules.animation@1.0.0) by extension 'ignore_ament_install'
[14.145s] Level 1:colcon.colcon_core.package_identification:_identify(Library/PackageCache/com.unity.modules.animation@1.0.0) by extensions ['colcon_pkg']
[14.146s] Level 1:colcon.colcon_core.package_identification:_identify(Library/PackageCache/com.unity.modules.animation@1.0.0) by extension 'colcon_pkg'
[14.148s] Level 1:colcon.colcon_core.package_identification:_identify(Library/PackageCache/com.unity.modules.animation@1.0.0) by extensions ['colcon_meta']
[14.149s] Level 1:colcon.colcon_core.package_identification:_identify(Library/PackageCache/com.unity.modules.animation@1.0.0) by extension 'colcon_meta'
[14.153s] Level 1:colcon.colcon_core.package_identification:_identify(Library/PackageCache/com.unity.modules.animation@1.0.0) by extensions ['ros']
[14.154s] Level 1:colcon.colcon_core.package_identification:_identify(Library/PackageCache/com.unity.modules.animation@1.0.0) by extension 'ros'
[14.163s] Level 1:colcon.colcon_core.package_identification:_identify(Library/PackageCache/com.unity.modules.animation@1.0.0) by extensions ['cmake', 'python']
[14.164s] Level 1:colcon.colcon_core.package_identification:_identify(Library/PackageCache/com.unity.modules.animation@1.0.0) by extension 'cmake'
[14.167s] Level 1:colcon.colcon_core.package_identification:_identify(Library/PackageCache/com.unity.modules.animation@1.0.0) by extension 'python'
[14.169s] Level 1:colcon.colcon_core.package_identification:_identify(Library/PackageCache/com.unity.modules.animation@1.0.0) by extensions ['python_setup_py']
[14.169s] Level 1:colcon.colcon_core.package_identification:_identify(Library/PackageCache/com.unity.modules.animation@1.0.0) by extension 'python_setup_py'
[14.179s] Level 1:colcon.colcon_core.package_identification:_identify(Library/PackageCache/com.unity.modules.assetbundle@1.0.0) by extensions ['ignore', 'ignore_ament_install']
[14.180s] Level 1:colcon.colcon_core.package_identification:_identify(Library/PackageCache/com.unity.modules.assetbundle@1.0.0) by extension 'ignore'
[14.182s] Level 1:colcon.colcon_core.package_identification:_identify(Library/PackageCache/com.unity.modules.assetbundle@1.0.0) by extension 'ignore_ament_install'
[14.187s] Level 1:colcon.colcon_core.package_identification:_identify(Library/PackageCache/com.unity.modules.assetbundle@1.0.0) by extensions ['colcon_pkg']
[14.187s] Level 1:colcon.colcon_core.package_identification:_identify(Library/PackageCache/com.unity.modules.assetbundle@1.0.0) by extension 'colcon_pkg'
[14.190s] Level 1:colcon.colcon_core.package_identification:_identify(Library/PackageCache/com.unity.modules.assetbundle@1.0.0) by extensions ['colcon_meta']
[14.190s] Level 1:colcon.colcon_core.package_identification:_identify(Library/PackageCache/com.unity.modules.assetbundle@1.0.0) by extension 'colcon_meta'
[14.194s] Level 1:colcon.colcon_core.package_identification:_identify(Library/PackageCache/com.unity.modules.assetbundle@1.0.0) by extensions ['ros']
[14.195s] Level 1:colcon.colcon_core.package_identification:_identify(Library/PackageCache/com.unity.modules.assetbundle@1.0.0) by extension 'ros'
[14.206s] Level 1:colcon.colcon_core.package_identification:_identify(Library/PackageCache/com.unity.modules.assetbundle@1.0.0) by extensions ['cmake', 'python']
[14.206s] Level 1:colcon.colcon_core.package_identification:_identify(Library/PackageCache/com.unity.modules.assetbundle@1.0.0) by extension 'cmake'
[14.209s] Level 1:colcon.colcon_core.package_identification:_identify(Library/PackageCache/com.unity.modules.assetbundle@1.0.0) by extension 'python'
[14.211s] Level 1:colcon.colcon_core.package_identification:_identify(Library/PackageCache/com.unity.modules.assetbundle@1.0.0) by extensions ['python_setup_py']
[14.211s] Level 1:colcon.colcon_core.package_identification:_identify(Library/PackageCache/com.unity.modules.assetbundle@1.0.0) by extension 'python_setup_py'
[14.220s] Level 1:colcon.colcon_core.package_identification:_identify(Library/PackageCache/com.unity.modules.audio@1.0.0) by extensions ['ignore', 'ignore_ament_install']
[14.221s] Level 1:colcon.colcon_core.package_identification:_identify(Library/PackageCache/com.unity.modules.audio@1.0.0) by extension 'ignore'
[14.223s] Level 1:colcon.colcon_core.package_identification:_identify(Library/PackageCache/com.unity.modules.audio@1.0.0) by extension 'ignore_ament_install'
[14.228s] Level 1:colcon.colcon_core.package_identification:_identify(Library/PackageCache/com.unity.modules.audio@1.0.0) by extensions ['colcon_pkg']
[14.229s] Level 1:colcon.colcon_core.package_identification:_identify(Library/PackageCache/com.unity.modules.audio@1.0.0) by extension 'colcon_pkg'
[14.232s] Level 1:colcon.colcon_core.package_identification:_identify(Library/PackageCache/com.unity.modules.audio@1.0.0) by extensions ['colcon_meta']
[14.233s] Level 1:colcon.colcon_core.package_identification:_identify(Library/PackageCache/com.unity.modules.audio@1.0.0) by extension 'colcon_meta'
[14.238s] Level 1:colcon.colcon_core.package_identification:_identify(Library/PackageCache/com.unity.modules.audio@1.0.0) by extensions ['ros']
[14.239s] Level 1:colcon.colcon_core.package_identification:_identify(Library/PackageCache/com.unity.modules.audio@1.0.0) by extension 'ros'
[14.248s] Level 1:colcon.colcon_core.package_identification:_identify(Library/PackageCache/com.unity.modules.audio@1.0.0) by extensions ['cmake', 'python']
[14.249s] Level 1:colcon.colcon_core.package_identification:_identify(Library/PackageCache/com.unity.modules.audio@1.0.0) by extension 'cmake'
[14.252s] Level 1:colcon.colcon_core.package_identification:_identify(Library/PackageCache/com.unity.modules.audio@1.0.0) by extension 'python'
[14.254s] Level 1:colcon.colcon_core.package_identification:_identify(Library/PackageCache/com.unity.modules.audio@1.0.0) by extensions ['python_setup_py']
[14.255s] Level 1:colcon.colcon_core.package_identification:_identify(Library/PackageCache/com.unity.modules.audio@1.0.0) by extension 'python_setup_py'
[14.265s] Level 1:colcon.colcon_core.package_identification:_identify(Library/PackageCache/com.unity.modules.cloth@1.0.0) by extensions ['ignore', 'ignore_ament_install']
[14.266s] Level 1:colcon.colcon_core.package_identification:_identify(Library/PackageCache/com.unity.modules.cloth@1.0.0) by extension 'ignore'
[14.269s] Level 1:colcon.colcon_core.package_identification:_identify(Library/PackageCache/com.unity.modules.cloth@1.0.0) by extension 'ignore_ament_install'
[14.273s] Level 1:colcon.colcon_core.package_identification:_identify(Library/PackageCache/com.unity.modules.cloth@1.0.0) by extensions ['colcon_pkg']
[14.274s] Level 1:colcon.colcon_core.package_identification:_identify(Library/PackageCache/com.unity.modules.cloth@1.0.0) by extension 'colcon_pkg'
[14.276s] Level 1:colcon.colcon_core.package_identification:_identify(Library/PackageCache/com.unity.modules.cloth@1.0.0) by extensions ['colcon_meta']
[14.277s] Level 1:colcon.colcon_core.package_identification:_identify(Library/PackageCache/com.unity.modules.cloth@1.0.0) by extension 'colcon_meta'
[14.282s] Level 1:colcon.colcon_core.package_identification:_identify(Library/PackageCache/com.unity.modules.cloth@1.0.0) by extensions ['ros']
[14.283s] Level 1:colcon.colcon_core.package_identification:_identify(Library/PackageCache/com.unity.modules.cloth@1.0.0) by extension 'ros'
[14.292s] Level 1:colcon.colcon_core.package_identification:_identify(Library/PackageCache/com.unity.modules.cloth@1.0.0) by extensions ['cmake', 'python']
[14.293s] Level 1:colcon.colcon_core.package_identification:_identify(Library/PackageCache/com.unity.modules.cloth@1.0.0) by extension 'cmake'
[14.296s] Level 1:colcon.colcon_core.package_identification:_identify(Library/PackageCache/com.unity.modules.cloth@1.0.0) by extension 'python'
[14.298s] Level 1:colcon.colcon_core.package_identification:_identify(Library/PackageCache/com.unity.modules.cloth@1.0.0) by extensions ['python_setup_py']
[14.298s] Level 1:colcon.colcon_core.package_identification:_identify(Library/PackageCache/com.unity.modules.cloth@1.0.0) by extension 'python_setup_py'
[14.309s] Level 1:colcon.colcon_core.package_identification:_identify(Library/PackageCache/com.unity.modules.director@1.0.0) by extensions ['ignore', 'ignore_ament_install']
[14.310s] Level 1:colcon.colcon_core.package_identification:_identify(Library/PackageCache/com.unity.modules.director@1.0.0) by extension 'ignore'
[14.312s] Level 1:colcon.colcon_core.package_identification:_identify(Library/PackageCache/com.unity.modules.director@1.0.0) by extension 'ignore_ament_install'
[14.317s] Level 1:colcon.colcon_core.package_identification:_identify(Library/PackageCache/com.unity.modules.director@1.0.0) by extensions ['colcon_pkg']
[14.317s] Level 1:colcon.colcon_core.package_identification:_identify(Library/PackageCache/com.unity.modules.director@1.0.0) by extension 'colcon_pkg'
[14.319s] Level 1:colcon.colcon_core.package_identification:_identify(Library/PackageCache/com.unity.modules.director@1.0.0) by extensions ['colcon_meta']
[14.320s] Level 1:colcon.colcon_core.package_identification:_identify(Library/PackageCache/com.unity.modules.director@1.0.0) by extension 'colcon_meta'
[14.326s] Level 1:colcon.colcon_core.package_identification:_identify(Library/PackageCache/com.unity.modules.director@1.0.0) by extensions ['ros']
[14.326s] Level 1:colcon.colcon_core.package_identification:_identify(Library/PackageCache/com.unity.modules.director@1.0.0) by extension 'ros'
[14.336s] Level 1:colcon.colcon_core.package_identification:_identify(Library/PackageCache/com.unity.modules.director@1.0.0) by extensions ['cmake', 'python']
[14.337s] Level 1:colcon.colcon_core.package_identification:_identify(Library/PackageCache/com.unity.modules.director@1.0.0) by extension 'cmake'
[14.339s] Level 1:colcon.colcon_core.package_identification:_identify(Library/PackageCache/com.unity.modules.director@1.0.0) by extension 'python'
[14.342s] Level 1:colcon.colcon_core.package_identification:_identify(Library/PackageCache/com.unity.modules.director@1.0.0) by extensions ['python_setup_py']
[14.342s] Level 1:colcon.colcon_core.package_identification:_identify(Library/PackageCache/com.unity.modules.director@1.0.0) by extension 'python_setup_py'
[14.351s] Level 1:colcon.colcon_core.package_identification:_identify(Library/PackageCache/com.unity.modules.imageconversion@1.0.0) by extensions ['ignore', 'ignore_ament_install']
[14.352s] Level 1:colcon.colcon_core.package_identification:_identify(Library/PackageCache/com.unity.modules.imageconversion@1.0.0) by extension 'ignore'
[14.354s] Level 1:colcon.colcon_core.package_identification:_identify(Library/PackageCache/com.unity.modules.imageconversion@1.0.0) by extension 'ignore_ament_install'
[14.358s] Level 1:colcon.colcon_core.package_identification:_identify(Library/PackageCache/com.unity.modules.imageconversion@1.0.0) by extensions ['colcon_pkg']
[14.359s] Level 1:colcon.colcon_core.package_identification:_identify(Library/PackageCache/com.unity.modules.imageconversion@1.0.0) by extension 'colcon_pkg'
[14.362s] Level 1:colcon.colcon_core.package_identification:_identify(Library/PackageCache/com.unity.modules.imageconversion@1.0.0) by extensions ['colcon_meta']
[14.362s] Level 1:colcon.colcon_core.package_identification:_identify(Library/PackageCache/com.unity.modules.imageconversion@1.0.0) by extension 'colcon_meta'
[14.367s] Level 1:colcon.colcon_core.package_identification:_identify(Library/PackageCache/com.unity.modules.imageconversion@1.0.0) by extensions ['ros']
[14.367s] Level 1:colcon.colcon_core.package_identification:_identify(Library/PackageCache/com.unity.modules.imageconversion@1.0.0) by extension 'ros'
[14.377s] Level 1:colcon.colcon_core.package_identification:_identify(Library/PackageCache/com.unity.modules.imageconversion@1.0.0) by extensions ['cmake', 'python']
[14.378s] Level 1:colcon.colcon_core.package_identification:_identify(Library/PackageCache/com.unity.modules.imageconversion@1.0.0) by extension 'cmake'
[14.380s] Level 1:colcon.colcon_core.package_identification:_identify(Library/PackageCache/com.unity.modules.imageconversion@1.0.0) by extension 'python'
[14.383s] Level 1:colcon.colcon_core.package_identification:_identify(Library/PackageCache/com.unity.modules.imageconversion@1.0.0) by extensions ['python_setup_py']
[14.384s] Level 1:colcon.colcon_core.package_identification:_identify(Library/PackageCache/com.unity.modules.imageconversion@1.0.0) by extension 'python_setup_py'
[14.394s] Level 1:colcon.colcon_core.package_identification:_identify(Library/PackageCache/com.unity.modules.imgui@1.0.0) by extensions ['ignore', 'ignore_ament_install']
[14.395s] Level 1:colcon.colcon_core.package_identification:_identify(Library/PackageCache/com.unity.modules.imgui@1.0.0) by extension 'ignore'
[14.398s] Level 1:colcon.colcon_core.package_identification:_identify(Library/PackageCache/com.unity.modules.imgui@1.0.0) by extension 'ignore_ament_install'
[14.402s] Level 1:colcon.colcon_core.package_identification:_identify(Library/PackageCache/com.unity.modules.imgui@1.0.0) by extensions ['colcon_pkg']
[14.403s] Level 1:colcon.colcon_core.package_identification:_identify(Library/PackageCache/com.unity.modules.imgui@1.0.0) by extension 'colcon_pkg'
[14.405s] Level 1:colcon.colcon_core.package_identification:_identify(Library/PackageCache/com.unity.modules.imgui@1.0.0) by extensions ['colcon_meta']
[14.406s] Level 1:colcon.colcon_core.package_identification:_identify(Library/PackageCache/com.unity.modules.imgui@1.0.0) by extension 'colcon_meta'
[14.410s] Level 1:colcon.colcon_core.package_identification:_identify(Library/PackageCache/com.unity.modules.imgui@1.0.0) by extensions ['ros']
[14.411s] Level 1:colcon.colcon_core.package_identification:_identify(Library/PackageCache/com.unity.modules.imgui@1.0.0) by extension 'ros'
[14.421s] Level 1:colcon.colcon_core.package_identification:_identify(Library/PackageCache/com.unity.modules.imgui@1.0.0) by extensions ['cmake', 'python']
[14.422s] Level 1:colcon.colcon_core.package_identification:_identify(Library/PackageCache/com.unity.modules.imgui@1.0.0) by extension 'cmake'
[14.425s] Level 1:colcon.colcon_core.package_identification:_identify(Library/PackageCache/com.unity.modules.imgui@1.0.0) by extension 'python'
[14.427s] Level 1:colcon.colcon_core.package_identification:_identify(Library/PackageCache/com.unity.modules.imgui@1.0.0) by extensions ['python_setup_py']
[14.428s] Level 1:colcon.colcon_core.package_identification:_identify(Library/PackageCache/com.unity.modules.imgui@1.0.0) by extension 'python_setup_py'
[14.437s] Level 1:colcon.colcon_core.package_identification:_identify(Library/PackageCache/com.unity.modules.jsonserialize@1.0.0) by extensions ['ignore', 'ignore_ament_install']
[14.438s] Level 1:colcon.colcon_core.package_identification:_identify(Library/PackageCache/com.unity.modules.jsonserialize@1.0.0) by extension 'ignore'
[14.441s] Level 1:colcon.colcon_core.package_identification:_identify(Library/PackageCache/com.unity.modules.jsonserialize@1.0.0) by extension 'ignore_ament_install'
[14.446s] Level 1:colcon.colcon_core.package_identification:_identify(Library/PackageCache/com.unity.modules.jsonserialize@1.0.0) by extensions ['colcon_pkg']
[14.446s] Level 1:colcon.colcon_core.package_identification:_identify(Library/PackageCache/com.unity.modules.jsonserialize@1.0.0) by extension 'colcon_pkg'
[14.449s] Level 1:colcon.colcon_core.package_identification:_identify(Library/PackageCache/com.unity.modules.jsonserialize@1.0.0) by extensions ['colcon_meta']
[14.449s] Level 1:colcon.colcon_core.package_identification:_identify(Library/PackageCache/com.unity.modules.jsonserialize@1.0.0) by extension 'colcon_meta'
[14.453s] Level 1:colcon.colcon_core.package_identification:_identify(Library/PackageCache/com.unity.modules.jsonserialize@1.0.0) by extensions ['ros']
[14.454s] Level 1:colcon.colcon_core.package_identification:_identify(Library/PackageCache/com.unity.modules.jsonserialize@1.0.0) by extension 'ros'
[14.464s] Level 1:colcon.colcon_core.package_identification:_identify(Library/PackageCache/com.unity.modules.jsonserialize@1.0.0) by extensions ['cmake', 'python']
[14.465s] Level 1:colcon.colcon_core.package_identification:_identify(Library/PackageCache/com.unity.modules.jsonserialize@1.0.0) by extension 'cmake'
[14.468s] Level 1:colcon.colcon_core.package_identification:_identify(Library/PackageCache/com.unity.modules.jsonserialize@1.0.0) by extension 'python'
[14.471s] Level 1:colcon.colcon_core.package_identification:_identify(Library/PackageCache/com.unity.modules.jsonserialize@1.0.0) by extensions ['python_setup_py']
[14.472s] Level 1:colcon.colcon_core.package_identification:_identify(Library/PackageCache/com.unity.modules.jsonserialize@1.0.0) by extension 'python_setup_py'
[14.483s] Level 1:colcon.colcon_core.package_identification:_identify(Library/PackageCache/com.unity.modules.particlesystem@1.0.0) by extensions ['ignore', 'ignore_ament_install']
[14.484s] Level 1:colcon.colcon_core.package_identification:_identify(Library/PackageCache/com.unity.modules.particlesystem@1.0.0) by extension 'ignore'
[14.486s] Level 1:colcon.colcon_core.package_identification:_identify(Library/PackageCache/com.unity.modules.particlesystem@1.0.0) by extension 'ignore_ament_install'
[14.491s] Level 1:colcon.colcon_core.package_identification:_identify(Library/PackageCache/com.unity.modules.particlesystem@1.0.0) by extensions ['colcon_pkg']
[14.491s] Level 1:colcon.colcon_core.package_identification:_identify(Library/PackageCache/com.unity.modules.particlesystem@1.0.0) by extension 'colcon_pkg'
[14.494s] Level 1:colcon.colcon_core.package_identification:_identify(Library/PackageCache/com.unity.modules.particlesystem@1.0.0) by extensions ['colcon_meta']
[14.495s] Level 1:colcon.colcon_core.package_identification:_identify(Library/PackageCache/com.unity.modules.particlesystem@1.0.0) by extension 'colcon_meta'
[14.499s] Level 1:colcon.colcon_core.package_identification:_identify(Library/PackageCache/com.unity.modules.particlesystem@1.0.0) by extensions ['ros']
[14.499s] Level 1:colcon.colcon_core.package_identification:_identify(Library/PackageCache/com.unity.modules.particlesystem@1.0.0) by extension 'ros'
[14.509s] Level 1:colcon.colcon_core.package_identification:_identify(Library/PackageCache/com.unity.modules.particlesystem@1.0.0) by extensions ['cmake', 'python']
[14.510s] Level 1:colcon.colcon_core.package_identification:_identify(Library/PackageCache/com.unity.modules.particlesystem@1.0.0) by extension 'cmake'
[14.512s] Level 1:colcon.colcon_core.package_identification:_identify(Library/PackageCache/com.unity.modules.particlesystem@1.0.0) by extension 'python'
[14.515s] Level 1:colcon.colcon_core.package_identification:_identify(Library/PackageCache/com.unity.modules.particlesystem@1.0.0) by extensions ['python_setup_py']
[14.516s] Level 1:colcon.colcon_core.package_identification:_identify(Library/PackageCache/com.unity.modules.particlesystem@1.0.0) by extension 'python_setup_py'
[14.527s] Level 1:colcon.colcon_core.package_identification:_identify(Library/PackageCache/com.unity.modules.physics2d@1.0.0) by extensions ['ignore', 'ignore_ament_install']
[14.527s] Level 1:colcon.colcon_core.package_identification:_identify(Library/PackageCache/com.unity.modules.physics2d@1.0.0) by extension 'ignore'
[14.530s] Level 1:colcon.colcon_core.package_identification:_identify(Library/PackageCache/com.unity.modules.physics2d@1.0.0) by extension 'ignore_ament_install'
[14.534s] Level 1:colcon.colcon_core.package_identification:_identify(Library/PackageCache/com.unity.modules.physics2d@1.0.0) by extensions ['colcon_pkg']
[14.535s] Level 1:colcon.colcon_core.package_identification:_identify(Library/PackageCache/com.unity.modules.physics2d@1.0.0) by extension 'colcon_pkg'
[14.537s] Level 1:colcon.colcon_core.package_identification:_identify(Library/PackageCache/com.unity.modules.physics2d@1.0.0) by extensions ['colcon_meta']
[14.538s] Level 1:colcon.colcon_core.package_identification:_identify(Library/PackageCache/com.unity.modules.physics2d@1.0.0) by extension 'colcon_meta'
[14.543s] Level 1:colcon.colcon_core.package_identification:_identify(Library/PackageCache/com.unity.modules.physics2d@1.0.0) by extensions ['ros']
[14.544s] Level 1:colcon.colcon_core.package_identification:_identify(Library/PackageCache/com.unity.modules.physics2d@1.0.0) by extension 'ros'
[14.554s] Level 1:colcon.colcon_core.package_identification:_identify(Library/PackageCache/com.unity.modules.physics2d@1.0.0) by extensions ['cmake', 'python']
[14.555s] Level 1:colcon.colcon_core.package_identification:_identify(Library/PackageCache/com.unity.modules.physics2d@1.0.0) by extension 'cmake'
[14.557s] Level 1:colcon.colcon_core.package_identification:_identify(Library/PackageCache/com.unity.modules.physics2d@1.0.0) by extension 'python'
[14.560s] Level 1:colcon.colcon_core.package_identification:_identify(Library/PackageCache/com.unity.modules.physics2d@1.0.0) by extensions ['python_setup_py']
[14.560s] Level 1:colcon.colcon_core.package_identification:_identify(Library/PackageCache/com.unity.modules.physics2d@1.0.0) by extension 'python_setup_py'
[14.570s] Level 1:colcon.colcon_core.package_identification:_identify(Library/PackageCache/com.unity.modules.physics@1.0.0) by extensions ['ignore', 'ignore_ament_install']
[14.571s] Level 1:colcon.colcon_core.package_identification:_identify(Library/PackageCache/com.unity.modules.physics@1.0.0) by extension 'ignore'
[14.573s] Level 1:colcon.colcon_core.package_identification:_identify(Library/PackageCache/com.unity.modules.physics@1.0.0) by extension 'ignore_ament_install'
[14.577s] Level 1:colcon.colcon_core.package_identification:_identify(Library/PackageCache/com.unity.modules.physics@1.0.0) by extensions ['colcon_pkg']
[14.578s] Level 1:colcon.colcon_core.package_identification:_identify(Library/PackageCache/com.unity.modules.physics@1.0.0) by extension 'colcon_pkg'
[14.581s] Level 1:colcon.colcon_core.package_identification:_identify(Library/PackageCache/com.unity.modules.physics@1.0.0) by extensions ['colcon_meta']
[14.581s] Level 1:colcon.colcon_core.package_identification:_identify(Library/PackageCache/com.unity.modules.physics@1.0.0) by extension 'colcon_meta'
[14.586s] Level 1:colcon.colcon_core.package_identification:_identify(Library/PackageCache/com.unity.modules.physics@1.0.0) by extensions ['ros']
[14.587s] Level 1:colcon.colcon_core.package_identification:_identify(Library/PackageCache/com.unity.modules.physics@1.0.0) by extension 'ros'
[14.597s] Level 1:colcon.colcon_core.package_identification:_identify(Library/PackageCache/com.unity.modules.physics@1.0.0) by extensions ['cmake', 'python']
[14.598s] Level 1:colcon.colcon_core.package_identification:_identify(Library/PackageCache/com.unity.modules.physics@1.0.0) by extension 'cmake'
[14.600s] Level 1:colcon.colcon_core.package_identification:_identify(Library/PackageCache/com.unity.modules.physics@1.0.0) by extension 'python'
[14.603s] Level 1:colcon.colcon_core.package_identification:_identify(Library/PackageCache/com.unity.modules.physics@1.0.0) by extensions ['python_setup_py']
[14.603s] Level 1:colcon.colcon_core.package_identification:_identify(Library/PackageCache/com.unity.modules.physics@1.0.0) by extension 'python_setup_py'
[14.612s] Level 1:colcon.colcon_core.package_identification:_identify(Library/PackageCache/com.unity.modules.screencapture@1.0.0) by extensions ['ignore', 'ignore_ament_install']
[14.613s] Level 1:colcon.colcon_core.package_identification:_identify(Library/PackageCache/com.unity.modules.screencapture@1.0.0) by extension 'ignore'
[14.615s] Level 1:colcon.colcon_core.package_identification:_identify(Library/PackageCache/com.unity.modules.screencapture@1.0.0) by extension 'ignore_ament_install'
[14.620s] Level 1:colcon.colcon_core.package_identification:_identify(Library/PackageCache/com.unity.modules.screencapture@1.0.0) by extensions ['colcon_pkg']
[14.621s] Level 1:colcon.colcon_core.package_identification:_identify(Library/PackageCache/com.unity.modules.screencapture@1.0.0) by extension 'colcon_pkg'
[14.623s] Level 1:colcon.colcon_core.package_identification:_identify(Library/PackageCache/com.unity.modules.screencapture@1.0.0) by extensions ['colcon_meta']
[14.624s] Level 1:colcon.colcon_core.package_identification:_identify(Library/PackageCache/com.unity.modules.screencapture@1.0.0) by extension 'colcon_meta'
[14.628s] Level 1:colcon.colcon_core.package_identification:_identify(Library/PackageCache/com.unity.modules.screencapture@1.0.0) by extensions ['ros']
[14.628s] Level 1:colcon.colcon_core.package_identification:_identify(Library/PackageCache/com.unity.modules.screencapture@1.0.0) by extension 'ros'
[14.639s] Level 1:colcon.colcon_core.package_identification:_identify(Library/PackageCache/com.unity.modules.screencapture@1.0.0) by extensions ['cmake', 'python']
[14.639s] Level 1:colcon.colcon_core.package_identification:_identify(Library/PackageCache/com.unity.modules.screencapture@1.0.0) by extension 'cmake'
[14.642s] Level 1:colcon.colcon_core.package_identification:_identify(Library/PackageCache/com.unity.modules.screencapture@1.0.0) by extension 'python'
[14.645s] Level 1:colcon.colcon_core.package_identification:_identify(Library/PackageCache/com.unity.modules.screencapture@1.0.0) by extensions ['python_setup_py']
[14.645s] Level 1:colcon.colcon_core.package_identification:_identify(Library/PackageCache/com.unity.modules.screencapture@1.0.0) by extension 'python_setup_py'
[14.655s] Level 1:colcon.colcon_core.package_identification:_identify(Library/PackageCache/com.unity.modules.subsystems@1.0.0) by extensions ['ignore', 'ignore_ament_install']
[14.656s] Level 1:colcon.colcon_core.package_identification:_identify(Library/PackageCache/com.unity.modules.subsystems@1.0.0) by extension 'ignore'
[14.658s] Level 1:colcon.colcon_core.package_identification:_identify(Library/PackageCache/com.unity.modules.subsystems@1.0.0) by extension 'ignore_ament_install'
[14.661s] Level 1:colcon.colcon_core.package_identification:_identify(Library/PackageCache/com.unity.modules.subsystems@1.0.0) by extensions ['colcon_pkg']
[14.662s] Level 1:colcon.colcon_core.package_identification:_identify(Library/PackageCache/com.unity.modules.subsystems@1.0.0) by extension 'colcon_pkg'
[14.664s] Level 1:colcon.colcon_core.package_identification:_identify(Library/PackageCache/com.unity.modules.subsystems@1.0.0) by extensions ['colcon_meta']
[14.665s] Level 1:colcon.colcon_core.package_identification:_identify(Library/PackageCache/com.unity.modules.subsystems@1.0.0) by extension 'colcon_meta'
[14.668s] Level 1:colcon.colcon_core.package_identification:_identify(Library/PackageCache/com.unity.modules.subsystems@1.0.0) by extensions ['ros']
[14.668s] Level 1:colcon.colcon_core.package_identification:_identify(Library/PackageCache/com.unity.modules.subsystems@1.0.0) by extension 'ros'
[14.677s] Level 1:colcon.colcon_core.package_identification:_identify(Library/PackageCache/com.unity.modules.subsystems@1.0.0) by extensions ['cmake', 'python']
[14.677s] Level 1:colcon.colcon_core.package_identification:_identify(Library/PackageCache/com.unity.modules.subsystems@1.0.0) by extension 'cmake'
[14.679s] Level 1:colcon.colcon_core.package_identification:_identify(Library/PackageCache/com.unity.modules.subsystems@1.0.0) by extension 'python'
[14.682s] Level 1:colcon.colcon_core.package_identification:_identify(Library/PackageCache/com.unity.modules.subsystems@1.0.0) by extensions ['python_setup_py']
[14.682s] Level 1:colcon.colcon_core.package_identification:_identify(Library/PackageCache/com.unity.modules.subsystems@1.0.0) by extension 'python_setup_py'
[14.691s] Level 1:colcon.colcon_core.package_identification:_identify(Library/PackageCache/com.unity.modules.terrain@1.0.0) by extensions ['ignore', 'ignore_ament_install']
[14.691s] Level 1:colcon.colcon_core.package_identification:_identify(Library/PackageCache/com.unity.modules.terrain@1.0.0) by extension 'ignore'
[14.694s] Level 1:colcon.colcon_core.package_identification:_identify(Library/PackageCache/com.unity.modules.terrain@1.0.0) by extension 'ignore_ament_install'
[14.699s] Level 1:colcon.colcon_core.package_identification:_identify(Library/PackageCache/com.unity.modules.terrain@1.0.0) by extensions ['colcon_pkg']
[14.702s] Level 1:colcon.colcon_core.package_identification:_identify(Library/PackageCache/com.unity.modules.terrain@1.0.0) by extension 'colcon_pkg'
[14.705s] Level 1:colcon.colcon_core.package_identification:_identify(Library/PackageCache/com.unity.modules.terrain@1.0.0) by extensions ['colcon_meta']
[14.706s] Level 1:colcon.colcon_core.package_identification:_identify(Library/PackageCache/com.unity.modules.terrain@1.0.0) by extension 'colcon_meta'
[14.710s] Level 1:colcon.colcon_core.package_identification:_identify(Library/PackageCache/com.unity.modules.terrain@1.0.0) by extensions ['ros']
[14.711s] Level 1:colcon.colcon_core.package_identification:_identify(Library/PackageCache/com.unity.modules.terrain@1.0.0) by extension 'ros'
[14.722s] Level 1:colcon.colcon_core.package_identification:_identify(Library/PackageCache/com.unity.modules.terrain@1.0.0) by extensions ['cmake', 'python']
[14.723s] Level 1:colcon.colcon_core.package_identification:_identify(Library/PackageCache/com.unity.modules.terrain@1.0.0) by extension 'cmake'
[14.725s] Level 1:colcon.colcon_core.package_identification:_identify(Library/PackageCache/com.unity.modules.terrain@1.0.0) by extension 'python'
[14.728s] Level 1:colcon.colcon_core.package_identification:_identify(Library/PackageCache/com.unity.modules.terrain@1.0.0) by extensions ['python_setup_py']
[14.729s] Level 1:colcon.colcon_core.package_identification:_identify(Library/PackageCache/com.unity.modules.terrain@1.0.0) by extension 'python_setup_py'
[14.738s] Level 1:colcon.colcon_core.package_identification:_identify(Library/PackageCache/com.unity.modules.terrainphysics@1.0.0) by extensions ['ignore', 'ignore_ament_install']
[14.739s] Level 1:colcon.colcon_core.package_identification:_identify(Library/PackageCache/com.unity.modules.terrainphysics@1.0.0) by extension 'ignore'
[14.741s] Level 1:colcon.colcon_core.package_identification:_identify(Library/PackageCache/com.unity.modules.terrainphysics@1.0.0) by extension 'ignore_ament_install'
[14.746s] Level 1:colcon.colcon_core.package_identification:_identify(Library/PackageCache/com.unity.modules.terrainphysics@1.0.0) by extensions ['colcon_pkg']
[14.747s] Level 1:colcon.colcon_core.package_identification:_identify(Library/PackageCache/com.unity.modules.terrainphysics@1.0.0) by extension 'colcon_pkg'
[14.749s] Level 1:colcon.colcon_core.package_identification:_identify(Library/PackageCache/com.unity.modules.terrainphysics@1.0.0) by extensions ['colcon_meta']
[14.750s] Level 1:colcon.colcon_core.package_identification:_identify(Library/PackageCache/com.unity.modules.terrainphysics@1.0.0) by extension 'colcon_meta'
[14.754s] Level 1:colcon.colcon_core.package_identification:_identify(Library/PackageCache/com.unity.modules.terrainphysics@1.0.0) by extensions ['ros']
[14.754s] Level 1:colcon.colcon_core.package_identification:_identify(Library/PackageCache/com.unity.modules.terrainphysics@1.0.0) by extension 'ros'
[14.765s] Level 1:colcon.colcon_core.package_identification:_identify(Library/PackageCache/com.unity.modules.terrainphysics@1.0.0) by extensions ['cmake', 'python']
[14.766s] Level 1:colcon.colcon_core.package_identification:_identify(Library/PackageCache/com.unity.modules.terrainphysics@1.0.0) by extension 'cmake'
[14.769s] Level 1:colcon.colcon_core.package_identification:_identify(Library/PackageCache/com.unity.modules.terrainphysics@1.0.0) by extension 'python'
[14.771s] Level 1:colcon.colcon_core.package_identification:_identify(Library/PackageCache/com.unity.modules.terrainphysics@1.0.0) by extensions ['python_setup_py']
[14.772s] Level 1:colcon.colcon_core.package_identification:_identify(Library/PackageCache/com.unity.modules.terrainphysics@1.0.0) by extension 'python_setup_py'
[14.781s] Level 1:colcon.colcon_core.package_identification:_identify(Library/PackageCache/com.unity.modules.tilemap@1.0.0) by extensions ['ignore', 'ignore_ament_install']
[14.782s] Level 1:colcon.colcon_core.package_identification:_identify(Library/PackageCache/com.unity.modules.tilemap@1.0.0) by extension 'ignore'
[14.785s] Level 1:colcon.colcon_core.package_identification:_identify(Library/PackageCache/com.unity.modules.tilemap@1.0.0) by extension 'ignore_ament_install'
[14.789s] Level 1:colcon.colcon_core.package_identification:_identify(Library/PackageCache/com.unity.modules.tilemap@1.0.0) by extensions ['colcon_pkg']
[14.789s] Level 1:colcon.colcon_core.package_identification:_identify(Library/PackageCache/com.unity.modules.tilemap@1.0.0) by extension 'colcon_pkg'
[14.792s] Level 1:colcon.colcon_core.package_identification:_identify(Library/PackageCache/com.unity.modules.tilemap@1.0.0) by extensions ['colcon_meta']
[14.792s] Level 1:colcon.colcon_core.package_identification:_identify(Library/PackageCache/com.unity.modules.tilemap@1.0.0) by extension 'colcon_meta'
[14.797s] Level 1:colcon.colcon_core.package_identification:_identify(Library/PackageCache/com.unity.modules.tilemap@1.0.0) by extensions ['ros']
[14.798s] Level 1:colcon.colcon_core.package_identification:_identify(Library/PackageCache/com.unity.modules.tilemap@1.0.0) by extension 'ros'
[14.807s] Level 1:colcon.colcon_core.package_identification:_identify(Library/PackageCache/com.unity.modules.tilemap@1.0.0) by extensions ['cmake', 'python']
[14.808s] Level 1:colcon.colcon_core.package_identification:_identify(Library/PackageCache/com.unity.modules.tilemap@1.0.0) by extension 'cmake'
[14.810s] Level 1:colcon.colcon_core.package_identification:_identify(Library/PackageCache/com.unity.modules.tilemap@1.0.0) by extension 'python'
[14.812s] Level 1:colcon.colcon_core.package_identification:_identify(Library/PackageCache/com.unity.modules.tilemap@1.0.0) by extensions ['python_setup_py']
[14.813s] Level 1:colcon.colcon_core.package_identification:_identify(Library/PackageCache/com.unity.modules.tilemap@1.0.0) by extension 'python_setup_py'
[14.823s] Level 1:colcon.colcon_core.package_identification:_identify(Library/PackageCache/com.unity.modules.ui@1.0.0) by extensions ['ignore', 'ignore_ament_install']
[14.824s] Level 1:colcon.colcon_core.package_identification:_identify(Library/PackageCache/com.unity.modules.ui@1.0.0) by extension 'ignore'
[14.826s] Level 1:colcon.colcon_core.package_identification:_identify(Library/PackageCache/com.unity.modules.ui@1.0.0) by extension 'ignore_ament_install'
[14.830s] Level 1:colcon.colcon_core.package_identification:_identify(Library/PackageCache/com.unity.modules.ui@1.0.0) by extensions ['colcon_pkg']
[14.831s] Level 1:colcon.colcon_core.package_identification:_identify(Library/PackageCache/com.unity.modules.ui@1.0.0) by extension 'colcon_pkg'
[14.834s] Level 1:colcon.colcon_core.package_identification:_identify(Library/PackageCache/com.unity.modules.ui@1.0.0) by extensions ['colcon_meta']
[14.835s] Level 1:colcon.colcon_core.package_identification:_identify(Library/PackageCache/com.unity.modules.ui@1.0.0) by extension 'colcon_meta'
[14.839s] Level 1:colcon.colcon_core.package_identification:_identify(Library/PackageCache/com.unity.modules.ui@1.0.0) by extensions ['ros']
[14.839s] Level 1:colcon.colcon_core.package_identification:_identify(Library/PackageCache/com.unity.modules.ui@1.0.0) by extension 'ros'
[14.849s] Level 1:colcon.colcon_core.package_identification:_identify(Library/PackageCache/com.unity.modules.ui@1.0.0) by extensions ['cmake', 'python']
[14.850s] Level 1:colcon.colcon_core.package_identification:_identify(Library/PackageCache/com.unity.modules.ui@1.0.0) by extension 'cmake'
[14.852s] Level 1:colcon.colcon_core.package_identification:_identify(Library/PackageCache/com.unity.modules.ui@1.0.0) by extension 'python'
[14.854s] Level 1:colcon.colcon_core.package_identification:_identify(Library/PackageCache/com.unity.modules.ui@1.0.0) by extensions ['python_setup_py']
[14.855s] Level 1:colcon.colcon_core.package_identification:_identify(Library/PackageCache/com.unity.modules.ui@1.0.0) by extension 'python_setup_py'
[14.862s] Level 1:colcon.colcon_core.package_identification:_identify(Library/PackageCache/com.unity.modules.uielements@1.0.0) by extensions ['ignore', 'ignore_ament_install']
[14.862s] Level 1:colcon.colcon_core.package_identification:_identify(Library/PackageCache/com.unity.modules.uielements@1.0.0) by extension 'ignore'
[14.864s] Level 1:colcon.colcon_core.package_identification:_identify(Library/PackageCache/com.unity.modules.uielements@1.0.0) by extension 'ignore_ament_install'
[14.869s] Level 1:colcon.colcon_core.package_identification:_identify(Library/PackageCache/com.unity.modules.uielements@1.0.0) by extensions ['colcon_pkg']
[14.870s] Level 1:colcon.colcon_core.package_identification:_identify(Library/PackageCache/com.unity.modules.uielements@1.0.0) by extension 'colcon_pkg'
[14.871s] Level 1:colcon.colcon_core.package_identification:_identify(Library/PackageCache/com.unity.modules.uielements@1.0.0) by extensions ['colcon_meta']
[14.872s] Level 1:colcon.colcon_core.package_identification:_identify(Library/PackageCache/com.unity.modules.uielements@1.0.0) by extension 'colcon_meta'
[14.877s] Level 1:colcon.colcon_core.package_identification:_identify(Library/PackageCache/com.unity.modules.uielements@1.0.0) by extensions ['ros']
[14.878s] Level 1:colcon.colcon_core.package_identification:_identify(Library/PackageCache/com.unity.modules.uielements@1.0.0) by extension 'ros'
[14.887s] Level 1:colcon.colcon_core.package_identification:_identify(Library/PackageCache/com.unity.modules.uielements@1.0.0) by extensions ['cmake', 'python']
[14.888s] Level 1:colcon.colcon_core.package_identification:_identify(Library/PackageCache/com.unity.modules.uielements@1.0.0) by extension 'cmake'
[14.890s] Level 1:colcon.colcon_core.package_identification:_identify(Library/PackageCache/com.unity.modules.uielements@1.0.0) by extension 'python'
[14.892s] Level 1:colcon.colcon_core.package_identification:_identify(Library/PackageCache/com.unity.modules.uielements@1.0.0) by extensions ['python_setup_py']
[14.893s] Level 1:colcon.colcon_core.package_identification:_identify(Library/PackageCache/com.unity.modules.uielements@1.0.0) by extension 'python_setup_py'
[14.902s] Level 1:colcon.colcon_core.package_identification:_identify(Library/PackageCache/com.unity.modules.umbra@1.0.0) by extensions ['ignore', 'ignore_ament_install']
[14.903s] Level 1:colcon.colcon_core.package_identification:_identify(Library/PackageCache/com.unity.modules.umbra@1.0.0) by extension 'ignore'
[14.905s] Level 1:colcon.colcon_core.package_identification:_identify(Library/PackageCache/com.unity.modules.umbra@1.0.0) by extension 'ignore_ament_install'
[14.909s] Level 1:colcon.colcon_core.package_identification:_identify(Library/PackageCache/com.unity.modules.umbra@1.0.0) by extensions ['colcon_pkg']
[14.910s] Level 1:colcon.colcon_core.package_identification:_identify(Library/PackageCache/com.unity.modules.umbra@1.0.0) by extension 'colcon_pkg'
[14.913s] Level 1:colcon.colcon_core.package_identification:_identify(Library/PackageCache/com.unity.modules.umbra@1.0.0) by extensions ['colcon_meta']
[14.914s] Level 1:colcon.colcon_core.package_identification:_identify(Library/PackageCache/com.unity.modules.umbra@1.0.0) by extension 'colcon_meta'
[14.918s] Level 1:colcon.colcon_core.package_identification:_identify(Library/PackageCache/com.unity.modules.umbra@1.0.0) by extensions ['ros']
[14.919s] Level 1:colcon.colcon_core.package_identification:_identify(Library/PackageCache/com.unity.modules.umbra@1.0.0) by extension 'ros'
[14.929s] Level 1:colcon.colcon_core.package_identification:_identify(Library/PackageCache/com.unity.modules.umbra@1.0.0) by extensions ['cmake', 'python']
[14.930s] Level 1:colcon.colcon_core.package_identification:_identify(Library/PackageCache/com.unity.modules.umbra@1.0.0) by extension 'cmake'
[14.932s] Level 1:colcon.colcon_core.package_identification:_identify(Library/PackageCache/com.unity.modules.umbra@1.0.0) by extension 'python'
[14.934s] Level 1:colcon.colcon_core.package_identification:_identify(Library/PackageCache/com.unity.modules.umbra@1.0.0) by extensions ['python_setup_py']
[14.935s] Level 1:colcon.colcon_core.package_identification:_identify(Library/PackageCache/com.unity.modules.umbra@1.0.0) by extension 'python_setup_py'
[14.944s] Level 1:colcon.colcon_core.package_identification:_identify(Library/PackageCache/com.unity.modules.unityanalytics@1.0.0) by extensions ['ignore', 'ignore_ament_install']
[14.944s] Level 1:colcon.colcon_core.package_identification:_identify(Library/PackageCache/com.unity.modules.unityanalytics@1.0.0) by extension 'ignore'
[14.946s] Level 1:colcon.colcon_core.package_identification:_identify(Library/PackageCache/com.unity.modules.unityanalytics@1.0.0) by extension 'ignore_ament_install'
[14.950s] Level 1:colcon.colcon_core.package_identification:_identify(Library/PackageCache/com.unity.modules.unityanalytics@1.0.0) by extensions ['colcon_pkg']
[14.950s] Level 1:colcon.colcon_core.package_identification:_identify(Library/PackageCache/com.unity.modules.unityanalytics@1.0.0) by extension 'colcon_pkg'
[14.952s] Level 1:colcon.colcon_core.package_identification:_identify(Library/PackageCache/com.unity.modules.unityanalytics@1.0.0) by extensions ['colcon_meta']
[14.953s] Level 1:colcon.colcon_core.package_identification:_identify(Library/PackageCache/com.unity.modules.unityanalytics@1.0.0) by extension 'colcon_meta'
[14.957s] Level 1:colcon.colcon_core.package_identification:_identify(Library/PackageCache/com.unity.modules.unityanalytics@1.0.0) by extensions ['ros']
[14.957s] Level 1:colcon.colcon_core.package_identification:_identify(Library/PackageCache/com.unity.modules.unityanalytics@1.0.0) by extension 'ros'
[14.966s] Level 1:colcon.colcon_core.package_identification:_identify(Library/PackageCache/com.unity.modules.unityanalytics@1.0.0) by extensions ['cmake', 'python']
[14.967s] Level 1:colcon.colcon_core.package_identification:_identify(Library/PackageCache/com.unity.modules.unityanalytics@1.0.0) by extension 'cmake'
[14.968s] Level 1:colcon.colcon_core.package_identification:_identify(Library/PackageCache/com.unity.modules.unityanalytics@1.0.0) by extension 'python'
[14.970s] Level 1:colcon.colcon_core.package_identification:_identify(Library/PackageCache/com.unity.modules.unityanalytics@1.0.0) by extensions ['python_setup_py']
[14.971s] Level 1:colcon.colcon_core.package_identification:_identify(Library/PackageCache/com.unity.modules.unityanalytics@1.0.0) by extension 'python_setup_py'
[14.979s] Level 1:colcon.colcon_core.package_identification:_identify(Library/PackageCache/com.unity.modules.unitywebrequest@1.0.0) by extensions ['ignore', 'ignore_ament_install']
[14.980s] Level 1:colcon.colcon_core.package_identification:_identify(Library/PackageCache/com.unity.modules.unitywebrequest@1.0.0) by extension 'ignore'
[14.982s] Level 1:colcon.colcon_core.package_identification:_identify(Library/PackageCache/com.unity.modules.unitywebrequest@1.0.0) by extension 'ignore_ament_install'
[14.986s] Level 1:colcon.colcon_core.package_identification:_identify(Library/PackageCache/com.unity.modules.unitywebrequest@1.0.0) by extensions ['colcon_pkg']
[14.987s] Level 1:colcon.colcon_core.package_identification:_identify(Library/PackageCache/com.unity.modules.unitywebrequest@1.0.0) by extension 'colcon_pkg'
[14.989s] Level 1:colcon.colcon_core.package_identification:_identify(Library/PackageCache/com.unity.modules.unitywebrequest@1.0.0) by extensions ['colcon_meta']
[14.989s] Level 1:colcon.colcon_core.package_identification:_identify(Library/PackageCache/com.unity.modules.unitywebrequest@1.0.0) by extension 'colcon_meta'
[14.993s] Level 1:colcon.colcon_core.package_identification:_identify(Library/PackageCache/com.unity.modules.unitywebrequest@1.0.0) by extensions ['ros']
[14.994s] Level 1:colcon.colcon_core.package_identification:_identify(Library/PackageCache/com.unity.modules.unitywebrequest@1.0.0) by extension 'ros'
[15.002s] Level 1:colcon.colcon_core.package_identification:_identify(Library/PackageCache/com.unity.modules.unitywebrequest@1.0.0) by extensions ['cmake', 'python']
[15.003s] Level 1:colcon.colcon_core.package_identification:_identify(Library/PackageCache/com.unity.modules.unitywebrequest@1.0.0) by extension 'cmake'
[15.005s] Level 1:colcon.colcon_core.package_identification:_identify(Library/PackageCache/com.unity.modules.unitywebrequest@1.0.0) by extension 'python'
[15.008s] Level 1:colcon.colcon_core.package_identification:_identify(Library/PackageCache/com.unity.modules.unitywebrequest@1.0.0) by extensions ['python_setup_py']
[15.008s] Level 1:colcon.colcon_core.package_identification:_identify(Library/PackageCache/com.unity.modules.unitywebrequest@1.0.0) by extension 'python_setup_py'
[15.017s] Level 1:colcon.colcon_core.package_identification:_identify(Library/PackageCache/com.unity.modules.unitywebrequestassetbundle@1.0.0) by extensions ['ignore', 'ignore_ament_install']
[15.017s] Level 1:colcon.colcon_core.package_identification:_identify(Library/PackageCache/com.unity.modules.unitywebrequestassetbundle@1.0.0) by extension 'ignore'
[15.020s] Level 1:colcon.colcon_core.package_identification:_identify(Library/PackageCache/com.unity.modules.unitywebrequestassetbundle@1.0.0) by extension 'ignore_ament_install'
[15.024s] Level 1:colcon.colcon_core.package_identification:_identify(Library/PackageCache/com.unity.modules.unitywebrequestassetbundle@1.0.0) by extensions ['colcon_pkg']
[15.025s] Level 1:colcon.colcon_core.package_identification:_identify(Library/PackageCache/com.unity.modules.unitywebrequestassetbundle@1.0.0) by extension 'colcon_pkg'
[15.027s] Level 1:colcon.colcon_core.package_identification:_identify(Library/PackageCache/com.unity.modules.unitywebrequestassetbundle@1.0.0) by extensions ['colcon_meta']
[15.027s] Level 1:colcon.colcon_core.package_identification:_identify(Library/PackageCache/com.unity.modules.unitywebrequestassetbundle@1.0.0) by extension 'colcon_meta'
[15.031s] Level 1:colcon.colcon_core.package_identification:_identify(Library/PackageCache/com.unity.modules.unitywebrequestassetbundle@1.0.0) by extensions ['ros']
[15.032s] Level 1:colcon.colcon_core.package_identification:_identify(Library/PackageCache/com.unity.modules.unitywebrequestassetbundle@1.0.0) by extension 'ros'
[15.039s] Level 1:colcon.colcon_core.package_identification:_identify(Library/PackageCache/com.unity.modules.unitywebrequestassetbundle@1.0.0) by extensions ['cmake', 'python']
[15.040s] Level 1:colcon.colcon_core.package_identification:_identify(Library/PackageCache/com.unity.modules.unitywebrequestassetbundle@1.0.0) by extension 'cmake'
[15.042s] Level 1:colcon.colcon_core.package_identification:_identify(Library/PackageCache/com.unity.modules.unitywebrequestassetbundle@1.0.0) by extension 'python'
[15.044s] Level 1:colcon.colcon_core.package_identification:_identify(Library/PackageCache/com.unity.modules.unitywebrequestassetbundle@1.0.0) by extensions ['python_setup_py']
[15.045s] Level 1:colcon.colcon_core.package_identification:_identify(Library/PackageCache/com.unity.modules.unitywebrequestassetbundle@1.0.0) by extension 'python_setup_py'
[15.053s] Level 1:colcon.colcon_core.package_identification:_identify(Library/PackageCache/com.unity.modules.unitywebrequestaudio@1.0.0) by extensions ['ignore', 'ignore_ament_install']
[15.053s] Level 1:colcon.colcon_core.package_identification:_identify(Library/PackageCache/com.unity.modules.unitywebrequestaudio@1.0.0) by extension 'ignore'
[15.055s] Level 1:colcon.colcon_core.package_identification:_identify(Library/PackageCache/com.unity.modules.unitywebrequestaudio@1.0.0) by extension 'ignore_ament_install'
[15.059s] Level 1:colcon.colcon_core.package_identification:_identify(Library/PackageCache/com.unity.modules.unitywebrequestaudio@1.0.0) by extensions ['colcon_pkg']
[15.059s] Level 1:colcon.colcon_core.package_identification:_identify(Library/PackageCache/com.unity.modules.unitywebrequestaudio@1.0.0) by extension 'colcon_pkg'
[15.062s] Level 1:colcon.colcon_core.package_identification:_identify(Library/PackageCache/com.unity.modules.unitywebrequestaudio@1.0.0) by extensions ['colcon_meta']
[15.062s] Level 1:colcon.colcon_core.package_identification:_identify(Library/PackageCache/com.unity.modules.unitywebrequestaudio@1.0.0) by extension 'colcon_meta'
[15.065s] Level 1:colcon.colcon_core.package_identification:_identify(Library/PackageCache/com.unity.modules.unitywebrequestaudio@1.0.0) by extensions ['ros']
[15.065s] Level 1:colcon.colcon_core.package_identification:_identify(Library/PackageCache/com.unity.modules.unitywebrequestaudio@1.0.0) by extension 'ros'
[15.071s] Level 1:colcon.colcon_core.package_identification:_identify(Library/PackageCache/com.unity.modules.unitywebrequestaudio@1.0.0) by extensions ['cmake', 'python']
[15.071s] Level 1:colcon.colcon_core.package_identification:_identify(Library/PackageCache/com.unity.modules.unitywebrequestaudio@1.0.0) by extension 'cmake'
[15.072s] Level 1:colcon.colcon_core.package_identification:_identify(Library/PackageCache/com.unity.modules.unitywebrequestaudio@1.0.0) by extension 'python'
[15.074s] Level 1:colcon.colcon_core.package_identification:_identify(Library/PackageCache/com.unity.modules.unitywebrequestaudio@1.0.0) by extensions ['python_setup_py']
[15.074s] Level 1:colcon.colcon_core.package_identification:_identify(Library/PackageCache/com.unity.modules.unitywebrequestaudio@1.0.0) by extension 'python_setup_py'
[15.080s] Level 1:colcon.colcon_core.package_identification:_identify(Library/PackageCache/com.unity.modules.unitywebrequesttexture@1.0.0) by extensions ['ignore', 'ignore_ament_install']
[15.080s] Level 1:colcon.colcon_core.package_identification:_identify(Library/PackageCache/com.unity.modules.unitywebrequesttexture@1.0.0) by extension 'ignore'
[15.082s] Level 1:colcon.colcon_core.package_identification:_identify(Library/PackageCache/com.unity.modules.unitywebrequesttexture@1.0.0) by extension 'ignore_ament_install'
[15.085s] Level 1:colcon.colcon_core.package_identification:_identify(Library/PackageCache/com.unity.modules.unitywebrequesttexture@1.0.0) by extensions ['colcon_pkg']
[15.086s] Level 1:colcon.colcon_core.package_identification:_identify(Library/PackageCache/com.unity.modules.unitywebrequesttexture@1.0.0) by extension 'colcon_pkg'
[15.087s] Level 1:colcon.colcon_core.package_identification:_identify(Library/PackageCache/com.unity.modules.unitywebrequesttexture@1.0.0) by extensions ['colcon_meta']
[15.088s] Level 1:colcon.colcon_core.package_identification:_identify(Library/PackageCache/com.unity.modules.unitywebrequesttexture@1.0.0) by extension 'colcon_meta'
[15.092s] Level 1:colcon.colcon_core.package_identification:_identify(Library/PackageCache/com.unity.modules.unitywebrequesttexture@1.0.0) by extensions ['ros']
[15.093s] Level 1:colcon.colcon_core.package_identification:_identify(Library/PackageCache/com.unity.modules.unitywebrequesttexture@1.0.0) by extension 'ros'
[15.101s] Level 1:colcon.colcon_core.package_identification:_identify(Library/PackageCache/com.unity.modules.unitywebrequesttexture@1.0.0) by extensions ['cmake', 'python']
[15.101s] Level 1:colcon.colcon_core.package_identification:_identify(Library/PackageCache/com.unity.modules.unitywebrequesttexture@1.0.0) by extension 'cmake'
[15.104s] Level 1:colcon.colcon_core.package_identification:_identify(Library/PackageCache/com.unity.modules.unitywebrequesttexture@1.0.0) by extension 'python'
[15.106s] Level 1:colcon.colcon_core.package_identification:_identify(Library/PackageCache/com.unity.modules.unitywebrequesttexture@1.0.0) by extensions ['python_setup_py']
[15.106s] Level 1:colcon.colcon_core.package_identification:_identify(Library/PackageCache/com.unity.modules.unitywebrequesttexture@1.0.0) by extension 'python_setup_py'
[15.114s] Level 1:colcon.colcon_core.package_identification:_identify(Library/PackageCache/com.unity.modules.unitywebrequestwww@1.0.0) by extensions ['ignore', 'ignore_ament_install']
[15.115s] Level 1:colcon.colcon_core.package_identification:_identify(Library/PackageCache/com.unity.modules.unitywebrequestwww@1.0.0) by extension 'ignore'
[15.118s] Level 1:colcon.colcon_core.package_identification:_identify(Library/PackageCache/com.unity.modules.unitywebrequestwww@1.0.0) by extension 'ignore_ament_install'
[15.122s] Level 1:colcon.colcon_core.package_identification:_identify(Library/PackageCache/com.unity.modules.unitywebrequestwww@1.0.0) by extensions ['colcon_pkg']
[15.123s] Level 1:colcon.colcon_core.package_identification:_identify(Library/PackageCache/com.unity.modules.unitywebrequestwww@1.0.0) by extension 'colcon_pkg'
[15.124s] Level 1:colcon.colcon_core.package_identification:_identify(Library/PackageCache/com.unity.modules.unitywebrequestwww@1.0.0) by extensions ['colcon_meta']
[15.125s] Level 1:colcon.colcon_core.package_identification:_identify(Library/PackageCache/com.unity.modules.unitywebrequestwww@1.0.0) by extension 'colcon_meta'
[15.127s] Level 1:colcon.colcon_core.package_identification:_identify(Library/PackageCache/com.unity.modules.unitywebrequestwww@1.0.0) by extensions ['ros']
[15.127s] Level 1:colcon.colcon_core.package_identification:_identify(Library/PackageCache/com.unity.modules.unitywebrequestwww@1.0.0) by extension 'ros'
[15.136s] Level 1:colcon.colcon_core.package_identification:_identify(Library/PackageCache/com.unity.modules.unitywebrequestwww@1.0.0) by extensions ['cmake', 'python']
[15.137s] Level 1:colcon.colcon_core.package_identification:_identify(Library/PackageCache/com.unity.modules.unitywebrequestwww@1.0.0) by extension 'cmake'
[15.139s] Level 1:colcon.colcon_core.package_identification:_identify(Library/PackageCache/com.unity.modules.unitywebrequestwww@1.0.0) by extension 'python'
[15.141s] Level 1:colcon.colcon_core.package_identification:_identify(Library/PackageCache/com.unity.modules.unitywebrequestwww@1.0.0) by extensions ['python_setup_py']
[15.142s] Level 1:colcon.colcon_core.package_identification:_identify(Library/PackageCache/com.unity.modules.unitywebrequestwww@1.0.0) by extension 'python_setup_py'
[15.151s] Level 1:colcon.colcon_core.package_identification:_identify(Library/PackageCache/com.unity.modules.vehicles@1.0.0) by extensions ['ignore', 'ignore_ament_install']
[15.151s] Level 1:colcon.colcon_core.package_identification:_identify(Library/PackageCache/com.unity.modules.vehicles@1.0.0) by extension 'ignore'
[15.153s] Level 1:colcon.colcon_core.package_identification:_identify(Library/PackageCache/com.unity.modules.vehicles@1.0.0) by extension 'ignore_ament_install'
[15.157s] Level 1:colcon.colcon_core.package_identification:_identify(Library/PackageCache/com.unity.modules.vehicles@1.0.0) by extensions ['colcon_pkg']
[15.158s] Level 1:colcon.colcon_core.package_identification:_identify(Library/PackageCache/com.unity.modules.vehicles@1.0.0) by extension 'colcon_pkg'
[15.160s] Level 1:colcon.colcon_core.package_identification:_identify(Library/PackageCache/com.unity.modules.vehicles@1.0.0) by extensions ['colcon_meta']
[15.161s] Level 1:colcon.colcon_core.package_identification:_identify(Library/PackageCache/com.unity.modules.vehicles@1.0.0) by extension 'colcon_meta'
[15.166s] Level 1:colcon.colcon_core.package_identification:_identify(Library/PackageCache/com.unity.modules.vehicles@1.0.0) by extensions ['ros']
[15.166s] Level 1:colcon.colcon_core.package_identification:_identify(Library/PackageCache/com.unity.modules.vehicles@1.0.0) by extension 'ros'
[15.176s] Level 1:colcon.colcon_core.package_identification:_identify(Library/PackageCache/com.unity.modules.vehicles@1.0.0) by extensions ['cmake', 'python']
[15.176s] Level 1:colcon.colcon_core.package_identification:_identify(Library/PackageCache/com.unity.modules.vehicles@1.0.0) by extension 'cmake'
[15.178s] Level 1:colcon.colcon_core.package_identification:_identify(Library/PackageCache/com.unity.modules.vehicles@1.0.0) by extension 'python'
[15.180s] Level 1:colcon.colcon_core.package_identification:_identify(Library/PackageCache/com.unity.modules.vehicles@1.0.0) by extensions ['python_setup_py']
[15.181s] Level 1:colcon.colcon_core.package_identification:_identify(Library/PackageCache/com.unity.modules.vehicles@1.0.0) by extension 'python_setup_py'
[15.186s] Level 1:colcon.colcon_core.package_identification:_identify(Library/PackageCache/com.unity.modules.video@1.0.0) by extensions ['ignore', 'ignore_ament_install']
[15.187s] Level 1:colcon.colcon_core.package_identification:_identify(Library/PackageCache/com.unity.modules.video@1.0.0) by extension 'ignore'
[15.188s] Level 1:colcon.colcon_core.package_identification:_identify(Library/PackageCache/com.unity.modules.video@1.0.0) by extension 'ignore_ament_install'
[15.192s] Level 1:colcon.colcon_core.package_identification:_identify(Library/PackageCache/com.unity.modules.video@1.0.0) by extensions ['colcon_pkg']
[15.192s] Level 1:colcon.colcon_core.package_identification:_identify(Library/PackageCache/com.unity.modules.video@1.0.0) by extension 'colcon_pkg'
[15.195s] Level 1:colcon.colcon_core.package_identification:_identify(Library/PackageCache/com.unity.modules.video@1.0.0) by extensions ['colcon_meta']
[15.195s] Level 1:colcon.colcon_core.package_identification:_identify(Library/PackageCache/com.unity.modules.video@1.0.0) by extension 'colcon_meta'
[15.199s] Level 1:colcon.colcon_core.package_identification:_identify(Library/PackageCache/com.unity.modules.video@1.0.0) by extensions ['ros']
[15.199s] Level 1:colcon.colcon_core.package_identification:_identify(Library/PackageCache/com.unity.modules.video@1.0.0) by extension 'ros'
[15.206s] Level 1:colcon.colcon_core.package_identification:_identify(Library/PackageCache/com.unity.modules.video@1.0.0) by extensions ['cmake', 'python']
[15.207s] Level 1:colcon.colcon_core.package_identification:_identify(Library/PackageCache/com.unity.modules.video@1.0.0) by extension 'cmake'
[15.209s] Level 1:colcon.colcon_core.package_identification:_identify(Library/PackageCache/com.unity.modules.video@1.0.0) by extension 'python'
[15.211s] Level 1:colcon.colcon_core.package_identification:_identify(Library/PackageCache/com.unity.modules.video@1.0.0) by extensions ['python_setup_py']
[15.212s] Level 1:colcon.colcon_core.package_identification:_identify(Library/PackageCache/com.unity.modules.video@1.0.0) by extension 'python_setup_py'
[15.219s] Level 1:colcon.colcon_core.package_identification:_identify(Library/PackageCache/com.unity.modules.vr@1.0.0) by extensions ['ignore', 'ignore_ament_install']
[15.220s] Level 1:colcon.colcon_core.package_identification:_identify(Library/PackageCache/com.unity.modules.vr@1.0.0) by extension 'ignore'
[15.222s] Level 1:colcon.colcon_core.package_identification:_identify(Library/PackageCache/com.unity.modules.vr@1.0.0) by extension 'ignore_ament_install'
[15.225s] Level 1:colcon.colcon_core.package_identification:_identify(Library/PackageCache/com.unity.modules.vr@1.0.0) by extensions ['colcon_pkg']
[15.226s] Level 1:colcon.colcon_core.package_identification:_identify(Library/PackageCache/com.unity.modules.vr@1.0.0) by extension 'colcon_pkg'
[15.228s] Level 1:colcon.colcon_core.package_identification:_identify(Library/PackageCache/com.unity.modules.vr@1.0.0) by extensions ['colcon_meta']
[15.229s] Level 1:colcon.colcon_core.package_identification:_identify(Library/PackageCache/com.unity.modules.vr@1.0.0) by extension 'colcon_meta'
[15.232s] Level 1:colcon.colcon_core.package_identification:_identify(Library/PackageCache/com.unity.modules.vr@1.0.0) by extensions ['ros']
[15.232s] Level 1:colcon.colcon_core.package_identification:_identify(Library/PackageCache/com.unity.modules.vr@1.0.0) by extension 'ros'
[15.237s] Level 1:colcon.colcon_core.package_identification:_identify(Library/PackageCache/com.unity.modules.vr@1.0.0) by extensions ['cmake', 'python']
[15.238s] Level 1:colcon.colcon_core.package_identification:_identify(Library/PackageCache/com.unity.modules.vr@1.0.0) by extension 'cmake'
[15.239s] Level 1:colcon.colcon_core.package_identification:_identify(Library/PackageCache/com.unity.modules.vr@1.0.0) by extension 'python'
[15.240s] Level 1:colcon.colcon_core.package_identification:_identify(Library/PackageCache/com.unity.modules.vr@1.0.0) by extensions ['python_setup_py']
[15.241s] Level 1:colcon.colcon_core.package_identification:_identify(Library/PackageCache/com.unity.modules.vr@1.0.0) by extension 'python_setup_py'
[15.245s] Level 1:colcon.colcon_core.package_identification:_identify(Library/PackageCache/com.unity.modules.wind@1.0.0) by extensions ['ignore', 'ignore_ament_install']
[15.246s] Level 1:colcon.colcon_core.package_identification:_identify(Library/PackageCache/com.unity.modules.wind@1.0.0) by extension 'ignore'
[15.248s] Level 1:colcon.colcon_core.package_identification:_identify(Library/PackageCache/com.unity.modules.wind@1.0.0) by extension 'ignore_ament_install'
[15.250s] Level 1:colcon.colcon_core.package_identification:_identify(Library/PackageCache/com.unity.modules.wind@1.0.0) by extensions ['colcon_pkg']
[15.251s] Level 1:colcon.colcon_core.package_identification:_identify(Library/PackageCache/com.unity.modules.wind@1.0.0) by extension 'colcon_pkg'
[15.252s] Level 1:colcon.colcon_core.package_identification:_identify(Library/PackageCache/com.unity.modules.wind@1.0.0) by extensions ['colcon_meta']
[15.253s] Level 1:colcon.colcon_core.package_identification:_identify(Library/PackageCache/com.unity.modules.wind@1.0.0) by extension 'colcon_meta'
[15.257s] Level 1:colcon.colcon_core.package_identification:_identify(Library/PackageCache/com.unity.modules.wind@1.0.0) by extensions ['ros']
[15.257s] Level 1:colcon.colcon_core.package_identification:_identify(Library/PackageCache/com.unity.modules.wind@1.0.0) by extension 'ros'
[15.267s] Level 1:colcon.colcon_core.package_identification:_identify(Library/PackageCache/com.unity.modules.wind@1.0.0) by extensions ['cmake', 'python']
[15.268s] Level 1:colcon.colcon_core.package_identification:_identify(Library/PackageCache/com.unity.modules.wind@1.0.0) by extension 'cmake'
[15.270s] Level 1:colcon.colcon_core.package_identification:_identify(Library/PackageCache/com.unity.modules.wind@1.0.0) by extension 'python'
[15.272s] Level 1:colcon.colcon_core.package_identification:_identify(Library/PackageCache/com.unity.modules.wind@1.0.0) by extensions ['python_setup_py']
[15.273s] Level 1:colcon.colcon_core.package_identification:_identify(Library/PackageCache/com.unity.modules.wind@1.0.0) by extension 'python_setup_py'
[15.282s] Level 1:colcon.colcon_core.package_identification:_identify(Library/PackageCache/com.unity.modules.xr@1.0.0) by extensions ['ignore', 'ignore_ament_install']
[15.283s] Level 1:colcon.colcon_core.package_identification:_identify(Library/PackageCache/com.unity.modules.xr@1.0.0) by extension 'ignore'
[15.286s] Level 1:colcon.colcon_core.package_identification:_identify(Library/PackageCache/com.unity.modules.xr@1.0.0) by extension 'ignore_ament_install'
[15.290s] Level 1:colcon.colcon_core.package_identification:_identify(Library/PackageCache/com.unity.modules.xr@1.0.0) by extensions ['colcon_pkg']
[15.291s] Level 1:colcon.colcon_core.package_identification:_identify(Library/PackageCache/com.unity.modules.xr@1.0.0) by extension 'colcon_pkg'
[15.294s] Level 1:colcon.colcon_core.package_identification:_identify(Library/PackageCache/com.unity.modules.xr@1.0.0) by extensions ['colcon_meta']
[15.295s] Level 1:colcon.colcon_core.package_identification:_identify(Library/PackageCache/com.unity.modules.xr@1.0.0) by extension 'colcon_meta'
[15.299s] Level 1:colcon.colcon_core.package_identification:_identify(Library/PackageCache/com.unity.modules.xr@1.0.0) by extensions ['ros']
[15.300s] Level 1:colcon.colcon_core.package_identification:_identify(Library/PackageCache/com.unity.modules.xr@1.0.0) by extension 'ros'
[15.310s] Level 1:colcon.colcon_core.package_identification:_identify(Library/PackageCache/com.unity.modules.xr@1.0.0) by extensions ['cmake', 'python']
[15.310s] Level 1:colcon.colcon_core.package_identification:_identify(Library/PackageCache/com.unity.modules.xr@1.0.0) by extension 'cmake'
[15.313s] Level 1:colcon.colcon_core.package_identification:_identify(Library/PackageCache/com.unity.modules.xr@1.0.0) by extension 'python'
[15.316s] Level 1:colcon.colcon_core.package_identification:_identify(Library/PackageCache/com.unity.modules.xr@1.0.0) by extensions ['python_setup_py']
[15.316s] Level 1:colcon.colcon_core.package_identification:_identify(Library/PackageCache/com.unity.modules.xr@1.0.0) by extension 'python_setup_py'
[15.323s] Level 1:colcon.colcon_core.package_identification:_identify(Library/PackageManager) by extensions ['ignore', 'ignore_ament_install']
[15.324s] Level 1:colcon.colcon_core.package_identification:_identify(Library/PackageManager) by extension 'ignore'
[15.326s] Level 1:colcon.colcon_core.package_identification:_identify(Library/PackageManager) by extension 'ignore_ament_install'
[15.329s] Level 1:colcon.colcon_core.package_identification:_identify(Library/PackageManager) by extensions ['colcon_pkg']
[15.330s] Level 1:colcon.colcon_core.package_identification:_identify(Library/PackageManager) by extension 'colcon_pkg'
[15.332s] Level 1:colcon.colcon_core.package_identification:_identify(Library/PackageManager) by extensions ['colcon_meta']
[15.332s] Level 1:colcon.colcon_core.package_identification:_identify(Library/PackageManager) by extension 'colcon_meta'
[15.335s] Level 1:colcon.colcon_core.package_identification:_identify(Library/PackageManager) by extensions ['ros']
[15.335s] Level 1:colcon.colcon_core.package_identification:_identify(Library/PackageManager) by extension 'ros'
[15.339s] Level 1:colcon.colcon_core.package_identification:_identify(Library/PackageManager) by extensions ['cmake', 'python']
[15.340s] Level 1:colcon.colcon_core.package_identification:_identify(Library/PackageManager) by extension 'cmake'
[15.341s] Level 1:colcon.colcon_core.package_identification:_identify(Library/PackageManager) by extension 'python'
[15.342s] Level 1:colcon.colcon_core.package_identification:_identify(Library/PackageManager) by extensions ['python_setup_py']
[15.342s] Level 1:colcon.colcon_core.package_identification:_identify(Library/PackageManager) by extension 'python_setup_py'
[15.347s] Level 1:colcon.colcon_core.package_identification:_identify(Library/ScriptAssemblies) by extensions ['ignore', 'ignore_ament_install']
[15.347s] Level 1:colcon.colcon_core.package_identification:_identify(Library/ScriptAssemblies) by extension 'ignore'
[15.348s] Level 1:colcon.colcon_core.package_identification:_identify(Library/ScriptAssemblies) by extension 'ignore_ament_install'
[15.350s] Level 1:colcon.colcon_core.package_identification:_identify(Library/ScriptAssemblies) by extensions ['colcon_pkg']
[15.350s] Level 1:colcon.colcon_core.package_identification:_identify(Library/ScriptAssemblies) by extension 'colcon_pkg'
[15.351s] Level 1:colcon.colcon_core.package_identification:_identify(Library/ScriptAssemblies) by extensions ['colcon_meta']
[15.352s] Level 1:colcon.colcon_core.package_identification:_identify(Library/ScriptAssemblies) by extension 'colcon_meta'
[15.353s] Level 1:colcon.colcon_core.package_identification:_identify(Library/ScriptAssemblies) by extensions ['ros']
[15.353s] Level 1:colcon.colcon_core.package_identification:_identify(Library/ScriptAssemblies) by extension 'ros'
[15.357s] Level 1:colcon.colcon_core.package_identification:_identify(Library/ScriptAssemblies) by extensions ['cmake', 'python']
[15.357s] Level 1:colcon.colcon_core.package_identification:_identify(Library/ScriptAssemblies) by extension 'cmake'
[15.358s] Level 1:colcon.colcon_core.package_identification:_identify(Library/ScriptAssemblies) by extension 'python'
[15.359s] Level 1:colcon.colcon_core.package_identification:_identify(Library/ScriptAssemblies) by extensions ['python_setup_py']
[15.360s] Level 1:colcon.colcon_core.package_identification:_identify(Library/ScriptAssemblies) by extension 'python_setup_py'
[15.363s] Level 1:colcon.colcon_core.package_identification:_identify(Library/ShaderCache) by extensions ['ignore', 'ignore_ament_install']
[15.363s] Level 1:colcon.colcon_core.package_identification:_identify(Library/ShaderCache) by extension 'ignore'
[15.364s] Level 1:colcon.colcon_core.package_identification:_identify(Library/ShaderCache) by extension 'ignore_ament_install'
[15.366s] Level 1:colcon.colcon_core.package_identification:_identify(Library/ShaderCache) by extensions ['colcon_pkg']
[15.366s] Level 1:colcon.colcon_core.package_identification:_identify(Library/ShaderCache) by extension 'colcon_pkg'
[15.367s] Level 1:colcon.colcon_core.package_identification:_identify(Library/ShaderCache) by extensions ['colcon_meta']
[15.368s] Level 1:colcon.colcon_core.package_identification:_identify(Library/ShaderCache) by extension 'colcon_meta'
[15.369s] Level 1:colcon.colcon_core.package_identification:_identify(Library/ShaderCache) by extensions ['ros']
[15.369s] Level 1:colcon.colcon_core.package_identification:_identify(Library/ShaderCache) by extension 'ros'
[15.374s] Level 1:colcon.colcon_core.package_identification:_identify(Library/ShaderCache) by extensions ['cmake', 'python']
[15.374s] Level 1:colcon.colcon_core.package_identification:_identify(Library/ShaderCache) by extension 'cmake'
[15.375s] Level 1:colcon.colcon_core.package_identification:_identify(Library/ShaderCache) by extension 'python'
[15.376s] Level 1:colcon.colcon_core.package_identification:_identify(Library/ShaderCache) by extensions ['python_setup_py']
[15.377s] Level 1:colcon.colcon_core.package_identification:_identify(Library/ShaderCache) by extension 'python_setup_py'
[15.380s] Level 1:colcon.colcon_core.package_identification:_identify(Library/TempArtifacts) by extensions ['ignore', 'ignore_ament_install']
[15.381s] Level 1:colcon.colcon_core.package_identification:_identify(Library/TempArtifacts) by extension 'ignore'
[15.382s] Level 1:colcon.colcon_core.package_identification:_identify(Library/TempArtifacts) by extension 'ignore_ament_install'
[15.383s] Level 1:colcon.colcon_core.package_identification:_identify(Library/TempArtifacts) by extensions ['colcon_pkg']
[15.384s] Level 1:colcon.colcon_core.package_identification:_identify(Library/TempArtifacts) by extension 'colcon_pkg'
[15.385s] Level 1:colcon.colcon_core.package_identification:_identify(Library/TempArtifacts) by extensions ['colcon_meta']
[15.385s] Level 1:colcon.colcon_core.package_identification:_identify(Library/TempArtifacts) by extension 'colcon_meta'
[15.387s] Level 1:colcon.colcon_core.package_identification:_identify(Library/TempArtifacts) by extensions ['ros']
[15.387s] Level 1:colcon.colcon_core.package_identification:_identify(Library/TempArtifacts) by extension 'ros'
[15.391s] Level 1:colcon.colcon_core.package_identification:_identify(Library/TempArtifacts) by extensions ['cmake', 'python']
[15.392s] Level 1:colcon.colcon_core.package_identification:_identify(Library/TempArtifacts) by extension 'cmake'
[15.393s] Level 1:colcon.colcon_core.package_identification:_identify(Library/TempArtifacts) by extension 'python'
[15.394s] Level 1:colcon.colcon_core.package_identification:_identify(Library/TempArtifacts) by extensions ['python_setup_py']
[15.395s] Level 1:colcon.colcon_core.package_identification:_identify(Library/TempArtifacts) by extension 'python_setup_py'
[15.399s] Level 1:colcon.colcon_core.package_identification:_identify(Library/TempArtifacts/Extra) by extensions ['ignore', 'ignore_ament_install']
[15.400s] Level 1:colcon.colcon_core.package_identification:_identify(Library/TempArtifacts/Extra) by extension 'ignore'
[15.401s] Level 1:colcon.colcon_core.package_identification:_identify(Library/TempArtifacts/Extra) by extension 'ignore_ament_install'
[15.403s] Level 1:colcon.colcon_core.package_identification:_identify(Library/TempArtifacts/Extra) by extensions ['colcon_pkg']
[15.404s] Level 1:colcon.colcon_core.package_identification:_identify(Library/TempArtifacts/Extra) by extension 'colcon_pkg'
[15.405s] Level 1:colcon.colcon_core.package_identification:_identify(Library/TempArtifacts/Extra) by extensions ['colcon_meta']
[15.405s] Level 1:colcon.colcon_core.package_identification:_identify(Library/TempArtifacts/Extra) by extension 'colcon_meta'
[15.408s] Level 1:colcon.colcon_core.package_identification:_identify(Library/TempArtifacts/Extra) by extensions ['ros']
[15.408s] Level 1:colcon.colcon_core.package_identification:_identify(Library/TempArtifacts/Extra) by extension 'ros'
[15.416s] Level 1:colcon.colcon_core.package_identification:_identify(Library/TempArtifacts/Extra) by extensions ['cmake', 'python']
[15.417s] Level 1:colcon.colcon_core.package_identification:_identify(Library/TempArtifacts/Extra) by extension 'cmake'
[15.419s] Level 1:colcon.colcon_core.package_identification:_identify(Library/TempArtifacts/Extra) by extension 'python'
[15.421s] Level 1:colcon.colcon_core.package_identification:_identify(Library/TempArtifacts/Extra) by extensions ['python_setup_py']
[15.422s] Level 1:colcon.colcon_core.package_identification:_identify(Library/TempArtifacts/Extra) by extension 'python_setup_py'
[15.430s] Level 1:colcon.colcon_core.package_identification:_identify(Library/TempArtifacts/Primary) by extensions ['ignore', 'ignore_ament_install']
[15.431s] Level 1:colcon.colcon_core.package_identification:_identify(Library/TempArtifacts/Primary) by extension 'ignore'
[15.433s] Level 1:colcon.colcon_core.package_identification:_identify(Library/TempArtifacts/Primary) by extension 'ignore_ament_install'
[15.436s] Level 1:colcon.colcon_core.package_identification:_identify(Library/TempArtifacts/Primary) by extensions ['colcon_pkg']
[15.437s] Level 1:colcon.colcon_core.package_identification:_identify(Library/TempArtifacts/Primary) by extension 'colcon_pkg'
[15.438s] Level 1:colcon.colcon_core.package_identification:_identify(Library/TempArtifacts/Primary) by extensions ['colcon_meta']
[15.439s] Level 1:colcon.colcon_core.package_identification:_identify(Library/TempArtifacts/Primary) by extension 'colcon_meta'
[15.443s] Level 1:colcon.colcon_core.package_identification:_identify(Library/TempArtifacts/Primary) by extensions ['ros']
[15.443s] Level 1:colcon.colcon_core.package_identification:_identify(Library/TempArtifacts/Primary) by extension 'ros'
[15.450s] Level 1:colcon.colcon_core.package_identification:_identify(Library/TempArtifacts/Primary) by extensions ['cmake', 'python']
[15.451s] Level 1:colcon.colcon_core.package_identification:_identify(Library/TempArtifacts/Primary) by extension 'cmake'
[15.453s] Level 1:colcon.colcon_core.package_identification:_identify(Library/TempArtifacts/Primary) by extension 'python'
[15.455s] Level 1:colcon.colcon_core.package_identification:_identify(Library/TempArtifacts/Primary) by extensions ['python_setup_py']
[15.456s] Level 1:colcon.colcon_core.package_identification:_identify(Library/TempArtifacts/Primary) by extension 'python_setup_py'
[15.460s] Level 1:colcon.colcon_core.package_identification:_identify(Logs) by extensions ['ignore', 'ignore_ament_install']
[15.461s] Level 1:colcon.colcon_core.package_identification:_identify(Logs) by extension 'ignore'
[15.462s] Level 1:colcon.colcon_core.package_identification:_identify(Logs) by extension 'ignore_ament_install'
[15.465s] Level 1:colcon.colcon_core.package_identification:_identify(Logs) by extensions ['colcon_pkg']
[15.466s] Level 1:colcon.colcon_core.package_identification:_identify(Logs) by extension 'colcon_pkg'
[15.467s] Level 1:colcon.colcon_core.package_identification:_identify(Logs) by extensions ['colcon_meta']
[15.467s] Level 1:colcon.colcon_core.package_identification:_identify(Logs) by extension 'colcon_meta'
[15.468s] Level 1:colcon.colcon_core.package_identification:_identify(Logs) by extensions ['ros']
[15.469s] Level 1:colcon.colcon_core.package_identification:_identify(Logs) by extension 'ros'
[15.471s] Level 1:colcon.colcon_core.package_identification:_identify(Logs) by extensions ['cmake', 'python']
[15.472s] Level 1:colcon.colcon_core.package_identification:_identify(Logs) by extension 'cmake'
[15.473s] Level 1:colcon.colcon_core.package_identification:_identify(Logs) by extension 'python'
[15.474s] Level 1:colcon.colcon_core.package_identification:_identify(Logs) by extensions ['python_setup_py']
[15.475s] Level 1:colcon.colcon_core.package_identification:_identify(Logs) by extension 'python_setup_py'
[15.478s] Level 1:colcon.colcon_core.package_identification:_identify(Packages) by extensions ['ignore', 'ignore_ament_install']
[15.479s] Level 1:colcon.colcon_core.package_identification:_identify(Packages) by extension 'ignore'
[15.481s] Level 1:colcon.colcon_core.package_identification:_identify(Packages) by extension 'ignore_ament_install'
[15.483s] Level 1:colcon.colcon_core.package_identification:_identify(Packages) by extensions ['colcon_pkg']
[15.484s] Level 1:colcon.colcon_core.package_identification:_identify(Packages) by extension 'colcon_pkg'
[15.485s] Level 1:colcon.colcon_core.package_identification:_identify(Packages) by extensions ['colcon_meta']
[15.485s] Level 1:colcon.colcon_core.package_identification:_identify(Packages) by extension 'colcon_meta'
[15.486s] Level 1:colcon.colcon_core.package_identification:_identify(Packages) by extensions ['ros']
[15.487s] Level 1:colcon.colcon_core.package_identification:_identify(Packages) by extension 'ros'
[15.490s] Level 1:colcon.colcon_core.package_identification:_identify(Packages) by extensions ['cmake', 'python']
[15.491s] Level 1:colcon.colcon_core.package_identification:_identify(Packages) by extension 'cmake'
[15.492s] Level 1:colcon.colcon_core.package_identification:_identify(Packages) by extension 'python'
[15.494s] Level 1:colcon.colcon_core.package_identification:_identify(Packages) by extensions ['python_setup_py']
[15.494s] Level 1:colcon.colcon_core.package_identification:_identify(Packages) by extension 'python_setup_py'
[15.497s] Level 1:colcon.colcon_core.package_identification:_identify(ProjectSettings) by extensions ['ignore', 'ignore_ament_install']
[15.497s] Level 1:colcon.colcon_core.package_identification:_identify(ProjectSettings) by extension 'ignore'
[15.498s] Level 1:colcon.colcon_core.package_identification:_identify(ProjectSettings) by extension 'ignore_ament_install'
[15.499s] Level 1:colcon.colcon_core.package_identification:_identify(ProjectSettings) by extensions ['colcon_pkg']
[15.500s] Level 1:colcon.colcon_core.package_identification:_identify(ProjectSettings) by extension 'colcon_pkg'
[15.501s] Level 1:colcon.colcon_core.package_identification:_identify(ProjectSettings) by extensions ['colcon_meta']
[15.501s] Level 1:colcon.colcon_core.package_identification:_identify(ProjectSettings) by extension 'colcon_meta'
[15.502s] Level 1:colcon.colcon_core.package_identification:_identify(ProjectSettings) by extensions ['ros']
[15.502s] Level 1:colcon.colcon_core.package_identification:_identify(ProjectSettings) by extension 'ros'
[15.504s] Level 1:colcon.colcon_core.package_identification:_identify(ProjectSettings) by extensions ['cmake', 'python']
[15.505s] Level 1:colcon.colcon_core.package_identification:_identify(ProjectSettings) by extension 'cmake'
[15.506s] Level 1:colcon.colcon_core.package_identification:_identify(ProjectSettings) by extension 'python'
[15.507s] Level 1:colcon.colcon_core.package_identification:_identify(ProjectSettings) by extensions ['python_setup_py']
[15.507s] Level 1:colcon.colcon_core.package_identification:_identify(ProjectSettings) by extension 'python_setup_py'
[15.509s] Level 1:colcon.colcon_core.package_identification:_identify(UserSettings) by extensions ['ignore', 'ignore_ament_install']
[15.510s] Level 1:colcon.colcon_core.package_identification:_identify(UserSettings) by extension 'ignore'
[15.511s] Level 1:colcon.colcon_core.package_identification:_identify(UserSettings) by extension 'ignore_ament_install'
[15.512s] Level 1:colcon.colcon_core.package_identification:_identify(UserSettings) by extensions ['colcon_pkg']
[15.512s] Level 1:colcon.colcon_core.package_identification:_identify(UserSettings) by extension 'colcon_pkg'
[15.513s] Level 1:colcon.colcon_core.package_identification:_identify(UserSettings) by extensions ['colcon_meta']
[15.514s] Level 1:colcon.colcon_core.package_identification:_identify(UserSettings) by extension 'colcon_meta'
[15.515s] Level 1:colcon.colcon_core.package_identification:_identify(UserSettings) by extensions ['ros']
[15.515s] Level 1:colcon.colcon_core.package_identification:_identify(UserSettings) by extension 'ros'
[15.517s] Level 1:colcon.colcon_core.package_identification:_identify(UserSettings) by extensions ['cmake', 'python']
[15.517s] Level 1:colcon.colcon_core.package_identification:_identify(UserSettings) by extension 'cmake'
[15.518s] Level 1:colcon.colcon_core.package_identification:_identify(UserSettings) by extension 'python'
[15.519s] Level 1:colcon.colcon_core.package_identification:_identify(UserSettings) by extensions ['python_setup_py']
[15.520s] Level 1:colcon.colcon_core.package_identification:_identify(UserSettings) by extension 'python_setup_py'
[15.523s] Level 1:colcon.colcon_core.package_identification:_identify(build) by extensions ['ignore', 'ignore_ament_install']
[15.523s] Level 1:colcon.colcon_core.package_identification:_identify(build) by extension 'ignore'
[15.524s] Level 1:colcon.colcon_core.package_identification:_identify(build) ignored
[15.527s] Level 1:colcon.colcon_core.package_identification:_identify(install) by extensions ['ignore', 'ignore_ament_install']
[15.527s] Level 1:colcon.colcon_core.package_identification:_identify(install) by extension 'ignore'
[15.528s] Level 1:colcon.colcon_core.package_identification:_identify(install) ignored
[15.532s] Level 1:colcon.colcon_core.package_identification:_identify(log) by extensions ['ignore', 'ignore_ament_install']
[15.532s] Level 1:colcon.colcon_core.package_identification:_identify(log) by extension 'ignore'
[15.533s] Level 1:colcon.colcon_core.package_identification:_identify(log) ignored
[15.535s] Level 1:colcon.colcon_core.package_identification:_identify(src) by extensions ['ignore', 'ignore_ament_install']
[15.535s] Level 1:colcon.colcon_core.package_identification:_identify(src) by extension 'ignore'
[15.536s] Level 1:colcon.colcon_core.package_identification:_identify(src) by extension 'ignore_ament_install'
[15.537s] Level 1:colcon.colcon_core.package_identification:_identify(src) by extensions ['colcon_pkg']
[15.538s] Level 1:colcon.colcon_core.package_identification:_identify(src) by extension 'colcon_pkg'
[15.539s] Level 1:colcon.colcon_core.package_identification:_identify(src) by extensions ['colcon_meta']
[15.539s] Level 1:colcon.colcon_core.package_identification:_identify(src) by extension 'colcon_meta'
[15.540s] Level 1:colcon.colcon_core.package_identification:_identify(src) by extensions ['ros']
[15.540s] Level 1:colcon.colcon_core.package_identification:_identify(src) by extension 'ros'
[15.543s] Level 1:colcon.colcon_core.package_identification:_identify(src) by extensions ['cmake', 'python']
[15.543s] Level 1:colcon.colcon_core.package_identification:_identify(src) by extension 'cmake'
[15.544s] Level 1:colcon.colcon_core.package_identification:_identify(src) by extension 'python'
[15.545s] Level 1:colcon.colcon_core.package_identification:_identify(src) by extensions ['python_setup_py']
[15.545s] Level 1:colcon.colcon_core.package_identification:_identify(src) by extension 'python_setup_py'
[15.549s] Level 1:colcon.colcon_core.package_identification:_identify(src/ROS-TCP-Endpoint) by extensions ['ignore', 'ignore_ament_install']
[15.549s] Level 1:colcon.colcon_core.package_identification:_identify(src/ROS-TCP-Endpoint) by extension 'ignore'
[15.550s] Level 1:colcon.colcon_core.package_identification:_identify(src/ROS-TCP-Endpoint) by extension 'ignore_ament_install'
[15.552s] Level 1:colcon.colcon_core.package_identification:_identify(src/ROS-TCP-Endpoint) by extensions ['colcon_pkg']
[15.553s] Level 1:colcon.colcon_core.package_identification:_identify(src/ROS-TCP-Endpoint) by extension 'colcon_pkg'
[15.554s] Level 1:colcon.colcon_core.package_identification:_identify(src/ROS-TCP-Endpoint) by extensions ['colcon_meta']
[15.554s] Level 1:colcon.colcon_core.package_identification:_identify(src/ROS-TCP-Endpoint) by extension 'colcon_meta'
[15.555s] Level 1:colcon.colcon_core.package_identification:_identify(src/ROS-TCP-Endpoint) by extensions ['ros']
[15.556s] Level 1:colcon.colcon_core.package_identification:_identify(src/ROS-TCP-Endpoint) by extension 'ros'
[15.566s] DEBUG:colcon.colcon_core.package_identification:Package 'src/ROS-TCP-Endpoint' with type 'ros.ament_python' and name 'ros_tcp_endpoint'
[15.570s] Level 1:colcon.colcon_core.package_identification:_identify(src/Universal_Robots_ROS2_Gazebo_Simulation) by extensions ['ignore', 'ignore_ament_install']
[15.571s] Level 1:colcon.colcon_core.package_identification:_identify(src/Universal_Robots_ROS2_Gazebo_Simulation) by extension 'ignore'
[15.572s] Level 1:colcon.colcon_core.package_identification:_identify(src/Universal_Robots_ROS2_Gazebo_Simulation) by extension 'ignore_ament_install'
[15.574s] Level 1:colcon.colcon_core.package_identification:_identify(src/Universal_Robots_ROS2_Gazebo_Simulation) by extensions ['colcon_pkg']
[15.574s] Level 1:colcon.colcon_core.package_identification:_identify(src/Universal_Robots_ROS2_Gazebo_Simulation) by extension 'colcon_pkg'
[15.575s] Level 1:colcon.colcon_core.package_identification:_identify(src/Universal_Robots_ROS2_Gazebo_Simulation) by extensions ['colcon_meta']
[15.576s] Level 1:colcon.colcon_core.package_identification:_identify(src/Universal_Robots_ROS2_Gazebo_Simulation) by extension 'colcon_meta'
[15.578s] Level 1:colcon.colcon_core.package_identification:_identify(src/Universal_Robots_ROS2_Gazebo_Simulation) by extensions ['ros']
[15.579s] Level 1:colcon.colcon_core.package_identification:_identify(src/Universal_Robots_ROS2_Gazebo_Simulation) by extension 'ros'
[15.587s] Level 1:colcon.colcon_core.package_identification:_identify(src/Universal_Robots_ROS2_Gazebo_Simulation) by extensions ['cmake', 'python']
[15.587s] Level 1:colcon.colcon_core.package_identification:_identify(src/Universal_Robots_ROS2_Gazebo_Simulation) by extension 'cmake'
[15.589s] Level 1:colcon.colcon_core.package_identification:_identify(src/Universal_Robots_ROS2_Gazebo_Simulation) by extension 'python'
[15.591s] Level 1:colcon.colcon_core.package_identification:_identify(src/Universal_Robots_ROS2_Gazebo_Simulation) by extensions ['python_setup_py']
[15.591s] Level 1:colcon.colcon_core.package_identification:_identify(src/Universal_Robots_ROS2_Gazebo_Simulation) by extension 'python_setup_py'
[15.599s] Level 1:colcon.colcon_core.package_identification:_identify(src/Universal_Robots_ROS2_Gazebo_Simulation/ur_simulation_gazebo) by extensions ['ignore', 'ignore_ament_install']
[15.600s] Level 1:colcon.colcon_core.package_identification:_identify(src/Universal_Robots_ROS2_Gazebo_Simulation/ur_simulation_gazebo) by extension 'ignore'
[15.602s] Level 1:colcon.colcon_core.package_identification:_identify(src/Universal_Robots_ROS2_Gazebo_Simulation/ur_simulation_gazebo) by extension 'ignore_ament_install'
[15.607s] Level 1:colcon.colcon_core.package_identification:_identify(src/Universal_Robots_ROS2_Gazebo_Simulation/ur_simulation_gazebo) by extensions ['colcon_pkg']
[15.608s] Level 1:colcon.colcon_core.package_identification:_identify(src/Universal_Robots_ROS2_Gazebo_Simulation/ur_simulation_gazebo) by extension 'colcon_pkg'
[15.610s] Level 1:colcon.colcon_core.package_identification:_identify(src/Universal_Robots_ROS2_Gazebo_Simulation/ur_simulation_gazebo) by extensions ['colcon_meta']
[15.611s] Level 1:colcon.colcon_core.package_identification:_identify(src/Universal_Robots_ROS2_Gazebo_Simulation/ur_simulation_gazebo) by extension 'colcon_meta'
[15.614s] Level 1:colcon.colcon_core.package_identification:_identify(src/Universal_Robots_ROS2_Gazebo_Simulation/ur_simulation_gazebo) by extensions ['ros']
[15.615s] Level 1:colcon.colcon_core.package_identification:_identify(src/Universal_Robots_ROS2_Gazebo_Simulation/ur_simulation_gazebo) by extension 'ros'
[15.632s] DEBUG:colcon.colcon_core.package_identification:Package 'src/Universal_Robots_ROS2_Gazebo_Simulation/ur_simulation_gazebo' with type 'ros.ament_cmake' and name 'ur_simulation_gazebo'
[15.636s] Level 1:colcon.colcon_core.package_identification:_identify(src/ur_lab) by extensions ['ignore', 'ignore_ament_install']
[15.636s] Level 1:colcon.colcon_core.package_identification:_identify(src/ur_lab) by extension 'ignore'
[15.638s] Level 1:colcon.colcon_core.package_identification:_identify(src/ur_lab) by extension 'ignore_ament_install'
[15.641s] Level 1:colcon.colcon_core.package_identification:_identify(src/ur_lab) by extensions ['colcon_pkg']
[15.641s] Level 1:colcon.colcon_core.package_identification:_identify(src/ur_lab) by extension 'colcon_pkg'
[15.643s] Level 1:colcon.colcon_core.package_identification:_identify(src/ur_lab) by extensions ['colcon_meta']
[15.643s] Level 1:colcon.colcon_core.package_identification:_identify(src/ur_lab) by extension 'colcon_meta'
[15.646s] Level 1:colcon.colcon_core.package_identification:_identify(src/ur_lab) by extensions ['ros']
[15.646s] Level 1:colcon.colcon_core.package_identification:_identify(src/ur_lab) by extension 'ros'
[15.660s] DEBUG:colcon.colcon_core.package_identification:Package 'src/ur_lab' with type 'ros.ament_python' and name 'ur_lab'
[15.665s] Level 1:colcon.colcon_core.package_identification:_identify(src/ur_lab_gazebo) by extensions ['ignore', 'ignore_ament_install']
[15.665s] Level 1:colcon.colcon_core.package_identification:_identify(src/ur_lab_gazebo) by extension 'ignore'
[15.667s] Level 1:colcon.colcon_core.package_identification:_identify(src/ur_lab_gazebo) by extension 'ignore_ament_install'
[15.670s] Level 1:colcon.colcon_core.package_identification:_identify(src/ur_lab_gazebo) by extensions ['colcon_pkg']
[15.671s] Level 1:colcon.colcon_core.package_identification:_identify(src/ur_lab_gazebo) by extension 'colcon_pkg'
[15.673s] Level 1:colcon.colcon_core.package_identification:_identify(src/ur_lab_gazebo) by extensions ['colcon_meta']
[15.673s] Level 1:colcon.colcon_core.package_identification:_identify(src/ur_lab_gazebo) by extension 'colcon_meta'
[15.676s] Level 1:colcon.colcon_core.package_identification:_identify(src/ur_lab_gazebo) by extensions ['ros']
[15.676s] Level 1:colcon.colcon_core.package_identification:_identify(src/ur_lab_gazebo) by extension 'ros'
[15.689s] DEBUG:colcon.colcon_core.package_identification:Package 'src/ur_lab_gazebo' with type 'ros.ament_cmake' and name 'ur_lab_gazebo'
[15.694s] Level 1:colcon.colcon_core.package_identification:_identify(src/ur_lab_unity_bridge) by extensions ['ignore', 'ignore_ament_install']
[15.695s] Level 1:colcon.colcon_core.package_identification:_identify(src/ur_lab_unity_bridge) by extension 'ignore'
[15.696s] Level 1:colcon.colcon_core.package_identification:_identify(src/ur_lab_unity_bridge) by extension 'ignore_ament_install'
[15.699s] Level 1:colcon.colcon_core.package_identification:_identify(src/ur_lab_unity_bridge) by extensions ['colcon_pkg']
[15.700s] Level 1:colcon.colcon_core.package_identification:_identify(src/ur_lab_unity_bridge) by extension 'colcon_pkg'
[15.701s] Level 1:colcon.colcon_core.package_identification:_identify(src/ur_lab_unity_bridge) by extensions ['colcon_meta']
[15.702s] Level 1:colcon.colcon_core.package_identification:_identify(src/ur_lab_unity_bridge) by extension 'colcon_meta'
[15.704s] Level 1:colcon.colcon_core.package_identification:_identify(src/ur_lab_unity_bridge) by extensions ['ros']
[15.705s] Level 1:colcon.colcon_core.package_identification:_identify(src/ur_lab_unity_bridge) by extension 'ros'
[15.718s] DEBUG:colcon.colcon_core.package_identification:Package 'src/ur_lab_unity_bridge' with type 'ros.ament_python' and name 'ur_lab_unity_bridge'
[15.718s] Level 1:colcon.colcon_core.package_discovery:discover_packages(recursive) using defaults
[15.719s] Level 1:colcon.colcon_core.package_discovery:discover_packages(ignore) discover
[15.720s] Level 1:colcon.colcon_core.package_discovery:discover_packages(ignore) using defaults
[15.720s] Level 1:colcon.colcon_core.package_discovery:discover_packages(path) discover
[15.721s] Level 1:colcon.colcon_core.package_discovery:discover_packages(path) using defaults
[15.808s] INFO:colcon.colcon_core.package_selection:Skipping not selected package 'ros_tcp_endpoint' in 'src/ROS-TCP-Endpoint'
[15.809s] INFO:colcon.colcon_core.package_selection:Skipping not selected package 'ur_lab' in 'src/ur_lab'
[15.809s] INFO:colcon.colcon_core.package_selection:Skipping not selected package 'ur_lab_gazebo' in 'src/ur_lab_gazebo'
[15.810s] INFO:colcon.colcon_core.package_selection:Skipping not selected package 'ur_simulation_gazebo' in 'src/Universal_Robots_ROS2_Gazebo_Simulation/ur_simulation_gazebo'
[15.811s] Level 1:colcon.colcon_core.package_discovery:discover_packages(prefix_path) check parameters
[15.811s] Level 1:colcon.colcon_core.package_discovery:discover_packages(prefix_path) discover
[15.901s] DEBUG:colcon.colcon_installed_package_information.package_discovery:Found 5 installed packages in /mnt/c/Users/Amir/Downloads/ros2_ws/install
[15.903s] DEBUG:colcon.colcon_installed_package_information.package_discovery:Found 343 installed packages in /opt/ros/humble
[15.905s] Level 1:colcon.colcon_core.package_discovery:discover_packages(prefix_path) using defaults
[16.002s] Level 5:colcon.colcon_core.verb:set package 'ur_lab_unity_bridge' build argument 'cmake_args' from command line to 'None'
[16.003s] Level 5:colcon.colcon_core.verb:set package 'ur_lab_unity_bridge' build argument 'cmake_target' from command line to 'None'
[16.004s] Level 5:colcon.colcon_core.verb:set package 'ur_lab_unity_bridge' build argument 'cmake_target_skip_unavailable' from command line to 'False'
[16.005s] Level 5:colcon.colcon_core.verb:set package 'ur_lab_unity_bridge' build argument 'cmake_clean_cache' from command line to 'False'
[16.006s] Level 5:colcon.colcon_core.verb:set package 'ur_lab_unity_bridge' build argument 'cmake_clean_first' from command line to 'False'
[16.008s] Level 5:colcon.colcon_core.verb:set package 'ur_lab_unity_bridge' build argument 'cmake_force_configure' from command line to 'False'
[16.009s] Level 5:colcon.colcon_core.verb:set package 'ur_lab_unity_bridge' build argument 'ament_cmake_args' from command line to 'None'
[16.010s] Level 5:colcon.colcon_core.verb:set package 'ur_lab_unity_bridge' build argument 'catkin_cmake_args' from command line to 'None'
[16.011s] Level 5:colcon.colcon_core.verb:set package 'ur_lab_unity_bridge' build argument 'catkin_skip_building_tests' from command line to 'False'
[16.011s] DEBUG:colcon.colcon_core.verb:Building package 'ur_lab_unity_bridge' with the following arguments: {'ament_cmake_args': None, 'build_base': '/mnt/c/Users/Amir/Downloads/ros2_ws/build/ur_lab_unity_bridge', 'catkin_cmake_args': None, 'catkin_skip_building_tests': False, 'cmake_args': None, 'cmake_clean_cache': False, 'cmake_clean_first': False, 'cmake_force_configure': False, 'cmake_target': None, 'cmake_target_skip_unavailable': False, 'install_base': '/mnt/c/Users/Amir/Downloads/ros2_ws/install/ur_lab_unity_bridge', 'merge_install': False, 'path': '/mnt/c/Users/Amir/Downloads/ros2_ws/src/ur_lab_unity_bridge', 'symlink_install': False, 'test_result_base': None}
[16.012s] INFO:colcon.colcon_core.executor:Executing jobs using 'parallel' executor
[16.014s] DEBUG:colcon.colcon_parallel_executor.executor.parallel:run_until_complete
[16.015s] INFO:colcon.colcon_ros.task.ament_python.build:Building ROS package in '/mnt/c/Users/Amir/Downloads/ros2_ws/src/ur_lab_unity_bridge' with build type 'ament_python'
[16.015s] Level 1:colcon.colcon_core.shell:create_environment_hook('ur_lab_unity_bridge', 'ament_prefix_path')
[16.027s] INFO:colcon.colcon_core.plugin_system:Skipping extension 'colcon_core.shell.bat': Not used on non-Windows systems
[16.028s] INFO:colcon.colcon_core.shell:Creating environment hook '/mnt/c/Users/Amir/Downloads/ros2_ws/install/ur_lab_unity_bridge/share/ur_lab_unity_bridge/hook/ament_prefix_path.ps1'
[16.045s] INFO:colcon.colcon_core.shell:Creating environment descriptor '/mnt/c/Users/Amir/Downloads/ros2_ws/install/ur_lab_unity_bridge/share/ur_lab_unity_bridge/hook/ament_prefix_path.dsv'
[16.059s] INFO:colcon.colcon_core.shell:Creating environment hook '/mnt/c/Users/Amir/Downloads/ros2_ws/install/ur_lab_unity_bridge/share/ur_lab_unity_bridge/hook/ament_prefix_path.sh'
[16.077s] INFO:colcon.colcon_core.shell:Skip shell extension 'powershell' for command environment: Not usable outside of PowerShell
[16.077s] DEBUG:colcon.colcon_core.shell:Skip shell extension 'dsv' for command environment
[17.702s] INFO:colcon.colcon_core.task.python.build:Building Python package in '/mnt/c/Users/Amir/Downloads/ros2_ws/src/ur_lab_unity_bridge'
[17.703s] INFO:colcon.colcon_core.shell:Skip shell extension 'powershell' for command environment: Not usable outside of PowerShell
[17.703s] DEBUG:colcon.colcon_core.shell:Skip shell extension 'dsv' for command environment
[20.363s] DEBUG:colcon.colcon_core.task.python.build:Available setuptools commands: bdist, update_catalog, build_clib, alias, extract_messages, install_egg_info, install_lib, register, egg_info, build_ext, saveopts, bdist_wheel, install_scripts, bdist_dumb, setopt, develop, easy_install, dist_info, upload_docs, build_scripts, check, symlink_data, compile_catalog, sdist, install, install_headers, build, test, bdist_egg, rotate, install_data, upload, init_catalog, build_py, clean, bdist_rpm
[20.382s] DEBUG:colcon.colcon_core.event_handler.log_command:Invoking command in '/mnt/c/Users/Amir/Downloads/ros2_ws/build/ur_lab_unity_bridge': AMENT_PREFIX_PATH=/mnt/c/Users/Amir/Downloads/ros2_ws/install/ur_lab:/mnt/c/Users/Amir/Downloads/ros2_ws/install/ros_tcp_endpoint:/mnt/c/Users/Amir/Downloads/ros2_ws/install/ur_simulation_gazebo:/mnt/c/Users/Amir/Downloads/ros2_ws/install/ur_lab_gazebo:/opt/ros/humble PYTHONPATH=/mnt/c/Users/Amir/Downloads/ros2_ws/build/ur_lab_unity_bridge/prefix_override:/usr/lib/python3/dist-packages/colcon_core/task/python/colcon_distutils_commands:/mnt/c/Users/Amir/Downloads/ros2_ws/install/ur_lab_unity_bridge/lib/python3.10/site-packages:/mnt/c/Users/Amir/Downloads/ros2_ws/build/ur_lab:/mnt/c/Users/Amir/Downloads/ros2_ws/install/ur_lab/lib/python3.10/site-packages:/mnt/c/Users/Amir/Downloads/ros2_ws/build/ros_tcp_endpoint:/mnt/c/Users/Amir/Downloads/ros2_ws/install/ros_tcp_endpoint/lib/python3.10/site-packages:/opt/ros/humble/lib/python3.10/site-packages:/opt/ros/humble/local/lib/python3.10/dist-packages /usr/bin/python3 -W ignore:setup.py install is deprecated -W ignore:easy_install command is deprecated setup.py develop --uninstall --editable --build-directory /mnt/c/Users/Amir/Downloads/ros2_ws/build/ur_lab_unity_bridge/build
[22.628s] DEBUG:colcon.colcon_core.event_handler.log_command:Invoked command in '/mnt/c/Users/Amir/Downloads/ros2_ws/build/ur_lab_unity_bridge' returned '0': AMENT_PREFIX_PATH=/mnt/c/Users/Amir/Downloads/ros2_ws/install/ur_lab:/mnt/c/Users/Amir/Downloads/ros2_ws/install/ros_tcp_endpoint:/mnt/c/Users/Amir/Downloads/ros2_ws/install/ur_simulation_gazebo:/mnt/c/Users/Amir/Downloads/ros2_ws/install/ur_lab_gazebo:/opt/ros/humble PYTHONPATH=/mnt/c/Users/Amir/Downloads/ros2_ws/build/ur_lab_unity_bridge/prefix_override:/usr/lib/python3/dist-packages/colcon_core/task/python/colcon_distutils_commands:/mnt/c/Users/Amir/Downloads/ros2_ws/install/ur_lab_unity_bridge/lib/python3.10/site-packages:/mnt/c/Users/Amir/Downloads/ros2_ws/build/ur_lab:/mnt/c/Users/Amir/Downloads/ros2_ws/install/ur_lab/lib/python3.10/site-packages:/mnt/c/Users/Amir/Downloads/ros2_ws/build/ros_tcp_endpoint:/mnt/c/Users/Amir/Downloads/ros2_ws/install/ros_tcp_endpoint/lib/python3.10/site-packages:/opt/ros/humble/lib/python3.10/site-packages:/opt/ros/humble/local/lib/python3.10/dist-packages /usr/bin/python3 -W ignore:setup.py install is deprecated -W ignore:easy_install command is deprecated setup.py develop --uninstall --editable --build-directory /mnt/c/Users/Amir/Downloads/ros2_ws/build/ur_lab_unity_bridge/build
[22.646s] DEBUG:colcon.colcon_core.event_handler.log_command:Invoking command in '/mnt/c/Users/Amir/Downloads/ros2_ws/src/ur_lab_unity_bridge': AMENT_PREFIX_PATH=/mnt/c/Users/Amir/Downloads/ros2_ws/install/ur_lab:/mnt/c/Users/Amir/Downloads/ros2_ws/install/ros_tcp_endpoint:/mnt/c/Users/Amir/Downloads/ros2_ws/install/ur_simulation_gazebo:/mnt/c/Users/Amir/Downloads/ros2_ws/install/ur_lab_gazebo:/opt/ros/humble PYTHONPATH=/mnt/c/Users/Amir/Downloads/ros2_ws/build/ur_lab_unity_bridge/prefix_override:/usr/lib/python3/dist-packages/colcon_core/task/python/colcon_distutils_commands:/mnt/c/Users/Amir/Downloads/ros2_ws/install/ur_lab_unity_bridge/lib/python3.10/site-packages:/mnt/c/Users/Amir/Downloads/ros2_ws/build/ur_lab:/mnt/c/Users/Amir/Downloads/ros2_ws/install/ur_lab/lib/python3.10/site-packages:/mnt/c/Users/Amir/Downloads/ros2_ws/build/ros_tcp_endpoint:/mnt/c/Users/Amir/Downloads/ros2_ws/install/ros_tcp_endpoint/lib/python3.10/site-packages:/opt/ros/humble/lib/python3.10/site-packages:/opt/ros/humble/local/lib/python3.10/dist-packages /usr/bin/python3 -W ignore:setup.py install is deprecated -W ignore:easy_install command is deprecated setup.py egg_info --egg-base ../../build/ur_lab_unity_bridge build --build-base /mnt/c/Users/Amir/Downloads/ros2_ws/build/ur_lab_unity_bridge/build install --record /mnt/c/Users/Amir/Downloads/ros2_ws/build/ur_lab_unity_bridge/install.log --install-scripts $base/lib/ur_lab_unity_bridge --single-version-externally-managed install_data --force
[25.237s] DEBUG:colcon.colcon_core.event_handler.log_command:Invoked command in '/mnt/c/Users/Amir/Downloads/ros2_ws/src/ur_lab_unity_bridge' returned '0': AMENT_PREFIX_PATH=/mnt/c/Users/Amir/Downloads/ros2_ws/install/ur_lab:/mnt/c/Users/Amir/Downloads/ros2_ws/install/ros_tcp_endpoint:/mnt/c/Users/Amir/Downloads/ros2_ws/install/ur_simulation_gazebo:/mnt/c/Users/Amir/Downloads/ros2_ws/install/ur_lab_gazebo:/opt/ros/humble PYTHONPATH=/mnt/c/Users/Amir/Downloads/ros2_ws/build/ur_lab_unity_bridge/prefix_override:/usr/lib/python3/dist-packages/colcon_core/task/python/colcon_distutils_commands:/mnt/c/Users/Amir/Downloads/ros2_ws/install/ur_lab_unity_bridge/lib/python3.10/site-packages:/mnt/c/Users/Amir/Downloads/ros2_ws/build/ur_lab:/mnt/c/Users/Amir/Downloads/ros2_ws/install/ur_lab/lib/python3.10/site-packages:/mnt/c/Users/Amir/Downloads/ros2_ws/build/ros_tcp_endpoint:/mnt/c/Users/Amir/Downloads/ros2_ws/install/ros_tcp_endpoint/lib/python3.10/site-packages:/opt/ros/humble/lib/python3.10/site-packages:/opt/ros/humble/local/lib/python3.10/dist-packages /usr/bin/python3 -W ignore:setup.py install is deprecated -W ignore:easy_install command is deprecated setup.py egg_info --egg-base ../../build/ur_lab_unity_bridge build --build-base /mnt/c/Users/Amir/Downloads/ros2_ws/build/ur_lab_unity_bridge/build install --record /mnt/c/Users/Amir/Downloads/ros2_ws/build/ur_lab_unity_bridge/install.log --install-scripts $base/lib/ur_lab_unity_bridge --single-version-externally-managed install_data --force
[25.246s] Level 1:colcon.colcon_core.environment:checking '/mnt/c/Users/Amir/Downloads/ros2_ws/install/ur_lab_unity_bridge' for CMake module files
[25.313s] Level 1:colcon.colcon_core.environment:checking '/mnt/c/Users/Amir/Downloads/ros2_ws/install/ur_lab_unity_bridge' for CMake config files
[25.455s] Level 1:colcon.colcon_core.environment:checking '/mnt/c/Users/Amir/Downloads/ros2_ws/install/ur_lab_unity_bridge/lib'
[25.462s] Level 1:colcon.colcon_core.environment:checking '/mnt/c/Users/Amir/Downloads/ros2_ws/install/ur_lab_unity_bridge/bin'
[25.470s] Level 1:colcon.colcon_core.shell:create_environment_hook('ur_lab_unity_bridge', 'path')
[25.471s] INFO:colcon.colcon_core.shell:Creating environment hook '/mnt/c/Users/Amir/Downloads/ros2_ws/install/ur_lab_unity_bridge/share/ur_lab_unity_bridge/hook/path.ps1'
[25.490s] INFO:colcon.colcon_core.shell:Creating environment descriptor '/mnt/c/Users/Amir/Downloads/ros2_ws/install/ur_lab_unity_bridge/share/ur_lab_unity_bridge/hook/path.dsv'
[25.509s] INFO:colcon.colcon_core.shell:Creating environment hook '/mnt/c/Users/Amir/Downloads/ros2_ws/install/ur_lab_unity_bridge/share/ur_lab_unity_bridge/hook/path.sh'
[25.528s] Level 1:colcon.colcon_core.environment:checking '/mnt/c/Users/Amir/Downloads/ros2_ws/install/ur_lab_unity_bridge/lib/pkgconfig/ur_lab_unity_bridge.pc'
[25.531s] Level 1:colcon.colcon_core.environment:checking '/mnt/c/Users/Amir/Downloads/ros2_ws/install/ur_lab_unity_bridge/lib/python3.10/site-packages'
[25.535s] Level 1:colcon.colcon_core.shell:create_environment_hook('ur_lab_unity_bridge', 'pythonpath')
[25.536s] INFO:colcon.colcon_core.shell:Creating environment hook '/mnt/c/Users/Amir/Downloads/ros2_ws/install/ur_lab_unity_bridge/share/ur_lab_unity_bridge/hook/pythonpath.ps1'
[25.553s] INFO:colcon.colcon_core.shell:Creating environment descriptor '/mnt/c/Users/Amir/Downloads/ros2_ws/install/ur_lab_unity_bridge/share/ur_lab_unity_bridge/hook/pythonpath.dsv'
[25.572s] INFO:colcon.colcon_core.shell:Creating environment hook '/mnt/c/Users/Amir/Downloads/ros2_ws/install/ur_lab_unity_bridge/share/ur_lab_unity_bridge/hook/pythonpath.sh'
[25.591s] Level 1:colcon.colcon_core.environment:checking '/mnt/c/Users/Amir/Downloads/ros2_ws/install/ur_lab_unity_bridge/bin'
[25.599s] Level 1:colcon.colcon_core.shell:create_environment_hook('ur_lab_unity_bridge', 'pythonscriptspath')
[25.600s] INFO:colcon.colcon_core.shell:Creating environment hook '/mnt/c/Users/Amir/Downloads/ros2_ws/install/ur_lab_unity_bridge/share/ur_lab_unity_bridge/hook/pythonscriptspath.ps1'
[25.618s] INFO:colcon.colcon_core.shell:Creating environment descriptor '/mnt/c/Users/Amir/Downloads/ros2_ws/install/ur_lab_unity_bridge/share/ur_lab_unity_bridge/hook/pythonscriptspath.dsv'
[25.631s] INFO:colcon.colcon_core.shell:Creating environment hook '/mnt/c/Users/Amir/Downloads/ros2_ws/install/ur_lab_unity_bridge/share/ur_lab_unity_bridge/hook/pythonscriptspath.sh'
[25.644s] Level 1:colcon.colcon_core.environment:create_environment_scripts_only(ur_lab_unity_bridge)
[25.645s] INFO:colcon.colcon_core.shell:Creating package script '/mnt/c/Users/Amir/Downloads/ros2_ws/install/ur_lab_unity_bridge/share/ur_lab_unity_bridge/package.ps1'
[25.658s] INFO:colcon.colcon_core.shell:Creating package descriptor '/mnt/c/Users/Amir/Downloads/ros2_ws/install/ur_lab_unity_bridge/share/ur_lab_unity_bridge/package.dsv'
[25.672s] INFO:colcon.colcon_core.shell:Creating package script '/mnt/c/Users/Amir/Downloads/ros2_ws/install/ur_lab_unity_bridge/share/ur_lab_unity_bridge/package.sh'
[25.689s] INFO:colcon.colcon_core.shell:Creating package script '/mnt/c/Users/Amir/Downloads/ros2_ws/install/ur_lab_unity_bridge/share/ur_lab_unity_bridge/package.bash'
[25.703s] INFO:colcon.colcon_core.shell:Creating package script '/mnt/c/Users/Amir/Downloads/ros2_ws/install/ur_lab_unity_bridge/share/ur_lab_unity_bridge/package.zsh'
[25.720s] Level 1:colcon.colcon_core.environment:create_file_with_runtime_dependencies(/mnt/c/Users/Amir/Downloads/ros2_ws/install/ur_lab_unity_bridge/share/colcon-core/packages/ur_lab_unity_bridge)
[25.732s] DEBUG:colcon.colcon_parallel_executor.executor.parallel:closing loop
[25.733s] DEBUG:colcon.colcon_parallel_executor.executor.parallel:loop closed
[25.734s] DEBUG:colcon.colcon_parallel_executor.executor.parallel:run_until_complete finished with '0'
[25.735s] DEBUG:colcon.colcon_core.event_reactor:joining thread
[25.781s] INFO:colcon.colcon_core.plugin_system:Skipping extension 'colcon_notification.desktop_notification.terminal_notifier': Not used on non-Darwin systems
[25.782s] INFO:colcon.colcon_core.plugin_system:Skipping extension 'colcon_notification.desktop_notification.win32': Not used on non-Windows systems
[25.783s] INFO:colcon.colcon_notification.desktop_notification:Sending desktop notification using 'notify2'
[25.785s] DEBUG:colcon.colcon_notification.desktop_notification.notify2:Failed to initialize notify2: org.freedesktop.DBus.Error.ServiceUnknown: The name org.freedesktop.Notifications was not provided by any .service files
[25.786s] DEBUG:colcon.colcon_core.event_reactor:joined thread
[25.786s] INFO:colcon.colcon_core.shell:Creating prefix script '/mnt/c/Users/Amir/Downloads/ros2_ws/install/local_setup.ps1'
[25.795s] INFO:colcon.colcon_core.shell:Creating prefix util module '/mnt/c/Users/Amir/Downloads/ros2_ws/install/_local_setup_util_ps1.py'
[25.804s] INFO:colcon.colcon_core.shell:Creating prefix chain script '/mnt/c/Users/Amir/Downloads/ros2_ws/install/setup.ps1'
[25.846s] INFO:colcon.colcon_core.shell:Creating prefix script '/mnt/c/Users/Amir/Downloads/ros2_ws/install/local_setup.sh'
[25.855s] INFO:colcon.colcon_core.shell:Creating prefix util module '/mnt/c/Users/Amir/Downloads/ros2_ws/install/_local_setup_util_sh.py'
[25.864s] INFO:colcon.colcon_core.shell:Creating prefix chain script '/mnt/c/Users/Amir/Downloads/ros2_ws/install/setup.sh'
[25.904s] INFO:colcon.colcon_core.shell:Creating prefix script '/mnt/c/Users/Amir/Downloads/ros2_ws/install/local_setup.bash'
[25.911s] INFO:colcon.colcon_core.shell:Creating prefix chain script '/mnt/c/Users/Amir/Downloads/ros2_ws/install/setup.bash'
[25.949s] INFO:colcon.colcon_core.shell:Creating prefix script '/mnt/c/Users/Amir/Downloads/ros2_ws/install/local_setup.zsh'
[25.956s] INFO:colcon.colcon_core.shell:Creating prefix chain script '/mnt/c/Users/Amir/Downloads/ros2_ws/install/setup.zsh'
